#
# There is insufficient memory for the Java Runtime Environment to continue.
# Native memory allocation (mmap) failed to map 48234496 bytes. Error detail: G1 virtual space
# Possible reasons:
#   The system is out of physical RAM or swap space
#   This process is running with CompressedOops enabled, and the Java Heap may be blocking the growth of the native heap
# Possible solutions:
#   Reduce memory load on the system
#   Increase physical memory or swap space
#   Check if swap backing store is full
#   Decrease Java heap size (-Xmx/-Xms)
#   Decrease number of Java threads
#   Decrease Java thread stack sizes (-Xss)
#   Set larger code cache with -XX:ReservedCodeCacheSize=
#   JVM is running with Unscaled Compressed Oops mode in which the Java heap is
#     placed in the first 4GB address space. The Java Heap base address is the
#     maximum limit for the native heap growth. Please use -XX:HeapBaseMinAddress
#     to set the Java Heap base and to place the Java Heap above 4GB virtual address.
# This output file may be truncated or incomplete.
#
#  Out of Memory Error (os_windows.cpp:3926), pid=12640, tid=13684
#
# JRE version: OpenJDK Runtime Environment (21.0.10) (build 21.0.10+-14961533-b1163.108)
# Java VM: OpenJDK 64-Bit Server VM (21.0.10+-14961533-b1163.108, mixed mode, tiered, compressed oops, compressed class ptrs, g1 gc, windows-amd64)
# No core dump will be written. Minidumps are not enabled by default on client versions of Windows
#

---------------  S U M M A R Y ------------

Command Line: --add-opens=java.base/java.lang=ALL-UNNAMED --add-opens=java.base/java.lang.invoke=ALL-UNNAMED --add-opens=java.base/java.util=ALL-UNNAMED --add-opens=java.prefs/java.util.prefs=ALL-UNNAMED --add-exports=jdk.compiler/com.sun.tools.javac.api=ALL-UNNAMED --add-exports=jdk.compiler/com.sun.tools.javac.util=ALL-UNNAMED --add-opens=java.base/java.util=ALL-UNNAMED --add-opens=java.prefs/java.util.prefs=ALL-UNNAMED --add-opens=java.base/java.nio.charset=ALL-UNNAMED --add-opens=java.base/java.net=ALL-UNNAMED --add-opens=java.base/java.util.concurrent.atomic=ALL-UNNAMED --add-opens=java.xml/javax.xml.namespace=ALL-UNNAMED -XX:+UseG1GC -Xmx2048m -Dfile.encoding=UTF-8 -Duser.country=IN -Duser.language=en -Duser.variant -javaagent:C:\Users\ak759\.gradle\wrapper\dists\gradle-8.13-bin\5xuhj0ry160q40clulazy9h7d\gradle-8.13\lib\agents\gradle-instrumentation-agent-8.13.jar org.gradle.launcher.daemon.bootstrap.GradleDaemon 8.13

Host: 11th Gen Intel(R) Core(TM) i3-1115G4 @ 3.00GHz, 4 cores, 7G,  Windows 11 , 64 bit Build 26100 (10.0.26100.8875)
Time: Tue Jul 28 17:01:23 2026 India Standard Time elapsed time: 33.891593 seconds (0d 0h 0m 33s)

---------------  T H R E A D  ---------------

Current thread (0x0000027e931e6c40):  VMThread "VM Thread"          [id=13684, stack(0x00000085cbe00000,0x00000085cbf00000) (1024K)]

Stack: [0x00000085cbe00000,0x00000085cbf00000]
Native frames: (J=compiled Java code, j=interpreted, Vv=VM code, C=native code)
V  [jvm.dll+0x6d78a9]
V  [jvm.dll+0x8665b3]
V  [jvm.dll+0x868bde]
V  [jvm.dll+0x8692c3]
V  [jvm.dll+0x280ee6]
V  [jvm.dll+0x6d4165]
V  [jvm.dll+0x6c77fa]
V  [jvm.dll+0x358f4b]
V  [jvm.dll+0x360bc6]
V  [jvm.dll+0x3b2ea6]
V  [jvm.dll+0x3b3178]
V  [jvm.dll+0x32b65c]
V  [jvm.dll+0x32b6e7]
V  [jvm.dll+0x3715cc]
V  [jvm.dll+0x36fd7e]
V  [jvm.dll+0x32adb1]
V  [jvm.dll+0x36f480]
V  [jvm.dll+0x86f048]
V  [jvm.dll+0x870394]
V  [jvm.dll+0x8708d0]
V  [jvm.dll+0x870b63]
V  [jvm.dll+0x80fd28]
V  [jvm.dll+0x6d60fd]
C  [ucrtbase.dll+0x2cd30]
C  [KERNEL32.DLL+0x2e957]
C  [ntdll.dll+0xaad6c]

VM_Operation (0x00000085cfbfa3e0): G1CollectForAllocation, mode: safepoint, requested by thread 0x0000027e985af380


---------------  P R O C E S S  ---------------

Threads class SMR info:
_java_thread_list=0x0000027e9e3d4d90, length=86, elements={
0x0000027ef9e74f80, 0x0000027e9327dc10, 0x0000027e93297f80, 0x0000027e93282fa0,
0x0000027e932bd790, 0x0000027e932b3940, 0x0000027e932b43a0, 0x0000027e932b4e00,
0x0000027e932a4ad0, 0x0000027e932c2fe0, 0x0000027e935ad5c0, 0x0000027e99bbf450,
0x0000027e99bbfae0, 0x0000027e99bc0800, 0x0000027e99bc0e90, 0x0000027e99bc1520,
0x0000027e99bbe0a0, 0x0000027e99bbe730, 0x0000027e99bbedc0, 0x0000027e99d05bb0,
0x0000027e99d03450, 0x0000027e99d05520, 0x0000027e99d04e90, 0x0000027e99d04170,
0x0000027e99d06240, 0x0000027e99d04800, 0x0000027e99d08310, 0x0000027e99d09030,
0x0000027e99d096c0, 0x0000027e99d09d50, 0x0000027e99d089a0, 0x0000027e99d068d0,
0x0000027e99d0a3e0, 0x0000027e99d0aa70, 0x0000027e99d075f0, 0x0000027e99d07c80,
0x0000027e9cf3f7c0, 0x0000027e9cf3d6f0, 0x0000027e9cf3f130, 0x0000027e9cf3dd80,
0x0000027e9cf3eaa0, 0x0000027e9cf3fe50, 0x0000027e9cf3e410, 0x0000027e9cf91360,
0x0000027e9cf93430, 0x0000027e9cf92710, 0x0000027e9cf90640, 0x0000027e9cf92da0,
0x0000027e93af8650, 0x0000027e93af8ce0, 0x0000027e93af9370, 0x0000027e93af9a00,
0x0000027e93af7930, 0x0000027e93af7fc0, 0x0000027e93afa720, 0x0000027e93af72a0,
0x0000027e93afd510, 0x0000027e98e006e0, 0x0000027e985af380, 0x0000027e985acc20,
0x0000027e985afa10, 0x0000027e985b0730, 0x0000027e985ae660, 0x0000027e985b0dc0,
0x0000027e985ad940, 0x0000027e985adfd0, 0x0000027e9db3ef70, 0x0000027e9db3f600,
0x0000027e9db3dbc0, 0x0000027e9db3fc90, 0x0000027e9db3e8e0, 0x0000027e9db40320,
0x0000027e9db409b0, 0x0000027e9db41040, 0x0000027e9db3e250, 0x0000027e9db43e30,
0x0000027e9db444c0, 0x0000027e9db43110, 0x0000027e9db41d60, 0x0000027e9db416d0,
0x0000027e9db42a80, 0x0000027e9db451e0, 0x0000027e9df4f980, 0x0000027e9df50010,
0x0000027e9df53b20, 0x0000027e9df506a0
}

Java Threads: ( => current thread )
  0x0000027ef9e74f80 JavaThread "main"                              [_thread_blocked, id=9692, stack(0x00000085cb700000,0x00000085cb800000) (1024K)]
  0x0000027e9327dc10 JavaThread "Common-Cleaner"             daemon [_thread_blocked, id=14912, stack(0x00000085cbf00000,0x00000085cc000000) (1024K)]
  0x0000027e93297f80 JavaThread "Reference Handler"          daemon [_thread_blocked, id=15072, stack(0x00000085cc000000,0x00000085cc100000) (1024K)]
  0x0000027e93282fa0 JavaThread "Finalizer"                  daemon [_thread_blocked, id=12260, stack(0x00000085cc100000,0x00000085cc200000) (1024K)]
  0x0000027e932bd790 JavaThread "Signal Dispatcher"          daemon [_thread_blocked, id=15024, stack(0x00000085cc200000,0x00000085cc300000) (1024K)]
  0x0000027e932b3940 JavaThread "Attach Listener"            daemon [_thread_blocked, id=14968, stack(0x00000085cc300000,0x00000085cc400000) (1024K)]
  0x0000027e932b43a0 JavaThread "Service Thread"             daemon [_thread_blocked, id=2888, stack(0x00000085cc400000,0x00000085cc500000) (1024K)]
  0x0000027e932b4e00 JavaThread "Monitor Deflation Thread"   daemon [_thread_blocked, id=2564, stack(0x00000085cc500000,0x00000085cc600000) (1024K)]
  0x0000027e932a4ad0 JavaThread "C2 CompilerThread0"         daemon [_thread_blocked, id=14960, stack(0x00000085cc600000,0x00000085cc700000) (1024K)]
  0x0000027e932c2fe0 JavaThread "C1 CompilerThread0"         daemon [_thread_blocked, id=14004, stack(0x00000085cc700000,0x00000085cc800000) (1024K)]
  0x0000027e935ad5c0 JavaThread "Notification Thread"        daemon [_thread_blocked, id=8032, stack(0x00000085cc800000,0x00000085cc900000) (1024K)]
  0x0000027e99bbf450 JavaThread "Daemon health stats"               [_thread_blocked, id=1228, stack(0x00000085ccd00000,0x00000085cce00000) (1024K)]
  0x0000027e99bbfae0 JavaThread "Incoming local TCP Connector on port 52464"        [_thread_in_native, id=14496, stack(0x00000085cce00000,0x00000085ccf00000) (1024K)]
  0x0000027e99bc0800 JavaThread "Daemon periodic checks"            [_thread_blocked, id=10868, stack(0x00000085ccf00000,0x00000085cd000000) (1024K)]
  0x0000027e99bc0e90 JavaThread "Daemon"                            [_thread_blocked, id=252, stack(0x00000085cd000000,0x00000085cd100000) (1024K)]
  0x0000027e99bc1520 JavaThread "Handler for socket connection from /127.0.0.1:52464 to /127.0.0.1:52465"        [_thread_in_native, id=13100, stack(0x00000085cd100000,0x00000085cd200000) (1024K)]
  0x0000027e99bbe0a0 JavaThread "Cancel handler"                    [_thread_blocked, id=13716, stack(0x00000085cd200000,0x00000085cd300000) (1024K)]
  0x0000027e99bbe730 JavaThread "Daemon worker"                     [_thread_blocked, id=13980, stack(0x00000085cd300000,0x00000085cd400000) (1024K)]
  0x0000027e99bbedc0 JavaThread "Asynchronous log dispatcher for DefaultDaemonConnection: socket connection from /127.0.0.1:52464 to /127.0.0.1:52465"        [_thread_blocked, id=3980, stack(0x00000085cd400000,0x00000085cd500000) (1024K)]
  0x0000027e99d05bb0 JavaThread "Stdin handler"                     [_thread_blocked, id=10540, stack(0x00000085cd500000,0x00000085cd600000) (1024K)]
  0x0000027e99d03450 JavaThread "Daemon client event forwarder"        [_thread_blocked, id=14116, stack(0x00000085cd600000,0x00000085cd700000) (1024K)]
  0x0000027e99d05520 JavaThread "Cache worker for journal cache (C:\Users\ak759\.gradle\caches\journal-1)"        [_thread_blocked, id=1960, stack(0x00000085cc900000,0x00000085cca00000) (1024K)]
  0x0000027e99d04e90 JavaThread "File lock request listener"        [_thread_in_native, id=13992, stack(0x00000085cd700000,0x00000085cd800000) (1024K)]
  0x0000027e99d04170 JavaThread "Cache worker for file hash cache (C:\Users\ak759\.gradle\caches\8.13\fileHashes)"        [_thread_blocked, id=3748, stack(0x00000085cd800000,0x00000085cd900000) (1024K)]
  0x0000027e99d06240 JavaThread "Cache worker for file hash cache (C:\Users\ak759\StudioProjects\Smart-Attendance-App\.gradle\8.13\fileHashes)"        [_thread_blocked, id=13228, stack(0x00000085cda00000,0x00000085cdb00000) (1024K)]
  0x0000027e99d04800 JavaThread "Cache worker for Build Output Cleanup Cache (C:\Users\ak759\StudioProjects\Smart-Attendance-App\.gradle\buildOutputCleanup)"        [_thread_blocked, id=8272, stack(0x00000085cdb00000,0x00000085cdc00000) (1024K)]
  0x0000027e99d08310 JavaThread "File watcher server"        daemon [_thread_blocked, id=6740, stack(0x00000085cdc00000,0x00000085cdd00000) (1024K)]
  0x0000027e99d09030 JavaThread "File watcher consumer"      daemon [_thread_blocked, id=7136, stack(0x00000085cdd00000,0x00000085cde00000) (1024K)]
  0x0000027e99d096c0 JavaThread "jar transforms"                    [_thread_blocked, id=14940, stack(0x00000085cde00000,0x00000085cdf00000) (1024K)]
  0x0000027e99d09d50 JavaThread "jar transforms Thread 2"           [_thread_blocked, id=9408, stack(0x00000085cdf00000,0x00000085ce000000) (1024K)]
  0x0000027e99d089a0 JavaThread "Cache worker for checksums cache (C:\Users\ak759\StudioProjects\Smart-Attendance-App\.gradle\8.13\checksums)"        [_thread_blocked, id=5824, stack(0x00000085ce000000,0x00000085ce100000) (1024K)]
  0x0000027e99d068d0 JavaThread "Cache worker for file content cache (C:\Users\ak759\.gradle\caches\8.13\fileContent)"        [_thread_blocked, id=6600, stack(0x00000085ce100000,0x00000085ce200000) (1024K)]
  0x0000027e99d0a3e0 JavaThread "jar transforms Thread 3"           [_thread_blocked, id=5020, stack(0x00000085ce200000,0x00000085ce300000) (1024K)]
  0x0000027e99d0aa70 JavaThread "jar transforms Thread 4"           [_thread_blocked, id=10848, stack(0x00000085ce300000,0x00000085ce400000) (1024K)]
  0x0000027e99d075f0 JavaThread "Cache worker for cache directory md-supplier (C:\Users\ak759\.gradle\caches\8.13\md-supplier)"        [_thread_blocked, id=10372, stack(0x00000085ce400000,0x00000085ce500000) (1024K)]
  0x0000027e99d07c80 JavaThread "Cache worker for cache directory md-rule (C:\Users\ak759\.gradle\caches\8.13\md-rule)"        [_thread_blocked, id=12152, stack(0x00000085ce500000,0x00000085ce600000) (1024K)]
  0x0000027e9cf3f7c0 JavaThread "Unconstrained build operations"        [_thread_blocked, id=8800, stack(0x00000085ce600000,0x00000085ce700000) (1024K)]
  0x0000027e9cf3d6f0 JavaThread "Unconstrained build operations Thread 2"        [_thread_blocked, id=12176, stack(0x00000085ce700000,0x00000085ce800000) (1024K)]
  0x0000027e9cf3f130 JavaThread "Unconstrained build operations Thread 3"        [_thread_blocked, id=11728, stack(0x00000085ce800000,0x00000085ce900000) (1024K)]
  0x0000027e9cf3dd80 JavaThread "Unconstrained build operations Thread 4"        [_thread_blocked, id=15308, stack(0x00000085ce900000,0x00000085cea00000) (1024K)]
  0x0000027e9cf3eaa0 JavaThread "Unconstrained build operations Thread 5"        [_thread_blocked, id=7344, stack(0x00000085cea00000,0x00000085ceb00000) (1024K)]
  0x0000027e9cf3fe50 JavaThread "Unconstrained build operations Thread 6"        [_thread_blocked, id=6752, stack(0x00000085ceb00000,0x00000085cec00000) (1024K)]
  0x0000027e9cf3e410 JavaThread "Unconstrained build operations Thread 7"        [_thread_blocked, id=14228, stack(0x00000085cec00000,0x00000085ced00000) (1024K)]
  0x0000027e9cf91360 JavaThread "Unconstrained build operations Thread 8"        [_thread_blocked, id=5436, stack(0x00000085ced00000,0x00000085cee00000) (1024K)]
  0x0000027e9cf93430 JavaThread "Unconstrained build operations Thread 9"        [_thread_blocked, id=15156, stack(0x00000085cee00000,0x00000085cef00000) (1024K)]
  0x0000027e9cf92710 JavaThread "Unconstrained build operations Thread 10"        [_thread_blocked, id=8896, stack(0x00000085cef00000,0x00000085cf000000) (1024K)]
  0x0000027e9cf90640 JavaThread "Unconstrained build operations Thread 11"        [_thread_blocked, id=14700, stack(0x00000085cf000000,0x00000085cf100000) (1024K)]
  0x0000027e9cf92da0 JavaThread "Unconstrained build operations Thread 12"        [_thread_blocked, id=8724, stack(0x00000085cf100000,0x00000085cf200000) (1024K)]
  0x0000027e93af8650 JavaThread "Unconstrained build operations Thread 13"        [_thread_blocked, id=4880, stack(0x00000085cf200000,0x00000085cf300000) (1024K)]
  0x0000027e93af8ce0 JavaThread "Unconstrained build operations Thread 14"        [_thread_blocked, id=13004, stack(0x00000085cf300000,0x00000085cf400000) (1024K)]
  0x0000027e93af9370 JavaThread "Unconstrained build operations Thread 15"        [_thread_blocked, id=13248, stack(0x00000085cf400000,0x00000085cf500000) (1024K)]
  0x0000027e93af9a00 JavaThread "Unconstrained build operations Thread 16"        [_thread_blocked, id=12980, stack(0x00000085cf500000,0x00000085cf600000) (1024K)]
  0x0000027e93af7930 JavaThread "Unconstrained build operations Thread 17"        [_thread_blocked, id=2896, stack(0x00000085cf600000,0x00000085cf700000) (1024K)]
  0x0000027e93af7fc0 JavaThread "Unconstrained build operations Thread 18"        [_thread_blocked, id=1876, stack(0x00000085cf700000,0x00000085cf800000) (1024K)]
  0x0000027e93afa720 JavaThread "build event listener"              [_thread_blocked, id=8036, stack(0x00000085cd900000,0x00000085cda00000) (1024K)]
  0x0000027e93af72a0 JavaThread "Memory manager"                    [_thread_blocked, id=5496, stack(0x00000085cf900000,0x00000085cfa00000) (1024K)]
  0x0000027e93afd510 JavaThread "build event listener"              [_thread_blocked, id=3216, stack(0x00000085cfa00000,0x00000085cfb00000) (1024K)]
  0x0000027e98e006e0 JavaThread "C2 CompilerThread1"         daemon [_thread_blocked, id=5556, stack(0x00000085cf800000,0x00000085cf900000) (1024K)]
  0x0000027e985af380 JavaThread "included builds"                   [_thread_blocked, id=5052, stack(0x00000085cfb00000,0x00000085cfc00000) (1024K)]
  0x0000027e985acc20 JavaThread "Execution worker"                  [_thread_blocked, id=7532, stack(0x00000085cfc00000,0x00000085cfd00000) (1024K)]
  0x0000027e985afa10 JavaThread "Execution worker Thread 2"         [_thread_blocked, id=13568, stack(0x00000085cfd00000,0x00000085cfe00000) (1024K)]
  0x0000027e985b0730 JavaThread "Execution worker Thread 3"         [_thread_blocked, id=13256, stack(0x00000085cfe00000,0x00000085cff00000) (1024K)]
  0x0000027e985ae660 JavaThread "Cache worker for execution history cache (C:\Users\ak759\StudioProjects\Smart-Attendance-App\.gradle\8.13\executionHistory)"        [_thread_blocked, id=11980, stack(0x00000085cff00000,0x00000085d0000000) (1024K)]
  0x0000027e985b0dc0 JavaThread "Unconstrained build operations Thread 19"        [_thread_blocked, id=6800, stack(0x00000085d0000000,0x00000085d0100000) (1024K)]
  0x0000027e985ad940 JavaThread "Unconstrained build operations Thread 20"        [_thread_blocked, id=5024, stack(0x00000085d0100000,0x00000085d0200000) (1024K)]
  0x0000027e985adfd0 JavaThread "Unconstrained build operations Thread 21"        [_thread_blocked, id=11052, stack(0x00000085d0200000,0x00000085d0300000) (1024K)]
  0x0000027e9db3ef70 JavaThread "Unconstrained build operations Thread 22"        [_thread_blocked, id=15352, stack(0x00000085cb600000,0x00000085cb700000) (1024K)]
  0x0000027e9db3f600 JavaThread "Unconstrained build operations Thread 23"        [_thread_blocked, id=12404, stack(0x00000085d0300000,0x00000085d0400000) (1024K)]
  0x0000027e9db3dbc0 JavaThread "Unconstrained build operations Thread 24"        [_thread_blocked, id=11944, stack(0x00000085d0400000,0x00000085d0500000) (1024K)]
  0x0000027e9db3fc90 JavaThread "Unconstrained build operations Thread 25"        [_thread_blocked, id=3184, stack(0x00000085d0500000,0x00000085d0600000) (1024K)]
  0x0000027e9db3e8e0 JavaThread "Unconstrained build operations Thread 26"        [_thread_blocked, id=8892, stack(0x00000085d0600000,0x00000085d0700000) (1024K)]
  0x0000027e9db40320 JavaThread "Unconstrained build operations Thread 27"        [_thread_blocked, id=10608, stack(0x00000085d0700000,0x00000085d0800000) (1024K)]
  0x0000027e9db409b0 JavaThread "Unconstrained build operations Thread 28"        [_thread_blocked, id=8252, stack(0x00000085d0800000,0x00000085d0900000) (1024K)]
  0x0000027e9db41040 JavaThread "Unconstrained build operations Thread 29"        [_thread_blocked, id=15100, stack(0x00000085d0900000,0x00000085d0a00000) (1024K)]
  0x0000027e9db3e250 JavaThread "Unconstrained build operations Thread 30"        [_thread_blocked, id=1956, stack(0x00000085d0a00000,0x00000085d0b00000) (1024K)]
  0x0000027e9db43e30 JavaThread "Unconstrained build operations Thread 31"        [_thread_blocked, id=7720, stack(0x00000085d0b00000,0x00000085d0c00000) (1024K)]
  0x0000027e9db444c0 JavaThread "WorkerExecutor Queue"              [_thread_blocked, id=5532, stack(0x00000085d0c00000,0x00000085d0d00000) (1024K)]
  0x0000027e9db43110 JavaThread "Unconstrained build operations Thread 32"        [_thread_blocked, id=13732, stack(0x00000085d0d00000,0x00000085d0e00000) (1024K)]
  0x0000027e9db41d60 JavaThread "Unconstrained build operations Thread 33"        [_thread_blocked, id=14728, stack(0x00000085d0e00000,0x00000085d0f00000) (1024K)]
  0x0000027e9db416d0 JavaThread "Unconstrained build operations Thread 34"        [_thread_blocked, id=11120, stack(0x00000085d0f00000,0x00000085d1000000) (1024K)]
  0x0000027e9db42a80 JavaThread "Unconstrained build operations Thread 35"        [_thread_blocked, id=4060, stack(0x00000085d1000000,0x00000085d1100000) (1024K)]
  0x0000027e9db451e0 JavaThread "Unconstrained build operations Thread 36"        [_thread_blocked, id=11512, stack(0x00000085d1100000,0x00000085d1200000) (1024K)]
  0x0000027e9df4f980 JavaThread "Unconstrained build operations Thread 37"        [_thread_blocked, id=10560, stack(0x00000085d1200000,0x00000085d1300000) (1024K)]
  0x0000027e9df50010 JavaThread "Unconstrained build operations Thread 38"        [_thread_blocked, id=15224, stack(0x00000085d1300000,0x00000085d1400000) (1024K)]
  0x0000027e9df53b20 JavaThread "Unconstrained build operations Thread 39"        [_thread_blocked, id=13612, stack(0x00000085d1400000,0x00000085d1500000) (1024K)]
  0x0000027e9df506a0 JavaThread "Unconstrained build operations Thread 40"        [_thread_blocked, id=15144, stack(0x00000085d1500000,0x00000085d1600000) (1024K)]
Total: 86

Other Threads:
=>0x0000027e931e6c40 VMThread "VM Thread"                           [id=13684, stack(0x00000085cbe00000,0x00000085cbf00000) (1024K)]
  0x0000027e9319f730 WatcherThread "VM Periodic Task Thread"        [id=11340, stack(0x00000085cbd00000,0x00000085cbe00000) (1024K)]
  0x0000027efc1e5270 WorkerThread "GC Thread#0"                     [id=13920, stack(0x00000085cb800000,0x00000085cb900000) (1024K)]
  0x0000027e939226f0 WorkerThread "GC Thread#1"                     [id=3384, stack(0x00000085cca00000,0x00000085ccb00000) (1024K)]
  0x0000027e93922aa0 WorkerThread "GC Thread#2"                     [id=11072, stack(0x00000085ccb00000,0x00000085ccc00000) (1024K)]
  0x0000027e93cb37c0 WorkerThread "GC Thread#3"                     [id=2508, stack(0x00000085ccc00000,0x00000085ccd00000) (1024K)]
  0x0000027ef9f3c130 ConcurrentGCThread "G1 Main Marker"            [id=11484, stack(0x00000085cb900000,0x00000085cba00000) (1024K)]
  0x0000027efc1f62d0 WorkerThread "G1 Conc#0"                       [id=13244, stack(0x00000085cba00000,0x00000085cbb00000) (1024K)]
  0x0000027e93065200 ConcurrentGCThread "G1 Refine#0"               [id=5360, stack(0x00000085cbb00000,0x00000085cbc00000) (1024K)]
  0x0000027e93065b30 ConcurrentGCThread "G1 Service"                [id=12724, stack(0x00000085cbc00000,0x00000085cbd00000) (1024K)]
Total: 10

Threads with active compile tasks:
C2 CompilerThread0  33912 15620       4       org.gradle.cache.internal.btree.BTreePersistentIndexedCache$IndexBlock::find (140 bytes)
Total: 1

VM state: at safepoint (normal execution)

VM Mutex/Monitor currently owned by a thread:  ([mutex/lock_event])
[0x00007ffbd7a686d0] Threads_lock - owner thread: 0x0000027e931e6c40
[0x00007ffbd7a687d0] Heap_lock - owner thread: 0x0000027e985af380

Heap address: 0x0000000080000000, size: 2048 MB, Compressed Oops mode: 32-bit

CDS archive(s) not mapped
Compressed class space mapped at: 0x0000000100000000-0x0000000140000000, reserved size: 1073741824
Narrow klass base: 0x0000000000000000, Narrow klass shift: 3, Narrow klass range: 0x140000000

GC Precious Log:
 CardTable entry size: 512
 Card Set container configuration: InlinePtr #cards 5 size 8 Array Of Cards #cards 12 size 40 Howl #buckets 4 coarsen threshold 1843 Howl Bitmap #cards 512 size 80 coarsen threshold 460 Card regions per heap region 1 cards per card region 2048
 CPUs: 4 total, 4 available
 Memory: 7975M
 Large Page Support: Disabled
 NUMA Support: Disabled
 Compressed Oops: Enabled (32-bit)
 Heap Region Size: 1M
 Heap Min Capacity: 8M
 Heap Initial Capacity: 126M
 Heap Max Capacity: 2G
 Pre-touch: Disabled
 Parallel Workers: 4
 Concurrent Workers: 1
 Concurrent Refinement Workers: 4
 Periodic GC: Disabled

Heap:
 garbage-first heap   total 234496K, used 144157K [0x0000000080000000, 0x0000000100000000)
  region size 1024K, 8 young (8192K), 8 survivors (8192K)
 Metaspace       used 123985K, committed 126336K, reserved 1179648K
  class space    used 17404K, committed 18560K, reserved 1048576K

Heap Regions: E=young(eden), S=young(survivor), O=old, HS=humongous(starts), HC=humongous(continues), CS=collection set, F=free, TAMS=top-at-mark-start, PB=parsable bottom
|   0|0x0000000080000000, 0x0000000080100000, 0x0000000080100000|100%|HS|  |TAMS 0x0000000080000000| PB 0x0000000080000000| Complete 
|   1|0x0000000080100000, 0x0000000080200000, 0x0000000080200000|100%|HC|  |TAMS 0x0000000080100000| PB 0x0000000080100000| Complete 
|   2|0x0000000080200000, 0x0000000080300000, 0x0000000080300000|100%|HC|  |TAMS 0x0000000080200000| PB 0x0000000080200000| Complete 
|   3|0x0000000080300000, 0x0000000080400000, 0x0000000080400000|100%|HS|  |TAMS 0x0000000080300000| PB 0x0000000080300000| Complete 
|   4|0x0000000080400000, 0x0000000080500000, 0x0000000080500000|100%| O|  |TAMS 0x0000000080400000| PB 0x0000000080400000| Untracked 
|   5|0x0000000080500000, 0x0000000080600000, 0x0000000080600000|100%| O|  |TAMS 0x0000000080500000| PB 0x0000000080500000| Untracked 
|   6|0x0000000080600000, 0x0000000080700000, 0x0000000080700000|100%| O|  |TAMS 0x0000000080600000| PB 0x0000000080600000| Untracked 
|   7|0x0000000080700000, 0x0000000080800000, 0x0000000080800000|100%| O|  |TAMS 0x0000000080700000| PB 0x0000000080700000| Untracked 
|   8|0x0000000080800000, 0x0000000080900000, 0x0000000080900000|100%| O|  |TAMS 0x0000000080800000| PB 0x0000000080800000| Untracked 
|   9|0x0000000080900000, 0x0000000080a00000, 0x0000000080a00000|100%| O|  |TAMS 0x0000000080900000| PB 0x0000000080900000| Untracked 
|  10|0x0000000080a00000, 0x0000000080b00000, 0x0000000080b00000|100%| O|  |TAMS 0x0000000080a00000| PB 0x0000000080a00000| Untracked 
|  11|0x0000000080b00000, 0x0000000080c00000, 0x0000000080c00000|100%| O|  |TAMS 0x0000000080b00000| PB 0x0000000080b00000| Untracked 
|  12|0x0000000080c00000, 0x0000000080d00000, 0x0000000080d00000|100%| O|  |TAMS 0x0000000080c00000| PB 0x0000000080c00000| Untracked 
|  13|0x0000000080d00000, 0x0000000080e00000, 0x0000000080e00000|100%| O|  |TAMS 0x0000000080d00000| PB 0x0000000080d00000| Untracked 
|  14|0x0000000080e00000, 0x0000000080f00000, 0x0000000080f00000|100%| O|  |TAMS 0x0000000080e00000| PB 0x0000000080e00000| Untracked 
|  15|0x0000000080f00000, 0x0000000081000000, 0x0000000081000000|100%| O|  |TAMS 0x0000000080f00000| PB 0x0000000080f00000| Untracked 
|  16|0x0000000081000000, 0x0000000081100000, 0x0000000081100000|100%| O|  |TAMS 0x0000000081000000| PB 0x0000000081000000| Untracked 
|  17|0x0000000081100000, 0x0000000081200000, 0x0000000081200000|100%| O|  |TAMS 0x0000000081100000| PB 0x0000000081100000| Untracked 
|  18|0x0000000081200000, 0x0000000081300000, 0x0000000081300000|100%| O|  |TAMS 0x0000000081200000| PB 0x0000000081200000| Untracked 
|  19|0x0000000081300000, 0x0000000081400000, 0x0000000081400000|100%| O|  |TAMS 0x0000000081300000| PB 0x0000000081300000| Untracked 
|  20|0x0000000081400000, 0x0000000081500000, 0x0000000081500000|100%| O|  |TAMS 0x0000000081400000| PB 0x0000000081400000| Untracked 
|  21|0x0000000081500000, 0x0000000081600000, 0x0000000081600000|100%| O|  |TAMS 0x0000000081500000| PB 0x0000000081500000| Untracked 
|  22|0x0000000081600000, 0x0000000081700000, 0x0000000081700000|100%| O|  |TAMS 0x0000000081600000| PB 0x0000000081600000| Untracked 
|  23|0x0000000081700000, 0x0000000081800000, 0x0000000081800000|100%| O|  |TAMS 0x0000000081700000| PB 0x0000000081700000| Untracked 
|  24|0x0000000081800000, 0x0000000081900000, 0x0000000081900000|100%| O|  |TAMS 0x0000000081800000| PB 0x0000000081800000| Untracked 
|  25|0x0000000081900000, 0x0000000081a00000, 0x0000000081a00000|100%| O|  |TAMS 0x0000000081900000| PB 0x0000000081900000| Untracked 
|  26|0x0000000081a00000, 0x0000000081b00000, 0x0000000081b00000|100%| O|  |TAMS 0x0000000081a00000| PB 0x0000000081a00000| Untracked 
|  27|0x0000000081b00000, 0x0000000081c00000, 0x0000000081c00000|100%| O|  |TAMS 0x0000000081b00000| PB 0x0000000081b00000| Untracked 
|  28|0x0000000081c00000, 0x0000000081d00000, 0x0000000081d00000|100%| O|  |TAMS 0x0000000081c00000| PB 0x0000000081c00000| Untracked 
|  29|0x0000000081d00000, 0x0000000081e00000, 0x0000000081e00000|100%| O|  |TAMS 0x0000000081d00000| PB 0x0000000081d00000| Untracked 
|  30|0x0000000081e00000, 0x0000000081f00000, 0x0000000081f00000|100%| O|  |TAMS 0x0000000081e00000| PB 0x0000000081e00000| Untracked 
|  31|0x0000000081f00000, 0x0000000082000000, 0x0000000082000000|100%| O|  |TAMS 0x0000000081f00000| PB 0x0000000081f00000| Untracked 
|  32|0x0000000082000000, 0x0000000082100000, 0x0000000082100000|100%| O|  |TAMS 0x0000000082000000| PB 0x0000000082000000| Untracked 
|  33|0x0000000082100000, 0x0000000082200000, 0x0000000082200000|100%| O|  |TAMS 0x0000000082100000| PB 0x0000000082100000| Untracked 
|  34|0x0000000082200000, 0x0000000082300000, 0x0000000082300000|100%| O|  |TAMS 0x0000000082200000| PB 0x0000000082200000| Untracked 
|  35|0x0000000082300000, 0x0000000082400000, 0x0000000082400000|100%| O|  |TAMS 0x0000000082300000| PB 0x0000000082300000| Untracked 
|  36|0x0000000082400000, 0x0000000082500000, 0x0000000082500000|100%|HS|  |TAMS 0x0000000082400000| PB 0x0000000082400000| Complete 
|  37|0x0000000082500000, 0x0000000082600000, 0x0000000082600000|100%|HC|  |TAMS 0x0000000082500000| PB 0x0000000082500000| Complete 
|  38|0x0000000082600000, 0x0000000082700000, 0x0000000082700000|100%| O|  |TAMS 0x0000000082600000| PB 0x0000000082600000| Untracked 
|  39|0x0000000082700000, 0x0000000082800000, 0x0000000082800000|100%| O|  |TAMS 0x0000000082700000| PB 0x0000000082700000| Untracked 
|  40|0x0000000082800000, 0x0000000082900000, 0x0000000082900000|100%| O|  |TAMS 0x0000000082800000| PB 0x0000000082800000| Untracked 
|  41|0x0000000082900000, 0x0000000082a00000, 0x0000000082a00000|100%| O|  |TAMS 0x0000000082900000| PB 0x0000000082900000| Untracked 
|  42|0x0000000082a00000, 0x0000000082b00000, 0x0000000082b00000|100%| O|  |TAMS 0x0000000082a00000| PB 0x0000000082a00000| Untracked 
|  43|0x0000000082b00000, 0x0000000082c00000, 0x0000000082c00000|100%| O|  |TAMS 0x0000000082b00000| PB 0x0000000082b00000| Untracked 
|  44|0x0000000082c00000, 0x0000000082c00000, 0x0000000082d00000|  0%| F|  |TAMS 0x0000000082c00000| PB 0x0000000082c00000| Untracked 
|  45|0x0000000082d00000, 0x0000000082e00000, 0x0000000082e00000|100%| O|  |TAMS 0x0000000082d00000| PB 0x0000000082d00000| Untracked 
|  46|0x0000000082e00000, 0x0000000082f00000, 0x0000000082f00000|100%| O|  |TAMS 0x0000000082e00000| PB 0x0000000082e00000| Untracked 
|  47|0x0000000082f00000, 0x0000000082f00000, 0x0000000083000000|  0%| F|  |TAMS 0x0000000082f00000| PB 0x0000000082f00000| Untracked 
|  48|0x0000000083000000, 0x0000000083100000, 0x0000000083100000|100%| O|  |TAMS 0x0000000083000000| PB 0x0000000083000000| Untracked 
|  49|0x0000000083100000, 0x0000000083200000, 0x0000000083200000|100%| O|  |TAMS 0x0000000083100000| PB 0x0000000083100000| Untracked 
|  50|0x0000000083200000, 0x0000000083300000, 0x0000000083300000|100%|HS|  |TAMS 0x0000000083200000| PB 0x0000000083200000| Complete 
|  51|0x0000000083300000, 0x0000000083400000, 0x0000000083400000|100%| O|  |TAMS 0x0000000083300000| PB 0x0000000083300000| Untracked 
|  52|0x0000000083400000, 0x0000000083500000, 0x0000000083500000|100%| O|  |TAMS 0x0000000083400000| PB 0x0000000083400000| Untracked 
|  53|0x0000000083500000, 0x0000000083600000, 0x0000000083600000|100%| O|  |TAMS 0x0000000083500000| PB 0x0000000083500000| Untracked 
|  54|0x0000000083600000, 0x0000000083700000, 0x0000000083700000|100%|HS|  |TAMS 0x0000000083600000| PB 0x0000000083600000| Complete 
|  55|0x0000000083700000, 0x0000000083800000, 0x0000000083800000|100%|HS|  |TAMS 0x0000000083700000| PB 0x0000000083700000| Complete 
|  56|0x0000000083800000, 0x0000000083900000, 0x0000000083900000|100%|HC|  |TAMS 0x0000000083800000| PB 0x0000000083800000| Complete 
|  57|0x0000000083900000, 0x0000000083a00000, 0x0000000083a00000|100%|HS|  |TAMS 0x0000000083900000| PB 0x0000000083900000| Complete 
|  58|0x0000000083a00000, 0x0000000083b00000, 0x0000000083b00000|100%| O|  |TAMS 0x0000000083a00000| PB 0x0000000083a00000| Untracked 
|  59|0x0000000083b00000, 0x0000000083c00000, 0x0000000083c00000|100%|HS|  |TAMS 0x0000000083b00000| PB 0x0000000083b00000| Complete 
|  60|0x0000000083c00000, 0x0000000083d00000, 0x0000000083d00000|100%|HC|  |TAMS 0x0000000083c00000| PB 0x0000000083c00000| Complete 
|  61|0x0000000083d00000, 0x0000000083e00000, 0x0000000083e00000|100%|HS|  |TAMS 0x0000000083d00000| PB 0x0000000083d00000| Complete 
|  62|0x0000000083e00000, 0x0000000083f00000, 0x0000000083f00000|100%| O|  |TAMS 0x0000000083e00000| PB 0x0000000083e00000| Untracked 
|  63|0x0000000083f00000, 0x0000000084000000, 0x0000000084000000|100%| O|  |TAMS 0x0000000083f00000| PB 0x0000000083f00000| Untracked 
|  64|0x0000000084000000, 0x0000000084100000, 0x0000000084100000|100%| O|  |TAMS 0x0000000084000000| PB 0x0000000084000000| Untracked 
|  65|0x0000000084100000, 0x0000000084200000, 0x0000000084200000|100%| O|  |TAMS 0x0000000084100000| PB 0x0000000084100000| Untracked 
|  66|0x0000000084200000, 0x0000000084300000, 0x0000000084300000|100%|HS|  |TAMS 0x0000000084200000| PB 0x0000000084200000| Complete 
|  67|0x0000000084300000, 0x0000000084400000, 0x0000000084400000|100%| O|  |TAMS 0x0000000084300000| PB 0x0000000084300000| Untracked 
|  68|0x0000000084400000, 0x0000000084500000, 0x0000000084500000|100%|HS|  |TAMS 0x0000000084400000| PB 0x0000000084400000| Complete 
|  69|0x0000000084500000, 0x0000000084600000, 0x0000000084600000|100%|HC|  |TAMS 0x0000000084500000| PB 0x0000000084500000| Complete 
|  70|0x0000000084600000, 0x0000000084700000, 0x0000000084700000|100%|HC|  |TAMS 0x0000000084600000| PB 0x0000000084600000| Complete 
|  71|0x0000000084700000, 0x0000000084800000, 0x0000000084800000|100%|HS|  |TAMS 0x0000000084700000| PB 0x0000000084700000| Complete 
|  72|0x0000000084800000, 0x0000000084900000, 0x0000000084900000|100%| O|  |TAMS 0x0000000084800000| PB 0x0000000084800000| Untracked 
|  73|0x0000000084900000, 0x0000000084a00000, 0x0000000084a00000|100%| O|  |TAMS 0x0000000084900000| PB 0x0000000084900000| Untracked 
|  74|0x0000000084a00000, 0x0000000084b00000, 0x0000000084b00000|100%| O|  |TAMS 0x0000000084a00000| PB 0x0000000084a00000| Untracked 
|  75|0x0000000084b00000, 0x0000000084c00000, 0x0000000084c00000|100%| O|  |TAMS 0x0000000084b00000| PB 0x0000000084b00000| Untracked 
|  76|0x0000000084c00000, 0x0000000084d00000, 0x0000000084d00000|100%|HS|  |TAMS 0x0000000084c00000| PB 0x0000000084c00000| Complete 
|  77|0x0000000084d00000, 0x0000000084e00000, 0x0000000084e00000|100%| O|  |TAMS 0x0000000084d00000| PB 0x0000000084d00000| Untracked 
|  78|0x0000000084e00000, 0x0000000084f00000, 0x0000000084f00000|100%| O|  |TAMS 0x0000000084e00000| PB 0x0000000084e00000| Untracked 
|  79|0x0000000084f00000, 0x0000000085000000, 0x0000000085000000|100%| O|  |TAMS 0x0000000084f00000| PB 0x0000000084f00000| Untracked 
|  80|0x0000000085000000, 0x0000000085100000, 0x0000000085100000|100%| O|  |TAMS 0x0000000085000000| PB 0x0000000085000000| Untracked 
|  81|0x0000000085100000, 0x0000000085200000, 0x0000000085200000|100%|HS|  |TAMS 0x0000000085100000| PB 0x0000000085100000| Complete 
|  82|0x0000000085200000, 0x0000000085300000, 0x0000000085300000|100%|HC|  |TAMS 0x0000000085200000| PB 0x0000000085200000| Complete 
|  83|0x0000000085300000, 0x0000000085400000, 0x0000000085400000|100%|HC|  |TAMS 0x0000000085300000| PB 0x0000000085300000| Complete 
|  84|0x0000000085400000, 0x0000000085500000, 0x0000000085500000|100%| O|  |TAMS 0x0000000085400000| PB 0x0000000085400000| Untracked 
|  85|0x0000000085500000, 0x0000000085600000, 0x0000000085600000|100%| O|  |TAMS 0x0000000085500000| PB 0x0000000085500000| Untracked 
|  86|0x0000000085600000, 0x0000000085700000, 0x0000000085700000|100%| O|  |TAMS 0x0000000085600000| PB 0x0000000085600000| Untracked 
|  87|0x0000000085700000, 0x0000000085800000, 0x0000000085800000|100%| O|  |TAMS 0x0000000085700000| PB 0x0000000085700000| Untracked 
|  88|0x0000000085800000, 0x0000000085900000, 0x0000000085900000|100%| O|  |TAMS 0x0000000085800000| PB 0x0000000085800000| Untracked 
|  89|0x0000000085900000, 0x0000000085a00000, 0x0000000085a00000|100%| O|  |TAMS 0x0000000085900000| PB 0x0000000085900000| Untracked 
|  90|0x0000000085a00000, 0x0000000085b00000, 0x0000000085b00000|100%| O|  |TAMS 0x0000000085a00000| PB 0x0000000085a00000| Untracked 
|  91|0x0000000085b00000, 0x0000000085c00000, 0x0000000085c00000|100%| O|  |TAMS 0x0000000085b00000| PB 0x0000000085b00000| Untracked 
|  92|0x0000000085c00000, 0x0000000085d00000, 0x0000000085d00000|100%| O|  |TAMS 0x0000000085c00000| PB 0x0000000085c00000| Untracked 
|  93|0x0000000085d00000, 0x0000000085e00000, 0x0000000085e00000|100%| O|  |TAMS 0x0000000085d00000| PB 0x0000000085d00000| Untracked 
|  94|0x0000000085e00000, 0x0000000085f00000, 0x0000000085f00000|100%| O|  |TAMS 0x0000000085e00000| PB 0x0000000085e00000| Untracked 
|  95|0x0000000085f00000, 0x0000000086000000, 0x0000000086000000|100%| O|  |TAMS 0x0000000085f00000| PB 0x0000000085f00000| Untracked 
|  96|0x0000000086000000, 0x0000000086100000, 0x0000000086100000|100%| O|  |TAMS 0x0000000086000000| PB 0x0000000086000000| Untracked 
|  97|0x0000000086100000, 0x0000000086200000, 0x0000000086200000|100%| O|  |TAMS 0x0000000086100000| PB 0x0000000086100000| Untracked 
|  98|0x0000000086200000, 0x0000000086300000, 0x0000000086300000|100%| O|  |TAMS 0x0000000086200000| PB 0x0000000086200000| Untracked 
|  99|0x0000000086300000, 0x0000000086400000, 0x0000000086400000|100%| O|  |TAMS 0x0000000086300000| PB 0x0000000086300000| Untracked 
| 100|0x0000000086400000, 0x0000000086500000, 0x0000000086500000|100%| O|  |TAMS 0x0000000086400000| PB 0x0000000086400000| Untracked 
| 101|0x0000000086500000, 0x0000000086600000, 0x0000000086600000|100%| O|  |TAMS 0x0000000086500000| PB 0x0000000086500000| Untracked 
| 102|0x0000000086600000, 0x0000000086700000, 0x0000000086700000|100%| O|  |TAMS 0x0000000086600000| PB 0x0000000086600000| Untracked 
| 103|0x0000000086700000, 0x0000000086800000, 0x0000000086800000|100%| O|  |TAMS 0x0000000086700000| PB 0x0000000086700000| Untracked 
| 104|0x0000000086800000, 0x0000000086900000, 0x0000000086900000|100%| O|  |TAMS 0x0000000086800000| PB 0x0000000086800000| Untracked 
| 105|0x0000000086900000, 0x0000000086a00000, 0x0000000086a00000|100%| O|  |TAMS 0x0000000086900000| PB 0x0000000086900000| Untracked 
| 106|0x0000000086a00000, 0x0000000086b00000, 0x0000000086b00000|100%| O|  |TAMS 0x0000000086a00000| PB 0x0000000086a00000| Untracked 
| 107|0x0000000086b00000, 0x0000000086c00000, 0x0000000086c00000|100%| O|  |TAMS 0x0000000086b00000| PB 0x0000000086b00000| Untracked 
| 108|0x0000000086c00000, 0x0000000086d00000, 0x0000000086d00000|100%| O|  |TAMS 0x0000000086c00000| PB 0x0000000086c00000| Untracked 
| 109|0x0000000086d00000, 0x0000000086e00000, 0x0000000086e00000|100%| O|  |TAMS 0x0000000086d00000| PB 0x0000000086d00000| Untracked 
| 110|0x0000000086e00000, 0x0000000086f00000, 0x0000000086f00000|100%| O|  |TAMS 0x0000000086e00000| PB 0x0000000086e00000| Untracked 
| 111|0x0000000086f00000, 0x0000000087000000, 0x0000000087000000|100%| O|  |TAMS 0x0000000086f00000| PB 0x0000000086f00000| Untracked 
| 112|0x0000000087000000, 0x0000000087100000, 0x0000000087100000|100%| O|  |TAMS 0x0000000087000000| PB 0x0000000087000000| Untracked 
| 113|0x0000000087100000, 0x0000000087200000, 0x0000000087200000|100%| O|  |TAMS 0x0000000087100000| PB 0x0000000087100000| Untracked 
| 114|0x0000000087200000, 0x0000000087300000, 0x0000000087300000|100%| O|  |TAMS 0x0000000087200000| PB 0x0000000087200000| Untracked 
| 115|0x0000000087300000, 0x0000000087400000, 0x0000000087400000|100%| O|  |TAMS 0x0000000087300000| PB 0x0000000087300000| Untracked 
| 116|0x0000000087400000, 0x0000000087500000, 0x0000000087500000|100%| O|  |TAMS 0x0000000087400000| PB 0x0000000087400000| Untracked 
| 117|0x0000000087500000, 0x0000000087600000, 0x0000000087600000|100%| O|  |TAMS 0x0000000087500000| PB 0x0000000087500000| Untracked 
| 118|0x0000000087600000, 0x0000000087700000, 0x0000000087700000|100%| O|  |TAMS 0x0000000087600000| PB 0x0000000087600000| Untracked 
| 119|0x0000000087700000, 0x0000000087800000, 0x0000000087800000|100%| O|  |TAMS 0x0000000087700000| PB 0x0000000087700000| Untracked 
| 120|0x0000000087800000, 0x0000000087900000, 0x0000000087900000|100%| O|  |TAMS 0x0000000087800000| PB 0x0000000087800000| Untracked 
| 121|0x0000000087900000, 0x0000000087a00000, 0x0000000087a00000|100%| O|  |TAMS 0x0000000087900000| PB 0x0000000087900000| Untracked 
| 122|0x0000000087a00000, 0x0000000087a00000, 0x0000000087b00000|  0%| F|  |TAMS 0x0000000087a00000| PB 0x0000000087a00000| Untracked 
| 123|0x0000000087b00000, 0x0000000087b00000, 0x0000000087c00000|  0%| F|  |TAMS 0x0000000087b00000| PB 0x0000000087b00000| Untracked 
| 124|0x0000000087c00000, 0x0000000087d00000, 0x0000000087d00000|100%| O|  |TAMS 0x0000000087c00000| PB 0x0000000087c00000| Untracked 
| 125|0x0000000087d00000, 0x0000000087e00000, 0x0000000087e00000|100%| O|  |TAMS 0x0000000087d00000| PB 0x0000000087d00000| Untracked 
| 126|0x0000000087e00000, 0x0000000087f00000, 0x0000000087f00000|100%| O|  |TAMS 0x0000000087e00000| PB 0x0000000087e00000| Untracked 
| 127|0x0000000087f00000, 0x0000000088000000, 0x0000000088000000|100%| O|  |TAMS 0x0000000087f00000| PB 0x0000000087f00000| Untracked 
| 128|0x0000000088000000, 0x0000000088100000, 0x0000000088100000|100%| O|  |TAMS 0x0000000088000000| PB 0x0000000088000000| Untracked 
| 129|0x0000000088100000, 0x0000000088200000, 0x0000000088200000|100%| O|  |TAMS 0x0000000088100000| PB 0x0000000088100000| Untracked 
| 130|0x0000000088200000, 0x0000000088300000, 0x0000000088300000|100%| O|  |TAMS 0x0000000088200000| PB 0x0000000088200000| Untracked 
| 131|0x0000000088300000, 0x0000000088400000, 0x0000000088400000|100%| O|  |TAMS 0x0000000088300000| PB 0x0000000088300000| Untracked 
| 132|0x0000000088400000, 0x0000000088500000, 0x0000000088500000|100%| O|  |TAMS 0x0000000088400000| PB 0x0000000088400000| Untracked 
| 133|0x0000000088500000, 0x0000000088600000, 0x0000000088600000|100%| O|  |TAMS 0x0000000088500000| PB 0x0000000088500000| Untracked 
| 134|0x0000000088600000, 0x000000008864bd10, 0x0000000088700000| 29%| O|  |TAMS 0x0000000088600000| PB 0x0000000088600000| Untracked 
| 135|0x0000000088700000, 0x0000000088700000, 0x0000000088800000|  0%| F|  |TAMS 0x0000000088700000| PB 0x0000000088700000| Untracked 
| 136|0x0000000088800000, 0x0000000088800000, 0x0000000088900000|  0%| F|  |TAMS 0x0000000088800000| PB 0x0000000088800000| Untracked 
| 137|0x0000000088900000, 0x0000000088900000, 0x0000000088a00000|  0%| F|  |TAMS 0x0000000088900000| PB 0x0000000088900000| Untracked 
| 138|0x0000000088a00000, 0x0000000088a00000, 0x0000000088b00000|  0%| F|  |TAMS 0x0000000088a00000| PB 0x0000000088a00000| Untracked 
| 139|0x0000000088b00000, 0x0000000088b00000, 0x0000000088c00000|  0%| F|  |TAMS 0x0000000088b00000| PB 0x0000000088b00000| Untracked 
| 140|0x0000000088c00000, 0x0000000088c00000, 0x0000000088d00000|  0%| F|  |TAMS 0x0000000088c00000| PB 0x0000000088c00000| Untracked 
| 141|0x0000000088d00000, 0x0000000088d00000, 0x0000000088e00000|  0%| F|  |TAMS 0x0000000088d00000| PB 0x0000000088d00000| Untracked 
| 142|0x0000000088e00000, 0x0000000088e7b910, 0x0000000088f00000| 48%| S|CS|TAMS 0x0000000088e00000| PB 0x0000000088e00000| Complete 
| 143|0x0000000088f00000, 0x0000000089000000, 0x0000000089000000|100%| S|CS|TAMS 0x0000000088f00000| PB 0x0000000088f00000| Complete 
| 144|0x0000000089000000, 0x0000000089100000, 0x0000000089100000|100%| S|CS|TAMS 0x0000000089000000| PB 0x0000000089000000| Complete 
| 145|0x0000000089100000, 0x0000000089200000, 0x0000000089200000|100%| S|CS|TAMS 0x0000000089100000| PB 0x0000000089100000| Complete 
| 146|0x0000000089200000, 0x0000000089300000, 0x0000000089300000|100%| S|CS|TAMS 0x0000000089200000| PB 0x0000000089200000| Complete 
| 147|0x0000000089300000, 0x0000000089400000, 0x0000000089400000|100%| S|CS|TAMS 0x0000000089300000| PB 0x0000000089300000| Complete 
| 148|0x0000000089400000, 0x0000000089500000, 0x0000000089500000|100%| S|CS|TAMS 0x0000000089400000| PB 0x0000000089400000| Complete 
| 149|0x0000000089500000, 0x0000000089600000, 0x0000000089600000|100%| S|CS|TAMS 0x0000000089500000| PB 0x0000000089500000| Complete 
| 150|0x0000000089600000, 0x0000000089600000, 0x0000000089700000|  0%| F|  |TAMS 0x0000000089600000| PB 0x0000000089600000| Untracked 
| 151|0x0000000089700000, 0x0000000089700000, 0x0000000089800000|  0%| F|  |TAMS 0x0000000089700000| PB 0x0000000089700000| Untracked 
| 152|0x0000000089800000, 0x0000000089800000, 0x0000000089900000|  0%| F|  |TAMS 0x0000000089800000| PB 0x0000000089800000| Untracked 
| 153|0x0000000089900000, 0x0000000089900000, 0x0000000089a00000|  0%| F|  |TAMS 0x0000000089900000| PB 0x0000000089900000| Untracked 
| 154|0x0000000089a00000, 0x0000000089a00000, 0x0000000089b00000|  0%| F|  |TAMS 0x0000000089a00000| PB 0x0000000089a00000| Untracked 
| 155|0x0000000089b00000, 0x0000000089b00000, 0x0000000089c00000|  0%| F|  |TAMS 0x0000000089b00000| PB 0x0000000089b00000| Untracked 
| 156|0x0000000089c00000, 0x0000000089c00000, 0x0000000089d00000|  0%| F|  |TAMS 0x0000000089c00000| PB 0x0000000089c00000| Untracked 
| 157|0x0000000089d00000, 0x0000000089d00000, 0x0000000089e00000|  0%| F|  |TAMS 0x0000000089d00000| PB 0x0000000089d00000| Untracked 
| 158|0x0000000089e00000, 0x0000000089e00000, 0x0000000089f00000|  0%| F|  |TAMS 0x0000000089e00000| PB 0x0000000089e00000| Untracked 
| 159|0x0000000089f00000, 0x0000000089f00000, 0x000000008a000000|  0%| F|  |TAMS 0x0000000089f00000| PB 0x0000000089f00000| Untracked 
| 160|0x000000008a000000, 0x000000008a000000, 0x000000008a100000|  0%| F|  |TAMS 0x000000008a000000| PB 0x000000008a000000| Untracked 
| 161|0x000000008a100000, 0x000000008a100000, 0x000000008a200000|  0%| F|  |TAMS 0x000000008a100000| PB 0x000000008a100000| Untracked 
| 162|0x000000008a200000, 0x000000008a200000, 0x000000008a300000|  0%| F|  |TAMS 0x000000008a200000| PB 0x000000008a200000| Untracked 
| 163|0x000000008a300000, 0x000000008a300000, 0x000000008a400000|  0%| F|  |TAMS 0x000000008a300000| PB 0x000000008a300000| Untracked 
| 164|0x000000008a400000, 0x000000008a400000, 0x000000008a500000|  0%| F|  |TAMS 0x000000008a400000| PB 0x000000008a400000| Untracked 
| 165|0x000000008a500000, 0x000000008a500000, 0x000000008a600000|  0%| F|  |TAMS 0x000000008a500000| PB 0x000000008a500000| Untracked 
| 166|0x000000008a600000, 0x000000008a600000, 0x000000008a700000|  0%| F|  |TAMS 0x000000008a600000| PB 0x000000008a600000| Untracked 
| 167|0x000000008a700000, 0x000000008a700000, 0x000000008a800000|  0%| F|  |TAMS 0x000000008a700000| PB 0x000000008a700000| Untracked 
| 168|0x000000008a800000, 0x000000008a800000, 0x000000008a900000|  0%| F|  |TAMS 0x000000008a800000| PB 0x000000008a800000| Untracked 
| 169|0x000000008a900000, 0x000000008a900000, 0x000000008aa00000|  0%| F|  |TAMS 0x000000008a900000| PB 0x000000008a900000| Untracked 
| 170|0x000000008aa00000, 0x000000008aa00000, 0x000000008ab00000|  0%| F|  |TAMS 0x000000008aa00000| PB 0x000000008aa00000| Untracked 
| 171|0x000000008ab00000, 0x000000008ab00000, 0x000000008ac00000|  0%| F|  |TAMS 0x000000008ab00000| PB 0x000000008ab00000| Untracked 
| 172|0x000000008ac00000, 0x000000008ac00000, 0x000000008ad00000|  0%| F|  |TAMS 0x000000008ac00000| PB 0x000000008ac00000| Untracked 
| 173|0x000000008ad00000, 0x000000008ad00000, 0x000000008ae00000|  0%| F|  |TAMS 0x000000008ad00000| PB 0x000000008ad00000| Untracked 
| 174|0x000000008ae00000, 0x000000008ae00000, 0x000000008af00000|  0%| F|  |TAMS 0x000000008ae00000| PB 0x000000008ae00000| Untracked 
| 175|0x000000008af00000, 0x000000008af00000, 0x000000008b000000|  0%| F|  |TAMS 0x000000008af00000| PB 0x000000008af00000| Untracked 
| 176|0x000000008b000000, 0x000000008b000000, 0x000000008b100000|  0%| F|  |TAMS 0x000000008b000000| PB 0x000000008b000000| Untracked 
| 177|0x000000008b100000, 0x000000008b100000, 0x000000008b200000|  0%| F|  |TAMS 0x000000008b100000| PB 0x000000008b100000| Untracked 
| 178|0x000000008b200000, 0x000000008b200000, 0x000000008b300000|  0%| F|  |TAMS 0x000000008b200000| PB 0x000000008b200000| Untracked 
| 179|0x000000008b300000, 0x000000008b300000, 0x000000008b400000|  0%| F|  |TAMS 0x000000008b300000| PB 0x000000008b300000| Untracked 
| 180|0x000000008b400000, 0x000000008b400000, 0x000000008b500000|  0%| F|  |TAMS 0x000000008b400000| PB 0x000000008b400000| Untracked 
| 181|0x000000008b500000, 0x000000008b500000, 0x000000008b600000|  0%| F|  |TAMS 0x000000008b500000| PB 0x000000008b500000| Untracked 
| 182|0x000000008b600000, 0x000000008b600000, 0x000000008b700000|  0%| F|  |TAMS 0x000000008b600000| PB 0x000000008b600000| Untracked 
| 183|0x000000008b700000, 0x000000008b700000, 0x000000008b800000|  0%| F|  |TAMS 0x000000008b700000| PB 0x000000008b700000| Untracked 
| 184|0x000000008b800000, 0x000000008b800000, 0x000000008b900000|  0%| F|  |TAMS 0x000000008b800000| PB 0x000000008b800000| Untracked 
| 185|0x000000008b900000, 0x000000008b900000, 0x000000008ba00000|  0%| F|  |TAMS 0x000000008b900000| PB 0x000000008b900000| Untracked 
| 186|0x000000008ba00000, 0x000000008ba00000, 0x000000008bb00000|  0%| F|  |TAMS 0x000000008ba00000| PB 0x000000008ba00000| Untracked 
| 187|0x000000008bb00000, 0x000000008bb00000, 0x000000008bc00000|  0%| F|  |TAMS 0x000000008bb00000| PB 0x000000008bb00000| Untracked 
| 188|0x000000008bc00000, 0x000000008bc00000, 0x000000008bd00000|  0%| F|  |TAMS 0x000000008bc00000| PB 0x000000008bc00000| Untracked 
| 189|0x000000008bd00000, 0x000000008bd00000, 0x000000008be00000|  0%| F|  |TAMS 0x000000008bd00000| PB 0x000000008bd00000| Untracked 
| 190|0x000000008be00000, 0x000000008be00000, 0x000000008bf00000|  0%| F|  |TAMS 0x000000008be00000| PB 0x000000008be00000| Untracked 
| 191|0x000000008bf00000, 0x000000008bf00000, 0x000000008c000000|  0%| F|  |TAMS 0x000000008bf00000| PB 0x000000008bf00000| Untracked 
| 192|0x000000008c000000, 0x000000008c000000, 0x000000008c100000|  0%| F|  |TAMS 0x000000008c000000| PB 0x000000008c000000| Untracked 
| 193|0x000000008c100000, 0x000000008c100000, 0x000000008c200000|  0%| F|  |TAMS 0x000000008c100000| PB 0x000000008c100000| Untracked 
| 194|0x000000008c200000, 0x000000008c200000, 0x000000008c300000|  0%| F|  |TAMS 0x000000008c200000| PB 0x000000008c200000| Untracked 
| 195|0x000000008c300000, 0x000000008c300000, 0x000000008c400000|  0%| F|  |TAMS 0x000000008c300000| PB 0x000000008c300000| Untracked 
| 196|0x000000008c400000, 0x000000008c400000, 0x000000008c500000|  0%| F|  |TAMS 0x000000008c400000| PB 0x000000008c400000| Untracked 
| 197|0x000000008c500000, 0x000000008c500000, 0x000000008c600000|  0%| F|  |TAMS 0x000000008c500000| PB 0x000000008c500000| Untracked 
| 198|0x000000008c600000, 0x000000008c600000, 0x000000008c700000|  0%| F|  |TAMS 0x000000008c600000| PB 0x000000008c600000| Untracked 
| 199|0x000000008c700000, 0x000000008c700000, 0x000000008c800000|  0%| F|  |TAMS 0x000000008c700000| PB 0x000000008c700000| Untracked 
| 200|0x000000008c800000, 0x000000008c800000, 0x000000008c900000|  0%| F|  |TAMS 0x000000008c800000| PB 0x000000008c800000| Untracked 
| 201|0x000000008c900000, 0x000000008c900000, 0x000000008ca00000|  0%| F|  |TAMS 0x000000008c900000| PB 0x000000008c900000| Untracked 
| 202|0x000000008ca00000, 0x000000008ca00000, 0x000000008cb00000|  0%| F|  |TAMS 0x000000008ca00000| PB 0x000000008ca00000| Untracked 
| 203|0x000000008cb00000, 0x000000008cb00000, 0x000000008cc00000|  0%| F|  |TAMS 0x000000008cb00000| PB 0x000000008cb00000| Untracked 
| 204|0x000000008cc00000, 0x000000008cc00000, 0x000000008cd00000|  0%| F|  |TAMS 0x000000008cc00000| PB 0x000000008cc00000| Untracked 
| 205|0x000000008cd00000, 0x000000008cd00000, 0x000000008ce00000|  0%| F|  |TAMS 0x000000008cd00000| PB 0x000000008cd00000| Untracked 
| 206|0x000000008ce00000, 0x000000008ce00000, 0x000000008cf00000|  0%| F|  |TAMS 0x000000008ce00000| PB 0x000000008ce00000| Untracked 
| 207|0x000000008cf00000, 0x000000008cf00000, 0x000000008d000000|  0%| F|  |TAMS 0x000000008cf00000| PB 0x000000008cf00000| Untracked 
| 208|0x000000008d000000, 0x000000008d000000, 0x000000008d100000|  0%| F|  |TAMS 0x000000008d000000| PB 0x000000008d000000| Untracked 
| 209|0x000000008d100000, 0x000000008d100000, 0x000000008d200000|  0%| F|  |TAMS 0x000000008d100000| PB 0x000000008d100000| Untracked 
| 210|0x000000008d200000, 0x000000008d200000, 0x000000008d300000|  0%| F|  |TAMS 0x000000008d200000| PB 0x000000008d200000| Untracked 
| 211|0x000000008d300000, 0x000000008d300000, 0x000000008d400000|  0%| F|  |TAMS 0x000000008d300000| PB 0x000000008d300000| Untracked 
| 212|0x000000008d400000, 0x000000008d400000, 0x000000008d500000|  0%| F|  |TAMS 0x000000008d400000| PB 0x000000008d400000| Untracked 
| 213|0x000000008d500000, 0x000000008d500000, 0x000000008d600000|  0%| F|  |TAMS 0x000000008d500000| PB 0x000000008d500000| Untracked 
| 214|0x000000008d600000, 0x000000008d600000, 0x000000008d700000|  0%| F|  |TAMS 0x000000008d600000| PB 0x000000008d600000| Untracked 
| 215|0x000000008d700000, 0x000000008d700000, 0x000000008d800000|  0%| F|  |TAMS 0x000000008d700000| PB 0x000000008d700000| Untracked 
|2035|0x00000000ff300000, 0x00000000ff300000, 0x00000000ff400000|  0%| F|  |TAMS 0x00000000ff300000| PB 0x00000000ff300000| Untracked 
|2036|0x00000000ff400000, 0x00000000ff500000, 0x00000000ff500000|100%| O|  |TAMS 0x00000000ff400000| PB 0x00000000ff400000| Untracked 
|2037|0x00000000ff500000, 0x00000000ff500000, 0x00000000ff600000|  0%| F|  |TAMS 0x00000000ff500000| PB 0x00000000ff500000| Untracked 
|2038|0x00000000ff600000, 0x00000000ff600000, 0x00000000ff700000|  0%| F|  |TAMS 0x00000000ff600000| PB 0x00000000ff600000| Untracked 
|2039|0x00000000ff700000, 0x00000000ff700000, 0x00000000ff800000|  0%| F|  |TAMS 0x00000000ff700000| PB 0x00000000ff700000| Untracked 
|2040|0x00000000ff800000, 0x00000000ff800000, 0x00000000ff900000|  0%| F|  |TAMS 0x00000000ff800000| PB 0x00000000ff800000| Untracked 
|2041|0x00000000ff900000, 0x00000000ff900000, 0x00000000ffa00000|  0%| F|  |TAMS 0x00000000ff900000| PB 0x00000000ff900000| Untracked 
|2042|0x00000000ffa00000, 0x00000000ffb00000, 0x00000000ffb00000|100%| O|  |TAMS 0x00000000ffa00000| PB 0x00000000ffa00000| Untracked 
|2043|0x00000000ffb00000, 0x00000000ffb00000, 0x00000000ffc00000|  0%| F|  |TAMS 0x00000000ffb00000| PB 0x00000000ffb00000| Untracked 
|2044|0x00000000ffc00000, 0x00000000ffd00000, 0x00000000ffd00000|100%| O|  |TAMS 0x00000000ffc00000| PB 0x00000000ffc00000| Untracked 
|2045|0x00000000ffd00000, 0x00000000ffd00000, 0x00000000ffe00000|  0%| F|  |TAMS 0x00000000ffd00000| PB 0x00000000ffd00000| Untracked 
|2046|0x00000000ffe00000, 0x00000000ffe00000, 0x00000000fff00000|  0%| F|  |TAMS 0x00000000ffe00000| PB 0x00000000ffe00000| Untracked 
|2047|0x00000000fff00000, 0x00000000fff00000, 0x0000000100000000|  0%| F|  |TAMS 0x00000000fff00000| PB 0x00000000fff00000| Untracked 

Card table byte_map: [0x0000027eff6f0000,0x0000027effaf0000] _byte_map_base: 0x0000027eff2f0000

Marking Bits: (CMBitMap*) 0x0000027efc1e5890
 Bits: [0x0000027e8f000000, 0x0000027e91000000)

Polling page: 0x0000027ef9e30000

Metaspace:

Usage:
  Non-class:    104.08 MB used.
      Class:     17.00 MB used.
       Both:    121.08 MB used.

Virtual space:
  Non-class space:      128.00 MB reserved,     105.25 MB ( 82%) committed,  2 nodes.
      Class space:        1.00 GB reserved,      18.12 MB (  2%) committed,  1 nodes.
             Both:        1.12 GB reserved,     123.38 MB ( 11%) committed. 

Chunk freelists:
   Non-Class:  6.67 MB
       Class:  13.85 MB
        Both:  20.52 MB

MaxMetaspaceSize: unlimited
CompressedClassSpaceSize: 1.00 GB
Initial GC threshold: 21.00 MB
Current GC threshold: 205.25 MB
CDS: off
 - commit_granule_bytes: 65536.
 - commit_granule_words: 8192.
 - virtual_space_node_default_size: 8388608.
 - enlarge_chunks_in_place: 1.
 - use_allocation_guard: 0.


Internal statistics:

num_allocs_failed_limit: 6.
num_arena_births: 4464.
num_arena_deaths: 0.
num_vsnodes_births: 3.
num_vsnodes_deaths: 0.
num_space_committed: 1973.
num_space_uncommitted: 0.
num_chunks_returned_to_freelist: 6.
num_chunks_taken_from_freelist: 9859.
num_chunk_merges: 6.
num_chunk_splits: 6377.
num_chunks_enlarged: 3958.
num_inconsistent_stats: 0.

CodeHeap 'non-profiled nmethods': size=120000Kb used=9076Kb max_used=9076Kb free=110923Kb
 bounds [0x0000027e87ad0000, 0x0000027e883b0000, 0x0000027e8f000000]
CodeHeap 'profiled nmethods': size=120000Kb used=24179Kb max_used=24921Kb free=95820Kb
 bounds [0x0000027e80000000, 0x0000027e81860000, 0x0000027e87530000]
CodeHeap 'non-nmethods': size=5760Kb used=2983Kb max_used=3040Kb free=2776Kb
 bounds [0x0000027e87530000, 0x0000027e87830000, 0x0000027e87ad0000]
CodeCache: size=245760Kb, used=36238Kb, max_used=37037Kb, free=209519Kb
 total_blobs=13939, nmethods=12921, adapters=922, full_count=0
Compilation: enabled, stopped_count=0, restarted_count=0

Compilation events (20 events):
Event: 33.852 Thread 0x0000027e932c2fe0 nmethod 15612 0x0000027e80aa9410 code [0x0000027e80aa9840, 0x0000027e80aab7f0]
Event: 33.853 Thread 0x0000027e932a4ad0 nmethod 15607 0x0000027e883a9490 code [0x0000027e883a9640, 0x0000027e883a9af8]
Event: 33.854 Thread 0x0000027e932c2fe0 15613       1       org.gradle.internal.component.model.LocalComponentDependencyMetadata::isTransitive (5 bytes)
Event: 33.854 Thread 0x0000027e932a4ad0 15614       4       org.gradle.api.internal.artifacts.ivyservice.resolveengine.graph.builder.DependencyGraphBuilder$$Lambda/0x0000000100716410::isSatisfiedBy (8 bytes)
Event: 33.854 Thread 0x0000027e932c2fe0 nmethod 15613 0x0000027e883a9c90 code [0x0000027e883a9e20, 0x0000027e883a9ef0]
Event: 33.855 Thread 0x0000027e932a4ad0 nmethod 15614 0x0000027e883a9f90 code [0x0000027e883aa120, 0x0000027e883aa228]
Event: 33.856 Thread 0x0000027e98e006e0 nmethod 15585 0x0000027e883aa390 code [0x0000027e883aa640, 0x0000027e883ab950]
Event: 33.857 Thread 0x0000027e932a4ad0 15615       4       org.gradle.api.internal.attributes.DefaultImmutableAttributesContainer::getAttributes (2 bytes)
Event: 33.857 Thread 0x0000027e932a4ad0 nmethod 15615 0x0000027e883ac490 code [0x0000027e883ac620, 0x0000027e883ac6a8]
Event: 33.858 Thread 0x0000027e98e006e0 15616       4       org.gradle.api.internal.artifacts.ivyservice.resolveengine.graph.builder.ResolveState::getModule (22 bytes)
Event: 33.859 Thread 0x0000027e932c2fe0 15617       3       org.gradle.api.internal.artifacts.ivyservice.resolveengine.graph.builder.ResolveState::onFewerSelected (18 bytes)
Event: 33.859 Thread 0x0000027e932c2fe0 nmethod 15617 0x0000027e80af8810 code [0x0000027e80af89c0, 0x0000027e80af8cd8]
Event: 33.860 Thread 0x0000027e98e006e0 nmethod 15616 0x0000027e883ac790 code [0x0000027e883ac940, 0x0000027e883acb08]
Event: 33.863 Thread 0x0000027e932c2fe0 15619       3       org.gradle.api.internal.artifacts.ivyservice.resolveengine.graph.selectors.SelectorStateResolverResults::getResolved (187 bytes)
Event: 33.863 Thread 0x0000027e932a4ad0 15620       4       org.gradle.cache.internal.btree.BTreePersistentIndexedCache$IndexBlock::find (140 bytes)
Event: 33.864 Thread 0x0000027e932c2fe0 nmethod 15619 0x0000027e80b1ca90 code [0x0000027e80b1cd60, 0x0000027e80b1dd80]
Event: 33.864 Thread 0x0000027e932c2fe0 15618       3       org.gradle.api.internal.artifacts.ivyservice.resolveengine.graph.selectors.SelectorStateResolver::integratePreferResults (77 bytes)
Event: 33.864 Thread 0x0000027e98e006e0 15621       4       org.gradle.internal.component.model.AttributeMatchingExplanationBuilder::logging (4 bytes)
Event: 33.866 Thread 0x0000027e98e006e0 nmethod 15621 0x0000027e883acd10 code [0x0000027e883acea0, 0x0000027e883acfa8]
Event: 33.866 Thread 0x0000027e932c2fe0 nmethod 15618 0x0000027e8144c590 code [0x0000027e8144c880, 0x0000027e8144d770]

GC Heap History (20 events):
Event: 23.315 GC heap after
{Heap after GC invocations=44 (full 0):
 garbage-first heap   total 195584K, used 105258K [0x0000000080000000, 0x0000000100000000)
  region size 1024K, 5 young (5120K), 5 survivors (5120K)
 Metaspace       used 103595K, committed 105600K, reserved 1179648K
  class space    used 14580K, committed 15552K, reserved 1048576K
}
Event: 24.534 GC heap before
{Heap before GC invocations=44 (full 0):
 garbage-first heap   total 195584K, used 173866K [0x0000000080000000, 0x0000000100000000)
  region size 1024K, 72 young (73728K), 5 survivors (5120K)
 Metaspace       used 108419K, committed 110592K, reserved 1179648K
  class space    used 15293K, committed 16320K, reserved 1048576K
}
Event: 24.549 GC heap after
{Heap after GC invocations=45 (full 0):
 garbage-first heap   total 195584K, used 106474K [0x0000000080000000, 0x0000000100000000)
  region size 1024K, 7 young (7168K), 7 survivors (7168K)
 Metaspace       used 108419K, committed 110592K, reserved 1179648K
  class space    used 15293K, committed 16320K, reserved 1048576K
}
Event: 25.698 GC heap before
{Heap before GC invocations=45 (full 0):
 garbage-first heap   total 195584K, used 177130K [0x0000000080000000, 0x0000000100000000)
  region size 1024K, 76 young (77824K), 7 survivors (7168K)
 Metaspace       used 113182K, committed 115392K, reserved 1179648K
  class space    used 16029K, committed 17088K, reserved 1048576K
}
Event: 25.712 GC heap after
{Heap after GC invocations=46 (full 0):
 garbage-first heap   total 195584K, used 110346K [0x0000000080000000, 0x0000000100000000)
  region size 1024K, 7 young (7168K), 7 survivors (7168K)
 Metaspace       used 113182K, committed 115392K, reserved 1179648K
  class space    used 16029K, committed 17088K, reserved 1048576K
}
Event: 27.050 GC heap before
{Heap before GC invocations=47 (full 0):
 garbage-first heap   total 195584K, used 178954K [0x0000000080000000, 0x0000000100000000)
  region size 1024K, 74 young (75776K), 7 survivors (7168K)
 Metaspace       used 116547K, committed 118784K, reserved 1179648K
  class space    used 16507K, committed 17600K, reserved 1048576K
}
Event: 27.069 GC heap after
{Heap after GC invocations=48 (full 0):
 garbage-first heap   total 195584K, used 117194K [0x0000000080000000, 0x0000000100000000)
  region size 1024K, 10 young (10240K), 10 survivors (10240K)
 Metaspace       used 116547K, committed 118784K, reserved 1179648K
  class space    used 16507K, committed 17600K, reserved 1048576K
}
Event: 28.284 GC heap before
{Heap before GC invocations=48 (full 0):
 garbage-first heap   total 195584K, used 177610K [0x0000000080000000, 0x0000000100000000)
  region size 1024K, 70 young (71680K), 10 survivors (10240K)
 Metaspace       used 118846K, committed 121216K, reserved 1179648K
  class space    used 16847K, committed 17984K, reserved 1048576K
}
Event: 28.310 GC heap after
{Heap after GC invocations=49 (full 0):
 garbage-first heap   total 199680K, used 125952K [0x0000000080000000, 0x0000000100000000)
  region size 1024K, 9 young (9216K), 9 survivors (9216K)
 Metaspace       used 118846K, committed 121216K, reserved 1179648K
  class space    used 16847K, committed 17984K, reserved 1048576K
}
Event: 29.397 GC heap before
{Heap before GC invocations=49 (full 0):
 garbage-first heap   total 199680K, used 182272K [0x0000000080000000, 0x0000000100000000)
  region size 1024K, 64 young (65536K), 9 survivors (9216K)
 Metaspace       used 119052K, committed 121344K, reserved 1179648K
  class space    used 16858K, committed 17984K, reserved 1048576K
}
Event: 29.414 GC heap after
{Heap after GC invocations=50 (full 0):
 garbage-first heap   total 199680K, used 132020K [0x0000000080000000, 0x0000000100000000)
  region size 1024K, 7 young (7168K), 7 survivors (7168K)
 Metaspace       used 119052K, committed 121344K, reserved 1179648K
  class space    used 16858K, committed 17984K, reserved 1048576K
}
Event: 30.406 GC heap before
{Heap before GC invocations=51 (full 0):
 garbage-first heap   total 222208K, used 182196K [0x0000000080000000, 0x0000000100000000)
  region size 1024K, 57 young (58368K), 7 survivors (7168K)
 Metaspace       used 119402K, committed 121664K, reserved 1179648K
  class space    used 16935K, committed 18048K, reserved 1048576K
}
Event: 30.417 GC heap after
{Heap after GC invocations=52 (full 0):
 garbage-first heap   total 222208K, used 134271K [0x0000000080000000, 0x0000000100000000)
  region size 1024K, 5 young (5120K), 5 survivors (5120K)
 Metaspace       used 119402K, committed 121664K, reserved 1179648K
  class space    used 16935K, committed 18048K, reserved 1048576K
}
Event: 31.481 GC heap before
{Heap before GC invocations=52 (full 0):
 garbage-first heap   total 222208K, used 205951K [0x0000000080000000, 0x0000000100000000)
  region size 1024K, 71 young (72704K), 5 survivors (5120K)
 Metaspace       used 122825K, committed 125120K, reserved 1179648K
  class space    used 17248K, committed 18368K, reserved 1048576K
}
Event: 31.493 GC heap after
{Heap after GC invocations=53 (full 0):
 garbage-first heap   total 222208K, used 135294K [0x0000000080000000, 0x0000000100000000)
  region size 1024K, 7 young (7168K), 7 survivors (7168K)
 Metaspace       used 122825K, committed 125120K, reserved 1179648K
  class space    used 17248K, committed 18368K, reserved 1048576K
}
Event: 32.506 GC heap before
{Heap before GC invocations=53 (full 0):
 garbage-first heap   total 222208K, used 201854K [0x0000000080000000, 0x0000000100000000)
  region size 1024K, 73 young (74752K), 7 survivors (7168K)
 Metaspace       used 123797K, committed 126080K, reserved 1179648K
  class space    used 17383K, committed 18496K, reserved 1048576K
}
Event: 32.521 GC heap after
{Heap after GC invocations=54 (full 0):
 garbage-first heap   total 222208K, used 139689K [0x0000000080000000, 0x0000000100000000)
  region size 1024K, 9 young (9216K), 9 survivors (9216K)
 Metaspace       used 123797K, committed 126080K, reserved 1179648K
  class space    used 17383K, committed 18496K, reserved 1048576K
}
Event: 33.284 GC heap before
{Heap before GC invocations=55 (full 0):
 garbage-first heap   total 234496K, used 202153K [0x0000000080000000, 0x0000000100000000)
  region size 1024K, 71 young (72704K), 9 survivors (9216K)
 Metaspace       used 123825K, committed 126080K, reserved 1179648K
  class space    used 17388K, committed 18496K, reserved 1048576K
}
Event: 33.299 GC heap after
{Heap after GC invocations=56 (full 0):
 garbage-first heap   total 234496K, used 142573K [0x0000000080000000, 0x0000000100000000)
  region size 1024K, 5 young (5120K), 5 survivors (5120K)
 Metaspace       used 123825K, committed 126080K, reserved 1179648K
  class space    used 17388K, committed 18496K, reserved 1048576K
}
Event: 33.867 GC heap before
{Heap before GC invocations=56 (full 0):
 garbage-first heap   total 234496K, used 214253K [0x0000000080000000, 0x0000000100000000)
  region size 1024K, 76 young (77824K), 5 survivors (5120K)
 Metaspace       used 123985K, committed 126336K, reserved 1179648K
  class space    used 17404K, committed 18560K, reserved 1048576K
}

Dll operation events (3 events):
Event: 0.011 Loaded shared library C:\Program Files\Android\Android Studio\jbr\bin\java.dll
Event: 0.017 Loaded shared library C:\Program Files\Android\Android Studio\jbr\bin\zip.dll
Event: 1.140 Loaded shared library C:\Program Files\Android\Android Studio\jbr\bin\verify.dll

Deoptimization events (20 events):
Event: 33.527 Thread 0x0000027e985acc20 Uncommon trap: trap_request=0xffffffde fr.pc=0x0000027e87bbbe24 relative=0x0000000000001aa4
Event: 33.527 Thread 0x0000027e985acc20 Uncommon trap: reason=class_check action=maybe_recompile pc=0x0000027e87bbbe24 method=com.google.common.collect.ImmutableSortedMap.fromEntries(Ljava/util/Comparator;Z[Ljava/util/Map$Entry;I)Lcom/google/common/collect/ImmutableSortedMap; @ 39 c2
Event: 33.527 Thread 0x0000027e985acc20 DEOPT PACKING pc=0x0000027e87bbbe24 sp=0x00000085cfcfceb0
Event: 33.527 Thread 0x0000027e985acc20 DEOPT UNPACKING pc=0x0000027e87587aa2 sp=0x00000085cfcfce60 mode 2
Event: 33.827 Thread 0x0000027e985af380 Uncommon trap: trap_request=0xffffffde fr.pc=0x0000027e8821d1e8 relative=0x0000000000000ba8
Event: 33.827 Thread 0x0000027e985af380 Uncommon trap: reason=class_check action=maybe_recompile pc=0x0000027e8821d1e8 method=org.gradle.api.internal.artifacts.dependencies.DefaultImmutableVersionConstraint.<init>(Ljava/lang/String;Ljava/lang/String;Ljava/lang/String;Ljava/util/List;Ljava/lang/
Event: 33.827 Thread 0x0000027e985af380 DEOPT PACKING pc=0x0000027e8821d1e8 sp=0x00000085cfbfa940
Event: 33.827 Thread 0x0000027e985af380 DEOPT UNPACKING pc=0x0000027e87587aa2 sp=0x00000085cfbfa930 mode 2
Event: 33.827 Thread 0x0000027e985af380 Uncommon trap: trap_request=0xffffffde fr.pc=0x0000027e8821d1e8 relative=0x0000000000000ba8
Event: 33.827 Thread 0x0000027e985af380 Uncommon trap: reason=class_check action=maybe_recompile pc=0x0000027e8821d1e8 method=org.gradle.api.internal.artifacts.dependencies.DefaultImmutableVersionConstraint.<init>(Ljava/lang/String;Ljava/lang/String;Ljava/lang/String;Ljava/util/List;Ljava/lang/
Event: 33.827 Thread 0x0000027e985af380 DEOPT PACKING pc=0x0000027e8821d1e8 sp=0x00000085cfbfa940
Event: 33.827 Thread 0x0000027e985af380 DEOPT UNPACKING pc=0x0000027e87587aa2 sp=0x00000085cfbfa930 mode 2
Event: 33.827 Thread 0x0000027e985af380 Uncommon trap: trap_request=0xffffffde fr.pc=0x0000027e8821d1e8 relative=0x0000000000000ba8
Event: 33.827 Thread 0x0000027e985af380 Uncommon trap: reason=class_check action=maybe_recompile pc=0x0000027e8821d1e8 method=org.gradle.api.internal.artifacts.dependencies.DefaultImmutableVersionConstraint.<init>(Ljava/lang/String;Ljava/lang/String;Ljava/lang/String;Ljava/util/List;Ljava/lang/
Event: 33.827 Thread 0x0000027e985af380 DEOPT PACKING pc=0x0000027e8821d1e8 sp=0x00000085cfbfa940
Event: 33.827 Thread 0x0000027e985af380 DEOPT UNPACKING pc=0x0000027e87587aa2 sp=0x00000085cfbfa930 mode 2
Event: 33.827 Thread 0x0000027e985af380 Uncommon trap: trap_request=0xffffffde fr.pc=0x0000027e8821d1e8 relative=0x0000000000000ba8
Event: 33.827 Thread 0x0000027e985af380 Uncommon trap: reason=class_check action=maybe_recompile pc=0x0000027e8821d1e8 method=org.gradle.api.internal.artifacts.dependencies.DefaultImmutableVersionConstraint.<init>(Ljava/lang/String;Ljava/lang/String;Ljava/lang/String;Ljava/util/List;Ljava/lang/
Event: 33.827 Thread 0x0000027e985af380 DEOPT PACKING pc=0x0000027e8821d1e8 sp=0x00000085cfbfa940
Event: 33.827 Thread 0x0000027e985af380 DEOPT UNPACKING pc=0x0000027e87587aa2 sp=0x00000085cfbfa930 mode 2

Classes loaded (20 events):
Event: 31.304 Loading class com/sun/org/apache/xerces/internal/dom/CoreDOMImplementationImpl done
Event: 31.304 Loading class com/sun/org/apache/xerces/internal/dom/DOMImplementationImpl done
Event: 31.316 Loading class com/sun/org/apache/xerces/internal/dom/DeferredDOMImplementationImpl
Event: 31.316 Loading class com/sun/org/apache/xerces/internal/dom/DeferredDOMImplementationImpl done
Event: 31.362 Loading class java/util/TreeMap$DescendingSubMap
Event: 31.362 Loading class java/util/TreeMap$NavigableSubMap
Event: 31.363 Loading class java/util/TreeMap$NavigableSubMap done
Event: 31.363 Loading class java/util/TreeMap$DescendingSubMap done
Event: 31.363 Loading class java/util/TreeMap$DescendingSubMap$DescendingEntrySetView
Event: 31.363 Loading class java/util/TreeMap$NavigableSubMap$EntrySetView
Event: 31.363 Loading class java/util/TreeMap$NavigableSubMap$EntrySetView done
Event: 31.363 Loading class java/util/TreeMap$DescendingSubMap$DescendingEntrySetView done
Event: 31.363 Loading class java/util/TreeMap$NavigableSubMap$DescendingSubMapEntryIterator
Event: 31.363 Loading class java/util/TreeMap$NavigableSubMap$SubMapIterator
Event: 31.363 Loading class java/util/TreeMap$NavigableSubMap$SubMapIterator done
Event: 31.363 Loading class java/util/TreeMap$NavigableSubMap$DescendingSubMapEntryIterator done
Event: 31.375 Loading class com/sun/org/apache/xerces/internal/dom/DeepNodeListImpl
Event: 31.375 Loading class com/sun/org/apache/xerces/internal/dom/DeepNodeListImpl done
Event: 31.456 Loading class java/time/Instant$1
Event: 31.456 Loading class java/time/Instant$1 done

Classes unloaded (0 events):
No events

Classes redefined (0 events):
No events

Internal exceptions (20 events):
Event: 32.152 Thread 0x0000027e985afa10 Exception <a 'sun/nio/fs/WindowsException'{0x000000008b118bc8}> (0x000000008b118bc8) 
thrown [s\src\hotspot\share\prims\jni.cpp, line 537]
Event: 32.152 Thread 0x0000027e985afa10 Exception <a 'sun/nio/fs/WindowsException'{0x000000008b1197f0}> (0x000000008b1197f0) 
thrown [s\src\hotspot\share\prims\jni.cpp, line 537]
Event: 32.167 Thread 0x0000027e985afa10 Exception <a 'sun/nio/fs/WindowsException'{0x000000008b09b960}> (0x000000008b09b960) 
thrown [s\src\hotspot\share\prims\jni.cpp, line 537]
Event: 32.171 Thread 0x0000027e985afa10 Exception <a 'sun/nio/fs/WindowsException'{0x000000008b0c12c8}> (0x000000008b0c12c8) 
thrown [s\src\hotspot\share\prims\jni.cpp, line 537]
Event: 32.175 Thread 0x0000027e985afa10 Exception <a 'sun/nio/fs/WindowsException'{0x000000008af7e148}> (0x000000008af7e148) 
thrown [s\src\hotspot\share\prims\jni.cpp, line 537]
Event: 33.493 Thread 0x0000027e985afa10 Exception <a 'java/lang/NoSuchMethodError'{0x000000008c747ab8}: static Ljava/lang/Object;.<clinit>()V> (0x000000008c747ab8) 
thrown [s\src\hotspot\share\prims\jni.cpp, line 1144]
Event: 33.520 Thread 0x0000027e985acc20 Exception <a 'sun/nio/fs/WindowsException'{0x00000000ffece4d0}> (0x00000000ffece4d0) 
thrown [s\src\hotspot\share\prims\jni.cpp, line 537]
Event: 33.544 Thread 0x0000027e985af380 Exception <a 'java/lang/NoSuchMethodError'{0x000000008c5295c8}: static Lcom/android/build/gradle/internal/scope/InternalArtifactType;.<clinit>()V> (0x000000008c5295c8) 
thrown [s\src\hotspot\share\prims\jni.cpp, line 1144]
Event: 33.544 Thread 0x0000027e985af380 Exception <a 'java/lang/NoSuchMethodError'{0x000000008c52b0d8}: static Lcom/android/build/gradle/internal/scope/InternalArtifactType;.<clinit>()V> (0x000000008c52b0d8) 
thrown [s\src\hotspot\share\prims\jni.cpp, line 1144]
Event: 33.544 Thread 0x0000027e985af380 Exception <a 'java/lang/NoSuchMethodError'{0x000000008c52edc0}: static Lcom/android/build/api/artifact/Artifact$Single;.<clinit>()V> (0x000000008c52edc0) 
thrown [s\src\hotspot\share\prims\jni.cpp, line 1144]
Event: 33.544 Thread 0x0000027e985af380 Exception <a 'java/lang/NoSuchMethodError'{0x000000008c531478}: static Ljava/lang/Object;.<clinit>()V> (0x000000008c531478) 
thrown [s\src\hotspot\share\prims\jni.cpp, line 1144]
Event: 33.546 Thread 0x0000027e985af380 Exception <a 'java/lang/NoSuchMethodError'{0x000000008c574600}: static Lcom/android/build/api/artifact/ArtifactKind;.<clinit>()V> (0x000000008c574600) 
thrown [s\src\hotspot\share\prims\jni.cpp, line 1144]
Event: 33.547 Thread 0x0000027e985af380 Exception <a 'java/lang/NoSuchMethodError'{0x000000008c575d00}: static Lcom/android/build/api/artifact/ArtifactKind;.<clinit>()V> (0x000000008c575d00) 
thrown [s\src\hotspot\share\prims\jni.cpp, line 1144]
Event: 33.557 Thread 0x0000027e99bc0800 Exception <a 'sun/nio/fs/WindowsException'{0x000000008c5398a8}> (0x000000008c5398a8) 
thrown [s\src\hotspot\share\prims\jni.cpp, line 537]
Event: 33.563 Thread 0x0000027e985af380 Exception <a 'sun/nio/fs/WindowsException'{0x000000008c42eeb0}> (0x000000008c42eeb0) 
thrown [s\src\hotspot\share\prims\jni.cpp, line 537]
Event: 33.566 Thread 0x0000027e99bc0800 Exception <a 'sun/nio/fs/WindowsException'{0x000000008c542500}> (0x000000008c542500) 
thrown [s\src\hotspot\share\prims\jni.cpp, line 537]
Event: 33.566 Thread 0x0000027e99bc0800 Exception <a 'sun/nio/fs/WindowsException'{0x000000008c543d50}> (0x000000008c543d50) 
thrown [s\src\hotspot\share\prims\jni.cpp, line 537]
Event: 33.568 Thread 0x0000027e99bc0800 Exception <a 'sun/nio/fs/WindowsException'{0x000000008c54d3d0}> (0x000000008c54d3d0) 
thrown [s\src\hotspot\share\prims\jni.cpp, line 537]
Event: 33.570 Thread 0x0000027e985af380 Exception <a 'sun/nio/fs/WindowsException'{0x000000008c432ff0}> (0x000000008c432ff0) 
thrown [s\src\hotspot\share\prims\jni.cpp, line 537]
Event: 33.574 Thread 0x0000027e985af380 Exception <a 'sun/nio/fs/WindowsException'{0x000000008c43f9a0}> (0x000000008c43f9a0) 
thrown [s\src\hotspot\share\prims\jni.cpp, line 537]

ZGC Phase Switch (0 events):
No events

VM Operations (20 events):
Event: 31.462 Executing safepoint VM operation: ICBufferFull done
Event: 31.477 Executing non-safepoint VM operation: HandshakeAllThreads (Deoptimize)
Event: 31.477 Executing non-safepoint VM operation: HandshakeAllThreads (Deoptimize) done
Event: 31.479 Executing non-safepoint VM operation: HandshakeAllThreads (Deoptimize)
Event: 31.480 Executing non-safepoint VM operation: HandshakeAllThreads (Deoptimize) done
Event: 31.481 Executing safepoint VM operation: G1CollectForAllocation (G1 Evacuation Pause)
Event: 31.493 Executing safepoint VM operation: G1CollectForAllocation (G1 Evacuation Pause) done
Event: 31.902 Executing safepoint VM operation: ICBufferFull
Event: 31.902 Executing safepoint VM operation: ICBufferFull done
Event: 31.977 Executing non-safepoint VM operation: HandshakeAllThreads (Deoptimize)
Event: 31.978 Executing non-safepoint VM operation: HandshakeAllThreads (Deoptimize) done
Event: 32.506 Executing safepoint VM operation: G1CollectForAllocation (G1 Evacuation Pause)
Event: 32.521 Executing safepoint VM operation: G1CollectForAllocation (G1 Evacuation Pause) done
Event: 32.780 Executing safepoint VM operation: G1PauseRemark
Event: 32.895 Executing safepoint VM operation: G1PauseRemark done
Event: 33.007 Executing safepoint VM operation: G1PauseCleanup
Event: 33.008 Executing safepoint VM operation: G1PauseCleanup done
Event: 33.284 Executing safepoint VM operation: G1CollectForAllocation (G1 Evacuation Pause)
Event: 33.299 Executing safepoint VM operation: G1CollectForAllocation (G1 Evacuation Pause) done
Event: 33.867 Executing safepoint VM operation: G1CollectForAllocation (G1 Evacuation Pause)

Memory protections (0 events):
No events

Nmethod flushes (20 events):
Event: 32.791 Thread 0x0000027e931e6c40 flushing  nmethod 0x0000027e80bc2b10
Event: 32.791 Thread 0x0000027e931e6c40 flushing  nmethod 0x0000027e80bfce90
Event: 32.791 Thread 0x0000027e931e6c40 flushing  nmethod 0x0000027e80c01390
Event: 32.791 Thread 0x0000027e931e6c40 flushing  nmethod 0x0000027e80c02b90
Event: 32.791 Thread 0x0000027e931e6c40 flushing  nmethod 0x0000027e80c8d710
Event: 32.791 Thread 0x0000027e931e6c40 flushing  nmethod 0x0000027e80d12a90
Event: 32.791 Thread 0x0000027e931e6c40 flushing  nmethod 0x0000027e80d86210
Event: 32.791 Thread 0x0000027e931e6c40 flushing  nmethod 0x0000027e80dfde90
Event: 32.791 Thread 0x0000027e931e6c40 flushing  nmethod 0x0000027e80e36e10
Event: 32.791 Thread 0x0000027e931e6c40 flushing  nmethod 0x0000027e80ee7890
Event: 32.791 Thread 0x0000027e931e6c40 flushing  nmethod 0x0000027e80f57890
Event: 32.791 Thread 0x0000027e931e6c40 flushing  nmethod 0x0000027e81107b10
Event: 32.791 Thread 0x0000027e931e6c40 flushing  nmethod 0x0000027e811b3590
Event: 32.791 Thread 0x0000027e931e6c40 flushing  nmethod 0x0000027e811b3a90
Event: 32.791 Thread 0x0000027e931e6c40 flushing  nmethod 0x0000027e811b6310
Event: 32.791 Thread 0x0000027e931e6c40 flushing  nmethod 0x0000027e8120a090
Event: 32.791 Thread 0x0000027e931e6c40 flushing  nmethod 0x0000027e81236e10
Event: 32.791 Thread 0x0000027e931e6c40 flushing  nmethod 0x0000027e8128cd90
Event: 32.791 Thread 0x0000027e931e6c40 flushing  nmethod 0x0000027e8144c590
Event: 32.791 Thread 0x0000027e931e6c40 flushing  nmethod 0x0000027e815f7d90

Events (20 events):
Event: 30.245 Thread 0x0000027e985acc20 Thread added: 0x0000027e9db3ef70
Event: 30.245 Thread 0x0000027e985acc20 Thread added: 0x0000027e9db3f600
Event: 30.247 Thread 0x0000027e985acc20 Thread added: 0x0000027e9db3dbc0
Event: 30.603 Thread 0x0000027e985acc20 Thread added: 0x0000027e9db3fc90
Event: 30.647 Thread 0x0000027e985acc20 Thread added: 0x0000027e9db3e8e0
Event: 30.647 Thread 0x0000027e985acc20 Thread added: 0x0000027e9db40320
Event: 30.648 Thread 0x0000027e985acc20 Thread added: 0x0000027e9db409b0
Event: 30.754 Thread 0x0000027e985acc20 Thread added: 0x0000027e9db41040
Event: 30.754 Thread 0x0000027e985acc20 Thread added: 0x0000027e9db3e250
Event: 30.755 Thread 0x0000027e985acc20 Thread added: 0x0000027e9db43e30
Event: 31.819 Thread 0x0000027e985acc20 Thread added: 0x0000027e9db444c0
Event: 31.912 Thread 0x0000027e985afa10 Thread added: 0x0000027e9db43110
Event: 31.912 Thread 0x0000027e985afa10 Thread added: 0x0000027e9db41d60
Event: 31.912 Thread 0x0000027e985afa10 Thread added: 0x0000027e9db416d0
Event: 32.012 Thread 0x0000027e985afa10 Thread added: 0x0000027e9db42a80
Event: 32.012 Thread 0x0000027e985afa10 Thread added: 0x0000027e9db451e0
Event: 32.014 Thread 0x0000027e985afa10 Thread added: 0x0000027e9df4f980
Event: 32.159 Thread 0x0000027e985afa10 Thread added: 0x0000027e9df50010
Event: 32.160 Thread 0x0000027e985afa10 Thread added: 0x0000027e9df53b20
Event: 32.195 Thread 0x0000027e985afa10 Thread added: 0x0000027e9df506a0


Dynamic libraries:
0x00007ff79d980000 - 0x00007ff79d98a000 	C:\Program Files\Android\Android Studio\jbr\bin\java.exe
0x00007ffc5e3c0000 - 0x00007ffc5e626000 	C:\Windows\SYSTEM32\ntdll.dll
0x00007ffc5dc50000 - 0x00007ffc5dd19000 	C:\Windows\System32\KERNEL32.DLL
0x00007ffc5bae0000 - 0x00007ffc5bede000 	C:\Windows\System32\KERNELBASE.dll
0x00007ffc5b5e0000 - 0x00007ffc5b72c000 	C:\Windows\System32\ucrtbase.dll
0x00007ffc4c8e0000 - 0x00007ffc4c8f8000 	C:\Program Files\Android\Android Studio\jbr\bin\jli.dll
0x00007ffc55940000 - 0x00007ffc5595b000 	C:\Program Files\Android\Android Studio\jbr\bin\VCRUNTIME140.dll
0x00007ffc5d890000 - 0x00007ffc5da57000 	C:\Windows\System32\USER32.dll
0x00007ffc5b740000 - 0x00007ffc5b767000 	C:\Windows\System32\win32u.dll
0x00007ffc41810000 - 0x00007ffc41aa2000 	C:\Windows\WinSxS\amd64_microsoft.windows.common-controls_6595b64144ccf1df_6.0.26100.8875_none_3e0d5d42e32fe9dd\COMCTL32.dll
0x00007ffc5d5e0000 - 0x00007ffc5d689000 	C:\Windows\System32\msvcrt.dll
0x00007ffc5c900000 - 0x00007ffc5c92b000 	C:\Windows\System32\GDI32.dll
0x00007ffc5b770000 - 0x00007ffc5b89a000 	C:\Windows\System32\gdi32full.dll
0x00007ffc5c040000 - 0x00007ffc5c0e3000 	C:\Windows\System32\msvcp_win.dll
0x00007ffc5d570000 - 0x00007ffc5d5a2000 	C:\Windows\System32\IMM32.DLL
0x00007ffc558f0000 - 0x00007ffc558fc000 	C:\Program Files\Android\Android Studio\jbr\bin\vcruntime140_1.dll
0x00007ffc479c0000 - 0x00007ffc47a4d000 	C:\Program Files\Android\Android Studio\jbr\bin\msvcp140.dll
0x00007ffbd6eb0000 - 0x00007ffbd7b46000 	C:\Program Files\Android\Android Studio\jbr\bin\server\jvm.dll
0x00007ffc5d740000 - 0x00007ffc5d7f7000 	C:\Windows\System32\ADVAPI32.dll
0x00007ffc5d690000 - 0x00007ffc5d73a000 	C:\Windows\System32\sechost.dll
0x00007ffc5e030000 - 0x00007ffc5e148000 	C:\Windows\System32\RPCRT4.dll
0x00007ffc5e2f0000 - 0x00007ffc5e370000 	C:\Windows\System32\WS2_32.dll
0x00007ffc5b440000 - 0x00007ffc5b49e000 	C:\Windows\SYSTEM32\POWRPROF.dll
0x00007ffc55c10000 - 0x00007ffc55c46000 	C:\Windows\SYSTEM32\WINMM.dll
0x00007ffc4da30000 - 0x00007ffc4da3b000 	C:\Windows\SYSTEM32\VERSION.dll
0x00007ffc5b420000 - 0x00007ffc5b434000 	C:\Windows\SYSTEM32\UMPDC.dll
0x00007ffc5a2a0000 - 0x00007ffc5a2bb000 	C:\Windows\SYSTEM32\kernel.appcore.dll
0x00007ffc558e0000 - 0x00007ffc558ea000 	C:\Program Files\Android\Android Studio\jbr\bin\jimage.dll
0x00007ffc58a80000 - 0x00007ffc58cc2000 	C:\Windows\SYSTEM32\DBGHELP.DLL
0x00007ffc5d120000 - 0x00007ffc5d4a3000 	C:\Windows\System32\combase.dll
0x00007ffc5da60000 - 0x00007ffc5db39000 	C:\Windows\System32\OLEAUT32.dll
0x00007ffc55bd0000 - 0x00007ffc55c0b000 	C:\Windows\SYSTEM32\dbgcore.DLL
0x00007ffc5bef0000 - 0x00007ffc5bf9c000 	C:\Windows\System32\bcryptPrimitives.dll
0x00007ffc559b0000 - 0x00007ffc559be000 	C:\Program Files\Android\Android Studio\jbr\bin\instrument.dll
0x00007ffc4dea0000 - 0x00007ffc4dec0000 	C:\Program Files\Android\Android Studio\jbr\bin\java.dll
0x00007ffc4de80000 - 0x00007ffc4de98000 	C:\Program Files\Android\Android Studio\jbr\bin\zip.dll
0x00007ffc5c930000 - 0x00007ffc5d0c2000 	C:\Windows\System32\SHELL32.dll
0x00007ffc59050000 - 0x00007ffc598e2000 	C:\Windows\SYSTEM32\windows.storage.dll
0x00007ffc5dd50000 - 0x00007ffc5de47000 	C:\Windows\System32\SHCORE.dll
0x00007ffc5c890000 - 0x00007ffc5c8f7000 	C:\Windows\System32\shlwapi.dll
0x00007ffc5b500000 - 0x00007ffc5b529000 	C:\Windows\SYSTEM32\profapi.dll
0x00007ffc558d0000 - 0x00007ffc558e0000 	C:\Program Files\Android\Android Studio\jbr\bin\net.dll
0x00007ffc4c620000 - 0x00007ffc4c747000 	C:\Windows\SYSTEM32\WINHTTP.dll
0x00007ffc5a870000 - 0x00007ffc5a8dc000 	C:\Windows\system32\mswsock.dll
0x00007ffc4de60000 - 0x00007ffc4de76000 	C:\Program Files\Android\Android Studio\jbr\bin\nio.dll
0x00007ffc4c970000 - 0x00007ffc4c980000 	C:\Program Files\Android\Android Studio\jbr\bin\verify.dll
0x00007ffc55970000 - 0x00007ffc55997000 	C:\Users\ak759\.gradle\native\1def1411415f61bf3af743bc5b6707747c0891f09f0c88961ee8f79bc544acac\windows-amd64\native-platform.dll
0x00007ffc4c860000 - 0x00007ffc4c8d8000 	C:\Users\ak759\.gradle\native\0.2.7\x86_64-windows-gnu\gradle-fileevents.dll
0x00007ffc4c9c0000 - 0x00007ffc4c9c9000 	C:\Program Files\Android\Android Studio\jbr\bin\management.dll
0x00007ffc4c9b0000 - 0x00007ffc4c9bb000 	C:\Program Files\Android\Android Studio\jbr\bin\management_ext.dll
0x00007ffc5dc40000 - 0x00007ffc5dc48000 	C:\Windows\System32\PSAPI.DLL
0x00007ffc59c90000 - 0x00007ffc59cc3000 	C:\Windows\SYSTEM32\IPHLPAPI.DLL
0x00007ffc5d5d0000 - 0x00007ffc5d5da000 	C:\Windows\System32\NSI.dll
0x00007ffc4de50000 - 0x00007ffc4de59000 	C:\Program Files\Android\Android Studio\jbr\bin\extnet.dll
0x00007ffc5ab70000 - 0x00007ffc5ab8b000 	C:\Windows\SYSTEM32\CRYPTSP.dll
0x00007ffc5a200000 - 0x00007ffc5a239000 	C:\Windows\system32\rsaenh.dll
0x00007ffc5a930000 - 0x00007ffc5a962000 	C:\Windows\SYSTEM32\USERENV.dll
0x00007ffc5b4d0000 - 0x00007ffc5b4fa000 	C:\Windows\SYSTEM32\bcrypt.dll
0x00007ffc5ab90000 - 0x00007ffc5ab9c000 	C:\Windows\SYSTEM32\CRYPTBASE.dll
0x00007ffbf8930000 - 0x00007ffbf8938000 	C:\Windows\system32\wshunix.dll
0x00007ffbf7a30000 - 0x00007ffbf7a48000 	C:\Windows\system32\napinsp.dll
0x00007ffc4b480000 - 0x00007ffc4b496000 	C:\Windows\system32\wshbth.dll
0x00007ffbf7a50000 - 0x00007ffbf7a72000 	C:\Windows\system32\nlansp_c.dll
0x00007ffc59d30000 - 0x00007ffc59e86000 	C:\Windows\SYSTEM32\DNSAPI.dll
0x00007ffc5a670000 - 0x00007ffc5a67d000 	C:\Windows\SYSTEM32\DSPARSE.dll
0x00007ffbf7a80000 - 0x00007ffbf7a93000 	C:\Windows\System32\winrnr.dll
0x00007ffc4da40000 - 0x00007ffc4da4b000 	C:\Windows\System32\rasadhlp.dll
0x00007ffc4ec80000 - 0x00007ffc4ed06000 	C:\Windows\System32\fwpuclnt.dll

JVMTI agents:
C:\Users\ak759\.gradle\wrapper\dists\gradle-8.13-bin\5xuhj0ry160q40clulazy9h7d\gradle-8.13\lib\agents\gradle-instrumentation-agent-8.13.jar path:C:\Program Files\Android\Android Studio\jbr\bin\instrument.dll, loaded, initialized, instrumentlib options:none

dbghelp: loaded successfully - version: 4.0.5 - missing functions: none
symbol engine: initialized successfully - sym options: 0x614 - pdb path: .;C:\Program Files\Android\Android Studio\jbr\bin;C:\Windows\SYSTEM32;C:\Windows\WinSxS\amd64_microsoft.windows.common-controls_6595b64144ccf1df_6.0.26100.8875_none_3e0d5d42e32fe9dd;C:\Program Files\Android\Android Studio\jbr\bin\server;C:\Users\ak759\.gradle\native\1def1411415f61bf3af743bc5b6707747c0891f09f0c88961ee8f79bc544acac\windows-amd64;C:\Users\ak759\.gradle\native\0.2.7\x86_64-windows-gnu

VM Arguments:
jvm_args: --add-opens=java.base/java.lang=ALL-UNNAMED --add-opens=java.base/java.lang.invoke=ALL-UNNAMED --add-opens=java.base/java.util=ALL-UNNAMED --add-opens=java.prefs/java.util.prefs=ALL-UNNAMED --add-exports=jdk.compiler/com.sun.tools.javac.api=ALL-UNNAMED --add-exports=jdk.compiler/com.sun.tools.javac.util=ALL-UNNAMED --add-opens=java.base/java.util=ALL-UNNAMED --add-opens=java.prefs/java.util.prefs=ALL-UNNAMED --add-opens=java.base/java.nio.charset=ALL-UNNAMED --add-opens=java.base/java.net=ALL-UNNAMED --add-opens=java.base/java.util.concurrent.atomic=ALL-UNNAMED --add-opens=java.xml/javax.xml.namespace=ALL-UNNAMED -XX:+UseG1GC -Xmx2048m -Dfile.encoding=UTF-8 -Duser.country=IN -Duser.language=en -Duser.variant -javaagent:C:\Users\ak759\.gradle\wrapper\dists\gradle-8.13-bin\5xuhj0ry160q40clulazy9h7d\gradle-8.13\lib\agents\gradle-instrumentation-agent-8.13.jar 
java_command: org.gradle.launcher.daemon.bootstrap.GradleDaemon 8.13
java_class_path (initial): C:\Users\ak759\.gradle\wrapper\dists\gradle-8.13-bin\5xuhj0ry160q40clulazy9h7d\gradle-8.13\lib\gradle-daemon-main-8.13.jar
Launcher Type: SUN_STANDARD

[Global flags]
     intx CICompilerCount                          = 3                                         {product} {ergonomic}
     uint ConcGCThreads                            = 1                                         {product} {ergonomic}
     uint G1ConcRefinementThreads                  = 4                                         {product} {ergonomic}
   size_t G1HeapRegionSize                         = 1048576                                   {product} {ergonomic}
    uintx GCDrainStackTargetSize                   = 64                                        {product} {ergonomic}
   size_t InitialHeapSize                          = 132120576                                 {product} {ergonomic}
   size_t MarkStackSize                            = 4194304                                   {product} {ergonomic}
   size_t MaxHeapSize                              = 2147483648                                {product} {command line}
   size_t MaxNewSize                               = 1287651328                                {product} {ergonomic}
   size_t MinHeapDeltaBytes                        = 1048576                                   {product} {ergonomic}
   size_t MinHeapSize                              = 8388608                                   {product} {ergonomic}
    uintx NonNMethodCodeHeapSize                   = 5832780                                {pd product} {ergonomic}
    uintx NonProfiledCodeHeapSize                  = 122912730                              {pd product} {ergonomic}
    uintx ProfiledCodeHeapSize                     = 122912730                              {pd product} {ergonomic}
    uintx ReservedCodeCacheSize                    = 251658240                              {pd product} {ergonomic}
     bool SegmentedCodeCache                       = true                                      {product} {ergonomic}
   size_t SoftMaxHeapSize                          = 2147483648                             {manageable} {ergonomic}
     bool UseCompressedOops                        = true                           {product lp64_product} {ergonomic}
     bool UseG1GC                                  = true                                      {product} {command line}
     bool UseLargePagesIndividualAllocation        = false                                  {pd product} {ergonomic}

Logging:
Log output configuration:
 #0: stdout all=warning uptime,level,tags foldmultilines=false
 #1: stderr all=off uptime,level,tags foldmultilines=false

Release file:
JAVA_VERSION="21.0.10" 
MODULES="java.base java.compiler java.datatransfer java.xml java.prefs java.desktop java.instrument java.logging java.management java.security.sasl java.naming java.rmi java.management.rmi java.net.http java.scripting java.security.jgss java.transaction.xa java.sql java.sql.rowset java.xml.crypto java.se java.smartcardio jdk.accessibility jdk.internal.jvmstat jdk.attach jdk.charsets jdk.internal.opt jdk.zipfs jdk.compiler jdk.crypto.ec jdk.crypto.cryptoki jdk.dynalink jdk.hotspot.agent jdk.httpserver jdk.internal.ed jdk.internal.le jdk.internal.vm.ci jdk.jartool jdk.javadoc jdk.jcmd jdk.jdeps jdk.jdwp.agent jdk.jdi jdk.jfr jdk.jlink jdk.jsobject jdk.localedata jdk.management jdk.management.agent jdk.management.jfr jdk.naming.dns jdk.naming.rmi jdk.net jdk.sctp jdk.security.auth jdk.security.jgss jdk.unsupported jdk.unsupported.desktop jdk.xml.dom" 
IMPLEMENTOR="JetBrains s.r.o." 
JAVA_RUNTIME_VERSION="21.0.10+-14961533-b1163.108" 
LIBC="default" 
OS_ARCH="x86_64" 
OS_NAME="Windows" 
SOURCE=".:git:1351622c2ff2" 

Environment Variables:
PATH=C:\Windows\system32;C:\Windows;C:\Windows\System32\Wbem;C:\Windows\System32\WindowsPowerShell\v1.0\;C:\Windows\System32\OpenSSH\;C:\Program Files\Git\cmd;C:\MinGW\bin;C:\Users\ak759\AppData\Local\Microsoft\WindowsApps;C:\Users\ak759\AppData\Local\Programs\Microsoft VS Code\bin;D:\Downloads\winlibs-x86_64-posix-seh-gcc-16.1.0-mingw-w64ucrt-14.0.0-r3\mingw64\bin;
USERNAME=ak759
OS=Windows_NT
PROCESSOR_IDENTIFIER=Intel64 Family 6 Model 140 Stepping 1, GenuineIntel
TMP=C:\Users\ak759\AppData\Local\Temp
TEMP=C:\Users\ak759\AppData\Local\Temp




Periodic native trim disabled

JNI global refs:
JNI global refs: 27, weak refs: 0

JNI global refs memory usage: 835, weak refs: 833

Process memory usage:
Resident Set Size: 565216K (6% of 8166712K total physical memory with 1019284K free physical memory)

OOME stack traces (most recent first):
Classloader memory used:
Loader org.gradle.internal.classloader.VisitableURLClassLoader                         : 45358K
Loader org.gradle.internal.classloader.VisitableURLClassLoader$InstrumentingVisitableURLClassLoader: 33011K
Loader bootstrap                                                                       : 30562K
Loader org.gradle.initialization.MixInLegacyTypesClassLoader                           : 13400K
Loader jdk.internal.loader.ClassLoaders$PlatformClassLoader                            : 532K
Loader jdk.internal.reflect.DelegatingClassLoader                                      : 431K
Loader jdk.internal.loader.ClassLoaders$AppClassLoader                                 : 237K
Loader org.gradle.internal.classloader.VisitableURLClassLoader                         : 235K
Loader org.gradle.groovy.scripts.internal.DefaultScriptCompilationHandler$ScriptClassLoader: 175K
Loader org.codehaus.groovy.runtime.callsite.CallSiteClassLoader                        : 40856B

Classes loaded by more than one classloader:
Class Program                                                                         : loaded 5 times (x 72B)
Class Build_gradle                                                                    : loaded 3 times (x 130B)
Class Build_gradle$1                                                                  : loaded 3 times (x 74B)
Class com.google.common.collect.RegularImmutableMap$KeySet                            : loaded 2 times (x 152B)
Class org.gradle.internal.classloader.FilteringClassLoader                            : loaded 2 times (x 105B)
Class com.google.common.io.FileWriteMode                                              : loaded 2 times (x 79B)
Class [Lcom.google.common.base.AbstractIterator$State;                                : loaded 2 times (x 69B)
Class com.google.common.base.CharMatcher$IsEither                                     : loaded 2 times (x 111B)
Class org.gradle.internal.classloader.ClassLoaderHierarchy                            : loaded 2 times (x 70B)
Class com.google.common.collect.AbstractMapBasedMultimap$WrappedCollection            : loaded 2 times (x 124B)
Class com.google.common.collect.ImmutableEnumSet                                      : loaded 2 times (x 146B)
Class com.google.common.util.concurrent.ExecutionError                                : loaded 2 times (x 82B)
Class com.google.common.collect.ImmutableList$1                                       : loaded 2 times (x 97B)
Class org.gradle.api.internal.classpath.ManifestUtil                                  : loaded 2 times (x 71B)
Class com.google.common.collect.RegularImmutableMap                                   : loaded 2 times (x 121B)
Class com.google.common.collect.ImmutableMap$MapViewOfValuesAsSingletonSets           : loaded 2 times (x 126B)
Class [Lorg.objectweb.asm.Symbol;                                                     : loaded 2 times (x 69B)
Class org.objectweb.asm.ClassVisitor                                                  : loaded 2 times (x 88B)
Class com.google.common.collect.UnmodifiableListIterator                              : loaded 2 times (x 95B)
Class com.google.common.base.Platform$JdkPatternCompiler                              : loaded 2 times (x 75B)
Class org.objectweb.asm.MethodTooLargeException                                       : loaded 2 times (x 83B)
Class [Lcom.google.common.cache.CacheBuilder$OneWeigher;                              : loaded 2 times (x 69B)
Class com.google.common.base.Suppliers                                                : loaded 2 times (x 71B)
Class org.gradle.internal.classloader.DefaultClassLoaderFactory                       : loaded 2 times (x 82B)
Class com.google.common.base.CharMatcher$None                                         : loaded 2 times (x 112B)
Class org.gradle.internal.classloader.ClassLoaderVisitor                              : loaded 2 times (x 76B)
Class [Lcom.google.common.collect.ImmutableMapEntry;                                  : loaded 2 times (x 69B)
Class org.gradle.api.internal.classpath.EffectiveClassPath                            : loaded 2 times (x 90B)
Class com.google.common.collect.ImmutableRangeSet                                     : loaded 2 times (x 115B)
Class com.google.common.collect.ListMultimap                                          : loaded 2 times (x 70B)
Class com.google.common.collect.ImmutableEnumMap                                      : loaded 2 times (x 126B)
Class com.google.common.base.Splitter                                                 : loaded 2 times (x 72B)
Class com.google.common.collect.Sets$1                                                : loaded 2 times (x 139B)
Class org.objectweb.asm.AnnotationVisitor                                             : loaded 2 times (x 78B)
Class org.gradle.api.internal.DefaultClassPathProvider                                : loaded 2 times (x 76B)
Class com.google.common.collect.Maps$ViewCachingAbstractMap                           : loaded 2 times (x 125B)
Class com.google.common.collect.Sets$2                                                : loaded 2 times (x 139B)
Class [Lorg.gradle.api.internal.ClassPathProvider;                                    : loaded 2 times (x 69B)
Class org.gradle.api.internal.ClassPathProvider                                       : loaded 2 times (x 70B)
Class com.google.common.base.AbstractIterator$State                                   : loaded 2 times (x 79B)
Class [Lorg.objectweb.asm.AnnotationVisitor;                                          : loaded 2 times (x 69B)
Class com.google.common.collect.Sets$3                                                : loaded 2 times (x 139B)
Class com.google.common.util.concurrent.AbstractFuture$SafeAtomicHelper               : loaded 2 times (x 79B)
Class com.google.common.cache.LocalCache$LocalLoadingCache                            : loaded 2 times (x 134B)
Class org.gradle.internal.service.UnknownServiceException                             : loaded 2 times (x 83B)
Class com.google.common.collect.Sets$4                                                : loaded 2 times (x 139B)
Class org.objectweb.asm.ModuleVisitor                                                 : loaded 2 times (x 81B)
Class com.google.common.cache.LocalCache$Strength$1                                   : loaded 2 times (x 81B)
Class com.google.common.util.concurrent.SettableFuture                                : loaded 2 times (x 114B)
Class com.google.common.cache.LocalCache$Strength$2                                   : loaded 2 times (x 81B)
Class com.google.common.base.Splitter$1                                               : loaded 2 times (x 77B)
Class com.google.common.cache.LocalCache$Strength$3                                   : loaded 2 times (x 81B)
Class com.google.common.collect.MapDifference                                         : loaded 2 times (x 70B)
Class org.objectweb.asm.FieldWriter                                                   : loaded 2 times (x 78B)
Class com.google.common.cache.CacheBuilder$NullListener                               : loaded 2 times (x 82B)
Class org.gradle.internal.classpath.TransformedClassPath                              : loaded 2 times (x 96B)
Class org.gradle.internal.classloader.InstrumentingClassLoader                        : loaded 2 times (x 70B)
Class com.google.common.collect.ImmutableListMultimap                                 : loaded 2 times (x 176B)
Class com.google.common.collect.ImmutableRangeSet$AsSet                               : loaded 2 times (x 300B)
Class com.google.common.cache.CacheLoader$FunctionToCacheLoader                       : loaded 2 times (x 75B)
Class com.google.common.collect.Iterators$ArrayItr                                    : loaded 2 times (x 97B)
Class com.google.common.collect.ImmutableCollection$Builder                           : loaded 2 times (x 76B)
Class com.google.common.collect.EmptyImmutableListMultimap                            : loaded 2 times (x 176B)
Class com.google.common.collect.BaseImmutableMultimap                                 : loaded 2 times (x 123B)
Class com.google.common.base.Joiner                                                   : loaded 2 times (x 79B)
Class com.google.common.base.MoreObjects                                              : loaded 2 times (x 71B)
Class com.google.common.collect.Platform                                              : loaded 2 times (x 71B)
Class [Lorg.objectweb.asm.Type;                                                       : loaded 2 times (x 69B)
Class com.google.common.collect.UnmodifiableIterator                                  : loaded 2 times (x 80B)
Class org.gradle.internal.service.ServiceLocator                                      : loaded 2 times (x 70B)
Class com.google.common.base.Ascii                                                    : loaded 2 times (x 71B)
Class com.google.common.cache.LocalCache$1                                            : loaded 2 times (x 89B)
Class com.google.common.collect.SingletonImmutableBiMap                               : loaded 2 times (x 143B)
Class com.google.common.collect.AbstractMapEntry                                      : loaded 2 times (x 81B)
Class com.google.common.collect.Sets$ImprovedAbstractSet                              : loaded 2 times (x 135B)
Class com.google.common.collect.ImmutableList$Builder                                 : loaded 2 times (x 77B)
Class com.google.common.collect.AbstractMultimap                                      : loaded 2 times (x 123B)
Class com.google.common.cache.LocalCache$2                                            : loaded 2 times (x 142B)
Class com.google.common.collect.ImmutableRangeSet$1                                   : loaded 2 times (x 210B)
Class com.google.common.util.concurrent.AbstractFuture$UnsafeAtomicHelper$1           : loaded 2 times (x 76B)
Class com.google.common.collect.RegularImmutableAsList                                : loaded 2 times (x 217B)
Class ijJvmDebugger1_enm03xznq02gms17o38mokyeb                                        : loaded 2 times (x 179B)
Class com.google.common.base.Optional                                                 : loaded 2 times (x 80B)
Class com.google.common.collect.Range                                                 : loaded 2 times (x 87B)
Class com.google.common.util.concurrent.AbstractFuture$Trusted                        : loaded 2 times (x 70B)
Class com.google.common.collect.Iterators                                             : loaded 2 times (x 71B)
Class com.google.common.io.ByteSink$AsCharSink                                        : loaded 2 times (x 80B)
Class com.google.common.collect.Lists$StringAsImmutableList                           : loaded 2 times (x 207B)
Class com.google.common.util.concurrent.UncheckedExecutionException                   : loaded 2 times (x 82B)
Class org.gradle.kotlin.dsl.VersionCatalogAccessorsKt                                 : loaded 2 times (x 71B)
Class ijJvmDebugger1_enm03xznq02gms17o38mokyeb$_run_closure1$_closure2                : loaded 2 times (x 140B)
Class org.gradle.internal.InternalTransformer                                         : loaded 2 times (x 70B)
Class com.google.common.collect.AbstractMapBasedMultimap$KeySet$1                     : loaded 2 times (x 82B)
Class org.objectweb.asm.ClassWriter                                                   : loaded 2 times (x 106B)
Class com.google.common.cache.CacheLoader$UnsupportedLoadingOperationException        : loaded 2 times (x 82B)
Class com.google.common.base.CharMatcher$And                                          : loaded 2 times (x 112B)
Class org.gradle.internal.classloader.ClasspathUtil$1                                 : loaded 2 times (x 76B)
Class com.google.common.base.Objects                                                  : loaded 2 times (x 71B)
Class org.objectweb.asm.FieldVisitor                                                  : loaded 2 times (x 77B)
Class com.google.common.collect.IndexedImmutableSet                                   : loaded 2 times (x 152B)
Class com.google.common.collect.ImmutableMap$1                                        : loaded 2 times (x 81B)
Class com.google.common.collect.BiMap                                                 : loaded 2 times (x 70B)
Class org.gradle.api.internal.classpath.DefaultModuleRegistry$DefaultModule           : loaded 2 times (x 86B)
Class com.google.common.primitives.Ints                                               : loaded 2 times (x 71B)
Class com.google.common.collect.AbstractIterator                                      : loaded 2 times (x 82B)
Class com.google.common.collect.ObjectArrays                                          : loaded 2 times (x 71B)
Class com.google.common.collect.Multiset                                              : loaded 2 times (x 70B)
Class com.google.common.base.Equivalence$Identity                                     : loaded 2 times (x 82B)
Class com.google.common.collect.AbstractIndexedListIterator                           : loaded 2 times (x 96B)
Class com.google.common.math.MathPreconditions                                        : loaded 2 times (x 71B)
Class com.google.common.collect.ImmutableMapEntrySet                                  : loaded 2 times (x 152B)
Class org.gradle.api.internal.classpath.Module                                        : loaded 2 times (x 70B)
Class com.google.common.cache.Weigher                                                 : loaded 2 times (x 70B)
Class ijKotlinCoroutineJvmDebugInit1_aq9coliohhvznq5aq426zxm38$_run_closure1$_closure2: loaded 2 times (x 139B)
Class org.gradle.api.internal.classpath.UnknownModuleException                        : loaded 2 times (x 82B)
Class com.google.common.base.Stopwatch                                                : loaded 2 times (x 72B)
Class com.google.common.cache.LocalCache$Strength                                     : loaded 2 times (x 81B)
Class com.google.common.cache.Cache                                                   : loaded 2 times (x 70B)
Class com.google.common.io.Files$2                                                    : loaded 2 times (x 76B)
Class com.google.common.io.AppendableWriter                                           : loaded 2 times (x 100B)
Class com.google.common.base.NullnessCasts                                            : loaded 2 times (x 71B)
Class com.google.common.util.concurrent.AbstractFuture$Cancellation                   : loaded 2 times (x 72B)
Class com.google.common.collect.ImmutableMap$Builder                                  : loaded 2 times (x 82B)
Class com.google.common.base.Present                                                  : loaded 2 times (x 81B)
Class com.google.common.cache.RemovalListener                                         : loaded 2 times (x 70B)
Class org.gradle.api.internal.DefaultClassPathRegistry                                : loaded 2 times (x 76B)
Class com.google.common.collect.ImmutableMultimap$Keys                                : loaded 2 times (x 166B)
Class com.google.common.primitives.IntsMethodsForWeb                                  : loaded 2 times (x 71B)
Class com.google.common.collect.Multimap                                              : loaded 2 times (x 70B)
Class org.gradle.api.internal.ClassPathRegistry                                       : loaded 2 times (x 70B)
Class org.gradle.internal.classpath.DefaultClassPath$ImmutableUniqueList              : loaded 2 times (x 199B)
Class com.google.common.base.ExtraObjectsMethodsForWeb                                : loaded 2 times (x 71B)
Class com.google.common.base.PairwiseEquivalence                                      : loaded 2 times (x 83B)
Class com.google.common.io.ByteSink                                                   : loaded 2 times (x 76B)
Class com.google.common.cache.CacheBuilder                                            : loaded 2 times (x 72B)
Class com.google.common.collect.SingletonImmutableList                                : loaded 2 times (x 207B)
Class Settings_gradle$1                                                               : loaded 2 times (x 74B)
Class org.gradle.internal.classpath.ClassPath                                         : loaded 2 times (x 70B)
Class org.gradle.api.UncheckedIOException                                             : loaded 2 times (x 82B)
Class com.google.common.io.Files$FileByteSource                                       : loaded 2 times (x 85B)
Class com.google.common.base.JdkPattern                                               : loaded 2 times (x 75B)
Class com.google.common.collect.ImmutableList$ReverseImmutableList                    : loaded 2 times (x 209B)
Class com.google.common.io.CharStreams$NullWriter                                     : loaded 2 times (x 99B)
Class org.objectweb.asm.SymbolTable$Entry                                             : loaded 2 times (x 74B)
Class com.google.common.util.concurrent.AbstractFuture$AtomicHelper                   : loaded 2 times (x 78B)
Class org.gradle.internal.Factory                                                     : loaded 2 times (x 70B)
Class org.objectweb.asm.Edge                                                          : loaded 2 times (x 72B)
Class com.google.common.base.Suppliers$SupplierOfInstance                             : loaded 2 times (x 79B)
Class com.google.common.collect.Iterators$1                                           : loaded 2 times (x 81B)
Class com.google.common.cache.LocalCache$ComputingValueReference                      : loaded 2 times (x 96B)
Class com.google.common.collect.SingletonImmutableSet                                 : loaded 2 times (x 146B)
Class com.google.common.collect.ImmutableMap$IteratorBasedImmutableMap                : loaded 2 times (x 126B)
Class com.google.common.cache.LocalCache$Segment                                      : loaded 2 times (x 154B)
Class com.google.common.collect.SortedIterable                                        : loaded 2 times (x 70B)
Class com.google.common.collect.AbstractListMultimap                                  : loaded 2 times (x 172B)
Class [Lorg.objectweb.asm.SymbolTable$Entry;                                          : loaded 2 times (x 69B)
Class com.google.common.cache.CacheLoader                                             : loaded 2 times (x 74B)
Class com.google.common.collect.Iterators$4                                           : loaded 2 times (x 82B)
Class com.google.common.collect.ImmutableBiMap                                        : loaded 2 times (x 143B)
Class org.gradle.internal.installation.GradleInstallation$1                           : loaded 2 times (x 75B)
Class org.gradle.api.internal.classpath.ModuleRegistry                                : loaded 2 times (x 70B)
Class com.google.common.base.Splitter$SplittingIterator                               : loaded 2 times (x 84B)
Class com.google.common.util.concurrent.internal.InternalFutureFailureAccess          : loaded 2 times (x 72B)
Class com.google.common.collect.Iterators$5                                           : loaded 2 times (x 82B)
Class com.google.common.collect.ImmutableSet$JdkBackedSetBuilderImpl                  : loaded 2 times (x 76B)
Class com.google.common.collect.ImmutableMultimap$Values                              : loaded 2 times (x 126B)
Class com.google.common.util.concurrent.AbstractFuture$UnsafeAtomicHelper             : loaded 2 times (x 78B)
Class com.google.common.cache.LocalCache$LocalManualCache$1                           : loaded 2 times (x 75B)
Class com.google.common.base.CharMatcher$ForPredicate                                 : loaded 2 times (x 112B)
Class com.google.common.base.CharMatcher$AnyOf                                        : loaded 2 times (x 112B)
Class com.google.common.collect.ImmutableCollection                                   : loaded 2 times (x 125B)
Class org.gradle.api.internal.classpath.DefaultModuleRegistry                         : loaded 2 times (x 86B)
Class com.google.common.collect.Lists                                                 : loaded 2 times (x 71B)
Class com.google.common.util.concurrent.ListenableFuture                              : loaded 2 times (x 70B)
Class com.google.common.cache.ReferenceEntry                                          : loaded 2 times (x 70B)
Class com.google.common.base.Converter                                                : loaded 2 times (x 90B)
Class com.google.common.collect.ImmutableSet$CachingAsList                            : loaded 2 times (x 148B)
Class com.google.common.collect.AbstractMapBasedMultimap                              : loaded 2 times (x 139B)
Class com.google.common.util.concurrent.AbstractFuture                                : loaded 2 times (x 106B)
Class com.google.common.base.FunctionalEquivalence                                    : loaded 2 times (x 83B)
Class com.google.common.collect.Iterators$9                                           : loaded 2 times (x 81B)
Class com.google.common.collect.ImmutableAsList                                       : loaded 2 times (x 209B)
Class com.google.common.io.CharStreams                                                : loaded 2 times (x 71B)
Class com.google.common.collect.ImmutableMultiset                                     : loaded 2 times (x 163B)
Class org.objectweb.asm.RecordComponentVisitor                                        : loaded 2 times (x 77B)
Class com.google.common.cache.CacheLoader$SupplierToCacheLoader                       : loaded 2 times (x 75B)
Class com.google.common.collect.Maps$EntryTransformer                                 : loaded 2 times (x 70B)
Class org.gradle.internal.service.ServiceLookupException                              : loaded 2 times (x 82B)
Class com.google.common.collect.ImmutableSortedSet                                    : loaded 2 times (x 300B)
Class [Lcom.google.common.cache.LocalCache$EntryFactory;                              : loaded 2 times (x 69B)
Class org.gradle.internal.classloader.ClassLoaderFactory                              : loaded 2 times (x 70B)
Class com.google.common.base.CommonPattern                                            : loaded 2 times (x 74B)
Class com.google.common.cache.LocalCache$LocalManualCache                             : loaded 2 times (x 99B)
Class com.google.common.base.CharMatcher$IsNot                                        : loaded 2 times (x 111B)
Class org.gradle.internal.service.CachingServiceLocator                               : loaded 2 times (x 82B)
Class com.google.common.collect.AbstractMapBasedMultimap$KeySet                       : loaded 2 times (x 137B)
Class com.google.common.collect.RegularImmutableSortedSet                             : loaded 2 times (x 300B)
Class com.google.common.math.IntMath                                                  : loaded 2 times (x 71B)
Class ijKotlinCoroutineJvmDebugInit1_aq9coliohhvznq5aq426zxm38$_run_closure1          : loaded 2 times (x 139B)
Class com.google.common.collect.ImmutableMapEntry                                     : loaded 2 times (x 85B)
Class com.google.common.collect.ImmutableMultimap                                     : loaded 2 times (x 147B)
Class com.google.common.base.Equivalence                                              : loaded 2 times (x 82B)
Class com.google.common.base.Function                                                 : loaded 2 times (x 70B)
Class com.google.common.collect.ImmutableMapEntry$NonTerminalImmutableMapEntry        : loaded 2 times (x 85B)
Class com.google.common.cache.CacheBuilder$OneWeigher                                 : loaded 2 times (x 82B)
Class com.google.common.collect.RegularImmutableList                                  : loaded 2 times (x 213B)
Class org.gradle.internal.classloader.ClasspathUtil                                   : loaded 2 times (x 71B)
Class com.google.common.base.Charsets                                                 : loaded 2 times (x 71B)
Class com.google.common.util.concurrent.Uninterruptibles                              : loaded 2 times (x 71B)
Class com.google.common.collect.Maps                                                  : loaded 2 times (x 71B)
Class org.gradle.api.specs.Spec                                                       : loaded 2 times (x 70B)
Class [Lcom.google.common.collect.ImmutableEntry;                                     : loaded 2 times (x 69B)
Class com.google.common.cache.LocalCache$LoadingValueReference                        : loaded 2 times (x 96B)
Class com.google.common.collect.ArrayListMultimapGwtSerializationDependencies         : loaded 2 times (x 172B)
Class com.google.common.io.LineReader$1                                               : loaded 2 times (x 75B)
Class com.google.common.collect.CollectSpliterators                                   : loaded 2 times (x 71B)
Class com.google.common.collect.AbstractMapBasedMultimap$AsMap                        : loaded 2 times (x 128B)
Class com.google.common.base.Platform                                                 : loaded 2 times (x 71B)
Class com.google.common.collect.AbstractMapBasedMultimap$WrappedList                  : loaded 2 times (x 205B)
Class [Lorg.objectweb.asm.AnnotationWriter;                                           : loaded 2 times (x 69B)
Class com.google.common.collect.Maps$8                                                : loaded 2 times (x 82B)
Class com.google.common.collect.ImmutableRangeSet$Builder                             : loaded 2 times (x 77B)
Class com.google.common.collect.Sets$SetView                                          : loaded 2 times (x 138B)
Class com.google.common.cache.LocalCache$StrongValueReference                         : loaded 2 times (x 90B)
Class com.google.common.util.concurrent.AbstractFuture$SynchronizedHelper             : loaded 2 times (x 78B)
Class ijKotlinCoroutineJvmDebugInit1_aq9coliohhvznq5aq426zxm38                        : loaded 2 times (x 179B)
Class com.google.common.graph.SuccessorsFunction                                      : loaded 2 times (x 70B)
Class org.objectweb.asm.Type                                                          : loaded 2 times (x 72B)
Class org.gradle.internal.classloader.VisitableURLClassLoader$InstrumentingVisitableURLClassLoader: loaded 2 times (x 123B)
Class com.google.common.io.Files$FileByteSink                                         : loaded 2 times (x 77B)
Class org.objectweb.asm.ByteVector                                                    : loaded 2 times (x 79B)
Class [Lcom.google.common.cache.CacheBuilder$NullListener;                            : loaded 2 times (x 69B)
Class com.google.common.math.IntMath$1                                                : loaded 2 times (x 71B)
Class org.gradle.internal.classloader.VisitableURLClassLoader$Spec                    : loaded 2 times (x 74B)
Class org.gradle.internal.classpath.DefaultClassPath                                  : loaded 2 times (x 90B)
Class com.google.common.base.AbstractIterator                                         : loaded 2 times (x 80B)
Class org.objectweb.asm.Symbol                                                        : loaded 2 times (x 73B)
Class com.google.common.io.Closer                                                     : loaded 2 times (x 78B)
Class com.google.common.io.Java8Compatibility                                         : loaded 2 times (x 71B)
Class com.google.common.base.CharMatcher$Ascii                                        : loaded 2 times (x 112B)
Class com.google.common.base.CharMatcher$BitSetMatcher                                : loaded 2 times (x 112B)
Class com.google.common.collect.ImmutableSet                                          : loaded 2 times (x 145B)
Class com.google.common.collect.RegularImmutableMap$Values                            : loaded 2 times (x 207B)
Class org.gradle.internal.classloader.ClassLoaderSpec                                 : loaded 2 times (x 71B)
Class org.objectweb.asm.AnnotationWriter                                              : loaded 2 times (x 79B)
Class com.google.common.cache.CacheStats                                              : loaded 2 times (x 71B)
Class com.google.common.io.Closer$Suppressor                                          : loaded 2 times (x 70B)
Class com.google.common.io.LineProcessor                                              : loaded 2 times (x 70B)
Class com.google.common.collect.ImmutableMultisetGwtSerializationDependencies         : loaded 2 times (x 125B)
Class org.objectweb.asm.RecordComponentWriter                                         : loaded 2 times (x 78B)
Class com.google.common.util.concurrent.AbstractFuture$Listener                       : loaded 2 times (x 72B)
Class com.google.common.base.CharMatcher$Or                                           : loaded 2 times (x 112B)
Class Settings_gradle$1$1                                                             : loaded 2 times (x 74B)
Class org.objectweb.asm.Attribute                                                     : loaded 2 times (x 77B)
Class com.google.common.base.Supplier                                                 : loaded 2 times (x 70B)
Class org.gradle.internal.classloader.VisitableURLClassLoader                         : loaded 2 times (x 117B)
Class com.google.common.util.concurrent.AbstractFuture$Waiter                         : loaded 2 times (x 72B)
Class Settings_gradle                                                                 : loaded 2 times (x 128B)
Class org.gradle.internal.Cast                                                        : loaded 2 times (x 71B)
Class org.gradle.api.Action                                                           : loaded 2 times (x 70B)
Class com.google.common.base.Strings                                                  : loaded 2 times (x 71B)
Class com.google.common.collect.Sets                                                  : loaded 2 times (x 71B)
Class org.objectweb.asm.Handler                                                       : loaded 2 times (x 72B)
Class com.google.common.base.Ticker                                                   : loaded 2 times (x 72B)
Class com.google.common.base.CharMatcher$FastMatcher                                  : loaded 2 times (x 111B)
Class [Lcom.google.common.cache.LocalCache$Segment;                                   : loaded 2 times (x 69B)
Class [Lcom.google.common.cache.LocalCache$Strength;                                  : loaded 2 times (x 69B)
Class com.google.common.cache.CacheBuilder$1                                          : loaded 2 times (x 85B)
Class com.google.common.base.Predicate                                                : loaded 2 times (x 70B)
Class com.google.common.collect.ImmutableMap                                          : loaded 2 times (x 120B)
Class org.gradle.internal.classpath.DefaultClassPath$ImmutableUniqueList$Builder      : loaded 2 times (x 75B)
Class com.google.common.collect.AbstractRangeSet                                      : loaded 2 times (x 114B)
Class com.google.common.cache.LocalCache                                              : loaded 2 times (x 187B)
Class com.google.common.cache.CacheBuilder$2                                          : loaded 2 times (x 79B)
Class com.google.common.base.CharMatcher$NegatedFastMatcher                           : loaded 2 times (x 113B)
Class com.google.common.collect.ArrayListMultimap                                     : loaded 2 times (x 172B)
Class com.google.common.cache.CacheBuilder$3                                          : loaded 2 times (x 72B)
Class [Lcom.google.common.collect.AbstractMapEntry;                                   : loaded 2 times (x 69B)
Class com.google.common.collect.ImmutableEntry                                        : loaded 2 times (x 82B)
Class org.gradle.api.GradleException                                                  : loaded 2 times (x 82B)
Class com.google.common.base.Suppliers$MemoizingSupplier                              : loaded 2 times (x 79B)
Class com.google.common.collect.CollectPreconditions                                  : loaded 2 times (x 71B)
Class [Lcom.google.common.io.FileWriteMode;                                           : loaded 2 times (x 69B)
Class com.google.common.collect.SortedMapDifference                                   : loaded 2 times (x 70B)
Class com.google.common.io.Files                                                      : loaded 2 times (x 71B)
Class com.google.common.cache.LocalCache$EntryFactory                                 : loaded 2 times (x 83B)
Class com.google.common.base.Splitter$1$1                                             : loaded 2 times (x 86B)
Class com.google.common.cache.LocalCache$AbstractReferenceEntry                       : loaded 2 times (x 107B)
Class org.gradle.internal.IoActions                                                   : loaded 2 times (x 71B)
Class com.google.common.collect.ImmutableRangeSet$ComplementRanges                    : loaded 2 times (x 207B)
Class org.objectweb.asm.SymbolTable                                                   : loaded 2 times (x 72B)
Class com.google.common.cache.CacheLoader$InvalidCacheLoadException                   : loaded 2 times (x 82B)
Class com.google.common.collect.ImmutableSet$RegularSetBuilderImpl                    : loaded 2 times (x 77B)
Class org.gradle.internal.classloader.SystemClassLoaderSpec                           : loaded 2 times (x 71B)
Class com.google.common.cache.LocalCache$StrongEntry                                  : loaded 2 times (x 108B)
Class com.google.common.util.concurrent.AbstractFuture$TrustedFuture                  : loaded 2 times (x 114B)
Class com.google.common.cache.LoadingCache                                            : loaded 2 times (x 70B)
Class com.google.common.base.Suppliers$NonSerializableMemoizingSupplier               : loaded 2 times (x 79B)
Class org.objectweb.asm.MethodWriter                                                  : loaded 2 times (x 106B)
Class [Lcom.google.common.cache.Weigher;                                              : loaded 2 times (x 69B)
Class com.google.common.collect.RegularImmutableMap$BucketOverflowException           : loaded 2 times (x 82B)
Class com.google.common.collect.ImmutableMultimap$1                                   : loaded 2 times (x 82B)
Class com.google.common.collect.AbstractMapBasedMultimap$RandomAccessWrappedList      : loaded 2 times (x 205B)
Class com.google.common.collect.ImmutableMultimap$2                                   : loaded 2 times (x 81B)
Class com.google.common.cache.LocalCache$ValueReference                               : loaded 2 times (x 70B)
Class com.google.common.base.CharMatcher$Negated                                      : loaded 2 times (x 113B)
Class com.google.common.base.CharMatcher$Is                                           : loaded 2 times (x 111B)
Class com.google.common.collect.RegularImmutableBiMap                                 : loaded 2 times (x 149B)
Class com.google.common.base.PatternCompiler                                          : loaded 2 times (x 70B)
Class com.google.common.util.concurrent.AbstractFuture$Failure                        : loaded 2 times (x 72B)
Class com.google.common.base.Equivalence$Equals                                       : loaded 2 times (x 82B)
Class com.google.common.collect.Hashing                                               : loaded 2 times (x 71B)
Class com.google.common.base.Preconditions                                            : loaded 2 times (x 71B)
Class com.google.common.io.CharSink                                                   : loaded 2 times (x 79B)
Class com.google.common.base.Joiner$1                                                 : loaded 2 times (x 80B)
Class org.objectweb.asm.Label                                                         : loaded 2 times (x 73B)
Class org.objectweb.asm.CurrentFrame                                                  : loaded 2 times (x 73B)
Class org.objectweb.asm.ClassTooLargeException                                        : loaded 2 times (x 83B)
Class com.google.common.base.CharMatcher                                              : loaded 2 times (x 111B)
Class com.google.common.collect.PeekingIterator                                       : loaded 2 times (x 70B)
Class com.google.common.collect.RangeGwtSerializationDependencies                     : loaded 2 times (x 71B)
Class com.google.common.base.Joiner$2                                                 : loaded 2 times (x 79B)
Class org.objectweb.asm.Frame                                                         : loaded 2 times (x 73B)
Class org.objectweb.asm.MethodVisitor                                                 : loaded 2 times (x 105B)
Class com.google.common.cache.LocalCache$EntryFactory$1                               : loaded 2 times (x 83B)
Class [Lcom.google.common.cache.RemovalListener;                                      : loaded 2 times (x 69B)
Class com.google.common.base.CharMatcher$NamedFastMatcher                             : loaded 2 times (x 112B)
Class com.google.common.base.CharMatcher$1                                            : loaded 2 times (x 113B)
Class com.google.common.collect.RangeSet                                              : loaded 2 times (x 70B)
Class com.google.common.cache.LocalCache$EntryFactory$2                               : loaded 2 times (x 83B)
Class org.gradle.api.internal.classpath.GlobalCacheRootsProvider                      : loaded 2 times (x 70B)
Class com.google.common.collect.CollectCollectors                                     : loaded 2 times (x 71B)
Class org.objectweb.asm.ModuleWriter                                                  : loaded 2 times (x 82B)
Class com.google.common.cache.LocalCache$EntryFactory$3                               : loaded 2 times (x 83B)
Class com.google.common.base.Ticker$1                                                 : loaded 2 times (x 72B)
Class com.google.common.collect.Maps$BiMapConverter                                   : loaded 2 times (x 90B)
Class com.google.common.collect.ImmutableMapEntrySet$RegularEntrySet                  : loaded 2 times (x 152B)
Class com.google.common.collect.CollectSpliterators$1                                 : loaded 2 times (x 90B)
Class com.google.common.cache.LocalCache$EntryFactory$4                               : loaded 2 times (x 83B)
Class com.google.common.base.CharMatcher$InRange                                      : loaded 2 times (x 111B)
Class com.google.common.collect.ImmutableSet$Builder                                  : loaded 2 times (x 85B)
Class com.google.common.cache.LocalCache$EntryFactory$5                               : loaded 2 times (x 83B)
Class com.google.common.io.LineReader                                                 : loaded 2 times (x 72B)
Class com.google.common.cache.LocalCache$EntryFactory$6                               : loaded 2 times (x 83B)
Class org.gradle.internal.installation.CurrentGradleInstallationLocator               : loaded 2 times (x 71B)
Class com.google.common.collect.ImmutableMultimap$Builder                             : loaded 2 times (x 86B)
Class com.google.common.collect.Maps$KeySet                                           : loaded 2 times (x 137B)
Class com.google.common.cache.LocalCache$EntryFactory$7                               : loaded 2 times (x 83B)
Class com.google.common.collect.ImmutableSet$EmptySetBuilderImpl                      : loaded 2 times (x 76B)
Class com.google.common.collect.ImmutableList                                         : loaded 2 times (x 206B)
Class org.gradle.internal.service.DefaultServiceLocator                               : loaded 2 times (x 83B)
Class com.google.common.collect.ImmutableMultimap$EntryCollection                     : loaded 2 times (x 128B)
Class com.google.common.collect.Maps$EntrySet                                         : loaded 2 times (x 136B)
Class com.google.common.cache.LocalCache$EntryFactory$8                               : loaded 2 times (x 83B)
Class com.google.common.collect.ImmutableSet$SetBuilderImpl                           : loaded 2 times (x 76B)
Class org.gradle.internal.installation.CurrentGradleInstallation                      : loaded 2 times (x 73B)
Class com.google.common.cache.CacheLoader$1                                           : loaded 2 times (x 75B)
Class com.google.common.collect.ForwardingObject                                      : loaded 2 times (x 72B)
Class com.google.common.collect.ImmutableList$SubList                                 : loaded 2 times (x 209B)
Class org.gradle.util.internal.GUtil                                                  : loaded 2 times (x 71B)
Class com.google.common.io.ByteSource                                                 : loaded 2 times (x 84B)
Class com.google.common.util.concurrent.AbstractFuture$SetFuture                      : loaded 2 times (x 75B)
Class com.google.common.cache.AbstractCache$StatsCounter                              : loaded 2 times (x 70B)
Class com.google.common.io.LineBuffer                                                 : loaded 2 times (x 75B)
Class com.google.common.collect.Iterators$MergingIterator                             : loaded 2 times (x 81B)
Class com.google.common.collect.RegularImmutableSet                                   : loaded 2 times (x 149B)
Class org.gradle.internal.installation.GradleInstallation                             : loaded 2 times (x 75B)
Class com.google.common.base.Splitter$Strategy                                        : loaded 2 times (x 70B)
Class com.google.common.collect.Iterables                                             : loaded 2 times (x 71B)
Class ijJvmDebugger1_enm03xznq02gms17o38mokyeb$_run_closure1                          : loaded 2 times (x 139B)

---------------  S Y S T E M  ---------------

OS:
 Windows 11 , 64 bit Build 26100 (10.0.26100.8875)
OS uptime: 0 days 4:11 hours
Hyper-V role detected

CPU: total 4 (initial active 4) (2 cores per cpu, 2 threads per core) family 6 model 140 stepping 1 microcode 0x8a, cx8, cmov, fxsr, ht, mmx, 3dnowpref, sse, sse2, sse3, ssse3, sse4.1, sse4.2, popcnt, lzcnt, tsc, tscinvbit, avx, avx2, aes, erms, clmul, bmi1, bmi2, adx, avx512f, avx512dq, avx512cd, avx512bw, avx512vl, sha, fma, vzeroupper, avx512_vpopcntdq, avx512_vpclmulqdq, avx512_vaes, avx512_vnni, clflush, clflushopt, clwb, avx512_vbmi2, avx512_vbmi, hv, rdtscp, rdpid, fsrm, gfni, avx512_bitalg, f16c, cet_ibt, cet_ss, avx512_ifma
Processor Information for the first 4 processors :
  Max Mhz: 2995, Current Mhz: 2995, Mhz Limit: 2995

Memory: 4k page, system-wide physical 7975M (995M free)
TotalPageFile size 10813M (AvailPageFile size 10M)
current process WorkingSet (physical memory assigned to process): 552M, peak: 552M
current process commit charge ("private bytes"): 575M, peak: 622M

vm_info: OpenJDK 64-Bit Server VM (21.0.10+-14961533-b1163.108) for windows-amd64 JRE (21.0.10+-14961533-b1163.108), built on 2026-03-02T19:58:50Z by "builder" with MS VC++ 16.10 / 16.11 (VS2019)

END.
