#
# There is insufficient memory for the Java Runtime Environment to continue.
# Native memory allocation (mmap) failed to map 23068672 bytes. Error detail: G1 virtual space
# Possible reasons:
#   The system is out of physical RAM or swap space
#   This process is running with CompressedOops enabled, and the Java Heap may be blocking the growth of the native heap
# Possible solutions:
#   Reduce memory load on the system
#   Increase physical memory or swap space
#   Check if swap backing store is full
#   Decrease Java heap size (-Xmx/-Xms)
#   Decrease number of Java threads
#   Decrease Java thread stack sizes (-Xss)
#   Set larger code cache with -XX:ReservedCodeCacheSize=
#   JVM is running with Unscaled Compressed Oops mode in which the Java heap is
#     placed in the first 4GB address space. The Java Heap base address is the
#     maximum limit for the native heap growth. Please use -XX:HeapBaseMinAddress
#     to set the Java Heap base and to place the Java Heap above 4GB virtual address.
# This output file may be truncated or incomplete.
#
#  Out of Memory Error (os_windows.cpp:3926), pid=7444, tid=1776
#
# JRE version: OpenJDK Runtime Environment (21.0.10) (build 21.0.10+-14961533-b1163.108)
# Java VM: OpenJDK 64-Bit Server VM (21.0.10+-14961533-b1163.108, mixed mode, tiered, compressed oops, compressed class ptrs, g1 gc, windows-amd64)
# No core dump will be written. Minidumps are not enabled by default on client versions of Windows
#

---------------  S U M M A R Y ------------

Command Line: --add-opens=java.base/java.lang=ALL-UNNAMED --add-opens=java.base/java.lang.invoke=ALL-UNNAMED --add-opens=java.base/java.util=ALL-UNNAMED --add-opens=java.prefs/java.util.prefs=ALL-UNNAMED --add-exports=jdk.compiler/com.sun.tools.javac.api=ALL-UNNAMED --add-exports=jdk.compiler/com.sun.tools.javac.util=ALL-UNNAMED --add-opens=java.base/java.util=ALL-UNNAMED --add-opens=java.prefs/java.util.prefs=ALL-UNNAMED --add-opens=java.base/java.nio.charset=ALL-UNNAMED --add-opens=java.base/java.net=ALL-UNNAMED --add-opens=java.base/java.util.concurrent.atomic=ALL-UNNAMED --add-opens=java.xml/javax.xml.namespace=ALL-UNNAMED -XX:+UseG1GC -Xmx1024m -Dfile.encoding=UTF-8 -Duser.country=IN -Duser.language=en -Duser.variant -javaagent:C:\Users\ak759\.gradle\wrapper\dists\gradle-8.13-bin\5xuhj0ry160q40clulazy9h7d\gradle-8.13\lib\agents\gradle-instrumentation-agent-8.13.jar org.gradle.launcher.daemon.bootstrap.GradleDaemon 8.13

Host: 11th Gen Intel(R) Core(TM) i3-1115G4 @ 3.00GHz, 4 cores, 7G,  Windows 11 , 64 bit Build 26100 (10.0.26100.8875)
Time: Tue Jul 28 17:02:24 2026 India Standard Time elapsed time: 32.283704 seconds (0d 0h 0m 32s)

---------------  T H R E A D  ---------------

Current thread (0x00000181267eb1c0):  VMThread "VM Thread"          [id=1776, stack(0x0000004c42600000,0x0000004c42700000) (1024K)]

Stack: [0x0000004c42600000,0x0000004c42700000]
Native frames: (J=compiled Java code, j=interpreted, Vv=VM code, C=native code)
V  [jvm.dll+0x6d78a9]
V  [jvm.dll+0x8665b3]
V  [jvm.dll+0x868bde]
V  [jvm.dll+0x8692c3]
V  [jvm.dll+0x280ee6]
V  [jvm.dll+0x6d4165]
V  [jvm.dll+0x6c77fa]
V  [jvm.dll+0x358f4b]
V  [jvm.dll+0x360bc6]
V  [jvm.dll+0x3b2ea6]
V  [jvm.dll+0x3b3178]
V  [jvm.dll+0x32b65c]
V  [jvm.dll+0x32e066]
V  [jvm.dll+0x337f3d]
V  [jvm.dll+0x36f6a5]
V  [jvm.dll+0x86f048]
V  [jvm.dll+0x870394]
V  [jvm.dll+0x8708d0]
V  [jvm.dll+0x870b63]
V  [jvm.dll+0x80fd28]
V  [jvm.dll+0x6d60fd]
C  [ucrtbase.dll+0x2cd30]
C  [KERNEL32.DLL+0x2e957]
C  [ntdll.dll+0xaad6c]

VM_Operation (0x0000004c421ff4d0): G1PauseRemark, mode: safepoint, requested by thread 0x000001810efac380


---------------  P R O C E S S  ---------------

Threads class SMR info:
_java_thread_list=0x0000018131a88e50, length=70, elements={
0x000001810ef6a6c0, 0x00000181269a3d00, 0x00000181269a6920, 0x00000181269a57b0,
0x00000181269dbbc0, 0x00000181269dc620, 0x00000181269e0f10, 0x00000181269e2240,
0x00000181269f2120, 0x00000181269f3860, 0x0000018126d79bc0, 0x000001812d27ee20,
0x000001812d588ac0, 0x000001812d2d6770, 0x000001812d67e2e0, 0x000001812d384890,
0x000001812d5600b0, 0x000001812d67e950, 0x000001812d437a90, 0x000001812d4359c0,
0x000001812d436050, 0x000001812d4387b0, 0x000001812d438e40, 0x000001812d4366e0,
0x000001812d438120, 0x000001812d437400, 0x000001812c1a3050, 0x000001812c1a36e0,
0x000001812c1a5e40, 0x000001812c1a57b0, 0x000001812c1a3d70, 0x000001812c1a29c0,
0x000001812c1a6b60, 0x000001812c1a64d0, 0x000001812c1a71f0, 0x000001812c1a5120,
0x000001812c1a7f10, 0x000001812c1a4a90, 0x000001812c1a85a0, 0x000001812c1a8c30,
0x000001812c1a9fe0, 0x000001812c1a92c0, 0x000001812c1a9950, 0x000001812c080e90,
0x000001812c07e730, 0x000001812c07f450, 0x000001812c081520, 0x000001812c07e0a0,
0x000001812c0835f0, 0x000001812c083c80, 0x000001812c082240, 0x000001812c081bb0,
0x000001812c0828d0, 0x000001812c082f60, 0x000001812c084310, 0x000001812ec51cf0,
0x000001812ec52380, 0x000001812ec56520, 0x000001812ec530a0, 0x000001812ec56bb0,
0x000001812ec57240, 0x000001812ec54450, 0x000001812ec55800, 0x000001812ec54ae0,
0x0000018131af20f0, 0x0000018131af2780, 0x0000018131af3b30, 0x0000018131af41c0,
0x0000018131af1a60, 0x0000018131af4850
}

Java Threads: ( => current thread )
  0x000001810ef6a6c0 JavaThread "main"                              [_thread_blocked, id=1388, stack(0x0000004c41f00000,0x0000004c42000000) (1024K)]
  0x00000181269a3d00 JavaThread "Common-Cleaner"             daemon [_thread_blocked, id=2940, stack(0x0000004c42700000,0x0000004c42800000) (1024K)]
  0x00000181269a6920 JavaThread "Reference Handler"          daemon [_thread_blocked, id=10568, stack(0x0000004c42800000,0x0000004c42900000) (1024K)]
  0x00000181269a57b0 JavaThread "Finalizer"                  daemon [_thread_blocked, id=10496, stack(0x0000004c42900000,0x0000004c42a00000) (1024K)]
  0x00000181269dbbc0 JavaThread "Signal Dispatcher"          daemon [_thread_blocked, id=13132, stack(0x0000004c42a00000,0x0000004c42b00000) (1024K)]
  0x00000181269dc620 JavaThread "Attach Listener"            daemon [_thread_blocked, id=3888, stack(0x0000004c42b00000,0x0000004c42c00000) (1024K)]
  0x00000181269e0f10 JavaThread "Service Thread"             daemon [_thread_blocked, id=6344, stack(0x0000004c42c00000,0x0000004c42d00000) (1024K)]
  0x00000181269e2240 JavaThread "Monitor Deflation Thread"   daemon [_thread_blocked, id=4416, stack(0x0000004c42d00000,0x0000004c42e00000) (1024K)]
  0x00000181269f2120 JavaThread "C2 CompilerThread0"         daemon [_thread_blocked, id=14112, stack(0x0000004c42e00000,0x0000004c42f00000) (1024K)]
  0x00000181269f3860 JavaThread "C1 CompilerThread0"         daemon [_thread_blocked, id=11804, stack(0x0000004c42f00000,0x0000004c43000000) (1024K)]
  0x0000018126d79bc0 JavaThread "Notification Thread"        daemon [_thread_blocked, id=11296, stack(0x0000004c43000000,0x0000004c43100000) (1024K)]
  0x000001812d27ee20 JavaThread "Daemon health stats"               [_thread_blocked, id=8144, stack(0x0000004c43100000,0x0000004c43200000) (1024K)]
  0x000001812d588ac0 JavaThread "Incoming local TCP Connector on port 52473"        [_thread_in_native, id=6548, stack(0x0000004c43600000,0x0000004c43700000) (1024K)]
  0x000001812d2d6770 JavaThread "Daemon periodic checks"            [_thread_blocked, id=12556, stack(0x0000004c43700000,0x0000004c43800000) (1024K)]
  0x000001812d67e2e0 JavaThread "Daemon"                            [_thread_blocked, id=12532, stack(0x0000004c43800000,0x0000004c43900000) (1024K)]
  0x000001812d384890 JavaThread "Handler for socket connection from /127.0.0.1:52473 to /127.0.0.1:52474"        [_thread_in_native, id=5668, stack(0x0000004c43900000,0x0000004c43a00000) (1024K)]
  0x000001812d5600b0 JavaThread "Cancel handler"                    [_thread_blocked, id=14976, stack(0x0000004c43a00000,0x0000004c43b00000) (1024K)]
  0x000001812d67e950 JavaThread "Daemon worker"                     [_thread_blocked, id=916, stack(0x0000004c43b00000,0x0000004c43c00000) (1024K)]
  0x000001812d437a90 JavaThread "Asynchronous log dispatcher for DefaultDaemonConnection: socket connection from /127.0.0.1:52473 to /127.0.0.1:52474"        [_thread_blocked, id=5656, stack(0x0000004c43c00000,0x0000004c43d00000) (1024K)]
  0x000001812d4359c0 JavaThread "Stdin handler"                     [_thread_blocked, id=14812, stack(0x0000004c43d00000,0x0000004c43e00000) (1024K)]
  0x000001812d436050 JavaThread "Daemon client event forwarder"        [_thread_blocked, id=9672, stack(0x0000004c43e00000,0x0000004c43f00000) (1024K)]
  0x000001812d4387b0 JavaThread "Cache worker for journal cache (C:\Users\ak759\.gradle\caches\journal-1)"        [_thread_blocked, id=14364, stack(0x0000004c43f00000,0x0000004c44000000) (1024K)]
  0x000001812d438e40 JavaThread "File lock request listener"        [_thread_in_native, id=11860, stack(0x0000004c44000000,0x0000004c44100000) (1024K)]
  0x000001812d4366e0 JavaThread "Cache worker for file hash cache (C:\Users\ak759\.gradle\caches\8.13\fileHashes)"        [_thread_blocked, id=13644, stack(0x0000004c44100000,0x0000004c44200000) (1024K)]
  0x000001812d438120 JavaThread "Cache worker for file hash cache (C:\Users\ak759\StudioProjects\Smart-Attendance-App\.gradle\8.13\fileHashes)"        [_thread_blocked, id=10172, stack(0x0000004c44200000,0x0000004c44300000) (1024K)]
  0x000001812d437400 JavaThread "Cache worker for Build Output Cleanup Cache (C:\Users\ak759\StudioProjects\Smart-Attendance-App\.gradle\buildOutputCleanup)"        [_thread_blocked, id=11936, stack(0x0000004c44300000,0x0000004c44400000) (1024K)]
  0x000001812c1a3050 JavaThread "File watcher server"        daemon [_thread_in_native, id=8796, stack(0x0000004c44400000,0x0000004c44500000) (1024K)]
  0x000001812c1a36e0 JavaThread "File watcher consumer"      daemon [_thread_blocked, id=14628, stack(0x0000004c44500000,0x0000004c44600000) (1024K)]
  0x000001812c1a5e40 JavaThread "jar transforms"                    [_thread_blocked, id=12872, stack(0x0000004c44600000,0x0000004c44700000) (1024K)]
  0x000001812c1a57b0 JavaThread "jar transforms Thread 2"           [_thread_blocked, id=2732, stack(0x0000004c44700000,0x0000004c44800000) (1024K)]
  0x000001812c1a3d70 JavaThread "jar transforms Thread 3"           [_thread_blocked, id=5268, stack(0x0000004c44800000,0x0000004c44900000) (1024K)]
  0x000001812c1a29c0 JavaThread "jar transforms Thread 4"           [_thread_blocked, id=14616, stack(0x0000004c44900000,0x0000004c44a00000) (1024K)]
  0x000001812c1a6b60 JavaThread "Cache worker for checksums cache (C:\Users\ak759\StudioProjects\Smart-Attendance-App\.gradle\8.13\checksums)"        [_thread_blocked, id=12852, stack(0x0000004c44a00000,0x0000004c44b00000) (1024K)]
  0x000001812c1a64d0 JavaThread "Cache worker for file content cache (C:\Users\ak759\.gradle\caches\8.13\fileContent)"        [_thread_blocked, id=14384, stack(0x0000004c44b00000,0x0000004c44c00000) (1024K)]
  0x000001812c1a71f0 JavaThread "Cache worker for cache directory md-supplier (C:\Users\ak759\.gradle\caches\8.13\md-supplier)"        [_thread_blocked, id=5664, stack(0x0000004c44c00000,0x0000004c44d00000) (1024K)]
  0x000001812c1a5120 JavaThread "Cache worker for cache directory md-rule (C:\Users\ak759\.gradle\caches\8.13\md-rule)"        [_thread_blocked, id=6536, stack(0x0000004c44d00000,0x0000004c44e00000) (1024K)]
  0x000001812c1a7f10 JavaThread "Unconstrained build operations"        [_thread_blocked, id=13432, stack(0x0000004c44e00000,0x0000004c44f00000) (1024K)]
  0x000001812c1a4a90 JavaThread "Unconstrained build operations Thread 2"        [_thread_blocked, id=2416, stack(0x0000004c44f00000,0x0000004c45000000) (1024K)]
  0x000001812c1a85a0 JavaThread "Unconstrained build operations Thread 3"        [_thread_blocked, id=12944, stack(0x0000004c45000000,0x0000004c45100000) (1024K)]
  0x000001812c1a8c30 JavaThread "Unconstrained build operations Thread 4"        [_thread_blocked, id=3224, stack(0x0000004c45100000,0x0000004c45200000) (1024K)]
  0x000001812c1a9fe0 JavaThread "Unconstrained build operations Thread 5"        [_thread_blocked, id=3376, stack(0x0000004c45200000,0x0000004c45300000) (1024K)]
  0x000001812c1a92c0 JavaThread "Unconstrained build operations Thread 6"        [_thread_blocked, id=1468, stack(0x0000004c45300000,0x0000004c45400000) (1024K)]
  0x000001812c1a9950 JavaThread "Unconstrained build operations Thread 7"        [_thread_blocked, id=14456, stack(0x0000004c45400000,0x0000004c45500000) (1024K)]
  0x000001812c080e90 JavaThread "Unconstrained build operations Thread 8"        [_thread_blocked, id=12816, stack(0x0000004c45500000,0x0000004c45600000) (1024K)]
  0x000001812c07e730 JavaThread "Unconstrained build operations Thread 9"        [_thread_blocked, id=10696, stack(0x0000004c45600000,0x0000004c45700000) (1024K)]
  0x000001812c07f450 JavaThread "Unconstrained build operations Thread 10"        [_thread_blocked, id=13968, stack(0x0000004c45700000,0x0000004c45800000) (1024K)]
  0x000001812c081520 JavaThread "Unconstrained build operations Thread 11"        [_thread_blocked, id=7628, stack(0x0000004c45800000,0x0000004c45900000) (1024K)]
  0x000001812c07e0a0 JavaThread "Unconstrained build operations Thread 12"        [_thread_blocked, id=7016, stack(0x0000004c45900000,0x0000004c45a00000) (1024K)]
  0x000001812c0835f0 JavaThread "Unconstrained build operations Thread 13"        [_thread_blocked, id=6604, stack(0x0000004c45a00000,0x0000004c45b00000) (1024K)]
  0x000001812c083c80 JavaThread "Unconstrained build operations Thread 14"        [_thread_blocked, id=6204, stack(0x0000004c45b00000,0x0000004c45c00000) (1024K)]
  0x000001812c082240 JavaThread "Unconstrained build operations Thread 15"        [_thread_blocked, id=3500, stack(0x0000004c45c00000,0x0000004c45d00000) (1024K)]
  0x000001812c081bb0 JavaThread "Unconstrained build operations Thread 16"        [_thread_blocked, id=7048, stack(0x0000004c45d00000,0x0000004c45e00000) (1024K)]
  0x000001812c0828d0 JavaThread "Unconstrained build operations Thread 17"        [_thread_blocked, id=13164, stack(0x0000004c45e00000,0x0000004c45f00000) (1024K)]
  0x000001812c082f60 JavaThread "Unconstrained build operations Thread 18"        [_thread_blocked, id=12440, stack(0x0000004c45f00000,0x0000004c46000000) (1024K)]
  0x000001812c084310 JavaThread "Unconstrained build operations Thread 19"        [_thread_blocked, id=5364, stack(0x0000004c46000000,0x0000004c46100000) (1024K)]
  0x000001812ec51cf0 JavaThread "Memory manager"                    [_thread_blocked, id=11636, stack(0x0000004c46100000,0x0000004c46200000) (1024K)]
  0x000001812ec52380 JavaThread "build event listener"              [_thread_blocked, id=12752, stack(0x0000004c46200000,0x0000004c46300000) (1024K)]
  0x000001812ec56520 JavaThread "included builds"                   [_thread_blocked, id=8664, stack(0x0000004c43500000,0x0000004c43600000) (1024K)]
  0x000001812ec530a0 JavaThread "Execution worker"                  [_thread_blocked, id=8376, stack(0x0000004c46300000,0x0000004c46400000) (1024K)]
  0x000001812ec56bb0 JavaThread "Execution worker Thread 2"         [_thread_blocked, id=4792, stack(0x0000004c46400000,0x0000004c46500000) (1024K)]
  0x000001812ec57240 JavaThread "Execution worker Thread 3"         [_thread_blocked, id=12676, stack(0x0000004c46500000,0x0000004c46600000) (1024K)]
  0x000001812ec54450 JavaThread "Cache worker for execution history cache (C:\Users\ak759\StudioProjects\Smart-Attendance-App\.gradle\8.13\executionHistory)"        [_thread_blocked, id=3028, stack(0x0000004c46600000,0x0000004c46700000) (1024K)]
  0x000001812ec55800 JavaThread "idea-tooling-model-converter"        [_thread_blocked, id=14752, stack(0x0000004c46700000,0x0000004c46800000) (1024K)]
  0x000001812ec54ae0 JavaThread "Unconstrained build operations Thread 20"        [_thread_blocked, id=14776, stack(0x0000004c46800000,0x0000004c46900000) (1024K)]
  0x0000018131af20f0 JavaThread "Unconstrained build operations Thread 21"        [_thread_blocked, id=7428, stack(0x0000004c46a00000,0x0000004c46b00000) (1024K)]
  0x0000018131af2780 JavaThread "Unconstrained build operations Thread 22"        [_thread_blocked, id=14556, stack(0x0000004c46b00000,0x0000004c46c00000) (1024K)]
  0x0000018131af3b30 JavaThread "Unconstrained build operations Thread 23"        [_thread_blocked, id=11464, stack(0x0000004c46c00000,0x0000004c46d00000) (1024K)]
  0x0000018131af41c0 JavaThread "Unconstrained build operations Thread 24"        [_thread_blocked, id=12300, stack(0x0000004c46d00000,0x0000004c46e00000) (1024K)]
  0x0000018131af1a60 JavaThread "Unconstrained build operations Thread 25"        [_thread_blocked, id=9352, stack(0x0000004c46e00000,0x0000004c46f00000) (1024K)]
  0x0000018131af4850 JavaThread "Unconstrained build operations Thread 26"        [_thread_blocked, id=13208, stack(0x0000004c46f00000,0x0000004c47000000) (1024K)]
Total: 70

Other Threads:
=>0x00000181267eb1c0 VMThread "VM Thread"                           [id=1776, stack(0x0000004c42600000,0x0000004c42700000) (1024K)]
  0x0000018126789230 WatcherThread "VM Periodic Task Thread"        [id=5740, stack(0x0000004c42500000,0x0000004c42600000) (1024K)]
  0x000001810efa3480 WorkerThread "GC Thread#0"                     [id=14884, stack(0x0000004c42000000,0x0000004c42100000) (1024K)]
  0x000001812b0a2060 WorkerThread "GC Thread#1"                     [id=6348, stack(0x0000004c43200000,0x0000004c43300000) (1024K)]
  0x000001812b0a2410 WorkerThread "GC Thread#2"                     [id=3352, stack(0x0000004c43300000,0x0000004c43400000) (1024K)]
  0x000001812b481c20 WorkerThread "GC Thread#3"                     [id=2060, stack(0x0000004c43400000,0x0000004c43500000) (1024K)]
  0x000001810efac380 ConcurrentGCThread "G1 Main Marker"            [id=7416, stack(0x0000004c42100000,0x0000004c42200000) (1024K)]
  0x000001810efad5b0 WorkerThread "G1 Conc#0"                       [id=7188, stack(0x0000004c42200000,0x0000004c42300000) (1024K)]
  0x00000181266614a0 ConcurrentGCThread "G1 Refine#0"               [id=8148, stack(0x0000004c42300000,0x0000004c42400000) (1024K)]
  0x000001810f024eb0 ConcurrentGCThread "G1 Service"                [id=2316, stack(0x0000004c42400000,0x0000004c42500000) (1024K)]
Total: 10

Threads with active compile tasks:
C2 CompilerThread0  32312 13449       4       java.lang.Class::getMethod (59 bytes)
Total: 1

VM state: at safepoint (normal execution)

VM Mutex/Monitor currently owned by a thread:  ([mutex/lock_event])
[0x00007ffbd7a686d0] Threads_lock - owner thread: 0x00000181267eb1c0
[0x00007ffbd7a687d0] Heap_lock - owner thread: 0x000001810efac380

Heap address: 0x00000000c0000000, size: 1024 MB, Compressed Oops mode: 32-bit

CDS archive(s) not mapped
Compressed class space mapped at: 0x0000000100000000-0x0000000140000000, reserved size: 1073741824
Narrow klass base: 0x0000000000000000, Narrow klass shift: 3, Narrow klass range: 0x140000000

GC Precious Log:
 CardTable entry size: 512
 Card Set container configuration: InlinePtr #cards 5 size 8 Array Of Cards #cards 12 size 40 Howl #buckets 4 coarsen threshold 1843 Howl Bitmap #cards 512 size 80 coarsen threshold 460 Card regions per heap region 1 cards per card region 2048
 CPUs: 4 total, 4 available
 Memory: 7975M
 Large Page Support: Disabled
 NUMA Support: Disabled
 Compressed Oops: Enabled (32-bit)
 Heap Region Size: 1M
 Heap Min Capacity: 8M
 Heap Initial Capacity: 126M
 Heap Max Capacity: 1G
 Pre-touch: Disabled
 Parallel Workers: 4
 Concurrent Workers: 1
 Concurrent Refinement Workers: 4
 Periodic GC: Disabled

Heap:
 garbage-first heap   total 245760K, used 163039K [0x00000000c0000000, 0x0000000100000000)
  region size 1024K, 12 young (12288K), 8 survivors (8192K)
 Metaspace       used 129260K, committed 131584K, reserved 1179648K
  class space    used 17977K, committed 19136K, reserved 1048576K

Heap Regions: E=young(eden), S=young(survivor), O=old, HS=humongous(starts), HC=humongous(continues), CS=collection set, F=free, TAMS=top-at-mark-start, PB=parsable bottom
|   0|0x00000000c0000000, 0x00000000c0100000, 0x00000000c0100000|100%|HS|  |TAMS 0x00000000c0100000| PB 0x00000000c0000000| Complete 
|   1|0x00000000c0100000, 0x00000000c0200000, 0x00000000c0200000|100%|HC|  |TAMS 0x00000000c0200000| PB 0x00000000c0100000| Complete 
|   2|0x00000000c0200000, 0x00000000c0300000, 0x00000000c0300000|100%|HC|  |TAMS 0x00000000c0300000| PB 0x00000000c0200000| Complete 
|   3|0x00000000c0300000, 0x00000000c0400000, 0x00000000c0400000|100%|HS|  |TAMS 0x00000000c0400000| PB 0x00000000c0300000| Complete 
|   4|0x00000000c0400000, 0x00000000c0500000, 0x00000000c0500000|100%| O|  |TAMS 0x00000000c0500000| PB 0x00000000c0500000| Untracked 
|   5|0x00000000c0500000, 0x00000000c0600000, 0x00000000c0600000|100%| O|  |TAMS 0x00000000c0600000| PB 0x00000000c0600000| Untracked 
|   6|0x00000000c0600000, 0x00000000c0700000, 0x00000000c0700000|100%| O|  |TAMS 0x00000000c0700000| PB 0x00000000c0700000| Untracked 
|   7|0x00000000c0700000, 0x00000000c0800000, 0x00000000c0800000|100%| O|  |TAMS 0x00000000c0800000| PB 0x00000000c0800000| Untracked 
|   8|0x00000000c0800000, 0x00000000c0900000, 0x00000000c0900000|100%| O|  |TAMS 0x00000000c0900000| PB 0x00000000c0900000| Untracked 
|   9|0x00000000c0900000, 0x00000000c0a00000, 0x00000000c0a00000|100%| O|  |TAMS 0x00000000c0a00000| PB 0x00000000c0a00000| Untracked 
|  10|0x00000000c0a00000, 0x00000000c0b00000, 0x00000000c0b00000|100%| O|  |TAMS 0x00000000c0b00000| PB 0x00000000c0b00000| Untracked 
|  11|0x00000000c0b00000, 0x00000000c0c00000, 0x00000000c0c00000|100%| O|  |TAMS 0x00000000c0c00000| PB 0x00000000c0c00000| Untracked 
|  12|0x00000000c0c00000, 0x00000000c0d00000, 0x00000000c0d00000|100%| O|  |TAMS 0x00000000c0d00000| PB 0x00000000c0d00000| Untracked 
|  13|0x00000000c0d00000, 0x00000000c0e00000, 0x00000000c0e00000|100%| O|  |TAMS 0x00000000c0e00000| PB 0x00000000c0e00000| Updating 
|  14|0x00000000c0e00000, 0x00000000c0f00000, 0x00000000c0f00000|100%| O|  |TAMS 0x00000000c0f00000| PB 0x00000000c0f00000| Untracked 
|  15|0x00000000c0f00000, 0x00000000c1000000, 0x00000000c1000000|100%| O|  |TAMS 0x00000000c1000000| PB 0x00000000c1000000| Untracked 
|  16|0x00000000c1000000, 0x00000000c1100000, 0x00000000c1100000|100%| O|  |TAMS 0x00000000c1100000| PB 0x00000000c1100000| Untracked 
|  17|0x00000000c1100000, 0x00000000c1200000, 0x00000000c1200000|100%| O|  |TAMS 0x00000000c1200000| PB 0x00000000c1200000| Untracked 
|  18|0x00000000c1200000, 0x00000000c1300000, 0x00000000c1300000|100%| O|  |TAMS 0x00000000c1300000| PB 0x00000000c1300000| Untracked 
|  19|0x00000000c1300000, 0x00000000c1400000, 0x00000000c1400000|100%| O|  |TAMS 0x00000000c1400000| PB 0x00000000c1400000| Untracked 
|  20|0x00000000c1400000, 0x00000000c1500000, 0x00000000c1500000|100%| O|  |TAMS 0x00000000c1500000| PB 0x00000000c1500000| Updating 
|  21|0x00000000c1500000, 0x00000000c1600000, 0x00000000c1600000|100%| O|  |TAMS 0x00000000c1600000| PB 0x00000000c1600000| Untracked 
|  22|0x00000000c1600000, 0x00000000c1700000, 0x00000000c1700000|100%|HS|  |TAMS 0x00000000c1700000| PB 0x00000000c1600000| Complete 
|  23|0x00000000c1700000, 0x00000000c1800000, 0x00000000c1800000|100%|HC|  |TAMS 0x00000000c1800000| PB 0x00000000c1700000| Complete 
|  24|0x00000000c1800000, 0x00000000c1900000, 0x00000000c1900000|100%|HC|  |TAMS 0x00000000c1900000| PB 0x00000000c1800000| Complete 
|  25|0x00000000c1900000, 0x00000000c1a00000, 0x00000000c1a00000|100%|HC|  |TAMS 0x00000000c1a00000| PB 0x00000000c1900000| Complete 
|  26|0x00000000c1a00000, 0x00000000c1b00000, 0x00000000c1b00000|100%|HC|  |TAMS 0x00000000c1b00000| PB 0x00000000c1a00000| Complete 
|  27|0x00000000c1b00000, 0x00000000c1c00000, 0x00000000c1c00000|100%|HC|  |TAMS 0x00000000c1c00000| PB 0x00000000c1b00000| Complete 
|  28|0x00000000c1c00000, 0x00000000c1d00000, 0x00000000c1d00000|100%|HS|  |TAMS 0x00000000c1d00000| PB 0x00000000c1c00000| Complete 
|  29|0x00000000c1d00000, 0x00000000c1e00000, 0x00000000c1e00000|100%|HC|  |TAMS 0x00000000c1e00000| PB 0x00000000c1d00000| Complete 
|  30|0x00000000c1e00000, 0x00000000c1f00000, 0x00000000c1f00000|100%|HS|  |TAMS 0x00000000c1f00000| PB 0x00000000c1e00000| Complete 
|  31|0x00000000c1f00000, 0x00000000c2000000, 0x00000000c2000000|100%|HS|  |TAMS 0x00000000c2000000| PB 0x00000000c1f00000| Complete 
|  32|0x00000000c2000000, 0x00000000c2100000, 0x00000000c2100000|100%|HC|  |TAMS 0x00000000c2100000| PB 0x00000000c2000000| Complete 
|  33|0x00000000c2100000, 0x00000000c2200000, 0x00000000c2200000|100%|HC|  |TAMS 0x00000000c2200000| PB 0x00000000c2100000| Complete 
|  34|0x00000000c2200000, 0x00000000c2300000, 0x00000000c2300000|100%|HC|  |TAMS 0x00000000c2300000| PB 0x00000000c2200000| Complete 
|  35|0x00000000c2300000, 0x00000000c2400000, 0x00000000c2400000|100%|HC|  |TAMS 0x00000000c2400000| PB 0x00000000c2300000| Complete 
|  36|0x00000000c2400000, 0x00000000c2500000, 0x00000000c2500000|100%|HC|  |TAMS 0x00000000c2500000| PB 0x00000000c2400000| Complete 
|  37|0x00000000c2500000, 0x00000000c2600000, 0x00000000c2600000|100%|HS|  |TAMS 0x00000000c2600000| PB 0x00000000c2500000| Complete 
|  38|0x00000000c2600000, 0x00000000c2700000, 0x00000000c2700000|100%|HC|  |TAMS 0x00000000c2700000| PB 0x00000000c2600000| Complete 
|  39|0x00000000c2700000, 0x00000000c2800000, 0x00000000c2800000|100%|HS|  |TAMS 0x00000000c2800000| PB 0x00000000c2700000| Complete 
|  40|0x00000000c2800000, 0x00000000c2900000, 0x00000000c2900000|100%| O|  |TAMS 0x00000000c2900000| PB 0x00000000c2900000| Untracked 
|  41|0x00000000c2900000, 0x00000000c2a00000, 0x00000000c2a00000|100%| O|  |TAMS 0x00000000c2a00000| PB 0x00000000c2a00000| Untracked 
|  42|0x00000000c2a00000, 0x00000000c2b00000, 0x00000000c2b00000|100%| O|  |TAMS 0x00000000c2b00000| PB 0x00000000c2b00000| Untracked 
|  43|0x00000000c2b00000, 0x00000000c2c00000, 0x00000000c2c00000|100%| O|  |TAMS 0x00000000c2c00000| PB 0x00000000c2c00000| Untracked 
|  44|0x00000000c2c00000, 0x00000000c2d00000, 0x00000000c2d00000|100%| O|  |TAMS 0x00000000c2d00000| PB 0x00000000c2d00000| Untracked 
|  45|0x00000000c2d00000, 0x00000000c2e00000, 0x00000000c2e00000|100%| O|  |TAMS 0x00000000c2e00000| PB 0x00000000c2e00000| Untracked 
|  46|0x00000000c2e00000, 0x00000000c2f00000, 0x00000000c2f00000|100%| O|  |TAMS 0x00000000c2f00000| PB 0x00000000c2f00000| Untracked 
|  47|0x00000000c2f00000, 0x00000000c3000000, 0x00000000c3000000|100%| O|  |TAMS 0x00000000c3000000| PB 0x00000000c3000000| Untracked 
|  48|0x00000000c3000000, 0x00000000c3100000, 0x00000000c3100000|100%| O|  |TAMS 0x00000000c3100000| PB 0x00000000c3100000| Updating 
|  49|0x00000000c3100000, 0x00000000c3200000, 0x00000000c3200000|100%| O|  |TAMS 0x00000000c3200000| PB 0x00000000c3200000| Untracked 
|  50|0x00000000c3200000, 0x00000000c3300000, 0x00000000c3300000|100%| O|  |TAMS 0x00000000c3300000| PB 0x00000000c3300000| Untracked 
|  51|0x00000000c3300000, 0x00000000c3400000, 0x00000000c3400000|100%| O|  |TAMS 0x00000000c3400000| PB 0x00000000c3400000| Updating 
|  52|0x00000000c3400000, 0x00000000c3500000, 0x00000000c3500000|100%|HS|  |TAMS 0x00000000c3500000| PB 0x00000000c3400000| Complete 
|  53|0x00000000c3500000, 0x00000000c3600000, 0x00000000c3600000|100%|HC|  |TAMS 0x00000000c3600000| PB 0x00000000c3500000| Complete 
|  54|0x00000000c3600000, 0x00000000c3700000, 0x00000000c3700000|100%| O|  |TAMS 0x00000000c3700000| PB 0x00000000c3700000| Updating 
|  55|0x00000000c3700000, 0x00000000c3800000, 0x00000000c3800000|100%| O|  |TAMS 0x00000000c3800000| PB 0x00000000c3800000| Untracked 
|  56|0x00000000c3800000, 0x00000000c3900000, 0x00000000c3900000|100%| O|  |TAMS 0x00000000c3900000| PB 0x00000000c3900000| Untracked 
|  57|0x00000000c3900000, 0x00000000c3a00000, 0x00000000c3a00000|100%| O|  |TAMS 0x00000000c3a00000| PB 0x00000000c3a00000| Untracked 
|  58|0x00000000c3a00000, 0x00000000c3b00000, 0x00000000c3b00000|100%| O|  |TAMS 0x00000000c3b00000| PB 0x00000000c3b00000| Untracked 
|  59|0x00000000c3b00000, 0x00000000c3c00000, 0x00000000c3c00000|100%| O|  |TAMS 0x00000000c3c00000| PB 0x00000000c3c00000| Updating 
|  60|0x00000000c3c00000, 0x00000000c3d00000, 0x00000000c3d00000|100%| O|  |TAMS 0x00000000c3d00000| PB 0x00000000c3d00000| Untracked 
|  61|0x00000000c3d00000, 0x00000000c3e00000, 0x00000000c3e00000|100%| O|  |TAMS 0x00000000c3e00000| PB 0x00000000c3e00000| Untracked 
|  62|0x00000000c3e00000, 0x00000000c3f00000, 0x00000000c3f00000|100%| O|  |TAMS 0x00000000c3f00000| PB 0x00000000c3f00000| Untracked 
|  63|0x00000000c3f00000, 0x00000000c4000000, 0x00000000c4000000|100%| O|  |TAMS 0x00000000c4000000| PB 0x00000000c4000000| Untracked 
|  64|0x00000000c4000000, 0x00000000c4100000, 0x00000000c4100000|100%| O|  |TAMS 0x00000000c4100000| PB 0x00000000c4100000| Updating 
|  65|0x00000000c4100000, 0x00000000c4200000, 0x00000000c4200000|100%|HS|  |TAMS 0x00000000c4200000| PB 0x00000000c4100000| Complete 
|  66|0x00000000c4200000, 0x00000000c4300000, 0x00000000c4300000|100%| O|  |TAMS 0x00000000c4300000| PB 0x00000000c4300000| Untracked 
|  67|0x00000000c4300000, 0x00000000c4400000, 0x00000000c4400000|100%| O|  |TAMS 0x00000000c4400000| PB 0x00000000c4400000| Updating 
|  68|0x00000000c4400000, 0x00000000c4500000, 0x00000000c4500000|100%| O|  |TAMS 0x00000000c4500000| PB 0x00000000c4500000| Untracked 
|  69|0x00000000c4500000, 0x00000000c4600000, 0x00000000c4600000|100%| O|  |TAMS 0x00000000c4600000| PB 0x00000000c4600000| Untracked 
|  70|0x00000000c4600000, 0x00000000c4700000, 0x00000000c4700000|100%|HS|  |TAMS 0x00000000c4700000| PB 0x00000000c4600000| Complete 
|  71|0x00000000c4700000, 0x00000000c4800000, 0x00000000c4800000|100%|HS|  |TAMS 0x00000000c4800000| PB 0x00000000c4700000| Complete 
|  72|0x00000000c4800000, 0x00000000c4900000, 0x00000000c4900000|100%|HC|  |TAMS 0x00000000c4900000| PB 0x00000000c4800000| Complete 
|  73|0x00000000c4900000, 0x00000000c4a00000, 0x00000000c4a00000|100%|HS|  |TAMS 0x00000000c4a00000| PB 0x00000000c4900000| Complete 
|  74|0x00000000c4a00000, 0x00000000c4b00000, 0x00000000c4b00000|100%| O|  |TAMS 0x00000000c4b00000| PB 0x00000000c4b00000| Untracked 
|  75|0x00000000c4b00000, 0x00000000c4c00000, 0x00000000c4c00000|100%| O|  |TAMS 0x00000000c4c00000| PB 0x00000000c4c00000| Untracked 
|  76|0x00000000c4c00000, 0x00000000c4d00000, 0x00000000c4d00000|100%| O|  |TAMS 0x00000000c4d00000| PB 0x00000000c4d00000| Untracked 
|  77|0x00000000c4d00000, 0x00000000c4e00000, 0x00000000c4e00000|100%| O|  |TAMS 0x00000000c4e00000| PB 0x00000000c4e00000| Updating 
|  78|0x00000000c4e00000, 0x00000000c4f00000, 0x00000000c4f00000|100%|HS|  |TAMS 0x00000000c4f00000| PB 0x00000000c4e00000| Complete 
|  79|0x00000000c4f00000, 0x00000000c5000000, 0x00000000c5000000|100%|HC|  |TAMS 0x00000000c5000000| PB 0x00000000c4f00000| Complete 
|  80|0x00000000c5000000, 0x00000000c5100000, 0x00000000c5100000|100%|HS|  |TAMS 0x00000000c5100000| PB 0x00000000c5000000| Complete 
|  81|0x00000000c5100000, 0x00000000c5200000, 0x00000000c5200000|100%|HC|  |TAMS 0x00000000c5200000| PB 0x00000000c5100000| Complete 
|  82|0x00000000c5200000, 0x00000000c5300000, 0x00000000c5300000|100%|HC|  |TAMS 0x00000000c5300000| PB 0x00000000c5200000| Complete 
|  83|0x00000000c5300000, 0x00000000c5400000, 0x00000000c5400000|100%|HS|  |TAMS 0x00000000c5400000| PB 0x00000000c5300000| Complete 
|  84|0x00000000c5400000, 0x00000000c5500000, 0x00000000c5500000|100%|HS|  |TAMS 0x00000000c5500000| PB 0x00000000c5400000| Complete 
|  85|0x00000000c5500000, 0x00000000c5600000, 0x00000000c5600000|100%| O|  |TAMS 0x00000000c5600000| PB 0x00000000c5600000| Untracked 
|  86|0x00000000c5600000, 0x00000000c5700000, 0x00000000c5700000|100%|HS|  |TAMS 0x00000000c5700000| PB 0x00000000c5600000| Complete 
|  87|0x00000000c5700000, 0x00000000c5800000, 0x00000000c5800000|100%| O|  |TAMS 0x00000000c5800000| PB 0x00000000c5800000| Untracked 
|  88|0x00000000c5800000, 0x00000000c5900000, 0x00000000c5900000|100%| O|  |TAMS 0x00000000c5900000| PB 0x00000000c5900000| Untracked 
|  89|0x00000000c5900000, 0x00000000c5a00000, 0x00000000c5a00000|100%| O|  |TAMS 0x00000000c5a00000| PB 0x00000000c5a00000| Untracked 
|  90|0x00000000c5a00000, 0x00000000c5b00000, 0x00000000c5b00000|100%| O|  |TAMS 0x00000000c5b00000| PB 0x00000000c5b00000| Untracked 
|  91|0x00000000c5b00000, 0x00000000c5c00000, 0x00000000c5c00000|100%| O|  |TAMS 0x00000000c5c00000| PB 0x00000000c5c00000| Untracked 
|  92|0x00000000c5c00000, 0x00000000c5d00000, 0x00000000c5d00000|100%|HS|  |TAMS 0x00000000c5d00000| PB 0x00000000c5c00000| Complete 
|  93|0x00000000c5d00000, 0x00000000c5e00000, 0x00000000c5e00000|100%| O|  |TAMS 0x00000000c5e00000| PB 0x00000000c5e00000| Untracked 
|  94|0x00000000c5e00000, 0x00000000c5f00000, 0x00000000c5f00000|100%| O|  |TAMS 0x00000000c5f00000| PB 0x00000000c5f00000| Untracked 
|  95|0x00000000c5f00000, 0x00000000c6000000, 0x00000000c6000000|100%| O|  |TAMS 0x00000000c6000000| PB 0x00000000c6000000| Updating 
|  96|0x00000000c6000000, 0x00000000c6100000, 0x00000000c6100000|100%| O|  |TAMS 0x00000000c6100000| PB 0x00000000c6100000| Untracked 
|  97|0x00000000c6100000, 0x00000000c6200000, 0x00000000c6200000|100%| O|  |TAMS 0x00000000c6200000| PB 0x00000000c6200000| Untracked 
|  98|0x00000000c6200000, 0x00000000c6300000, 0x00000000c6300000|100%| O|  |TAMS 0x00000000c6300000| PB 0x00000000c6300000| Untracked 
|  99|0x00000000c6300000, 0x00000000c6400000, 0x00000000c6400000|100%| O|  |TAMS 0x00000000c6400000| PB 0x00000000c6400000| Updating 
| 100|0x00000000c6400000, 0x00000000c6500000, 0x00000000c6500000|100%| O|  |TAMS 0x00000000c6500000| PB 0x00000000c6500000| Updating 
| 101|0x00000000c6500000, 0x00000000c6600000, 0x00000000c6600000|100%| O|  |TAMS 0x00000000c6600000| PB 0x00000000c6600000| Untracked 
| 102|0x00000000c6600000, 0x00000000c6700000, 0x00000000c6700000|100%| O|  |TAMS 0x00000000c6700000| PB 0x00000000c6700000| Updating 
| 103|0x00000000c6700000, 0x00000000c6800000, 0x00000000c6800000|100%| O|  |TAMS 0x00000000c6800000| PB 0x00000000c6800000| Updating 
| 104|0x00000000c6800000, 0x00000000c6900000, 0x00000000c6900000|100%|HS|  |TAMS 0x00000000c6900000| PB 0x00000000c6800000| Complete 
| 105|0x00000000c6900000, 0x00000000c6a00000, 0x00000000c6a00000|100%|HC|  |TAMS 0x00000000c6a00000| PB 0x00000000c6900000| Complete 
| 106|0x00000000c6a00000, 0x00000000c6b00000, 0x00000000c6b00000|100%|HC|  |TAMS 0x00000000c6b00000| PB 0x00000000c6a00000| Complete 
| 107|0x00000000c6b00000, 0x00000000c6c00000, 0x00000000c6c00000|100%| O|  |TAMS 0x00000000c6c00000| PB 0x00000000c6c00000| Untracked 
| 108|0x00000000c6c00000, 0x00000000c6d00000, 0x00000000c6d00000|100%| O|  |TAMS 0x00000000c6d00000| PB 0x00000000c6d00000| Untracked 
| 109|0x00000000c6d00000, 0x00000000c6e00000, 0x00000000c6e00000|100%| O|  |TAMS 0x00000000c6e00000| PB 0x00000000c6e00000| Untracked 
| 110|0x00000000c6e00000, 0x00000000c6f00000, 0x00000000c6f00000|100%| O|  |TAMS 0x00000000c6f00000| PB 0x00000000c6f00000| Untracked 
| 111|0x00000000c6f00000, 0x00000000c7000000, 0x00000000c7000000|100%| O|  |TAMS 0x00000000c7000000| PB 0x00000000c7000000| Untracked 
| 112|0x00000000c7000000, 0x00000000c7100000, 0x00000000c7100000|100%| O|  |TAMS 0x00000000c7000000| PB 0x00000000c7000000| Untracked 
| 113|0x00000000c7100000, 0x00000000c7200000, 0x00000000c7200000|100%| O|  |TAMS 0x00000000c7200000| PB 0x00000000c7200000| Updating 
| 114|0x00000000c7200000, 0x00000000c7300000, 0x00000000c7300000|100%| O|  |TAMS 0x00000000c7300000| PB 0x00000000c7300000| Untracked 
| 115|0x00000000c7300000, 0x00000000c7400000, 0x00000000c7400000|100%| O|  |TAMS 0x00000000c7400000| PB 0x00000000c7400000| Updating 
| 116|0x00000000c7400000, 0x00000000c7500000, 0x00000000c7500000|100%| O|  |TAMS 0x00000000c7500000| PB 0x00000000c7500000| Untracked 
| 117|0x00000000c7500000, 0x00000000c7600000, 0x00000000c7600000|100%| O|  |TAMS 0x00000000c7600000| PB 0x00000000c7600000| Untracked 
| 118|0x00000000c7600000, 0x00000000c7700000, 0x00000000c7700000|100%| O|  |TAMS 0x00000000c7600000| PB 0x00000000c7600000| Untracked 
| 119|0x00000000c7700000, 0x00000000c7800000, 0x00000000c7800000|100%|HS|  |TAMS 0x00000000c7800000| PB 0x00000000c7700000| Complete 
| 120|0x00000000c7800000, 0x00000000c7900000, 0x00000000c7900000|100%|HC|  |TAMS 0x00000000c7900000| PB 0x00000000c7800000| Complete 
| 121|0x00000000c7900000, 0x00000000c7a00000, 0x00000000c7a00000|100%| O|  |TAMS 0x00000000c7a00000| PB 0x00000000c7a00000| Untracked 
| 122|0x00000000c7a00000, 0x00000000c7b00000, 0x00000000c7b00000|100%| O|  |TAMS 0x00000000c7b00000| PB 0x00000000c7b00000| Untracked 
| 123|0x00000000c7b00000, 0x00000000c7c00000, 0x00000000c7c00000|100%| O|  |TAMS 0x00000000c7c00000| PB 0x00000000c7c00000| Untracked 
| 124|0x00000000c7c00000, 0x00000000c7d00000, 0x00000000c7d00000|100%| O|  |TAMS 0x00000000c7d00000| PB 0x00000000c7d00000| Untracked 
| 125|0x00000000c7d00000, 0x00000000c7e00000, 0x00000000c7e00000|100%| O|  |TAMS 0x00000000c7e00000| PB 0x00000000c7e00000| Untracked 
| 126|0x00000000c7e00000, 0x00000000c7f00000, 0x00000000c7f00000|100%| O|  |TAMS 0x00000000c7e00000| PB 0x00000000c7e00000| Untracked 
| 127|0x00000000c7f00000, 0x00000000c8000000, 0x00000000c8000000|100%| O|  |TAMS 0x00000000c8000000| PB 0x00000000c8000000| Updating 
| 128|0x00000000c8000000, 0x00000000c8100000, 0x00000000c8100000|100%| O|  |TAMS 0x00000000c8100000| PB 0x00000000c8100000| Untracked 
| 129|0x00000000c8100000, 0x00000000c8200000, 0x00000000c8200000|100%| O|  |TAMS 0x00000000c8200000| PB 0x00000000c8200000| Untracked 
| 130|0x00000000c8200000, 0x00000000c82d9480, 0x00000000c8300000| 84%| O|  |TAMS 0x00000000c8200000| PB 0x00000000c8200000| Updating 
| 131|0x00000000c8300000, 0x00000000c8400000, 0x00000000c8400000|100%| O|  |TAMS 0x00000000c8400000| PB 0x00000000c8400000| Updating 
| 132|0x00000000c8400000, 0x00000000c8500000, 0x00000000c8500000|100%| O|  |TAMS 0x00000000c8500000| PB 0x00000000c8500000| Untracked 
| 133|0x00000000c8500000, 0x00000000c8600000, 0x00000000c8600000|100%| O|  |TAMS 0x00000000c8600000| PB 0x00000000c8600000| Untracked 
| 134|0x00000000c8600000, 0x00000000c8700000, 0x00000000c8700000|100%| O|  |TAMS 0x00000000c8700000| PB 0x00000000c8700000| Updating 
| 135|0x00000000c8700000, 0x00000000c8800000, 0x00000000c8800000|100%| O|  |TAMS 0x00000000c8749330| PB 0x00000000c8749330| Updating 
| 136|0x00000000c8800000, 0x00000000c8900000, 0x00000000c8900000|100%|HS|  |TAMS 0x00000000c8800000| PB 0x00000000c8800000| Complete 
| 137|0x00000000c8900000, 0x00000000c8a00000, 0x00000000c8a00000|100%|HS|  |TAMS 0x00000000c8900000| PB 0x00000000c8900000| Complete 
| 138|0x00000000c8a00000, 0x00000000c8b00000, 0x00000000c8b00000|100%|HS|  |TAMS 0x00000000c8a00000| PB 0x00000000c8a00000| Complete 
| 139|0x00000000c8b00000, 0x00000000c8c00000, 0x00000000c8c00000|100%|HS|  |TAMS 0x00000000c8b00000| PB 0x00000000c8b00000| Complete 
| 140|0x00000000c8c00000, 0x00000000c8d00000, 0x00000000c8d00000|100%|HS|  |TAMS 0x00000000c8c00000| PB 0x00000000c8c00000| Complete 
| 141|0x00000000c8d00000, 0x00000000c8d00000, 0x00000000c8e00000|  0%| F|  |TAMS 0x00000000c8d00000| PB 0x00000000c8d00000| Untracked 
| 142|0x00000000c8e00000, 0x00000000c8e00000, 0x00000000c8f00000|  0%| F|  |TAMS 0x00000000c8e00000| PB 0x00000000c8e00000| Untracked 
| 143|0x00000000c8f00000, 0x00000000c8f00000, 0x00000000c9000000|  0%| F|  |TAMS 0x00000000c8f00000| PB 0x00000000c8f00000| Untracked 
| 144|0x00000000c9000000, 0x00000000c9000000, 0x00000000c9100000|  0%| F|  |TAMS 0x00000000c9000000| PB 0x00000000c9000000| Untracked 
| 145|0x00000000c9100000, 0x00000000c9100000, 0x00000000c9200000|  0%| F|  |TAMS 0x00000000c9100000| PB 0x00000000c9100000| Untracked 
| 146|0x00000000c9200000, 0x00000000c9200000, 0x00000000c9300000|  0%| F|  |TAMS 0x00000000c9200000| PB 0x00000000c9200000| Untracked 
| 147|0x00000000c9300000, 0x00000000c9300000, 0x00000000c9400000|  0%| F|  |TAMS 0x00000000c9300000| PB 0x00000000c9300000| Untracked 
| 148|0x00000000c9400000, 0x00000000c9400000, 0x00000000c9500000|  0%| F|  |TAMS 0x00000000c9400000| PB 0x00000000c9400000| Untracked 
| 149|0x00000000c9500000, 0x00000000c9500000, 0x00000000c9600000|  0%| F|  |TAMS 0x00000000c9500000| PB 0x00000000c9500000| Untracked 
| 150|0x00000000c9600000, 0x00000000c9600000, 0x00000000c9700000|  0%| F|  |TAMS 0x00000000c9600000| PB 0x00000000c9600000| Untracked 
| 151|0x00000000c9700000, 0x00000000c9700000, 0x00000000c9800000|  0%| F|  |TAMS 0x00000000c9700000| PB 0x00000000c9700000| Untracked 
| 152|0x00000000c9800000, 0x00000000c9800000, 0x00000000c9900000|  0%| F|  |TAMS 0x00000000c9800000| PB 0x00000000c9800000| Untracked 
| 153|0x00000000c9900000, 0x00000000c9900000, 0x00000000c9a00000|  0%| F|  |TAMS 0x00000000c9900000| PB 0x00000000c9900000| Untracked 
| 154|0x00000000c9a00000, 0x00000000c9a00000, 0x00000000c9b00000|  0%| F|  |TAMS 0x00000000c9a00000| PB 0x00000000c9a00000| Untracked 
| 155|0x00000000c9b00000, 0x00000000c9b00000, 0x00000000c9c00000|  0%| F|  |TAMS 0x00000000c9b00000| PB 0x00000000c9b00000| Untracked 
| 156|0x00000000c9c00000, 0x00000000c9c00000, 0x00000000c9d00000|  0%| F|  |TAMS 0x00000000c9c00000| PB 0x00000000c9c00000| Untracked 
| 157|0x00000000c9d00000, 0x00000000c9d00000, 0x00000000c9e00000|  0%| F|  |TAMS 0x00000000c9d00000| PB 0x00000000c9d00000| Untracked 
| 158|0x00000000c9e00000, 0x00000000c9e00000, 0x00000000c9f00000|  0%| F|  |TAMS 0x00000000c9e00000| PB 0x00000000c9e00000| Untracked 
| 159|0x00000000c9f00000, 0x00000000c9f00000, 0x00000000ca000000|  0%| F|  |TAMS 0x00000000c9f00000| PB 0x00000000c9f00000| Untracked 
| 160|0x00000000ca000000, 0x00000000ca000000, 0x00000000ca100000|  0%| F|  |TAMS 0x00000000ca000000| PB 0x00000000ca000000| Untracked 
| 161|0x00000000ca100000, 0x00000000ca100000, 0x00000000ca200000|  0%| F|  |TAMS 0x00000000ca100000| PB 0x00000000ca100000| Untracked 
| 162|0x00000000ca200000, 0x00000000ca200000, 0x00000000ca300000|  0%| F|  |TAMS 0x00000000ca200000| PB 0x00000000ca200000| Untracked 
| 163|0x00000000ca300000, 0x00000000ca300000, 0x00000000ca400000|  0%| F|  |TAMS 0x00000000ca300000| PB 0x00000000ca300000| Untracked 
| 164|0x00000000ca400000, 0x00000000ca400000, 0x00000000ca500000|  0%| F|  |TAMS 0x00000000ca400000| PB 0x00000000ca400000| Untracked 
| 165|0x00000000ca500000, 0x00000000ca500000, 0x00000000ca600000|  0%| F|  |TAMS 0x00000000ca500000| PB 0x00000000ca500000| Untracked 
| 166|0x00000000ca600000, 0x00000000ca600000, 0x00000000ca700000|  0%| F|  |TAMS 0x00000000ca600000| PB 0x00000000ca600000| Untracked 
| 167|0x00000000ca700000, 0x00000000ca700000, 0x00000000ca800000|  0%| F|  |TAMS 0x00000000ca700000| PB 0x00000000ca700000| Untracked 
| 168|0x00000000ca800000, 0x00000000ca800000, 0x00000000ca900000|  0%| F|  |TAMS 0x00000000ca800000| PB 0x00000000ca800000| Untracked 
| 169|0x00000000ca900000, 0x00000000ca900000, 0x00000000caa00000|  0%| F|  |TAMS 0x00000000ca900000| PB 0x00000000ca900000| Untracked 
| 170|0x00000000caa00000, 0x00000000caa00000, 0x00000000cab00000|  0%| F|  |TAMS 0x00000000caa00000| PB 0x00000000caa00000| Untracked 
| 171|0x00000000cab00000, 0x00000000cab00000, 0x00000000cac00000|  0%| F|  |TAMS 0x00000000cab00000| PB 0x00000000cab00000| Untracked 
| 172|0x00000000cac00000, 0x00000000cac00000, 0x00000000cad00000|  0%| F|  |TAMS 0x00000000cac00000| PB 0x00000000cac00000| Untracked 
| 173|0x00000000cad00000, 0x00000000cad00000, 0x00000000cae00000|  0%| F|  |TAMS 0x00000000cad00000| PB 0x00000000cad00000| Untracked 
| 174|0x00000000cae00000, 0x00000000cae00000, 0x00000000caf00000|  0%| F|  |TAMS 0x00000000cae00000| PB 0x00000000cae00000| Untracked 
| 175|0x00000000caf00000, 0x00000000caf00000, 0x00000000cb000000|  0%| F|  |TAMS 0x00000000caf00000| PB 0x00000000caf00000| Untracked 
| 176|0x00000000cb000000, 0x00000000cb000000, 0x00000000cb100000|  0%| F|  |TAMS 0x00000000cb000000| PB 0x00000000cb000000| Untracked 
| 177|0x00000000cb100000, 0x00000000cb100000, 0x00000000cb200000|  0%| F|  |TAMS 0x00000000cb100000| PB 0x00000000cb100000| Untracked 
| 178|0x00000000cb200000, 0x00000000cb25ea90, 0x00000000cb300000| 36%| S|CS|TAMS 0x00000000cb200000| PB 0x00000000cb200000| Complete 
| 179|0x00000000cb300000, 0x00000000cb400000, 0x00000000cb400000|100%| S|CS|TAMS 0x00000000cb300000| PB 0x00000000cb300000| Complete 
| 180|0x00000000cb400000, 0x00000000cb500000, 0x00000000cb500000|100%| S|CS|TAMS 0x00000000cb400000| PB 0x00000000cb400000| Complete 
| 181|0x00000000cb500000, 0x00000000cb600000, 0x00000000cb600000|100%| S|CS|TAMS 0x00000000cb500000| PB 0x00000000cb500000| Complete 
| 182|0x00000000cb600000, 0x00000000cb700000, 0x00000000cb700000|100%| S|CS|TAMS 0x00000000cb600000| PB 0x00000000cb600000| Complete 
| 183|0x00000000cb700000, 0x00000000cb800000, 0x00000000cb800000|100%| S|CS|TAMS 0x00000000cb700000| PB 0x00000000cb700000| Complete 
| 184|0x00000000cb800000, 0x00000000cb900000, 0x00000000cb900000|100%| S|CS|TAMS 0x00000000cb800000| PB 0x00000000cb800000| Complete 
| 185|0x00000000cb900000, 0x00000000cba00000, 0x00000000cba00000|100%| S|CS|TAMS 0x00000000cb900000| PB 0x00000000cb900000| Complete 
| 186|0x00000000cba00000, 0x00000000cba00000, 0x00000000cbb00000|  0%| F|  |TAMS 0x00000000cba00000| PB 0x00000000cba00000| Untracked 
| 187|0x00000000cbb00000, 0x00000000cbb00000, 0x00000000cbc00000|  0%| F|  |TAMS 0x00000000cbb00000| PB 0x00000000cbb00000| Untracked 
| 188|0x00000000cbc00000, 0x00000000cbc00000, 0x00000000cbd00000|  0%| F|  |TAMS 0x00000000cbc00000| PB 0x00000000cbc00000| Untracked 
| 189|0x00000000cbd00000, 0x00000000cbd00000, 0x00000000cbe00000|  0%| F|  |TAMS 0x00000000cbd00000| PB 0x00000000cbd00000| Untracked 
| 190|0x00000000cbe00000, 0x00000000cbe00000, 0x00000000cbf00000|  0%| F|  |TAMS 0x00000000cbe00000| PB 0x00000000cbe00000| Untracked 
| 191|0x00000000cbf00000, 0x00000000cbf00000, 0x00000000cc000000|  0%| F|  |TAMS 0x00000000cbf00000| PB 0x00000000cbf00000| Untracked 
| 192|0x00000000cc000000, 0x00000000cc000000, 0x00000000cc100000|  0%| F|  |TAMS 0x00000000cc000000| PB 0x00000000cc000000| Untracked 
| 193|0x00000000cc100000, 0x00000000cc100000, 0x00000000cc200000|  0%| F|  |TAMS 0x00000000cc100000| PB 0x00000000cc100000| Untracked 
| 194|0x00000000cc200000, 0x00000000cc200000, 0x00000000cc300000|  0%| F|  |TAMS 0x00000000cc200000| PB 0x00000000cc200000| Untracked 
| 195|0x00000000cc300000, 0x00000000cc300000, 0x00000000cc400000|  0%| F|  |TAMS 0x00000000cc300000| PB 0x00000000cc300000| Untracked 
| 196|0x00000000cc400000, 0x00000000cc400000, 0x00000000cc500000|  0%| F|  |TAMS 0x00000000cc400000| PB 0x00000000cc400000| Untracked 
| 197|0x00000000cc500000, 0x00000000cc500000, 0x00000000cc600000|  0%| F|  |TAMS 0x00000000cc500000| PB 0x00000000cc500000| Untracked 
| 198|0x00000000cc600000, 0x00000000cc600000, 0x00000000cc700000|  0%| F|  |TAMS 0x00000000cc600000| PB 0x00000000cc600000| Untracked 
| 199|0x00000000cc700000, 0x00000000cc700000, 0x00000000cc800000|  0%| F|  |TAMS 0x00000000cc700000| PB 0x00000000cc700000| Untracked 
| 200|0x00000000cc800000, 0x00000000cc800000, 0x00000000cc900000|  0%| F|  |TAMS 0x00000000cc800000| PB 0x00000000cc800000| Untracked 
| 201|0x00000000cc900000, 0x00000000cc900000, 0x00000000cca00000|  0%| F|  |TAMS 0x00000000cc900000| PB 0x00000000cc900000| Untracked 
| 202|0x00000000cca00000, 0x00000000cca00000, 0x00000000ccb00000|  0%| F|  |TAMS 0x00000000cca00000| PB 0x00000000cca00000| Untracked 
| 203|0x00000000ccb00000, 0x00000000ccb00000, 0x00000000ccc00000|  0%| F|  |TAMS 0x00000000ccb00000| PB 0x00000000ccb00000| Untracked 
| 204|0x00000000ccc00000, 0x00000000ccc00000, 0x00000000ccd00000|  0%| F|  |TAMS 0x00000000ccc00000| PB 0x00000000ccc00000| Untracked 
| 205|0x00000000ccd00000, 0x00000000ccd00000, 0x00000000cce00000|  0%| F|  |TAMS 0x00000000ccd00000| PB 0x00000000ccd00000| Untracked 
| 206|0x00000000cce00000, 0x00000000cce00000, 0x00000000ccf00000|  0%| F|  |TAMS 0x00000000cce00000| PB 0x00000000cce00000| Untracked 
| 207|0x00000000ccf00000, 0x00000000ccf00000, 0x00000000cd000000|  0%| F|  |TAMS 0x00000000ccf00000| PB 0x00000000ccf00000| Untracked 
| 208|0x00000000cd000000, 0x00000000cd000000, 0x00000000cd100000|  0%| F|  |TAMS 0x00000000cd000000| PB 0x00000000cd000000| Untracked 
| 209|0x00000000cd100000, 0x00000000cd100000, 0x00000000cd200000|  0%| F|  |TAMS 0x00000000cd100000| PB 0x00000000cd100000| Untracked 
| 210|0x00000000cd200000, 0x00000000cd200000, 0x00000000cd300000|  0%| F|  |TAMS 0x00000000cd200000| PB 0x00000000cd200000| Untracked 
| 211|0x00000000cd300000, 0x00000000cd300000, 0x00000000cd400000|  0%| F|  |TAMS 0x00000000cd300000| PB 0x00000000cd300000| Untracked 
| 212|0x00000000cd400000, 0x00000000cd400000, 0x00000000cd500000|  0%| F|  |TAMS 0x00000000cd400000| PB 0x00000000cd400000| Untracked 
| 213|0x00000000cd500000, 0x00000000cd500000, 0x00000000cd600000|  0%| F|  |TAMS 0x00000000cd500000| PB 0x00000000cd500000| Untracked 
| 214|0x00000000cd600000, 0x00000000cd600000, 0x00000000cd700000|  0%| F|  |TAMS 0x00000000cd600000| PB 0x00000000cd600000| Untracked 
| 215|0x00000000cd700000, 0x00000000cd700000, 0x00000000cd800000|  0%| F|  |TAMS 0x00000000cd700000| PB 0x00000000cd700000| Untracked 
| 216|0x00000000cd800000, 0x00000000cd800000, 0x00000000cd900000|  0%| F|  |TAMS 0x00000000cd800000| PB 0x00000000cd800000| Untracked 
| 217|0x00000000cd900000, 0x00000000cd900000, 0x00000000cda00000|  0%| F|  |TAMS 0x00000000cd900000| PB 0x00000000cd900000| Untracked 
| 218|0x00000000cda00000, 0x00000000cda00000, 0x00000000cdb00000|  0%| F|  |TAMS 0x00000000cda00000| PB 0x00000000cda00000| Untracked 
| 219|0x00000000cdb00000, 0x00000000cdb00000, 0x00000000cdc00000|  0%| F|  |TAMS 0x00000000cdb00000| PB 0x00000000cdb00000| Untracked 
| 220|0x00000000cdc00000, 0x00000000cdc00000, 0x00000000cdd00000|  0%| F|  |TAMS 0x00000000cdc00000| PB 0x00000000cdc00000| Untracked 
| 221|0x00000000cdd00000, 0x00000000cdd00000, 0x00000000cde00000|  0%| F|  |TAMS 0x00000000cdd00000| PB 0x00000000cdd00000| Untracked 
| 222|0x00000000cde00000, 0x00000000cde00000, 0x00000000cdf00000|  0%| F|  |TAMS 0x00000000cde00000| PB 0x00000000cde00000| Untracked 
|1007|0x00000000fef00000, 0x00000000ff000000, 0x00000000ff000000|100%| O|  |TAMS 0x00000000ff000000| PB 0x00000000ff000000| Updating 
|1008|0x00000000ff000000, 0x00000000ff000000, 0x00000000ff100000|  0%| F|  |TAMS 0x00000000ff000000| PB 0x00000000ff000000| Untracked 
|1009|0x00000000ff100000, 0x00000000ff100000, 0x00000000ff200000|  0%| F|  |TAMS 0x00000000ff100000| PB 0x00000000ff100000| Untracked 
|1010|0x00000000ff200000, 0x00000000ff200000, 0x00000000ff300000|  0%| F|  |TAMS 0x00000000ff200000| PB 0x00000000ff200000| Untracked 
|1011|0x00000000ff300000, 0x00000000ff300000, 0x00000000ff400000|  0%| F|  |TAMS 0x00000000ff300000| PB 0x00000000ff300000| Untracked 
|1012|0x00000000ff400000, 0x00000000ff500000, 0x00000000ff500000|100%| O|  |TAMS 0x00000000ff500000| PB 0x00000000ff500000| Updating 
|1013|0x00000000ff500000, 0x00000000ff500000, 0x00000000ff600000|  0%| F|  |TAMS 0x00000000ff500000| PB 0x00000000ff500000| Untracked 
|1014|0x00000000ff600000, 0x00000000ff700000, 0x00000000ff700000|100%| E|  |TAMS 0x00000000ff600000| PB 0x00000000ff600000| Complete 
|1015|0x00000000ff700000, 0x00000000ff800000, 0x00000000ff800000|100%| E|CS|TAMS 0x00000000ff700000| PB 0x00000000ff700000| Complete 
|1016|0x00000000ff800000, 0x00000000ff900000, 0x00000000ff900000|100%| E|CS|TAMS 0x00000000ff800000| PB 0x00000000ff800000| Complete 
|1017|0x00000000ff900000, 0x00000000ffa00000, 0x00000000ffa00000|100%| O|  |TAMS 0x00000000ffa00000| PB 0x00000000ffa00000| Updating 
|1018|0x00000000ffa00000, 0x00000000ffb00000, 0x00000000ffb00000|100%| E|CS|TAMS 0x00000000ffa00000| PB 0x00000000ffa00000| Complete 
|1019|0x00000000ffb00000, 0x00000000ffc00000, 0x00000000ffc00000|100%| O|  |TAMS 0x00000000ffc00000| PB 0x00000000ffc00000| Untracked 
|1020|0x00000000ffc00000, 0x00000000ffd00000, 0x00000000ffd00000|100%| O|  |TAMS 0x00000000ffd00000| PB 0x00000000ffd00000| Untracked 
|1021|0x00000000ffd00000, 0x00000000ffe00000, 0x00000000ffe00000|100%| O|  |TAMS 0x00000000ffe00000| PB 0x00000000ffe00000| Untracked 
|1022|0x00000000ffe00000, 0x00000000fff00000, 0x00000000fff00000|100%| O|  |TAMS 0x00000000fff00000| PB 0x00000000fff00000| Untracked 
|1023|0x00000000fff00000, 0x0000000100000000, 0x0000000100000000|100%| O|  |TAMS 0x0000000100000000| PB 0x0000000100000000| Updating 

Card table byte_map: [0x0000018122fe0000,0x00000181231e0000] _byte_map_base: 0x00000181229e0000

Marking Bits: (CMBitMap*) 0x000001810efa3aa0
 Bits: [0x00000181231e0000, 0x00000181241e0000)

Polling page: 0x0000018113790000

Metaspace:

Usage:
  Non-class:    108.67 MB used.
      Class:     17.56 MB used.
       Both:    126.23 MB used.

Virtual space:
  Non-class space:      128.00 MB reserved,     109.81 MB ( 86%) committed,  2 nodes.
      Class space:        1.00 GB reserved,      18.69 MB (  2%) committed,  1 nodes.
             Both:        1.12 GB reserved,     128.50 MB ( 11%) committed. 

Chunk freelists:
   Non-Class:  1.49 MB
       Class:  13.30 MB
        Both:  14.78 MB

MaxMetaspaceSize: unlimited
CompressedClassSpaceSize: 1.00 GB
Initial GC threshold: 21.00 MB
Current GC threshold: 189.38 MB
CDS: off
 - commit_granule_bytes: 65536.
 - commit_granule_words: 8192.
 - virtual_space_node_default_size: 8388608.
 - enlarge_chunks_in_place: 1.
 - use_allocation_guard: 0.


Internal statistics:

num_allocs_failed_limit: 6.
num_arena_births: 4544.
num_arena_deaths: 0.
num_vsnodes_births: 3.
num_vsnodes_deaths: 0.
num_space_committed: 2055.
num_space_uncommitted: 0.
num_chunks_returned_to_freelist: 6.
num_chunks_taken_from_freelist: 10164.
num_chunk_merges: 3.
num_chunk_splits: 6640.
num_chunks_enlarged: 4105.
num_inconsistent_stats: 0.

CodeHeap 'non-profiled nmethods': size=120000Kb used=7333Kb max_used=7343Kb free=112666Kb
 bounds [0x000001811b280000, 0x000001811b9b0000, 0x00000181227b0000]
CodeHeap 'profiled nmethods': size=120000Kb used=20497Kb max_used=20778Kb free=99503Kb
 bounds [0x00000181137b0000, 0x0000018114c00000, 0x000001811ace0000]
CodeHeap 'non-nmethods': size=5760Kb used=3078Kb max_used=3132Kb free=2681Kb
 bounds [0x000001811ace0000, 0x000001811b000000, 0x000001811b280000]
CodeCache: size=245760Kb, used=30908Kb, max_used=31253Kb, free=214850Kb
 total_blobs=12173, nmethods=11101, adapters=976, full_count=0
Compilation: enabled, stopped_count=0, restarted_count=0

Compilation events (20 events):
Event: 31.866 Thread 0x00000181269f3860 13429       3       java.util.concurrent.locks.ReentrantReadWriteLock$Sync::tryAcquire (92 bytes)
Event: 31.867 Thread 0x00000181269f3860 nmethod 13429 0x0000018114bf6290 code [0x0000018114bf64a0, 0x0000018114bf6af0]
Event: 31.881 Thread 0x00000181269f3860 13430       3       kotlin.text.MatcherMatchResult::access$getMatchResult (5 bytes)
Event: 31.881 Thread 0x00000181269f3860 nmethod 13430 0x0000018114bf6c90 code [0x0000018114bf6e40, 0x0000018114bf6f90]
Event: 31.881 Thread 0x00000181269f3860 13431       3       kotlin.text.MatcherMatchResult::getMatchResult (8 bytes)
Event: 31.881 Thread 0x00000181269f3860 nmethod 13431 0x0000018114bf7090 code [0x0000018114bf7220, 0x0000018114bf7330]
Event: 31.896 Thread 0x00000181269f3860 13440       3       com.android.tools.idea.gradle.model.impl.FileImplKt::toImpl (24 bytes)
Event: 31.897 Thread 0x00000181269f3860 nmethod 13440 0x0000018114bf7410 code [0x0000018114bf76e0, 0x0000018114bf82e0]
Event: 31.897 Thread 0x00000181269f3860 13441       3       com.android.tools.idea.gradle.model.impl.FileImpl::<init> (17 bytes)
Event: 31.897 Thread 0x00000181269f3860 nmethod 13441 0x0000018114bf8790 code [0x0000018114bf89c0, 0x0000018114bf8ff8]
Event: 31.912 Thread 0x00000181269f3860 13442       1       org.gradle.api.services.internal.BuildServiceDetails::getImplementationType (5 bytes)
Event: 31.912 Thread 0x00000181269f3860 nmethod 13442 0x000001811b997410 code [0x000001811b9975a0, 0x000001811b997668]
Event: 32.120 Thread 0x00000181269f2120 nmethod 13261 0x000001811b997710 code [0x000001811b9984e0, 0x000001811b9a31a0]
Event: 32.144 Thread 0x00000181269f3860 13443       3       org.gradle.tooling.internal.adapter.ProtocolToModelAdapter$DefaultViewBuilder::mixInTo (21 bytes)
Event: 32.144 Thread 0x00000181269f3860 nmethod 13443 0x0000018114bf9290 code [0x0000018114bf9460, 0x0000018114bf9870]
Event: 32.159 Thread 0x00000181269f3860 13448   !   3       org.gradle.internal.work.DefaultSynchronizer::withLock (28 bytes)
Event: 32.160 Thread 0x00000181269f3860 nmethod 13448 0x0000018114bf9a10 code [0x0000018114bf9c20, 0x0000018114bfa260]
Event: 32.162 Thread 0x00000181269f2120 13449       4       java.lang.Class::getMethod (59 bytes)
Event: 32.180 Thread 0x00000181269f3860 13450       3       org.gradle.internal.instantiation.generator.AbstractClassGenerator$ManagedPropertiesHandler::hasFields (6 bytes)
Event: 32.180 Thread 0x00000181269f3860 nmethod 13450 0x0000018114bfa490 code [0x0000018114bfa620, 0x0000018114bfa730]

GC Heap History (20 events):
Event: 24.072 GC heap before
{Heap before GC invocations=44 (full 0):
 garbage-first heap   total 206848K, used 166821K [0x00000000c0000000, 0x0000000100000000)
  region size 1024K, 46 young (47104K), 8 survivors (8192K)
 Metaspace       used 100829K, committed 102912K, reserved 1179648K
  class space    used 14034K, committed 15040K, reserved 1048576K
}
Event: 24.091 GC heap after
{Heap after GC invocations=45 (full 0):
 garbage-first heap   total 206848K, used 130615K [0x00000000c0000000, 0x0000000100000000)
  region size 1024K, 6 young (6144K), 6 survivors (6144K)
 Metaspace       used 100829K, committed 102912K, reserved 1179648K
  class space    used 14034K, committed 15040K, reserved 1048576K
}
Event: 25.271 GC heap before
{Heap before GC invocations=46 (full 0):
 garbage-first heap   total 220160K, used 191031K [0x00000000c0000000, 0x0000000100000000)
  region size 1024K, 64 young (65536K), 6 survivors (6144K)
 Metaspace       used 104994K, committed 107136K, reserved 1179648K
  class space    used 14782K, committed 15808K, reserved 1048576K
}
Event: 25.282 GC heap after
{Heap after GC invocations=47 (full 0):
 garbage-first heap   total 220160K, used 132842K [0x00000000c0000000, 0x0000000100000000)
  region size 1024K, 4 young (4096K), 4 survivors (4096K)
 Metaspace       used 104994K, committed 107136K, reserved 1179648K
  class space    used 14782K, committed 15808K, reserved 1048576K
}
Event: 26.413 GC heap before
{Heap before GC invocations=47 (full 0):
 garbage-first heap   total 220160K, used 202474K [0x00000000c0000000, 0x0000000100000000)
  region size 1024K, 70 young (71680K), 4 survivors (4096K)
 Metaspace       used 109809K, committed 111936K, reserved 1179648K
  class space    used 15476K, committed 16512K, reserved 1048576K
}
Event: 26.426 GC heap after
{Heap after GC invocations=48 (full 0):
 garbage-first heap   total 220160K, used 135750K [0x00000000c0000000, 0x0000000100000000)
  region size 1024K, 6 young (6144K), 6 survivors (6144K)
 Metaspace       used 109809K, committed 111936K, reserved 1179648K
  class space    used 15476K, committed 16512K, reserved 1048576K
}
Event: 27.217 GC heap before
{Heap before GC invocations=48 (full 0):
 garbage-first heap   total 220160K, used 203334K [0x00000000c0000000, 0x0000000100000000)
  region size 1024K, 72 young (73728K), 6 survivors (6144K)
 Metaspace       used 114145K, committed 116352K, reserved 1179648K
  class space    used 16143K, committed 17216K, reserved 1048576K
}
Event: 27.241 GC heap after
{Heap after GC invocations=49 (full 0):
 garbage-first heap   total 220160K, used 140221K [0x00000000c0000000, 0x0000000100000000)
  region size 1024K, 9 young (9216K), 9 survivors (9216K)
 Metaspace       used 114145K, committed 116352K, reserved 1179648K
  class space    used 16143K, committed 17216K, reserved 1048576K
}
Event: 27.726 GC heap before
{Heap before GC invocations=50 (full 0):
 garbage-first heap   total 234496K, used 204733K [0x00000000c0000000, 0x0000000100000000)
  region size 1024K, 72 young (73728K), 9 survivors (9216K)
 Metaspace       used 114148K, committed 116352K, reserved 1179648K
  class space    used 16143K, committed 17216K, reserved 1048576K
}
Event: 27.746 GC heap after
{Heap after GC invocations=51 (full 0):
 garbage-first heap   total 234496K, used 143510K [0x00000000c0000000, 0x0000000100000000)
  region size 1024K, 5 young (5120K), 5 survivors (5120K)
 Metaspace       used 114148K, committed 116352K, reserved 1179648K
  class space    used 16143K, committed 17216K, reserved 1048576K
}
Event: 28.284 GC heap before
{Heap before GC invocations=51 (full 0):
 garbage-first heap   total 234496K, used 215190K [0x00000000c0000000, 0x0000000100000000)
  region size 1024K, 75 young (76800K), 5 survivors (5120K)
 Metaspace       used 114148K, committed 116352K, reserved 1179648K
  class space    used 16143K, committed 17216K, reserved 1048576K
}
Event: 28.294 GC heap after
{Heap after GC invocations=52 (full 0):
 garbage-first heap   total 234496K, used 143627K [0x00000000c0000000, 0x0000000100000000)
  region size 1024K, 7 young (7168K), 7 survivors (7168K)
 Metaspace       used 114148K, committed 116352K, reserved 1179648K
  class space    used 16143K, committed 17216K, reserved 1048576K
}
Event: 28.784 GC heap before
{Heap before GC invocations=52 (full 0):
 garbage-first heap   total 234496K, used 215307K [0x00000000c0000000, 0x0000000100000000)
  region size 1024K, 77 young (78848K), 7 survivors (7168K)
 Metaspace       used 114148K, committed 116352K, reserved 1179648K
  class space    used 16143K, committed 17216K, reserved 1048576K
}
Event: 28.799 GC heap after
{Heap after GC invocations=53 (full 0):
 garbage-first heap   total 234496K, used 146553K [0x00000000c0000000, 0x0000000100000000)
  region size 1024K, 8 young (8192K), 8 survivors (8192K)
 Metaspace       used 114148K, committed 116352K, reserved 1179648K
  class space    used 16143K, committed 17216K, reserved 1048576K
}
Event: 29.616 GC heap before
{Heap before GC invocations=54 (full 0):
 garbage-first heap   total 245760K, used 217209K [0x00000000c0000000, 0x0000000100000000)
  region size 1024K, 76 young (77824K), 8 survivors (8192K)
 Metaspace       used 117213K, committed 119424K, reserved 1179648K
  class space    used 16437K, committed 17472K, reserved 1048576K
}
Event: 29.633 GC heap after
{Heap after GC invocations=55 (full 0):
 garbage-first heap   total 245760K, used 149347K [0x00000000c0000000, 0x0000000100000000)
  region size 1024K, 8 young (8192K), 8 survivors (8192K)
 Metaspace       used 117213K, committed 119424K, reserved 1179648K
  class space    used 16437K, committed 17472K, reserved 1048576K
}
Event: 31.058 GC heap before
{Heap before GC invocations=55 (full 0):
 garbage-first heap   total 245760K, used 225123K [0x00000000c0000000, 0x0000000100000000)
  region size 1024K, 82 young (83968K), 8 survivors (8192K)
 Metaspace       used 123934K, committed 126208K, reserved 1179648K
  class space    used 17432K, committed 18560K, reserved 1048576K
}
Event: 31.074 GC heap after
{Heap after GC invocations=56 (full 0):
 garbage-first heap   total 245760K, used 151180K [0x00000000c0000000, 0x0000000100000000)
  region size 1024K, 9 young (9216K), 9 survivors (9216K)
 Metaspace       used 123934K, committed 126208K, reserved 1179648K
  class space    used 17432K, committed 18560K, reserved 1048576K
}
Event: 31.920 GC heap before
{Heap before GC invocations=56 (full 0):
 garbage-first heap   total 245760K, used 196236K [0x00000000c0000000, 0x0000000100000000)
  region size 1024K, 55 young (56320K), 9 survivors (9216K)
 Metaspace       used 128074K, committed 130368K, reserved 1179648K
  class space    used 17930K, committed 19072K, reserved 1048576K
}
Event: 31.933 GC heap after
{Heap after GC invocations=57 (full 0):
 garbage-first heap   total 245760K, used 154847K [0x00000000c0000000, 0x0000000100000000)
  region size 1024K, 8 young (8192K), 8 survivors (8192K)
 Metaspace       used 128074K, committed 130368K, reserved 1179648K
  class space    used 17930K, committed 19072K, reserved 1048576K
}

Dll operation events (3 events):
Event: 0.012 Loaded shared library C:\Program Files\Android\Android Studio\jbr\bin\java.dll
Event: 0.019 Loaded shared library C:\Program Files\Android\Android Studio\jbr\bin\zip.dll
Event: 1.485 Loaded shared library C:\Program Files\Android\Android Studio\jbr\bin\verify.dll

Deoptimization events (20 events):
Event: 31.420 Thread 0x000001812d67e950 Uncommon trap: trap_request=0xffffff45 fr.pc=0x000001811b6fef38 relative=0x0000000000000258
Event: 31.420 Thread 0x000001812d67e950 Uncommon trap: reason=unstable_if action=reinterpret pc=0x000001811b6fef38 method=java.nio.file.FileTreeWalker.getAttributes(Ljava/nio/file/Path;Z)Ljava/nio/file/attribute/BasicFileAttributes; @ 35 c2
Event: 31.420 Thread 0x000001812d67e950 DEOPT PACKING pc=0x000001811b6fef38 sp=0x0000004c43bf7250
Event: 31.420 Thread 0x000001812d67e950 DEOPT UNPACKING pc=0x000001811ad37aa2 sp=0x0000004c43bf7210 mode 2
Event: 31.426 Thread 0x000001812d67e950 DEOPT PACKING pc=0x00000181149e474e sp=0x0000004c43bf77c0
Event: 31.426 Thread 0x000001812d67e950 DEOPT UNPACKING pc=0x000001811ad385e2 sp=0x0000004c43bf6d80 mode 0
Event: 31.655 Thread 0x000001812d67e950 Uncommon trap: trap_request=0xffffff45 fr.pc=0x000001811b4455ac relative=0x00000000000000ec
Event: 31.655 Thread 0x000001812d67e950 Uncommon trap: reason=unstable_if action=reinterpret pc=0x000001811b4455ac method=java.io.WinNTFileSystem.normalize(Ljava/lang/String;)Ljava/lang/String; @ 74 c2
Event: 31.655 Thread 0x000001812d67e950 DEOPT PACKING pc=0x000001811b4455ac sp=0x0000004c43bf7160
Event: 31.655 Thread 0x000001812d67e950 DEOPT UNPACKING pc=0x000001811ad37aa2 sp=0x0000004c43bf7118 mode 2
Event: 31.715 Thread 0x000001812d67e950 Uncommon trap: trap_request=0xffffff45 fr.pc=0x000001811b913350 relative=0x00000000000002d0
Event: 31.715 Thread 0x000001812d67e950 Uncommon trap: reason=unstable_if action=reinterpret pc=0x000001811b913350 method=jdk.internal.org.objectweb.asm.MethodWriter.visitLdcInsn(Ljava/lang/Object;)V @ 104 c2
Event: 31.715 Thread 0x000001812d67e950 DEOPT PACKING pc=0x000001811b913350 sp=0x0000004c43bf95c0
Event: 31.715 Thread 0x000001812d67e950 DEOPT UNPACKING pc=0x000001811ad37aa2 sp=0x0000004c43bf9530 mode 2
Event: 31.909 Thread 0x000001812d67e950 Uncommon trap: trap_request=0xffffffde fr.pc=0x000001811b840e44 relative=0x0000000000000e64
Event: 31.909 Thread 0x000001812d67e950 Uncommon trap: reason=class_check action=maybe_recompile pc=0x000001811b840e44 method=org.gradle.internal.snapshot.impl.AbstractValueProcessor.processValue(Ljava/lang/Object;Lorg/gradle/internal/snapshot/impl/AbstractValueProcessor$ValueVisitor;)Ljava/lan
Event: 31.909 Thread 0x000001812d67e950 DEOPT PACKING pc=0x000001811b840e44 sp=0x0000004c43bf88f0
Event: 31.909 Thread 0x000001812d67e950 DEOPT UNPACKING pc=0x000001811ad37aa2 sp=0x0000004c43bf88a8 mode 2
Event: 32.134 Thread 0x000001812d67e950 DEOPT PACKING pc=0x00000181149e420e sp=0x0000004c43bf8510
Event: 32.134 Thread 0x000001812d67e950 DEOPT UNPACKING pc=0x000001811ad385e2 sp=0x0000004c43bf7ad0 mode 0

Classes loaded (20 events):
Event: 31.451 Loading class javax/xml/stream/events/StartElement done
Event: 31.451 Loading class com/sun/xml/internal/stream/events/StartElementEvent done
Event: 31.451 Loading class com/sun/xml/internal/stream/events/NamespaceImpl
Event: 31.451 Loading class javax/xml/stream/events/Namespace
Event: 31.451 Loading class javax/xml/stream/events/Attribute
Event: 31.451 Loading class javax/xml/stream/events/Attribute done
Event: 31.451 Loading class javax/xml/stream/events/Namespace done
Event: 31.451 Loading class com/sun/xml/internal/stream/events/AttributeImpl
Event: 31.451 Loading class com/sun/xml/internal/stream/events/AttributeImpl done
Event: 31.451 Loading class com/sun/xml/internal/stream/events/NamespaceImpl done
Event: 31.452 Loading class com/sun/org/apache/xerces/internal/util/NamespaceSupport$Prefixes
Event: 31.452 Loading class com/sun/org/apache/xerces/internal/util/NamespaceSupport$Prefixes done
Event: 31.452 Loading class com/sun/xml/internal/stream/events/CharacterEvent
Event: 31.452 Loading class javax/xml/stream/events/Characters
Event: 31.452 Loading class javax/xml/stream/events/Characters done
Event: 31.452 Loading class com/sun/xml/internal/stream/events/CharacterEvent done
Event: 31.452 Loading class com/sun/xml/internal/stream/events/EndElementEvent
Event: 31.453 Loading class javax/xml/stream/events/EndElement
Event: 31.453 Loading class javax/xml/stream/events/EndElement done
Event: 31.453 Loading class com/sun/xml/internal/stream/events/EndElementEvent done

Classes unloaded (0 events):
No events

Classes redefined (0 events):
No events

Internal exceptions (20 events):
Event: 31.917 Thread 0x000001812d67e950 Exception <a 'sun/nio/fs/WindowsException'{0x00000000cbb181f0}> (0x00000000cbb181f0) 
thrown [s\src\hotspot\share\prims\jni.cpp, line 537]
Event: 32.117 Thread 0x000001812d67e950 Exception <a 'sun/nio/fs/WindowsException'{0x00000000ffa09af0}> (0x00000000ffa09af0) 
thrown [s\src\hotspot\share\prims\jni.cpp, line 537]
Event: 32.127 Thread 0x000001812d67e950 Exception <a 'sun/nio/fs/WindowsException'{0x00000000ffa851d8}> (0x00000000ffa851d8) 
thrown [s\src\hotspot\share\prims\jni.cpp, line 537]
Event: 32.128 Thread 0x000001812d67e950 Exception <a 'sun/nio/fs/WindowsException'{0x00000000ffaa1e98}> (0x00000000ffaa1e98) 
thrown [s\src\hotspot\share\prims\jni.cpp, line 537]
Event: 32.130 Thread 0x000001812d67e950 Exception <a 'sun/nio/fs/WindowsException'{0x00000000ffad73d0}> (0x00000000ffad73d0) 
thrown [s\src\hotspot\share\prims\jni.cpp, line 537]
Event: 32.132 Thread 0x000001812d67e950 Exception <a 'sun/nio/fs/WindowsException'{0x00000000ff835718}> (0x00000000ff835718) 
thrown [s\src\hotspot\share\prims\jni.cpp, line 537]
Event: 32.139 Thread 0x000001812d67e950 Exception <a 'sun/nio/fs/WindowsException'{0x00000000ff86da68}> (0x00000000ff86da68) 
thrown [s\src\hotspot\share\prims\jni.cpp, line 537]
Event: 32.141 Thread 0x000001812d67e950 Exception <a 'sun/nio/fs/WindowsException'{0x00000000ff87e530}> (0x00000000ff87e530) 
thrown [s\src\hotspot\share\prims\jni.cpp, line 537]
Event: 32.141 Thread 0x000001812d67e950 Exception <a 'sun/nio/fs/WindowsException'{0x00000000ff888590}> (0x00000000ff888590) 
thrown [s\src\hotspot\share\prims\jni.cpp, line 537]
Event: 32.142 Thread 0x000001812d67e950 Exception <a 'sun/nio/fs/WindowsException'{0x00000000ff893fe0}> (0x00000000ff893fe0) 
thrown [s\src\hotspot\share\prims\jni.cpp, line 537]
Event: 32.160 Thread 0x000001812d67e950 Exception <a 'sun/nio/fs/WindowsException'{0x00000000ff7ba7d0}> (0x00000000ff7ba7d0) 
thrown [s\src\hotspot\share\prims\jni.cpp, line 537]
Event: 32.168 Thread 0x000001812d67e950 Exception <a 'sun/nio/fs/WindowsException'{0x00000000ff6096e0}> (0x00000000ff6096e0) 
thrown [s\src\hotspot\share\prims\jni.cpp, line 537]
Event: 32.170 Thread 0x000001812d67e950 Exception <a 'sun/nio/fs/WindowsException'{0x00000000ff6132d0}> (0x00000000ff6132d0) 
thrown [s\src\hotspot\share\prims\jni.cpp, line 537]
Event: 32.172 Thread 0x000001812d67e950 Exception <a 'sun/nio/fs/WindowsException'{0x00000000ff61d7c8}> (0x00000000ff61d7c8) 
thrown [s\src\hotspot\share\prims\jni.cpp, line 537]
Event: 32.173 Thread 0x000001812d67e950 Exception <a 'sun/nio/fs/WindowsException'{0x00000000ff6270f0}> (0x00000000ff6270f0) 
thrown [s\src\hotspot\share\prims\jni.cpp, line 537]
Event: 32.174 Thread 0x000001812d67e950 Exception <a 'sun/nio/fs/WindowsException'{0x00000000ff631900}> (0x00000000ff631900) 
thrown [s\src\hotspot\share\prims\jni.cpp, line 537]
Event: 32.175 Thread 0x000001812d67e950 Exception <a 'sun/nio/fs/WindowsException'{0x00000000ff63cdb0}> (0x00000000ff63cdb0) 
thrown [s\src\hotspot\share\prims\jni.cpp, line 537]
Event: 32.176 Thread 0x000001812d67e950 Exception <a 'sun/nio/fs/WindowsException'{0x00000000ff6488d0}> (0x00000000ff6488d0) 
thrown [s\src\hotspot\share\prims\jni.cpp, line 537]
Event: 32.178 Thread 0x000001812d67e950 Exception <a 'sun/nio/fs/WindowsException'{0x00000000ff67d4b8}> (0x00000000ff67d4b8) 
thrown [s\src\hotspot\share\prims\jni.cpp, line 537]
Event: 32.183 Thread 0x000001812d67e950 Exception <a 'sun/nio/fs/WindowsException'{0x00000000ff6a4288}> (0x00000000ff6a4288) 
thrown [s\src\hotspot\share\prims\jni.cpp, line 537]

ZGC Phase Switch (0 events):
No events

VM Operations (20 events):
Event: 29.442 Executing non-safepoint VM operation: HandshakeAllThreads (Deoptimize) done
Event: 29.445 Executing non-safepoint VM operation: HandshakeAllThreads (Deoptimize)
Event: 29.445 Executing non-safepoint VM operation: HandshakeAllThreads (Deoptimize) done
Event: 29.616 Executing safepoint VM operation: G1CollectForAllocation (G1 Evacuation Pause)
Event: 29.633 Executing safepoint VM operation: G1CollectForAllocation (G1 Evacuation Pause) done
Event: 30.583 Executing non-safepoint VM operation: HandshakeAllThreads (Deoptimize)
Event: 30.583 Executing non-safepoint VM operation: HandshakeAllThreads (Deoptimize) done
Event: 30.641 Executing non-safepoint VM operation: HandshakeAllThreads (Deoptimize)
Event: 30.641 Executing non-safepoint VM operation: HandshakeAllThreads (Deoptimize) done
Event: 30.641 Executing safepoint VM operation: Cleanup
Event: 30.642 Executing safepoint VM operation: Cleanup done
Event: 30.706 Executing non-safepoint VM operation: HandshakeAllThreads (Deoptimize)
Event: 30.707 Executing non-safepoint VM operation: HandshakeAllThreads (Deoptimize) done
Event: 31.058 Executing safepoint VM operation: G1CollectForAllocation (G1 Evacuation Pause)
Event: 31.074 Executing safepoint VM operation: G1CollectForAllocation (G1 Evacuation Pause) done
Event: 31.232 Executing safepoint VM operation: ICBufferFull
Event: 31.232 Executing safepoint VM operation: ICBufferFull done
Event: 31.920 Executing safepoint VM operation: G1TryInitiateConcMark (G1 Humongous Allocation)
Event: 31.933 Executing safepoint VM operation: G1TryInitiateConcMark (G1 Humongous Allocation) done
Event: 32.183 Executing safepoint VM operation: G1PauseRemark

Memory protections (0 events):
No events

Nmethod flushes (20 events):
Event: 32.191 Thread 0x00000181267eb1c0 flushing  nmethod 0x0000018113a62e10
Event: 32.191 Thread 0x00000181267eb1c0 flushing  nmethod 0x0000018113aaba90
Event: 32.191 Thread 0x00000181267eb1c0 flushing  nmethod 0x0000018113aac790
Event: 32.191 Thread 0x00000181267eb1c0 flushing  nmethod 0x0000018113aae310
Event: 32.191 Thread 0x00000181267eb1c0 flushing  nmethod 0x0000018113ab0190
Event: 32.191 Thread 0x00000181267eb1c0 flushing  nmethod 0x0000018114112990
Event: 32.191 Thread 0x00000181267eb1c0 flushing  nmethod 0x0000018114158090
Event: 32.191 Thread 0x00000181267eb1c0 flushing  nmethod 0x000001811415a510
Event: 32.191 Thread 0x00000181267eb1c0 flushing  nmethod 0x000001811415c990
Event: 32.191 Thread 0x00000181267eb1c0 flushing  nmethod 0x00000181141cd890
Event: 32.191 Thread 0x00000181267eb1c0 flushing  nmethod 0x0000018114297110
Event: 32.191 Thread 0x00000181267eb1c0 flushing  nmethod 0x0000018114297810
Event: 32.191 Thread 0x00000181267eb1c0 flushing  nmethod 0x00000181144e0190
Event: 32.191 Thread 0x00000181267eb1c0 flushing  nmethod 0x00000181144faf10
Event: 32.191 Thread 0x00000181267eb1c0 flushing  nmethod 0x0000018114599e10
Event: 32.191 Thread 0x00000181267eb1c0 flushing  nmethod 0x0000018114625210
Event: 32.191 Thread 0x00000181267eb1c0 flushing  nmethod 0x0000018114625890
Event: 32.191 Thread 0x00000181267eb1c0 flushing  nmethod 0x0000018114636b10
Event: 32.191 Thread 0x00000181267eb1c0 flushing  nmethod 0x000001811488c010
Event: 32.191 Thread 0x00000181267eb1c0 flushing  nmethod 0x00000181148bd290

Events (20 events):
Event: 24.112 Thread 0x000001813175f110 Thread exited: 0x000001813175f110
Event: 26.435 Thread 0x000001812d67e950 Thread added: 0x000001812ec55800
Event: 26.474 Thread 0x000001812ec55800 Thread exited: 0x000001812ec55800
Event: 26.612 Thread 0x000001812d67e950 Thread added: 0x000001812ec56520
Event: 26.619 Thread 0x000001812ec56520 Thread added: 0x000001812ec530a0
Event: 26.619 Thread 0x000001812ec56520 Thread added: 0x000001812ec56bb0
Event: 26.619 Thread 0x000001812ec56520 Thread added: 0x000001812ec57240
Event: 26.647 Thread 0x000001812ec57240 Thread added: 0x000001812ec54450
Event: 26.722 Thread 0x000001812d67e950 Thread added: 0x000001812ec55800
Event: 26.894 Thread 0x000001812d67e950 Thread added: 0x000001812ec54ae0
Event: 29.242 Thread 0x00000181269f3860 Thread added: 0x0000018131761320
Event: 29.728 Thread 0x0000018131761320 Thread exited: 0x0000018131761320
Event: 30.309 Thread 0x00000181269f3860 Thread added: 0x0000018131761320
Event: 31.184 Thread 0x000001812d67e950 Thread added: 0x0000018131af20f0
Event: 31.184 Thread 0x000001812d67e950 Thread added: 0x0000018131af2780
Event: 31.203 Thread 0x000001812d67e950 Thread added: 0x0000018131af3b30
Event: 31.203 Thread 0x000001812d67e950 Thread added: 0x0000018131af41c0
Event: 31.220 Thread 0x000001812d67e950 Thread added: 0x0000018131af1a60
Event: 31.395 Thread 0x000001812d67e950 Thread added: 0x0000018131af4850
Event: 32.144 Thread 0x0000018131761320 Thread exited: 0x0000018131761320


Dynamic libraries:
0x00007ff79d980000 - 0x00007ff79d98a000 	C:\Program Files\Android\Android Studio\jbr\bin\java.exe
0x00007ffc5e3c0000 - 0x00007ffc5e626000 	C:\Windows\SYSTEM32\ntdll.dll
0x00007ffc5dc50000 - 0x00007ffc5dd19000 	C:\Windows\System32\KERNEL32.DLL
0x00007ffc5bae0000 - 0x00007ffc5bede000 	C:\Windows\System32\KERNELBASE.dll
0x00007ffc5b5e0000 - 0x00007ffc5b72c000 	C:\Windows\System32\ucrtbase.dll
0x00007ffc55940000 - 0x00007ffc5595b000 	C:\Program Files\Android\Android Studio\jbr\bin\VCRUNTIME140.dll
0x00007ffc4c8e0000 - 0x00007ffc4c8f8000 	C:\Program Files\Android\Android Studio\jbr\bin\jli.dll
0x00007ffc5d890000 - 0x00007ffc5da57000 	C:\Windows\System32\USER32.dll
0x00007ffc5b740000 - 0x00007ffc5b767000 	C:\Windows\System32\win32u.dll
0x00007ffc41810000 - 0x00007ffc41aa2000 	C:\Windows\WinSxS\amd64_microsoft.windows.common-controls_6595b64144ccf1df_6.0.26100.8875_none_3e0d5d42e32fe9dd\COMCTL32.dll
0x00007ffc5d5e0000 - 0x00007ffc5d689000 	C:\Windows\System32\msvcrt.dll
0x00007ffc5c900000 - 0x00007ffc5c92b000 	C:\Windows\System32\GDI32.dll
0x00007ffc5b770000 - 0x00007ffc5b89a000 	C:\Windows\System32\gdi32full.dll
0x00007ffc5c040000 - 0x00007ffc5c0e3000 	C:\Windows\System32\msvcp_win.dll
0x00007ffc5d570000 - 0x00007ffc5d5a2000 	C:\Windows\System32\IMM32.DLL
0x00007ffc558f0000 - 0x00007ffc558fc000 	C:\Program Files\Android\Android Studio\jbr\bin\vcruntime140_1.dll
0x00007ffc479c0000 - 0x00007ffc47a4d000 	C:\Program Files\Android\Android Studio\jbr\bin\msvcp140.dll
0x00007ffbd6eb0000 - 0x00007ffbd7b46000 	C:\Program Files\Android\Android Studio\jbr\bin\server\jvm.dll
0x00007ffc5d740000 - 0x00007ffc5d7f7000 	C:\Windows\System32\ADVAPI32.dll
0x00007ffc5d690000 - 0x00007ffc5d73a000 	C:\Windows\System32\sechost.dll
0x00007ffc5e030000 - 0x00007ffc5e148000 	C:\Windows\System32\RPCRT4.dll
0x00007ffc5e2f0000 - 0x00007ffc5e370000 	C:\Windows\System32\WS2_32.dll
0x00007ffc5b440000 - 0x00007ffc5b49e000 	C:\Windows\SYSTEM32\POWRPROF.dll
0x00007ffc55c10000 - 0x00007ffc55c46000 	C:\Windows\SYSTEM32\WINMM.dll
0x00007ffc4da30000 - 0x00007ffc4da3b000 	C:\Windows\SYSTEM32\VERSION.dll
0x00007ffc5b420000 - 0x00007ffc5b434000 	C:\Windows\SYSTEM32\UMPDC.dll
0x00007ffc5a2a0000 - 0x00007ffc5a2bb000 	C:\Windows\SYSTEM32\kernel.appcore.dll
0x00007ffc558e0000 - 0x00007ffc558ea000 	C:\Program Files\Android\Android Studio\jbr\bin\jimage.dll
0x00007ffc58a80000 - 0x00007ffc58cc2000 	C:\Windows\SYSTEM32\DBGHELP.DLL
0x00007ffc5d120000 - 0x00007ffc5d4a3000 	C:\Windows\System32\combase.dll
0x00007ffc5da60000 - 0x00007ffc5db39000 	C:\Windows\System32\OLEAUT32.dll
0x00007ffc55bd0000 - 0x00007ffc55c0b000 	C:\Windows\SYSTEM32\dbgcore.DLL
0x00007ffc5bef0000 - 0x00007ffc5bf9c000 	C:\Windows\System32\bcryptPrimitives.dll
0x00007ffc559b0000 - 0x00007ffc559be000 	C:\Program Files\Android\Android Studio\jbr\bin\instrument.dll
0x00007ffc4dea0000 - 0x00007ffc4dec0000 	C:\Program Files\Android\Android Studio\jbr\bin\java.dll
0x00007ffc4de80000 - 0x00007ffc4de98000 	C:\Program Files\Android\Android Studio\jbr\bin\zip.dll
0x00007ffc5c930000 - 0x00007ffc5d0c2000 	C:\Windows\System32\SHELL32.dll
0x00007ffc59050000 - 0x00007ffc598e2000 	C:\Windows\SYSTEM32\windows.storage.dll
0x00007ffc5dd50000 - 0x00007ffc5de47000 	C:\Windows\System32\SHCORE.dll
0x00007ffc5c890000 - 0x00007ffc5c8f7000 	C:\Windows\System32\shlwapi.dll
0x00007ffc5b500000 - 0x00007ffc5b529000 	C:\Windows\SYSTEM32\profapi.dll
0x00007ffc558d0000 - 0x00007ffc558e0000 	C:\Program Files\Android\Android Studio\jbr\bin\net.dll
0x00007ffc4c620000 - 0x00007ffc4c747000 	C:\Windows\SYSTEM32\WINHTTP.dll
0x00007ffc5a870000 - 0x00007ffc5a8dc000 	C:\Windows\system32\mswsock.dll
0x00007ffc4de60000 - 0x00007ffc4de76000 	C:\Program Files\Android\Android Studio\jbr\bin\nio.dll
0x00007ffc4c970000 - 0x00007ffc4c980000 	C:\Program Files\Android\Android Studio\jbr\bin\verify.dll
0x00007ffc55970000 - 0x00007ffc55997000 	C:\Users\ak759\.gradle\native\1def1411415f61bf3af743bc5b6707747c0891f09f0c88961ee8f79bc544acac\windows-amd64\native-platform.dll
0x00007ffc4c860000 - 0x00007ffc4c8d8000 	C:\Users\ak759\.gradle\native\0.2.7\x86_64-windows-gnu\gradle-fileevents.dll
0x00007ffc4c9c0000 - 0x00007ffc4c9c9000 	C:\Program Files\Android\Android Studio\jbr\bin\management.dll
0x00007ffc4c9b0000 - 0x00007ffc4c9bb000 	C:\Program Files\Android\Android Studio\jbr\bin\management_ext.dll
0x00007ffc5dc40000 - 0x00007ffc5dc48000 	C:\Windows\System32\PSAPI.DLL
0x00007ffc59c90000 - 0x00007ffc59cc3000 	C:\Windows\SYSTEM32\IPHLPAPI.DLL
0x00007ffc5d5d0000 - 0x00007ffc5d5da000 	C:\Windows\System32\NSI.dll
0x00007ffc4de50000 - 0x00007ffc4de59000 	C:\Program Files\Android\Android Studio\jbr\bin\extnet.dll
0x00007ffc5ab70000 - 0x00007ffc5ab8b000 	C:\Windows\SYSTEM32\CRYPTSP.dll
0x00007ffc5a200000 - 0x00007ffc5a239000 	C:\Windows\system32\rsaenh.dll
0x00007ffc5a930000 - 0x00007ffc5a962000 	C:\Windows\SYSTEM32\USERENV.dll
0x00007ffc5b4d0000 - 0x00007ffc5b4fa000 	C:\Windows\SYSTEM32\bcrypt.dll
0x00007ffc5ab90000 - 0x00007ffc5ab9c000 	C:\Windows\SYSTEM32\CRYPTBASE.dll
0x00007ffbf8930000 - 0x00007ffbf8938000 	C:\Windows\system32\wshunix.dll
0x00007ffbf7a30000 - 0x00007ffbf7a48000 	C:\Windows\system32\napinsp.dll
0x00007ffc4b480000 - 0x00007ffc4b496000 	C:\Windows\system32\wshbth.dll
0x00007ffbf7a50000 - 0x00007ffbf7a72000 	C:\Windows\system32\nlansp_c.dll
0x00007ffc59d30000 - 0x00007ffc59e86000 	C:\Windows\SYSTEM32\DNSAPI.dll
0x00007ffc5a670000 - 0x00007ffc5a67d000 	C:\Windows\SYSTEM32\DSPARSE.dll
0x00007ffbf7a80000 - 0x00007ffbf7a93000 	C:\Windows\System32\winrnr.dll
0x00007ffc4da40000 - 0x00007ffc4da4b000 	C:\Windows\System32\rasadhlp.dll
0x00007ffc4ec80000 - 0x00007ffc4ed06000 	C:\Windows\System32\fwpuclnt.dll

JVMTI agents:
C:\Users\ak759\.gradle\wrapper\dists\gradle-8.13-bin\5xuhj0ry160q40clulazy9h7d\gradle-8.13\lib\agents\gradle-instrumentation-agent-8.13.jar path:C:\Program Files\Android\Android Studio\jbr\bin\instrument.dll, loaded, initialized, instrumentlib options:none

dbghelp: loaded successfully - version: 4.0.5 - missing functions: none
symbol engine: initialized successfully - sym options: 0x614 - pdb path: .;C:\Program Files\Android\Android Studio\jbr\bin;C:\Windows\SYSTEM32;C:\Windows\WinSxS\amd64_microsoft.windows.common-controls_6595b64144ccf1df_6.0.26100.8875_none_3e0d5d42e32fe9dd;C:\Program Files\Android\Android Studio\jbr\bin\server;C:\Users\ak759\.gradle\native\1def1411415f61bf3af743bc5b6707747c0891f09f0c88961ee8f79bc544acac\windows-amd64;C:\Users\ak759\.gradle\native\0.2.7\x86_64-windows-gnu

VM Arguments:
jvm_args: --add-opens=java.base/java.lang=ALL-UNNAMED --add-opens=java.base/java.lang.invoke=ALL-UNNAMED --add-opens=java.base/java.util=ALL-UNNAMED --add-opens=java.prefs/java.util.prefs=ALL-UNNAMED --add-exports=jdk.compiler/com.sun.tools.javac.api=ALL-UNNAMED --add-exports=jdk.compiler/com.sun.tools.javac.util=ALL-UNNAMED --add-opens=java.base/java.util=ALL-UNNAMED --add-opens=java.prefs/java.util.prefs=ALL-UNNAMED --add-opens=java.base/java.nio.charset=ALL-UNNAMED --add-opens=java.base/java.net=ALL-UNNAMED --add-opens=java.base/java.util.concurrent.atomic=ALL-UNNAMED --add-opens=java.xml/javax.xml.namespace=ALL-UNNAMED -XX:+UseG1GC -Xmx1024m -Dfile.encoding=UTF-8 -Duser.country=IN -Duser.language=en -Duser.variant -javaagent:C:\Users\ak759\.gradle\wrapper\dists\gradle-8.13-bin\5xuhj0ry160q40clulazy9h7d\gradle-8.13\lib\agents\gradle-instrumentation-agent-8.13.jar 
java_command: org.gradle.launcher.daemon.bootstrap.GradleDaemon 8.13
java_class_path (initial): C:\Users\ak759\.gradle\wrapper\dists\gradle-8.13-bin\5xuhj0ry160q40clulazy9h7d\gradle-8.13\lib\gradle-daemon-main-8.13.jar
Launcher Type: SUN_STANDARD

[Global flags]
     intx CICompilerCount                          = 3                                         {product} {ergonomic}
     uint ConcGCThreads                            = 1                                         {product} {ergonomic}
     uint G1ConcRefinementThreads                  = 4                                         {product} {ergonomic}
   size_t G1HeapRegionSize                         = 1048576                                   {product} {ergonomic}
    uintx GCDrainStackTargetSize                   = 64                                        {product} {ergonomic}
   size_t InitialHeapSize                          = 132120576                                 {product} {ergonomic}
   size_t MarkStackSize                            = 4194304                                   {product} {ergonomic}
   size_t MaxHeapSize                              = 1073741824                                {product} {command line}
   size_t MaxNewSize                               = 643825664                                 {product} {ergonomic}
   size_t MinHeapDeltaBytes                        = 1048576                                   {product} {ergonomic}
   size_t MinHeapSize                              = 8388608                                   {product} {ergonomic}
    uintx NonNMethodCodeHeapSize                   = 5832780                                {pd product} {ergonomic}
    uintx NonProfiledCodeHeapSize                  = 122912730                              {pd product} {ergonomic}
    uintx ProfiledCodeHeapSize                     = 122912730                              {pd product} {ergonomic}
    uintx ReservedCodeCacheSize                    = 251658240                              {pd product} {ergonomic}
     bool SegmentedCodeCache                       = true                                      {product} {ergonomic}
   size_t SoftMaxHeapSize                          = 1073741824                             {manageable} {ergonomic}
     bool UseCompressedOops                        = true                           {product lp64_product} {ergonomic}
     bool UseG1GC                                  = true                                      {product} {command line}
     bool UseLargePagesIndividualAllocation        = false                                  {pd product} {ergonomic}

Logging:
Log output configuration:
 #0: stdout all=warning uptime,level,tags foldmultilines=false
 #1: stderr all=off uptime,level,tags foldmultilines=false

Release file:
JAVA_VERSION="21.0.10" 
MODULES="java.base java.compiler java.datatransfer java.xml java.prefs java.desktop java.instrument java.logging java.management java.security.sasl java.naming java.rmi java.management.rmi java.net.http java.scripting java.security.jgss java.transaction.xa java.sql java.sql.rowset java.xml.crypto java.se java.smartcardio jdk.accessibility jdk.internal.jvmstat jdk.attach jdk.charsets jdk.internal.opt jdk.zipfs jdk.compiler jdk.crypto.ec jdk.crypto.cryptoki jdk.dynalink jdk.hotspot.agent jdk.httpserver jdk.internal.ed jdk.internal.le jdk.internal.vm.ci jdk.jartool jdk.javadoc jdk.jcmd jdk.jdeps jdk.jdwp.agent jdk.jdi jdk.jfr jdk.jlink jdk.jsobject jdk.localedata jdk.management jdk.management.agent jdk.management.jfr jdk.naming.dns jdk.naming.rmi jdk.net jdk.sctp jdk.security.auth jdk.security.jgss jdk.unsupported jdk.unsupported.desktop jdk.xml.dom" 
IMPLEMENTOR="JetBrains s.r.o." 
JAVA_RUNTIME_VERSION="21.0.10+-14961533-b1163.108" 
LIBC="default" 
OS_ARCH="x86_64" 
OS_NAME="Windows" 
SOURCE=".:git:1351622c2ff2" 

Environment Variables:
PATH=C:\Windows\system32;C:\Windows;C:\Windows\System32\Wbem;C:\Windows\System32\WindowsPowerShell\v1.0\;C:\Windows\System32\OpenSSH\;C:\Program Files\Git\cmd;C:\MinGW\bin;C:\Users\ak759\AppData\Local\Microsoft\WindowsApps;C:\Users\ak759\AppData\Local\Programs\Microsoft VS Code\bin;D:\Downloads\winlibs-x86_64-posix-seh-gcc-16.1.0-mingw-w64ucrt-14.0.0-r3\mingw64\bin;
USERNAME=ak759
OS=Windows_NT
PROCESSOR_IDENTIFIER=Intel64 Family 6 Model 140 Stepping 1, GenuineIntel
TMP=C:\Users\ak759\AppData\Local\Temp
TEMP=C:\Users\ak759\AppData\Local\Temp




Periodic native trim disabled

JNI global refs:
JNI global refs: 26, weak refs: 0

JNI global refs memory usage: 835, weak refs: 833

Process memory usage:
Resident Set Size: 573188K (7% of 8166712K total physical memory with 968780K free physical memory)

OOME stack traces (most recent first):
Classloader memory used:
Loader org.gradle.internal.classloader.VisitableURLClassLoader                         : 43966K
Loader org.gradle.internal.classloader.VisitableURLClassLoader$InstrumentingVisitableURLClassLoader: 33620K
Loader bootstrap                                                                       : 30021K
Loader org.gradle.initialization.MixInLegacyTypesClassLoader                           : 13892K
Loader org.gradle.internal.classloader.VisitableURLClassLoader                         : 6322K
Loader jdk.internal.loader.ClassLoaders$PlatformClassLoader                            : 535K
Loader jdk.internal.reflect.DelegatingClassLoader                                      : 528K
Loader jdk.internal.loader.ClassLoaders$AppClassLoader                                 : 235K
Loader org.gradle.groovy.scripts.internal.DefaultScriptCompilationHandler$ScriptClassLoader: 92408B
Loader org.codehaus.groovy.runtime.callsite.CallSiteClassLoader                        : 49032B

Classes loaded by more than one classloader:
Class Program                                                                         : loaded 5 times (x 72B)
Class com.google.common.collect.UnmodifiableIterator                                  : loaded 4 times (x 80B)
Class com.google.common.collect.UnmodifiableListIterator                              : loaded 4 times (x 95B)
Class com.google.common.collect.ImmutableList                                         : loaded 4 times (x 206B)
Class com.google.common.collect.Iterators                                             : loaded 4 times (x 71B)
Class com.google.common.collect.Lists$StringAsImmutableList                           : loaded 4 times (x 207B)
Class com.google.common.collect.AbstractIterator                                      : loaded 4 times (x 82B)
Class com.google.common.collect.AbstractIndexedListIterator                           : loaded 4 times (x 96B)
Class com.google.common.collect.PeekingIterator                                       : loaded 4 times (x 70B)
Class com.google.common.collect.Iterators$MergingIterator                             : loaded 4 times (x 81B)
Class com.google.common.base.Preconditions                                            : loaded 4 times (x 71B)
Class com.google.common.collect.Iterators$1                                           : loaded 4 times (x 81B)
Class com.google.common.collect.Iterators$4                                           : loaded 4 times (x 82B)
Class com.google.common.collect.Iterators$5                                           : loaded 4 times (x 82B)
Class com.google.common.collect.ImmutableCollection                                   : loaded 4 times (x 125B)
Class com.google.common.collect.Lists                                                 : loaded 4 times (x 71B)
Class com.google.common.collect.Iterators$9                                           : loaded 4 times (x 81B)
Class com.google.common.collect.Iterators$ArrayItr                                    : loaded 4 times (x 97B)
Class org.gradle.internal.Cast                                                        : loaded 3 times (x 71B)
Class com.google.common.collect.ImmutableSet                                          : loaded 3 times (x 145B)
Class com.google.common.collect.ImmutableRangeSet$Builder                             : loaded 3 times (x 77B)
Class Build_gradle$1                                                                  : loaded 3 times (x 74B)
Class com.google.common.collect.RegularImmutableList                                  : loaded 3 times (x 213B)
Class com.google.common.base.Function                                                 : loaded 3 times (x 70B)
Class com.google.common.collect.RegularImmutableSortedSet                             : loaded 3 times (x 300B)
Class com.google.common.collect.RegularImmutableSet                                   : loaded 3 times (x 149B)
Class com.google.common.collect.ImmutableList$1                                       : loaded 3 times (x 97B)
Class com.google.common.collect.ImmutableSortedSet                                    : loaded 3 times (x 300B)
Class org.gradle.api.Action                                                           : loaded 3 times (x 70B)
Class com.google.common.base.Predicate                                                : loaded 3 times (x 70B)
Class com.google.common.collect.ImmutableSet$CachingAsList                            : loaded 3 times (x 148B)
Class com.google.common.collect.AbstractRangeSet                                      : loaded 3 times (x 114B)
Class org.gradle.api.GradleException                                                  : loaded 3 times (x 82B)
Class org.gradle.internal.IoActions                                                   : loaded 3 times (x 71B)
Class com.google.common.collect.ImmutableRangeSet$ComplementRanges                    : loaded 3 times (x 207B)
Class com.google.common.collect.SortedIterable                                        : loaded 3 times (x 70B)
Class com.google.common.collect.SingletonImmutableSet                                 : loaded 3 times (x 146B)
Class com.google.common.collect.ImmutableSet$RegularSetBuilderImpl                    : loaded 3 times (x 77B)
Class com.google.common.collect.ImmutableList$ReverseImmutableList                    : loaded 3 times (x 209B)
Class com.google.common.collect.SingletonImmutableList                                : loaded 3 times (x 207B)
Class com.google.common.base.Joiner$1                                                 : loaded 3 times (x 80B)
Class com.google.common.collect.Multimap                                              : loaded 3 times (x 70B)
Class com.google.common.collect.RangeGwtSerializationDependencies                     : loaded 3 times (x 71B)
Class com.google.common.base.Joiner$2                                                 : loaded 3 times (x 79B)
Class com.google.common.collect.RangeSet                                              : loaded 3 times (x 70B)
Class Build_gradle                                                                    : loaded 3 times (x 130B)
Class com.google.common.collect.ImmutableSet$SetBuilderImpl                           : loaded 3 times (x 76B)
Class com.google.common.collect.Range                                                 : loaded 3 times (x 87B)
Class com.google.common.collect.RegularImmutableAsList                                : loaded 3 times (x 217B)
Class com.google.common.collect.ImmutableRangeSet$1                                   : loaded 3 times (x 210B)
Class com.google.common.collect.ImmutableList$Builder                                 : loaded 3 times (x 77B)
Class com.google.common.collect.Iterators$SingletonIterator                           : loaded 3 times (x 81B)
Class com.google.common.collect.ImmutableList$SubList                                 : loaded 3 times (x 209B)
Class com.google.common.base.Joiner                                                   : loaded 3 times (x 79B)
Class com.google.common.collect.ImmutableCollection$Builder                           : loaded 3 times (x 76B)
Class com.google.common.collect.ImmutableAsList                                       : loaded 3 times (x 209B)
Class com.google.common.collect.ImmutableRangeSet$AsSet                               : loaded 3 times (x 300B)
Class com.google.common.collect.ImmutableRangeSet                                     : loaded 3 times (x 115B)
Class com.intellij.util.containers.IntObjectHashMap$ArrayProducer                     : loaded 2 times (x 70B)
Class org.gradle.internal.classloader.DefaultClassLoaderFactory                       : loaded 2 times (x 82B)
Class com.google.gson.internal.bind.TypeAdapters$32                                   : loaded 2 times (x 76B)
Class com.google.common.collect.ReverseNaturalOrdering                                : loaded 2 times (x 114B)
Class kotlin.text.MatcherMatchResult$groupValues$1                                    : loaded 2 times (x 198B)
Class kotlin.sequences.SequencesKt___SequencesKt                                      : loaded 2 times (x 71B)
Class kotlin.collections.AbstractList$Companion                                       : loaded 2 times (x 71B)
Class org.gradle.internal.classloader.ClassLoaderVisitor                              : loaded 2 times (x 76B)
Class com.google.gson.internal.bind.ObjectTypeAdapter                                 : loaded 2 times (x 74B)
Class [Lcom.google.common.collect.ImmutableMapEntry;                                  : loaded 2 times (x 69B)
Class [Lcom.android.ide.common.repository.AgpVersion$PreviewKind;                     : loaded 2 times (x 69B)
Class org.jetbrains.plugins.gradle.tooling.serialization.internal.IdeaProjectSerializationService: loaded 2 times (x 77B)
Class com.google.common.collect.Ordering                                              : loaded 2 times (x 114B)
Class kotlin.sequences.SequencesKt___SequencesKt$flatMap$2                            : loaded 2 times (x 125B)
Class org.gradle.api.internal.classpath.EffectiveClassPath                            : loaded 2 times (x 90B)
Class com.android.builder.model.v2.models.AndroidDsl                                  : loaded 2 times (x 70B)
Class org.jetbrains.kotlin.idea.gradleTooling.AndroidAwareGradleModelProvider$Companion: loaded 2 times (x 71B)
Class com.google.common.collect.ListMultimap                                          : loaded 2 times (x 70B)
Class com.google.common.collect.ImmutableEnumMap                                      : loaded 2 times (x 126B)
Class sync_studio_tooling4244_3nrk31nkvjoi8z25ujs4a7nxp                               : loaded 2 times (x 179B)
Class kotlin.text.StringsKt__AppendableKt                                             : loaded 2 times (x 71B)
Class org.gradle.tooling.internal.gradle.DefaultProjectIdentifier                     : loaded 2 times (x 86B)
Class com.google.common.collect.Sets$1                                                : loaded 2 times (x 139B)
Class org.objectweb.asm.AnnotationVisitor                                             : loaded 2 times (x 78B)
Class com.google.gson.internal.bind.TypeAdapters                                      : loaded 2 times (x 71B)
Class com.google.gson.FormattingStyle                                                 : loaded 2 times (x 78B)
Class com.google.gson.FieldNamingPolicy                                               : loaded 2 times (x 83B)
Class com.intellij.gradle.toolingExtension.impl.model.buildScriptClasspathModel.GradleBuildScriptClasspathSerializationService$ReadContext: loaded 2 times (x 72B)
Class com.google.common.collect.ComparatorOrdering                                    : loaded 2 times (x 115B)
Class org.gradle.api.internal.DefaultClassPathProvider                                : loaded 2 times (x 76B)
Class com.android.builder.model.v2.models.BasicAndroidProject                         : loaded 2 times (x 70B)
Class com.google.common.collect.Sets$2                                                : loaded 2 times (x 139B)
Class com.google.gson.JsonArray                                                       : loaded 2 times (x 100B)
Class com.google.gson.FieldNamingStrategy                                             : loaded 2 times (x 70B)
Class kotlin.text.StringsKt__StringNumberConversionsJVMKt                             : loaded 2 times (x 71B)
Class com.google.common.collect.NaturalOrdering                                       : loaded 2 times (x 115B)
Class kotlin.text.MatchResult                                                         : loaded 2 times (x 70B)
Class kotlin.sequences.SequenceScope                                                  : loaded 2 times (x 73B)
Class kotlin.sequences.Sequence                                                       : loaded 2 times (x 70B)
Class org.gradle.tooling.ToolingModelContract                                         : loaded 2 times (x 70B)
Class [Lorg.gradle.api.internal.ClassPathProvider;                                    : loaded 2 times (x 69B)
Class org.gradle.api.internal.ClassPathProvider                                       : loaded 2 times (x 70B)
Class [Lorg.objectweb.asm.AnnotationVisitor;                                          : loaded 2 times (x 69B)
Class com.google.common.collect.Sets$3                                                : loaded 2 times (x 139B)
Class com.google.common.util.concurrent.AbstractFuture$SafeAtomicHelper               : loaded 2 times (x 79B)
Class com.google.common.cache.LocalCache$LocalLoadingCache                            : loaded 2 times (x 134B)
Class kotlin.collections.CollectionsKt___CollectionsKt$asSequence$$inlined$Sequence$1 : loaded 2 times (x 75B)
Class org.gradle.internal.service.UnknownServiceException                             : loaded 2 times (x 83B)
Class com.google.common.collect.Sets$4                                                : loaded 2 times (x 139B)
Class org.objectweb.asm.ModuleVisitor                                                 : loaded 2 times (x 81B)
Class com.google.common.cache.LocalCache$Strength$1                                   : loaded 2 times (x 81B)
Class org.jetbrains.kotlin.idea.gradleTooling.model.kapt.KaptGradleModel              : loaded 2 times (x 70B)
Class org.jetbrains.kotlin.idea.gradleTooling.KotlinDslScriptAdditionalTask           : loaded 2 times (x 70B)
Class org.jetbrains.plugins.gradle.model.ClasspathEntryModel                          : loaded 2 times (x 70B)
Class com.google.common.util.concurrent.SettableFuture                                : loaded 2 times (x 114B)
Class com.google.common.cache.LocalCache$Strength$2                                   : loaded 2 times (x 81B)
Class org.jetbrains.plugins.gradle.tooling.serialization.GradleExtensionsSerializationService: loaded 2 times (x 77B)
Class org.gradle.api.JavaVersion                                                      : loaded 2 times (x 79B)
Class org.gradle.tooling.model.Dependency                                             : loaded 2 times (x 70B)
Class com.android.builder.model.v2.ide.AbstractArtifact                               : loaded 2 times (x 70B)
Class com.google.common.cache.LocalCache$Strength$3                                   : loaded 2 times (x 81B)
Class com.google.common.collect.MapDifference                                         : loaded 2 times (x 70B)
Class com.intellij.openapi.externalSystem.model.project.dependencies.ResolutionState  : loaded 2 times (x 79B)
Class kotlin.text.StringsKt__RegexExtensionsJVMKt                                     : loaded 2 times (x 71B)
Class com.google.common.collect.AllEqualOrdering                                      : loaded 2 times (x 114B)
Class kotlin.collections.ArraysKt___ArraysJvmKt                                       : loaded 2 times (x 71B)
Class kotlin.collections.CollectionsKt__CollectionsKt                                 : loaded 2 times (x 71B)
Class org.objectweb.asm.FieldWriter                                                   : loaded 2 times (x 78B)
Class com.google.common.cache.CacheBuilder$NullListener                               : loaded 2 times (x 82B)
Class com.google.gson.LongSerializationPolicy                                         : loaded 2 times (x 80B)
Class kotlin.text.Regex$Companion                                                     : loaded 2 times (x 71B)
Class org.gradle.internal.classpath.TransformedClassPath                              : loaded 2 times (x 96B)
Class org.gradle.internal.classloader.InstrumentingClassLoader                        : loaded 2 times (x 70B)
Class com.google.gson.JsonSyntaxException                                             : loaded 2 times (x 82B)
Class com.google.common.cache.CacheLoader$FunctionToCacheLoader                       : loaded 2 times (x 75B)
Class com.google.gson.internal.bind.TypeAdapters$31                                   : loaded 2 times (x 76B)
Class com.google.gson.internal.bind.JsonAdapterAnnotationTypeAdapterFactory$DummyTypeAdapterFactory: loaded 2 times (x 75B)
Class kotlin.jvm.internal.FunctionReference                                           : loaded 2 times (x 122B)
Class [Lkotlin.coroutines.intrinsics.CoroutineSingletons;                             : loaded 2 times (x 69B)
Class kotlin.jvm.internal.FunctionBase                                                : loaded 2 times (x 70B)
Class kotlin.enums.EnumEntriesList                                                    : loaded 2 times (x 223B)
Class com.google.common.base.Suppliers                                                : loaded 2 times (x 71B)
Class com.google.common.base.MoreObjects                                              : loaded 2 times (x 71B)
Class com.google.gson.internal.bind.DefaultDateTypeAdapter                            : loaded 2 times (x 74B)
Class com.google.gson.GsonBuilder                                                     : loaded 2 times (x 72B)
Class kotlin.comparisons.ComparisonsKt___ComparisonsJvmKt                             : loaded 2 times (x 71B)
Class kotlin.collections.CollectionsKt__IteratorsJVMKt                                : loaded 2 times (x 71B)
Class com.android.builder.model.v2.ide.TestInfo$Execution                             : loaded 2 times (x 79B)
Class com.google.gson.internal.Primitives                                             : loaded 2 times (x 71B)
Class com.google.common.collect.Platform                                              : loaded 2 times (x 71B)
Class [Lorg.objectweb.asm.Type;                                                       : loaded 2 times (x 69B)
Class com.google.gson.stream.JsonWriter                                               : loaded 2 times (x 98B)
Class [Lcom.google.common.cache.CacheBuilder$OneWeigher;                              : loaded 2 times (x 69B)
Class org.jetbrains.kotlin.idea.gradleTooling.KotlinSourceSetContainer                : loaded 2 times (x 70B)
Class org.jetbrains.plugins.gradle.model.IntelliJSettings                             : loaded 2 times (x 70B)
Class kotlin.Result                                                                   : loaded 2 times (x 72B)
Class org.gradle.internal.service.ServiceLocator                                      : loaded 2 times (x 70B)
Class com.google.common.base.Ascii                                                    : loaded 2 times (x 71B)
Class com.google.common.collect.SingletonImmutableBiMap                               : loaded 2 times (x 143B)
Class com.google.common.cache.LocalCache$1                                            : loaded 2 times (x 89B)
Class com.google.gson.internal.bind.TypeAdapterRuntimeTypeWrapper                     : loaded 2 times (x 74B)
Class org.objectweb.asm.MethodTooLargeException                                       : loaded 2 times (x 83B)
Class com.google.common.collect.AbstractMapEntry                                      : loaded 2 times (x 81B)
Class com.intellij.gradle.toolingExtension.util.GradleVersionUtil                     : loaded 2 times (x 71B)
Class com.android.ide.gradle.model.GradlePropertiesModel                              : loaded 2 times (x 70B)
Class kotlin.sequences.TransformingSequence$iterator$1                                : loaded 2 times (x 79B)
Class kotlin.Pair                                                                     : loaded 2 times (x 72B)
Class org.gradle.tooling.internal.adapter.ProtocolToModelAdapter$SupportedPropertyInvoker: loaded 2 times (x 76B)
Class org.gradle.tooling.model.UnsupportedMethodException                             : loaded 2 times (x 82B)
Class com.android.builder.model.v2.ide.BytecodeTransformation                         : loaded 2 times (x 79B)
Class com.google.common.collect.Sets$ImprovedAbstractSet                              : loaded 2 times (x 135B)
Class com.google.common.base.Platform$JdkPatternCompiler                              : loaded 2 times (x 75B)
Class com.google.common.collect.AbstractMultimap                                      : loaded 2 times (x 123B)
Class com.google.common.cache.LocalCache$2                                            : loaded 2 times (x 142B)
Class kotlin.collections.CollectionsKt__MutableCollectionsKt                          : loaded 2 times (x 71B)
Class com.android.builder.model.v2.ide.CodeShrinker                                   : loaded 2 times (x 79B)
Class org.gradle.internal.operations.MultipleBuildOperationFailures                   : loaded 2 times (x 95B)
Class com.google.common.util.concurrent.AbstractFuture$UnsafeAtomicHelper$1           : loaded 2 times (x 76B)
Class com.google.gson.internal.bind.MapTypeAdapterFactory$Adapter                     : loaded 2 times (x 74B)
Class com.google.gson.internal.sql.SqlTimeTypeAdapter$1                               : loaded 2 times (x 75B)
Class org.gradle.tooling.internal.adapter.MethodInvocation                            : loaded 2 times (x 85B)
Class org.jetbrains.plugins.gradle.tooling.serialization.AnnotationProcessingModelSerializationService$WriteContext: loaded 2 times (x 72B)
Class kotlin.io.TerminateException                                                    : loaded 2 times (x 82B)
Class kotlin.io.FilesKt__FilePathComponentsKt                                         : loaded 2 times (x 71B)
Class kotlin.reflect.KCallable                                                        : loaded 2 times (x 70B)
Class kotlin.sequences.TransformingSequence                                           : loaded 2 times (x 75B)
Class com.google.common.util.concurrent.AbstractFuture$Trusted                        : loaded 2 times (x 70B)
Class com.google.gson.TypeAdapterFactory                                              : loaded 2 times (x 70B)
Class com.intellij.compose.ide.plugin.gradleTooling.rt.ComposeResourcesModel          : loaded 2 times (x 70B)
Class org.jetbrains.plugins.gradle.tooling.serialization.ProjectDependenciesSerializationService$WriteContext: loaded 2 times (x 72B)
Class org.jetbrains.plugins.gradle.tooling.serialization.ProjectDependenciesSerializationService: loaded 2 times (x 77B)
Class kotlin.text.CharsKt                                                             : loaded 2 times (x 71B)
Class org.gradle.tooling.model.kotlin.dsl.KotlinDslScriptModel                        : loaded 2 times (x 70B)
Class org.gradle.tooling.internal.adapter.CollectionMapper                            : loaded 2 times (x 73B)
Class com.google.gson.internal.bind.JsonTreeReader                                    : loaded 2 times (x 98B)
Class com.google.common.util.concurrent.UncheckedExecutionException                   : loaded 2 times (x 82B)
Class com.google.gson.internal.bind.DefaultDateTypeAdapter$DateType                   : loaded 2 times (x 73B)
Class org.gradle.kotlin.dsl.VersionCatalogAccessorsKt                                 : loaded 2 times (x 71B)
Class com.google.common.collect.ExplicitOrdering                                      : loaded 2 times (x 115B)
Class com.google.gson.internal.bind.ReflectiveTypeAdapterFactory$1                    : loaded 2 times (x 74B)
Class gnu.trove.THash                                                                 : loaded 2 times (x 81B)
Class com.intellij.gradle.toolingExtension.impl.model.buildScriptClasspathModel.GradleBuildScriptClasspathSerializationService$WriteContext: loaded 2 times (x 72B)
Class org.gradle.tooling.internal.adapter.ProtocolToModelAdapter                      : loaded 2 times (x 80B)
Class org.gradle.internal.InternalTransformer                                         : loaded 2 times (x 70B)
Class com.android.builder.model.v2.ide.AndroidGradlePluginProjectFlags$BooleanFlag    : loaded 2 times (x 79B)
Class com.google.common.collect.AbstractMapBasedMultimap$KeySet$1                     : loaded 2 times (x 82B)
Class org.objectweb.asm.ClassWriter                                                   : loaded 2 times (x 106B)
Class com.google.common.cache.CacheLoader$UnsupportedLoadingOperationException        : loaded 2 times (x 82B)
Class com.google.common.base.CharMatcher$And                                          : loaded 2 times (x 112B)
Class com.google.gson.internal.bind.ReflectiveTypeAdapterFactory$2                    : loaded 2 times (x 79B)
Class kotlin.collections.MapsKt__MapsJVMKt                                            : loaded 2 times (x 71B)
Class kotlin.collections.EmptyList                                                    : loaded 2 times (x 174B)
Class org.gradle.internal.time.DefaultTimer                                           : loaded 2 times (x 80B)
Class org.gradle.internal.classloader.ClasspathUtil$1                                 : loaded 2 times (x 76B)
Class org.objectweb.asm.FieldVisitor                                                  : loaded 2 times (x 77B)
Class com.google.gson.ToNumberStrategy                                                : loaded 2 times (x 70B)
Class com.google.gson.TypeAdapter                                                     : loaded 2 times (x 73B)
Class com.google.common.collect.IndexedImmutableSet                                   : loaded 2 times (x 152B)
Class com.google.common.collect.ImmutableMap$1                                        : loaded 2 times (x 81B)
Class com.google.common.collect.BiMap                                                 : loaded 2 times (x 70B)
Class org.gradle.tooling.internal.adapter.ProtocolToModelAdapter$ViewKey              : loaded 2 times (x 72B)
Class org.gradle.api.internal.classpath.DefaultModuleRegistry$DefaultModule           : loaded 2 times (x 86B)
Class com.android.builder.model.v2.CustomSourceDirectory                              : loaded 2 times (x 70B)
Class com.google.common.primitives.Ints                                               : loaded 2 times (x 71B)
Class com.android.ide.common.repository.AgpVersion                                    : loaded 2 times (x 75B)
Class com.google.gson.internal.bind.TypeAdapters$30                                   : loaded 2 times (x 76B)
Class com.google.common.collect.NullsFirstOrdering                                    : loaded 2 times (x 115B)
Class kotlin.ResultKt                                                                 : loaded 2 times (x 71B)
Class org.gradle.tooling.internal.adapter.ProtocolToModelAdapter$PropertyCachingMethodInvoker: loaded 2 times (x 76B)
Class com.android.builder.model.v2.models.ProjectSyncIssues                           : loaded 2 times (x 70B)
Class com.google.common.collect.ObjectArrays                                          : loaded 2 times (x 71B)
Class com.google.common.collect.Multiset                                              : loaded 2 times (x 70B)
Class com.google.common.collect.ArrayListMultimapGwtSerializationDependencies         : loaded 2 times (x 172B)
Class org.objectweb.asm.ClassVisitor                                                  : loaded 2 times (x 88B)
Class com.google.common.math.MathPreconditions                                        : loaded 2 times (x 71B)
Class com.intellij.openapi.externalSystem.model.ExternalSystemException               : loaded 2 times (x 86B)
Class org.jetbrains.plugins.gradle.model.ExternalTask                                 : loaded 2 times (x 70B)
Class kotlin.Result$Failure                                                           : loaded 2 times (x 72B)
Class kotlin.collections.ArraysKt__ArraysKt                                           : loaded 2 times (x 71B)
Class org.gradle.internal.time.DefaultCountdownTimer                                  : loaded 2 times (x 88B)
Class com.google.gson.internal.ObjectConstructor                                      : loaded 2 times (x 70B)
Class com.google.common.collect.ImmutableMapEntrySet                                  : loaded 2 times (x 152B)
Class org.jetbrains.plugins.gradle.model.GradleTaskModel                              : loaded 2 times (x 70B)
Class org.jetbrains.plugins.gradle.tooling.util.ObjectCollector                       : loaded 2 times (x 72B)
Class kotlin.collections.SetsKt__SetsJVMKt                                            : loaded 2 times (x 71B)
Class kotlin.Function                                                                 : loaded 2 times (x 70B)
Class org.gradle.tooling.internal.adapter.ProtocolToModelAdapter$AdaptingMethodInvoker: loaded 2 times (x 76B)
Class org.gradle.tooling.internal.gradle.DefaultBuildIdentifier                       : loaded 2 times (x 79B)
Class org.gradle.api.internal.classpath.Module                                        : loaded 2 times (x 70B)
Class com.google.common.cache.Weigher                                                 : loaded 2 times (x 70B)
Class com.intellij.openapi.externalSystem.model.project.IExternalSystemSourceType     : loaded 2 times (x 70B)
Class kotlin.io.FileAlreadyExistsException                                            : loaded 2 times (x 82B)
Class kotlin.internal.ProgressionUtilKt                                               : loaded 2 times (x 71B)
Class org.gradle.api.internal.classpath.UnknownModuleException                        : loaded 2 times (x 82B)
Class com.google.common.base.Stopwatch                                                : loaded 2 times (x 72B)
Class com.google.common.cache.LocalCache$Strength                                     : loaded 2 times (x 81B)
Class com.google.common.cache.Cache                                                   : loaded 2 times (x 70B)
Class com.intellij.openapi.externalSystem.model.project.dependencies.ProjectDependencies: loaded 2 times (x 70B)
Class org.jetbrains.plugins.gradle.tooling.serialization.ProjectDependenciesSerializationService$ReadContext: loaded 2 times (x 72B)
Class com.google.common.util.concurrent.AbstractFuture$Cancellation                   : loaded 2 times (x 72B)
Class com.google.common.collect.ImmutableMap$Builder                                  : loaded 2 times (x 82B)
Class com.google.common.cache.RemovalListener                                         : loaded 2 times (x 70B)
Class [Lcom.google.gson.ToNumberPolicy;                                               : loaded 2 times (x 69B)
Class com.google.gson.ToNumberPolicy                                                  : loaded 2 times (x 83B)
Class org.jetbrains.plugins.gradle.tooling.serialization.RepositoriesModelSerializationService: loaded 2 times (x 82B)
Class com.android.ide.gradle.model.artifacts.AdditionalClassifierArtifactsModel       : loaded 2 times (x 70B)
Class org.gradle.tooling.internal.gradle.GradleProjectIdentity                        : loaded 2 times (x 70B)
Class org.gradle.api.internal.DefaultClassPathRegistry                                : loaded 2 times (x 76B)
Class com.android.builder.model.v2.ide.JavaArtifact                                   : loaded 2 times (x 70B)
Class com.google.common.primitives.IntsMethodsForWeb                                  : loaded 2 times (x 71B)
Class [Lorg.objectweb.asm.Symbol;                                                     : loaded 2 times (x 69B)
Class org.jetbrains.plugins.gradle.tooling.serialization.RepositoriesModelSerializationService$ReadContext: loaded 2 times (x 72B)
Class kotlin.ranges.ClosedRange                                                       : loaded 2 times (x 70B)
Class org.gradle.api.internal.ClassPathRegistry                                       : loaded 2 times (x 70B)
Class org.gradle.internal.classpath.DefaultClassPath$ImmutableUniqueList              : loaded 2 times (x 199B)
Class com.intellij.gradle.toolingExtension.impl.model.projectModel.GradleExternalProjectSerializationService$WriteContext: loaded 2 times (x 73B)
Class kotlin.text.StringsKt__StringsJVMKt                                             : loaded 2 times (x 71B)
Class kotlin.collections.IntIterator                                                  : loaded 2 times (x 82B)
Class com.google.common.collect.NullnessCasts                                         : loaded 2 times (x 71B)
Class com.android.utils.FileUtils                                                     : loaded 2 times (x 71B)
Class com.android.builder.model.v2.dsl.SigningConfig                                  : loaded 2 times (x 70B)
Class com.android.builder.model.v2.models.AndroidProject                              : loaded 2 times (x 70B)
Class com.android.builder.model.v2.AndroidModel                                       : loaded 2 times (x 70B)
Class com.google.common.cache.CacheBuilder                                            : loaded 2 times (x 72B)
Class com.google.gson.internal.bind.ArrayTypeAdapter$1                                : loaded 2 times (x 75B)
Class com.google.gson.internal.bind.JsonTreeWriter                                    : loaded 2 times (x 98B)
Class com.android.builder.model.v2.ide.AaptOptions$Namespacing                        : loaded 2 times (x 79B)
Class Settings_gradle$1                                                               : loaded 2 times (x 74B)
Class kotlin.text.StringsKt__IndentKt                                                 : loaded 2 times (x 71B)
Class kotlin.collections.SetsKt                                                       : loaded 2 times (x 71B)
Class org.gradle.internal.classpath.ClassPath                                         : loaded 2 times (x 70B)
Class org.gradle.api.UncheckedIOException                                             : loaded 2 times (x 82B)
Class com.google.common.base.JdkPattern                                               : loaded 2 times (x 75B)
Class org.gradle.tooling.internal.adapter.TargetTypeProvider                          : loaded 2 times (x 70B)
Class org.jetbrains.plugins.gradle.tooling.serialization.KotlinDslScriptsModelSerializationService: loaded 2 times (x 81B)
Class kotlin.reflect.KFunction                                                        : loaded 2 times (x 70B)
Class kotlin.collections.ArrayDeque                                                   : loaded 2 times (x 207B)
Class org.objectweb.asm.SymbolTable$Entry                                             : loaded 2 times (x 74B)
Class com.google.common.util.concurrent.AbstractFuture$AtomicHelper                   : loaded 2 times (x 78B)
Class org.jetbrains.kotlin.idea.gradleTooling.KotlinGradleModel                       : loaded 2 times (x 70B)
Class org.jetbrains.plugins.gradle.tooling.serialization.ExternalTestsSerializationService$WriteContext: loaded 2 times (x 72B)
Class kotlin.collections.MapsKt__MapsKt                                               : loaded 2 times (x 71B)
Class com.android.builder.model.v2.ide.Variant                                        : loaded 2 times (x 70B)
Class org.objectweb.asm.Edge                                                          : loaded 2 times (x 72B)
Class com.google.common.base.Suppliers$SupplierOfInstance                             : loaded 2 times (x 79B)
Class com.google.gson.internal.bind.ReflectiveTypeAdapterFactory                      : loaded 2 times (x 75B)
Class com.google.gson.internal.sql.SqlTimestampTypeAdapter                            : loaded 2 times (x 76B)
Class kotlin.ranges.IntProgression$Companion                                          : loaded 2 times (x 71B)
Class org.gradle.tooling.model.Model                                                  : loaded 2 times (x 70B)
Class com.google.common.cache.LocalCache$ComputingValueReference                      : loaded 2 times (x 96B)
Class com.google.gson.internal.sql.SqlDateTypeAdapter$1                               : loaded 2 times (x 75B)
Class org.jetbrains.plugins.gradle.model.GradleExtensions                             : loaded 2 times (x 70B)
Class com.google.common.collect.ImmutableMap$IteratorBasedImmutableMap                : loaded 2 times (x 126B)
Class com.android.ide.gradle.model.composites.BuildMap                                : loaded 2 times (x 70B)
Class kotlin.text.MatchResult$Destructured                                            : loaded 2 times (x 72B)
Class kotlin.Metadata                                                                 : loaded 2 times (x 70B)
Class kotlin.UninitializedPropertyAccessException                                     : loaded 2 times (x 82B)
Class com.android.builder.model.v2.models.Versions                                    : loaded 2 times (x 70B)
Class com.google.common.cache.LocalCache$Segment                                      : loaded 2 times (x 154B)
Class org.jetbrains.plugins.gradle.model.IntelliJProjectSettings                      : loaded 2 times (x 70B)
Class org.gradle.tooling.internal.adapter.ProtocolToModelAdapter$MethodInvocationCache: loaded 2 times (x 73B)
Class org.jetbrains.plugins.gradle.model.AnnotationProcessingModel                    : loaded 2 times (x 70B)
Class com.android.builder.model.v2.models.ndk.NativeModule                            : loaded 2 times (x 70B)
Class com.google.common.collect.AbstractListMultimap                                  : loaded 2 times (x 172B)
Class [Lorg.objectweb.asm.SymbolTable$Entry;                                          : loaded 2 times (x 69B)
Class com.google.common.cache.CacheLoader                                             : loaded 2 times (x 74B)
Class com.google.gson.internal.bind.ReflectiveTypeAdapterFactory$Adapter              : loaded 2 times (x 77B)
Class com.google.gson.internal.bind.TypeAdapters$10                                   : loaded 2 times (x 75B)
Class com.google.common.collect.ImmutableMap$MapViewOfValuesAsSingletonSets           : loaded 2 times (x 126B)
Class com.google.common.collect.ImmutableBiMap                                        : loaded 2 times (x 143B)
Class org.jetbrains.plugins.gradle.model.ExternalDependency                           : loaded 2 times (x 70B)
Class com.intellij.util.containers.IntObjectHashMap                                   : loaded 2 times (x 72B)
Class org.gradle.internal.installation.GradleInstallation$1                           : loaded 2 times (x 75B)
Class org.gradle.api.internal.classpath.ModuleRegistry                                : loaded 2 times (x 70B)
Class com.google.common.util.concurrent.internal.InternalFutureFailureAccess          : loaded 2 times (x 72B)
Class com.google.gson.internal.bind.TypeAdapters$11                                   : loaded 2 times (x 75B)
Class [Lcom.google.gson.FieldNamingPolicy;                                            : loaded 2 times (x 69B)
Class com.android.ide.common.repository.AgpVersion$PreviewKind$Companion              : loaded 2 times (x 71B)
Class com.google.common.collect.RegularImmutableMap                                   : loaded 2 times (x 121B)
Class com.google.common.collect.ImmutableSet$JdkBackedSetBuilderImpl                  : loaded 2 times (x 76B)
Class org.jetbrains.plugins.gradle.model.VersionCatalogsModel                         : loaded 2 times (x 70B)
Class com.intellij.gradle.toolingExtension.impl.model.sourceSetDependencyModel.GradleSourceSetDependencySerialisationService$SourceSetDependencyModelReadContext: loaded 2 times (x 72B)
Class com.intellij.gradle.toolingExtension.impl.model.dependencyModel.DependencyReadContext: loaded 2 times (x 72B)
Class org.gradle.tooling.internal.adapter.ObjectGraphAdapter                          : loaded 2 times (x 70B)
Class com.android.builder.model.v2.ide.Installation                                   : loaded 2 times (x 70B)
Class com.google.common.util.concurrent.AbstractFuture$UnsafeAtomicHelper             : loaded 2 times (x 78B)
Class com.google.common.cache.LocalCache$LocalManualCache$1                           : loaded 2 times (x 75B)
Class com.google.common.base.CharMatcher$ForPredicate                                 : loaded 2 times (x 112B)
Class com.google.gson.internal.bind.TypeAdapters$12                                   : loaded 2 times (x 75B)
Class [Lcom.google.gson.ToNumberStrategy;                                             : loaded 2 times (x 69B)
Class org.jetbrains.plugins.gradle.model.ProjectImportModelProvider                   : loaded 2 times (x 70B)
Class org.jetbrains.plugins.gradle.model.ExternalSourceSet                            : loaded 2 times (x 70B)
Class com.intellij.gradle.toolingExtension.impl.model.warmUp.GradleTaskWarmUpRequest  : loaded 2 times (x 70B)
Class com.android.ide.gradle.model.LegacyAndroidGradlePluginPropertiesModelParameters : loaded 2 times (x 70B)
Class com.google.common.collect.ImmutableSortedAsList                                 : loaded 2 times (x 221B)
Class kotlin.text.RegexKt                                                             : loaded 2 times (x 71B)
Class kotlin.coroutines.intrinsics.IntrinsicsKt__IntrinsicsKt                         : loaded 2 times (x 71B)
Class com.android.builder.model.v2.models.ModelBuilderParameter                       : loaded 2 times (x 70B)
Class com.google.common.base.CharMatcher$AnyOf                                        : loaded 2 times (x 112B)
Class com.google.gson.internal.bind.TypeAdapters$13                                   : loaded 2 times (x 75B)
Class com.google.gson.stream.MalformedJsonException                                   : loaded 2 times (x 82B)
Class com.intellij.gradle.toolingExtension.impl.model.sourceSetArtifactIndex.GradleSourceSetArtifactBuildRequest: loaded 2 times (x 70B)
Class kotlin.io.FilesKt__UtilsKt                                                      : loaded 2 times (x 71B)
Class com.google.common.collect.Lists$TransformingRandomAccessList                    : loaded 2 times (x 199B)
Class kotlin.collections.CollectionsKt__CollectionsJVMKt                              : loaded 2 times (x 71B)
Class org.gradle.api.internal.classpath.DefaultModuleRegistry                         : loaded 2 times (x 86B)
Class com.android.builder.model.v2.ide.AndroidArtifact                                : loaded 2 times (x 70B)
Class com.google.common.util.concurrent.ListenableFuture                              : loaded 2 times (x 70B)
Class com.google.common.cache.ReferenceEntry                                          : loaded 2 times (x 70B)
Class com.google.gson.internal.bind.NumberTypeAdapter$1                               : loaded 2 times (x 76B)
Class com.google.gson.internal.bind.TypeAdapters$1                                    : loaded 2 times (x 75B)
Class com.google.gson.internal.bind.TypeAdapters$14                                   : loaded 2 times (x 75B)
Class com.google.common.base.Converter                                                : loaded 2 times (x 90B)
Class org.gradle.api.internal.classpath.ManifestUtil                                  : loaded 2 times (x 71B)
Class org.jetbrains.plugins.gradle.tooling.serialization.internal.IdeaProjectSerializationService$WriteContext$1: loaded 2 times (x 83B)
Class org.jetbrains.plugins.gradle.model.ExternalProject                              : loaded 2 times (x 70B)
Class kotlin.sequences.SequencesKt                                                    : loaded 2 times (x 71B)
Class kotlin.collections.CollectionsKt__IteratorsKt                                   : loaded 2 times (x 71B)
Class [Lcom.android.builder.model.v2.ide.CodeShrinker;                                : loaded 2 times (x 69B)
Class com.google.common.collect.AbstractMapBasedMultimap                              : loaded 2 times (x 139B)
Class com.google.common.util.concurrent.AbstractFuture                                : loaded 2 times (x 106B)
Class com.google.common.base.FunctionalEquivalence                                    : loaded 2 times (x 83B)
Class com.google.gson.Strictness                                                      : loaded 2 times (x 79B)
Class com.google.gson.internal.sql.SqlTypesSupport$1                                  : loaded 2 times (x 74B)
Class com.google.gson.internal.bind.TypeAdapters$2                                    : loaded 2 times (x 75B)
Class com.google.gson.internal.bind.TypeAdapters$15                                   : loaded 2 times (x 75B)
Class org.gradle.tooling.internal.adapter.ProtocolToModelAdapter$InvocationHandlerImpl: loaded 2 times (x 77B)
Class org.gradle.tooling.model.build.GradleEnvironment                                : loaded 2 times (x 70B)
Class org.jetbrains.plugins.gradle.tooling.serialization.internal.IdeaProjectSerializationService$WriteContext$2: loaded 2 times (x 83B)
Class kotlin.text.StringsKt                                                           : loaded 2 times (x 71B)
Class org.objectweb.asm.RecordComponentVisitor                                        : loaded 2 times (x 77B)
Class com.google.common.cache.CacheLoader$SupplierToCacheLoader                       : loaded 2 times (x 75B)
Class com.google.gson.internal.sql.SqlTypesSupport$2                                  : loaded 2 times (x 74B)
Class com.google.gson.internal.bind.TypeAdapters$16                                   : loaded 2 times (x 75B)
Class com.google.gson.internal.bind.TypeAdapters$3                                    : loaded 2 times (x 75B)
Class org.jetbrains.plugins.gradle.tooling.serialization.AnnotationProcessingModelSerializationService$ReadContext: loaded 2 times (x 72B)
Class org.jetbrains.plugins.gradle.tooling.serialization.internal.IdeaProjectSerializationService$WriteContext$3: loaded 2 times (x 83B)
Class gnu.trove.TObjectHash$NULL                                                      : loaded 2 times (x 71B)
Class org.gradle.util.internal.DefaultGradleVersion$Stage                             : loaded 2 times (x 75B)
Class kotlin.coroutines.jvm.internal.RestrictedContinuationImpl                       : loaded 2 times (x 87B)
Class com.google.gson.internal.bind.TypeAdapters$17                                   : loaded 2 times (x 75B)
Class com.google.gson.internal.bind.TypeAdapters$4                                    : loaded 2 times (x 75B)
Class com.google.common.collect.Maps$EntryTransformer                                 : loaded 2 times (x 70B)
Class org.jetbrains.kotlin.idea.gradleTooling.AndroidAwareGradleModelProvider         : loaded 2 times (x 79B)
Class org.jetbrains.plugins.gradle.tooling.serialization.internal.IdeaProjectSerializationService$WriteContext$4: loaded 2 times (x 83B)
Class com.intellij.gradle.toolingExtension.impl.model.sourceSetDependencyModel.GradleSourceSetDependencySerialisationService$Companion: loaded 2 times (x 71B)
Class [Lkotlin.Pair;                                                                  : loaded 2 times (x 69B)
Class kotlin.text.StringsKt__StringNumberConversionsKt                                : loaded 2 times (x 71B)
Class kotlin.io.FilesKt__FileReadWriteKt                                              : loaded 2 times (x 71B)
Class com.google.common.collect.UsingToStringOrdering                                 : loaded 2 times (x 114B)
Class kotlin.text.MatchNamedGroupCollection                                           : loaded 2 times (x 70B)
Class kotlin.jvm.internal.markers.KMutableList                                        : loaded 2 times (x 70B)
Class org.gradle.internal.time.MonotonicClock                                         : loaded 2 times (x 77B)
Class org.gradle.internal.service.ServiceLookupException                              : loaded 2 times (x 82B)
Class com.google.gson.annotations.JsonAdapter                                         : loaded 2 times (x 70B)
Class com.google.common.collect.Lists$ReverseList                                     : loaded 2 times (x 200B)
Class org.jetbrains.plugins.gradle.tooling.util.IntObjectMap$ObjectFactory            : loaded 2 times (x 70B)
Class [Lcom.google.common.cache.LocalCache$EntryFactory;                              : loaded 2 times (x 69B)
Class com.google.gson.internal.bind.SerializationDelegatingTypeAdapter                : loaded 2 times (x 74B)
Class com.google.gson.internal.bind.TypeAdapters$18                                   : loaded 2 times (x 75B)
Class com.google.gson.internal.bind.TypeAdapters$5                                    : loaded 2 times (x 75B)
Class com.intellij.gradle.toolingExtension.util.GradleVersionSpecificsUtil            : loaded 2 times (x 71B)
Class org.jetbrains.plugins.gradle.tooling.serialization.internal.IdeaProjectSerializationService$WriteContext$5: loaded 2 times (x 83B)
Class com.intellij.gradle.toolingExtension.impl.model.sourceSetDependencyModel.GradleSourceSetDependencySerialisationService$SourceSetDependencyModelWriteContext: loaded 2 times (x 72B)
Class kotlin.sequences.SequencesKt___SequencesKt$sortedWith$1                         : loaded 2 times (x 75B)
Class org.gradle.internal.classloader.ClassLoaderFactory                              : loaded 2 times (x 70B)
Class com.google.common.base.CommonPattern                                            : loaded 2 times (x 74B)
Class com.google.gson.JsonObject                                                      : loaded 2 times (x 93B)
Class com.google.common.base.CharMatcher$IsNot                                        : loaded 2 times (x 111B)
Class com.google.gson.internal.bind.ReflectiveTypeAdapterFactory$FieldReflectionAdapter: loaded 2 times (x 77B)
Class com.google.gson.internal.bind.TypeAdapters$19                                   : loaded 2 times (x 75B)
Class com.google.gson.internal.bind.TypeAdapters$6                                    : loaded 2 times (x 75B)
Class org.jetbrains.plugins.gradle.tooling.serialization.internal.IdeaProjectSerializationService$WriteContext$6: loaded 2 times (x 83B)
Class org.jetbrains.plugins.gradle.tooling.util.IntObjectMap                          : loaded 2 times (x 73B)
Class org.gradle.internal.service.CachingServiceLocator                               : loaded 2 times (x 82B)
Class com.google.common.collect.AbstractMapBasedMultimap$KeySet                       : loaded 2 times (x 137B)
Class com.google.gson.annotations.SerializedName                                      : loaded 2 times (x 70B)
Class com.google.common.util.concurrent.ExecutionError                                : loaded 2 times (x 82B)
Class com.google.gson.internal.bind.TypeAdapters$7                                    : loaded 2 times (x 75B)
Class com.google.common.math.IntMath                                                  : loaded 2 times (x 71B)
Class org.jetbrains.plugins.gradle.model.RepositoryModels                             : loaded 2 times (x 70B)
Class org.jetbrains.plugins.gradle.tooling.serialization.internal.IdeaProjectSerializationService$WriteContext$7: loaded 2 times (x 83B)
Class kotlin.collections.AbstractList$SubList                                         : loaded 2 times (x 198B)
Class kotlin.jvm.internal.CallableReference                                           : loaded 2 times (x 106B)
Class com.google.gson.internal.bind.CollectionTypeAdapterFactory$Adapter              : loaded 2 times (x 74B)
Class com.google.gson.internal.bind.TypeAdapters$8                                    : loaded 2 times (x 75B)
Class com.google.common.collect.ImmutableMapEntry                                     : loaded 2 times (x 85B)
Class org.jetbrains.plugins.gradle.tooling.serialization.internal.IdeaProjectSerializationService$WriteContext$8: loaded 2 times (x 83B)
Class gnu.trove.TObjectIntProcedure                                                   : loaded 2 times (x 70B)
Class kotlin.ranges.IntRange                                                          : loaded 2 times (x 93B)
Class org.gradle.tooling.model.idea.IdeaDependencyScope                               : loaded 2 times (x 70B)
Class org.gradle.internal.time.TimeSource                                             : loaded 2 times (x 70B)
Class org.gradle.tooling.model.kotlin.dsl.KotlinDslScriptsModel                       : loaded 2 times (x 70B)
Class com.android.builder.model.v2.ide.TestInfo                                       : loaded 2 times (x 70B)
Class com.google.common.base.Equivalence                                              : loaded 2 times (x 82B)
Class com.google.gson.internal.bind.TypeAdapters$9                                    : loaded 2 times (x 75B)
Class com.google.common.collect.ImmutableEnumSet                                      : loaded 2 times (x 146B)
Class com.google.common.collect.ImmutableMapEntry$NonTerminalImmutableMapEntry        : loaded 2 times (x 85B)
Class org.jetbrains.plugins.gradle.tooling.serialization.SerializationService         : loaded 2 times (x 70B)
Class org.gradle.tooling.internal.gradle.GradleBuildIdentity                          : loaded 2 times (x 70B)
Class kotlin.enums.EnumEntries                                                        : loaded 2 times (x 70B)
Class com.android.builder.model.v2.ide.JavaCompileOptions                             : loaded 2 times (x 70B)
Class com.google.common.cache.CacheBuilder$OneWeigher                                 : loaded 2 times (x 82B)
Class com.google.gson.JsonParseException                                              : loaded 2 times (x 82B)
Class com.android.builder.model.v2.models.VariantDependenciesAdjacencyList            : loaded 2 times (x 70B)
Class org.jetbrains.plugins.gradle.tooling.serialization.internal.adapter.Supplier    : loaded 2 times (x 70B)
Class org.gradle.tooling.internal.adapter.ProtocolToModelAdapter$MixInMappingAction   : loaded 2 times (x 80B)
Class org.gradle.internal.exceptions.ResolutionProvider                               : loaded 2 times (x 70B)
Class kotlin.text.MatchResult$DefaultImpls                                            : loaded 2 times (x 71B)
Class org.gradle.tooling.model.idea.IdeaCompilerOutput                                : loaded 2 times (x 70B)
Class org.gradle.tooling.model.ProjectIdentifier                                      : loaded 2 times (x 70B)
Class org.gradle.internal.classloader.ClasspathUtil                                   : loaded 2 times (x 71B)
Class org.jetbrains.kotlin.tooling.core.HasExtras                                     : loaded 2 times (x 70B)
Class com.google.common.base.Charsets                                                 : loaded 2 times (x 71B)
Class com.google.common.util.concurrent.Uninterruptibles                              : loaded 2 times (x 71B)
Class com.android.builder.model.v2.ide.ProjectType                                    : loaded 2 times (x 79B)
Class com.intellij.gradle.toolingExtension.impl.model.sourceSetModel.GradleSourceSetSerialisationService: loaded 2 times (x 77B)
Class kotlin.io.FileSystemException                                                   : loaded 2 times (x 82B)
Class com.android.builder.model.v2.dsl.BaseConfig                                     : loaded 2 times (x 70B)
Class com.google.common.collect.Maps                                                  : loaded 2 times (x 71B)
Class org.gradle.internal.time.TimeSource$1                                           : loaded 2 times (x 77B)
Class kotlin.jvm.internal.DefaultConstructorMarker                                    : loaded 2 times (x 71B)
Class org.gradle.api.specs.Spec                                                       : loaded 2 times (x 70B)
Class com.google.gson.internal.sql.SqlDateTypeAdapter                                 : loaded 2 times (x 74B)
Class [Lcom.google.common.collect.ImmutableEntry;                                     : loaded 2 times (x 69B)
Class com.google.common.cache.LocalCache$LoadingValueReference                        : loaded 2 times (x 96B)
Class com.intellij.gradle.toolingExtension.impl.model.buildScriptClasspathModel.GradleBuildScriptClasspathSerializationService: loaded 2 times (x 77B)
Class ijInit2_f07shbiilm4fujwpbw9tg14pu                                               : loaded 2 times (x 179B)
Class org.gradle.internal.classloader.ClassLoaderHierarchy                            : loaded 2 times (x 70B)
Class com.google.common.base.Platform                                                 : loaded 2 times (x 71B)
Class com.google.gson.internal.bind.ReflectiveTypeAdapterFactory$RecordAdapter        : loaded 2 times (x 77B)
Class org.jetbrains.plugins.gradle.model.FileCollectionDependency                     : loaded 2 times (x 70B)
Class com.intellij.gradle.toolingExtension.impl.model.utilDummyModel.DummyModel       : loaded 2 times (x 70B)
Class kotlin.text.StringsKt__RegexExtensionsKt                                        : loaded 2 times (x 71B)
Class kotlin.collections.EmptyIterator                                                : loaded 2 times (x 89B)
Class org.gradle.internal.time.Clock                                                  : loaded 2 times (x 70B)
Class com.android.builder.model.v2.dsl.ProductFlavor                                  : loaded 2 times (x 70B)
Class [Lcom.android.builder.model.v2.ide.TestInfo$Execution;                          : loaded 2 times (x 69B)
Class com.google.gson.internal.reflect.ReflectionHelper$RecordNotSupportedHelper      : loaded 2 times (x 78B)
Class [Lorg.objectweb.asm.AnnotationWriter;                                           : loaded 2 times (x 69B)
Class com.google.gson.JsonIOException                                                 : loaded 2 times (x 82B)
Class com.google.common.collect.Maps$8                                                : loaded 2 times (x 82B)
Class org.jetbrains.plugins.gradle.model.GradleSourceSetDependencyModel               : loaded 2 times (x 70B)
Class com.google.common.collect.CompoundOrdering                                      : loaded 2 times (x 115B)
Class kotlin.sequences.SequencesKt__SequencesJVMKt                                    : loaded 2 times (x 71B)
Class kotlin.coroutines.jvm.internal.RestrictedSuspendLambda                          : loaded 2 times (x 91B)
Class org.gradle.tooling.internal.adapter.TypeInspector                               : loaded 2 times (x 73B)
Class org.gradle.tooling.internal.adapter.ProtocolToModelAdapter$NoOpDecoration       : loaded 2 times (x 79B)
Class org.gradle.tooling.model.Element                                                : loaded 2 times (x 70B)
Class kotlin.collections.AbstractList                                                 : loaded 2 times (x 197B)
Class kotlin.collections.AbstractCollection                                           : loaded 2 times (x 117B)
Class com.google.common.collect.Lists$ReverseList$1                                   : loaded 2 times (x 99B)
Class kotlin.collections.CollectionsKt__ReversedViewsKt                               : loaded 2 times (x 71B)
Class org.jetbrains.kotlin.tooling.core.Extras                                        : loaded 2 times (x 70B)
Class com.google.common.collect.Sets$SetView                                          : loaded 2 times (x 138B)
Class com.google.common.cache.LocalCache$StrongValueReference                         : loaded 2 times (x 90B)
Class com.google.common.util.concurrent.AbstractFuture$SynchronizedHelper             : loaded 2 times (x 78B)
Class com.intellij.gradle.toolingExtension.impl.model.taskModel.GradleTaskSerialisationService: loaded 2 times (x 76B)
Class com.android.ide.gradle.model.LegacyV1AgpVersionModel                            : loaded 2 times (x 70B)
Class kotlin.text.StringsKt__StringBuilderJVMKt                                       : loaded 2 times (x 71B)
Class kotlin.text.Regex                                                               : loaded 2 times (x 72B)
Class kotlin.sequences.SequencesKt__SequenceBuilderKt$sequence$$inlined$Sequence$1    : loaded 2 times (x 75B)
Class kotlin.Triple                                                                   : loaded 2 times (x 72B)
Class org.objectweb.asm.Type                                                          : loaded 2 times (x 72B)
Class com.google.gson.LongSerializationPolicy$1                                       : loaded 2 times (x 80B)
Class org.jetbrains.plugins.gradle.tooling.util.IntObjectMap$1                        : loaded 2 times (x 77B)
Class org.gradle.internal.classloader.VisitableURLClassLoader$InstrumentingVisitableURLClassLoader: loaded 2 times (x 123B)
Class com.android.builder.model.v2.ide.AndroidGradlePluginProjectFlags                : loaded 2 times (x 70B)
Class [Lcom.android.builder.model.v2.ide.AndroidGradlePluginProjectFlags$BooleanFlag; : loaded 2 times (x 69B)
Class com.android.builder.model.v2.ide.BasicVariant                                   : loaded 2 times (x 70B)
Class org.objectweb.asm.ByteVector                                                    : loaded 2 times (x 79B)
Class [Lcom.google.common.cache.CacheBuilder$NullListener;                            : loaded 2 times (x 69B)
Class com.google.gson.LongSerializationPolicy$2                                       : loaded 2 times (x 80B)
Class com.google.common.math.IntMath$1                                                : loaded 2 times (x 71B)
Class kotlin.comparisons.ComparisonsKt__ComparisonsKt                                 : loaded 2 times (x 71B)
Class kotlin.ranges.RangesKt__RangesKt                                                : loaded 2 times (x 71B)
Class kotlin.collections.SetsKt___SetsKt                                              : loaded 2 times (x 71B)
Class kotlin.sequences.SequencesKt__SequencesKt                                       : loaded 2 times (x 71B)
Class kotlin.coroutines.Continuation                                                  : loaded 2 times (x 70B)
Class org.gradle.internal.classloader.VisitableURLClassLoader$Spec                    : loaded 2 times (x 74B)
Class org.gradle.internal.classpath.DefaultClassPath                                  : loaded 2 times (x 90B)
Class com.android.builder.model.v2.ide.BundleInfo                                     : loaded 2 times (x 70B)
Class com.android.builder.model.v2.ide.SourceProvider                                 : loaded 2 times (x 70B)
Class org.objectweb.asm.Symbol                                                        : loaded 2 times (x 73B)
Class org.jetbrains.plugins.gradle.model.GradleBuildScriptClasspathModel              : loaded 2 times (x 70B)
Class kotlin.sequences.FilteringSequence                                              : loaded 2 times (x 75B)
Class kotlin.text.CharsKt__CharJVMKt                                                  : loaded 2 times (x 71B)
Class kotlin.comparisons.ComparisonsKt                                                : loaded 2 times (x 71B)
Class kotlin.comparisons.ComparisonsKt___ComparisonsKt                                : loaded 2 times (x 71B)
Class kotlin.coroutines.jvm.internal.BaseContinuationImpl                             : loaded 2 times (x 87B)
Class kotlin.Result$Companion                                                         : loaded 2 times (x 71B)
Class org.gradle.util.internal.DefaultGradleVersion                                   : loaded 2 times (x 82B)
Class com.google.common.base.CharMatcher$Ascii                                        : loaded 2 times (x 112B)
Class com.google.common.base.CharMatcher$BitSetMatcher                                : loaded 2 times (x 112B)
Class [Lcom.google.gson.Strictness;                                                   : loaded 2 times (x 69B)
Class com.google.gson.reflect.TypeToken                                               : loaded 2 times (x 75B)
Class kotlin.sequences.SequencesKt__SequenceBuilderKt                                 : loaded 2 times (x 71B)
Class com.google.common.collect.RegularImmutableMap$Values                            : loaded 2 times (x 207B)
Class org.gradle.internal.classloader.ClassLoaderSpec                                 : loaded 2 times (x 71B)
Class org.objectweb.asm.AnnotationWriter                                              : loaded 2 times (x 79B)
Class com.google.common.cache.CacheStats                                              : loaded 2 times (x 71B)
Class com.google.gson.internal.sql.SqlTimestampTypeAdapter$1                          : loaded 2 times (x 75B)
Class com.google.gson.JsonPrimitive                                                   : loaded 2 times (x 93B)
Class kotlin.jvm.internal.FunctionReferenceImpl                                       : loaded 2 times (x 122B)
Class kotlin.collections.CollectionsKt___CollectionsJvmKt                             : loaded 2 times (x 71B)
Class [Lcom.google.gson.ReflectionAccessFilter$FilterResult;                          : loaded 2 times (x 69B)
Class org.objectweb.asm.RecordComponentWriter                                         : loaded 2 times (x 78B)
Class com.google.common.util.concurrent.AbstractFuture$Listener                       : loaded 2 times (x 72B)
Class [Lcom.android.builder.model.v2.ide.ProjectType;                                 : loaded 2 times (x 69B)
Class com.google.common.base.CharMatcher$Or                                           : loaded 2 times (x 112B)
Class com.google.gson.JsonElement                                                     : loaded 2 times (x 92B)
Class Settings_gradle$1$1                                                             : loaded 2 times (x 74B)
Class kotlin.TuplesKt                                                                 : loaded 2 times (x 71B)
Class kotlin.jvm.internal.markers.KMutableIterable                                    : loaded 2 times (x 70B)
Class kotlin.Unit                                                                     : loaded 2 times (x 71B)
Class kotlin.sequences.SequencesKt___SequencesJvmKt                                   : loaded 2 times (x 71B)
Class org.gradle.tooling.internal.adapter.ProtocolToModelAdapter$DefaultViewBuilder   : loaded 2 times (x 80B)
Class [Lcom.android.builder.model.v2.ide.AaptOptions$Namespacing;                     : loaded 2 times (x 69B)
Class org.objectweb.asm.Attribute                                                     : loaded 2 times (x 77B)
Class com.google.common.base.Supplier                                                 : loaded 2 times (x 70B)
Class com.google.gson.internal.bind.CollectionTypeAdapterFactory                      : loaded 2 times (x 75B)
Class kotlin.ranges.RangesKt                                                          : loaded 2 times (x 71B)
Class org.gradle.tooling.internal.adapter.ProtocolToModelAdapter$ViewGraphDetails$1   : loaded 2 times (x 77B)
Class org.gradle.internal.classloader.VisitableURLClassLoader                         : loaded 2 times (x 117B)
Class com.google.common.util.concurrent.AbstractFuture$Waiter                         : loaded 2 times (x 72B)
Class com.android.ide.common.repository.AgpVersion$Companion                          : loaded 2 times (x 71B)
Class Settings_gradle                                                                 : loaded 2 times (x 128B)
Class org.jetbrains.plugins.gradle.tooling.serialization.ExternalTestsSerializationService$ReadContext: loaded 2 times (x 72B)
Class kotlin.sequences.FlatteningSequence$iterator$1                                  : loaded 2 times (x 79B)
Class kotlin.jvm.functions.Function0                                                  : loaded 2 times (x 70B)
Class kotlin.collections.ArraysUtilJVM                                                : loaded 2 times (x 71B)
Class kotlin.io.FilesKt__FileTreeWalkKt                                               : loaded 2 times (x 71B)
Class kotlin.jvm.internal.CollectionToArray                                           : loaded 2 times (x 71B)
Class org.gradle.tooling.model.idea.IdeaDependency                                    : loaded 2 times (x 70B)
Class com.android.builder.model.v2.ide.AaptOptions                                    : loaded 2 times (x 70B)
Class [Lcom.android.builder.model.v2.ide.BytecodeTransformation;                      : loaded 2 times (x 69B)
Class com.google.common.base.Strings                                                  : loaded 2 times (x 71B)
Class com.google.common.collect.Sets                                                  : loaded 2 times (x 71B)
Class org.objectweb.asm.Handler                                                       : loaded 2 times (x 72B)
Class com.google.common.base.Ticker                                                   : loaded 2 times (x 72B)
Class com.google.common.base.CharMatcher$FastMatcher                                  : loaded 2 times (x 111B)
Class com.google.gson.internal.bind.TreeTypeAdapter                                   : loaded 2 times (x 75B)
Class com.google.gson.internal.sql.SqlTimeTypeAdapter                                 : loaded 2 times (x 74B)
Class kotlin.collections.AbstractMutableList                                          : loaded 2 times (x 206B)
Class kotlin.jvm.functions.Function1                                                  : loaded 2 times (x 70B)
Class com.android.builder.model.v2.models.ndk.NativeModelBuilderParameter             : loaded 2 times (x 70B)
Class [Lcom.google.common.cache.LocalCache$Segment;                                   : loaded 2 times (x 69B)
Class [Lcom.google.common.cache.LocalCache$Strength;                                  : loaded 2 times (x 69B)
Class com.google.common.cache.CacheBuilder$1                                          : loaded 2 times (x 85B)
Class kotlin.sequences.FilteringSequence$iterator$1                                   : loaded 2 times (x 79B)
Class com.google.gson.internal.bind.TypeAdapters$20                                   : loaded 2 times (x 75B)
Class com.google.common.collect.ImmutableMap                                          : loaded 2 times (x 120B)
Class org.jetbrains.plugins.gradle.tooling.serialization.internal.IdeaProjectSerializationService$WriteContext: loaded 2 times (x 72B)
Class com.intellij.gradle.toolingExtension.impl.model.sourceSetDependencyModel.GradleSourceSetDependencySerialisationService: loaded 2 times (x 77B)
Class org.jetbrains.plugins.gradle.model.GradleSourceSetModel                         : loaded 2 times (x 70B)
Class kotlin.KotlinNothingValueException                                              : loaded 2 times (x 82B)
Class kotlin.jvm.functions.Function2                                                  : loaded 2 times (x 70B)
Class org.gradle.internal.classpath.DefaultClassPath$ImmutableUniqueList$Builder      : loaded 2 times (x 75B)
Class com.intellij.gradle.toolingExtension.impl.model.sourceSetModel.GradleSourceSetSerialisationService$Companion: loaded 2 times (x 71B)
Class com.google.common.cache.LocalCache                                              : loaded 2 times (x 187B)
Class com.google.common.cache.CacheBuilder$2                                          : loaded 2 times (x 79B)
Class com.google.common.base.CharMatcher$NegatedFastMatcher                           : loaded 2 times (x 113B)
Class com.google.gson.internal.bind.TypeAdapters$21                                   : loaded 2 times (x 75B)
Class com.google.gson.FieldNamingPolicy$1                                             : loaded 2 times (x 83B)
Class com.android.ide.gradle.model.dependencies.Coordinates                           : loaded 2 times (x 70B)
Class kotlin.collections.MapsKt___MapsJvmKt                                           : loaded 2 times (x 71B)
Class org.gradle.tooling.internal.adapter.WeakIdentityHashMap$AbsentValueProvider     : loaded 2 times (x 70B)
Class com.google.common.collect.ArrayListMultimap                                     : loaded 2 times (x 172B)
Class com.google.common.cache.CacheBuilder$3                                          : loaded 2 times (x 72B)
Class com.google.gson.internal.bind.TypeAdapters$22                                   : loaded 2 times (x 75B)
Class com.google.gson.FieldNamingPolicy$2                                             : loaded 2 times (x 83B)
Class com.google.gson.internal.Excluder$1                                             : loaded 2 times (x 74B)
Class [Lcom.google.common.collect.AbstractMapEntry;                                   : loaded 2 times (x 69B)
Class com.google.common.collect.ImmutableEntry                                        : loaded 2 times (x 82B)
Class gnu.trove.TObjectHash                                                           : loaded 2 times (x 94B)
Class org.jetbrains.plugins.gradle.tooling.util.ObjectCollector$Processor             : loaded 2 times (x 70B)
Class kotlin.jvm.functions.Function4                                                  : loaded 2 times (x 70B)
Class kotlin.collections.EmptySet                                                     : loaded 2 times (x 122B)
Class kotlin.annotation.Target                                                        : loaded 2 times (x 70B)
Class kotlin.collections.CollectionsKt___CollectionsKt                                : loaded 2 times (x 71B)
Class com.google.common.base.CharMatcher$IsEither                                     : loaded 2 times (x 111B)
Class org.gradle.internal.exceptions.NonGradleCauseExceptionsHolder                   : loaded 2 times (x 70B)
Class org.gradle.tooling.model.idea.IdeaModuleDependency                              : loaded 2 times (x 70B)
Class org.gradle.tooling.internal.adapter.ViewBuilder                                 : loaded 2 times (x 70B)
Class com.android.builder.model.v2.ide.ApiVersion                                     : loaded 2 times (x 70B)
Class com.google.gson.internal.bind.TypeAdapters$23                                   : loaded 2 times (x 75B)
Class com.google.gson.FieldNamingPolicy$3                                             : loaded 2 times (x 83B)
Class com.google.common.collect.CollectPreconditions                                  : loaded 2 times (x 71B)
Class org.jetbrains.plugins.gradle.model.AnnotationProcessingConfig                   : loaded 2 times (x 70B)
Class gnu.trove.Equality                                                              : loaded 2 times (x 70B)
Class kotlin.text.StringsKt___StringsJvmKt                                            : loaded 2 times (x 71B)
Class kotlin.reflect.KDeclarationContainer                                            : loaded 2 times (x 70B)
Class kotlin.annotation.Retention                                                     : loaded 2 times (x 70B)
Class com.android.builder.model.v2.models.Versions$Version                            : loaded 2 times (x 70B)
Class com.google.gson.internal.bind.TypeAdapters$24                                   : loaded 2 times (x 75B)
Class com.google.gson.FieldNamingPolicy$4                                             : loaded 2 times (x 83B)
Class com.google.common.collect.SortedMapDifference                                   : loaded 2 times (x 70B)
Class org.jetbrains.plugins.gradle.tooling.ModelBuilderService$Parameter              : loaded 2 times (x 70B)
Class kotlin.io.FilesKt                                                               : loaded 2 times (x 71B)
Class kotlin.collections.MapsKt___MapsKt                                              : loaded 2 times (x 71B)
Class kotlin.collections.ArraysKt___ArraysKt                                          : loaded 2 times (x 71B)
Class com.google.common.cache.LocalCache$EntryFactory                                 : loaded 2 times (x 83B)
Class com.google.gson.internal.bind.TypeAdapters$25                                   : loaded 2 times (x 75B)
Class com.google.gson.FieldNamingPolicy$5                                             : loaded 2 times (x 83B)
Class gnu.trove.TObjectHashingStrategy                                                : loaded 2 times (x 70B)
Class kotlin.collections.MapsKt__MapWithDefaultKt                                     : loaded 2 times (x 71B)
Class org.gradle.tooling.internal.adapter.ProtocolToModelAdapter$ReflectionMethodInvoker: loaded 2 times (x 76B)
Class org.jetbrains.kotlin.tooling.core.HasMutableExtras                              : loaded 2 times (x 70B)
Class com.google.common.cache.LocalCache$AbstractReferenceEntry                       : loaded 2 times (x 107B)
Class com.google.gson.internal.bind.ArrayTypeAdapter                                  : loaded 2 times (x 74B)
Class com.google.gson.internal.bind.TypeAdapters$26                                   : loaded 2 times (x 75B)
Class com.google.gson.FieldNamingPolicy$6                                             : loaded 2 times (x 83B)
Class kotlin.text.StringsKt___StringsKt                                               : loaded 2 times (x 71B)
Class com.google.common.collect.NullsLastOrdering                                     : loaded 2 times (x 115B)
Class kotlin.collections.CollectionsKt__MutableCollectionsJVMKt                       : loaded 2 times (x 71B)
Class org.gradle.internal.classloader.FilteringClassLoader                            : loaded 2 times (x 105B)
Class kotlin.enums.EnumEntriesKt                                                      : loaded 2 times (x 71B)
Class com.android.builder.model.v2.models.VariantDependencies                         : loaded 2 times (x 70B)
Class com.google.gson.internal.reflect.ReflectionHelper                               : loaded 2 times (x 71B)
Class kotlin.NotImplementedError                                                      : loaded 2 times (x 82B)
Class org.objectweb.asm.SymbolTable                                                   : loaded 2 times (x 72B)
Class com.google.common.cache.CacheLoader$InvalidCacheLoadException                   : loaded 2 times (x 82B)
Class com.google.gson.internal.bind.TypeAdapters$27                                   : loaded 2 times (x 75B)
Class com.google.gson.FieldNamingPolicy$7                                             : loaded 2 times (x 83B)
Class kotlin.sequences.FlatteningSequence                                             : loaded 2 times (x 75B)
Class com.intellij.gradle.toolingExtension.model.repositoryModel.ProjectRepositoriesModel: loaded 2 times (x 70B)
Class org.jetbrains.plugins.gradle.model.GradleProperty                               : loaded 2 times (x 70B)
Class gnu.trove.TObjectCanonicalHashingStrategy                                       : loaded 2 times (x 78B)
Class org.gradle.internal.classloader.SystemClassLoaderSpec                           : loaded 2 times (x 71B)
Class com.android.builder.model.v2.ide.TestedTargetVariant                            : loaded 2 times (x 70B)
Class com.google.common.cache.LocalCache$StrongEntry                                  : loaded 2 times (x 108B)
Class com.google.common.util.concurrent.AbstractFuture$TrustedFuture                  : loaded 2 times (x 114B)
Class com.google.common.cache.LoadingCache                                            : loaded 2 times (x 70B)
Class [Lcom.google.gson.LongSerializationPolicy;                                      : loaded 2 times (x 69B)
Class kotlin.ranges.IntRange$Companion                                                : loaded 2 times (x 71B)
Class kotlin.text.MatcherMatchResult$groups$1                                         : loaded 2 times (x 151B)
Class kotlin.collections.EmptyMap                                                     : loaded 2 times (x 108B)
Class kotlin.reflect.KAnnotatedElement                                                : loaded 2 times (x 70B)
Class kotlin.jvm.internal.markers.KMutableCollection                                  : loaded 2 times (x 70B)
Class kotlin.coroutines.intrinsics.IntrinsicsKt                                       : loaded 2 times (x 71B)
Class org.gradle.internal.exceptions.MultiCauseException                              : loaded 2 times (x 70B)
Class org.gradle.internal.time.CountdownTimer                                         : loaded 2 times (x 70B)
Class kotlin.jvm.internal.Intrinsics                                                  : loaded 2 times (x 71B)
Class org.objectweb.asm.MethodWriter                                                  : loaded 2 times (x 106B)
Class [Lcom.google.common.cache.Weigher;                                              : loaded 2 times (x 69B)
Class com.google.gson.internal.bind.MapTypeAdapterFactory                             : loaded 2 times (x 75B)
Class com.google.gson.internal.bind.TypeAdapters$29                                   : loaded 2 times (x 75B)
Class com.google.gson.JsonNull                                                        : loaded 2 times (x 92B)
Class com.google.common.collect.RegularImmutableMap$BucketOverflowException           : loaded 2 times (x 82B)
Class com.intellij.gradle.toolingExtension.impl.model.projectModel.GradleExternalProjectSerializationService$ReadContext: loaded 2 times (x 73B)
Class com.intellij.gradle.toolingExtension.impl.model.dependencyModel.DependencyWriteContext: loaded 2 times (x 72B)
Class kotlin.collections.MapsKt                                                       : loaded 2 times (x 71B)
Class kotlin.coroutines.intrinsics.CoroutineSingletons                                : loaded 2 times (x 79B)
Class kotlin.collections.CollectionsKt__IterablesKt                                   : loaded 2 times (x 71B)
Class org.gradle.tooling.model.ProjectModel                                           : loaded 2 times (x 70B)
Class kotlin.ranges.OpenEndRange                                                      : loaded 2 times (x 70B)
Class kotlin.sequences.SequenceBuilderIterator                                        : loaded 2 times (x 85B)
Class kotlin.KotlinNullPointerException                                               : loaded 2 times (x 83B)
Class com.android.ide.common.repository.AgpVersion$Companion$WhenMappings             : loaded 2 times (x 71B)
Class com.google.common.collect.RegularImmutableBiMap                                 : loaded 2 times (x 149B)
Class com.google.common.cache.LocalCache$ValueReference                               : loaded 2 times (x 70B)
Class com.google.common.base.CharMatcher$Negated                                      : loaded 2 times (x 113B)
Class com.google.common.base.CharMatcher$Is                                           : loaded 2 times (x 111B)
Class com.google.gson.internal.bind.DefaultDateTypeAdapter$DateType$1                 : loaded 2 times (x 73B)
Class org.jetbrains.plugins.gradle.model.tests.ExternalTestsModel                     : loaded 2 times (x 70B)
Class kotlin.ranges.RangesKt___RangesKt                                               : loaded 2 times (x 71B)
Class org.gradle.tooling.model.idea.IdeaLanguageLevel                                 : loaded 2 times (x 70B)
Class org.gradle.tooling.internal.adapter.ProtocolToModelAdapter$SafeMethodInvoker    : loaded 2 times (x 76B)
Class org.gradle.tooling.internal.adapter.WeakIdentityHashMap$WeakKey                 : loaded 2 times (x 79B)
Class org.gradle.internal.exceptions.DefaultMultiCauseException                       : loaded 2 times (x 95B)
Class com.google.common.base.PatternCompiler                                          : loaded 2 times (x 70B)
Class com.google.common.util.concurrent.AbstractFuture$Failure                        : loaded 2 times (x 72B)
Class com.google.common.base.Equivalence$Equals                                       : loaded 2 times (x 82B)
Class com.google.gson.internal.LazilyParsedNumber                                     : loaded 2 times (x 78B)
Class com.google.common.collect.Hashing                                               : loaded 2 times (x 71B)
Class kotlin.text.MatcherMatchResult                                                  : loaded 2 times (x 80B)
Class com.intellij.gradle.toolingExtension.impl.model.projectModel.GradleExternalProjectSerializationService: loaded 2 times (x 77B)
Class kotlin.text.CharsKt__CharKt                                                     : loaded 2 times (x 71B)
Class kotlin.collections.ArrayDeque$Companion                                         : loaded 2 times (x 71B)
Class kotlin.collections.ArraysKt                                                     : loaded 2 times (x 71B)
Class org.gradle.tooling.model.HierarchicalElement                                    : loaded 2 times (x 70B)
Class com.android.builder.model.v2.dsl.DependenciesInfo                               : loaded 2 times (x 70B)
Class kotlin.text.MatchGroupCollection                                                : loaded 2 times (x 70B)
Class org.objectweb.asm.Label                                                         : loaded 2 times (x 73B)
Class org.objectweb.asm.CurrentFrame                                                  : loaded 2 times (x 73B)
Class org.objectweb.asm.ClassTooLargeException                                        : loaded 2 times (x 83B)
Class com.google.common.base.CharMatcher                                              : loaded 2 times (x 111B)
Class com.google.gson.stream.JsonReader                                               : loaded 2 times (x 97B)
Class kotlin.text.StringsKt__StringsKt                                                : loaded 2 times (x 71B)
Class org.jetbrains.plugins.gradle.tooling.serialization.ExternalTestsSerializationService: loaded 2 times (x 77B)
Class com.google.common.collect.ByFunctionOrdering                                    : loaded 2 times (x 115B)
Class kotlin.collections.SetsKt__SetsKt                                               : loaded 2 times (x 71B)
Class kotlin.coroutines.EmptyCoroutineContext                                         : loaded 2 times (x 77B)
Class org.gradle.internal.time.Time                                                   : loaded 2 times (x 71B)
Class com.android.builder.model.v2.models.ProjectGraph                                : loaded 2 times (x 70B)
Class com.google.gson.internal.reflect.ReflectionHelper$RecordSupportedHelper         : loaded 2 times (x 78B)
Class com.android.ide.gradle.model.dependencies.DeclaredDependencies                  : loaded 2 times (x 70B)
Class org.jetbrains.plugins.gradle.tooling.serialization.internal.IdeaProjectSerializationService$ReadContext: loaded 2 times (x 72B)
Class org.objectweb.asm.Frame                                                         : loaded 2 times (x 73B)
Class org.objectweb.asm.MethodVisitor                                                 : loaded 2 times (x 105B)
Class com.google.common.cache.LocalCache$EntryFactory$1                               : loaded 2 times (x 83B)
Class [Lcom.google.common.cache.RemovalListener;                                      : loaded 2 times (x 69B)
Class com.google.common.base.CharMatcher$1                                            : loaded 2 times (x 113B)
Class com.google.common.base.CharMatcher$NamedFastMatcher                             : loaded 2 times (x 112B)
Class com.android.ide.common.repository.AgpVersion$PreviewKind                        : loaded 2 times (x 79B)
Class org.jetbrains.plugins.gradle.tooling.serialization.AnnotationProcessingModelSerializationService: loaded 2 times (x 77B)
Class kotlin.collections.ArraysKt__ArraysJVMKt                                        : loaded 2 times (x 71B)
Class com.google.common.collect.RegularImmutableMap$KeySet                            : loaded 2 times (x 152B)
Class com.google.common.cache.LocalCache$EntryFactory$2                               : loaded 2 times (x 83B)
Class com.google.gson.internal.bind.JsonAdapterAnnotationTypeAdapterFactory           : loaded 2 times (x 75B)
Class org.jetbrains.plugins.gradle.model.DependencyAccessorsModel                     : loaded 2 times (x 70B)
Class [Lcom.intellij.openapi.externalSystem.model.project.dependencies.ResolutionState;: loaded 2 times (x 69B)
Class gnu.trove.TObjectIntHashMap                                                     : loaded 2 times (x 109B)
Class kotlin.text.StringsKt__StringBuilderKt                                          : loaded 2 times (x 71B)
Class kotlin.jvm.internal.CallableReference$NoReceiver                                : loaded 2 times (x 71B)
Class org.gradle.api.internal.classpath.GlobalCacheRootsProvider                      : loaded 2 times (x 70B)
Class com.google.common.collect.CollectCollectors                                     : loaded 2 times (x 71B)
Class org.objectweb.asm.ModuleWriter                                                  : loaded 2 times (x 82B)
Class com.google.common.cache.LocalCache$EntryFactory$3                               : loaded 2 times (x 83B)
Class com.google.common.base.Ticker$1                                                 : loaded 2 times (x 72B)
Class com.google.gson.internal.bind.NumberTypeAdapter                                 : loaded 2 times (x 74B)
Class com.google.common.collect.Maps$BiMapConverter                                   : loaded 2 times (x 90B)
Class com.google.common.collect.ImmutableMapEntrySet$RegularEntrySet                  : loaded 2 times (x 152B)
Class org.jetbrains.kotlin.idea.gradleTooling.KotlinMPPGradleModel                    : loaded 2 times (x 70B)
Class com.intellij.gradle.toolingExtension.impl.model.dependencyDownloadPolicyModel.GradleDependencyDownloadPolicy: loaded 2 times (x 70B)
Class org.gradle.tooling.model.BuildIdentifier                                        : loaded 2 times (x 70B)
Class kotlin.NoWhenBranchMatchedException                                             : loaded 2 times (x 82B)
Class com.android.builder.model.v2.ide.VectorDrawablesOptions                         : loaded 2 times (x 70B)
Class com.google.common.cache.LocalCache$EntryFactory$4                               : loaded 2 times (x 83B)
Class com.google.common.base.CharMatcher$InRange                                      : loaded 2 times (x 111B)
Class com.google.gson.ToNumberPolicy$1                                                : loaded 2 times (x 83B)
Class [Lcom.google.gson.FieldNamingStrategy;                                          : loaded 2 times (x 69B)
Class com.google.gson.internal.Excluder                                               : loaded 2 times (x 75B)
Class com.google.common.collect.ImmutableSet$Builder                                  : loaded 2 times (x 85B)
Class org.jetbrains.kotlin.idea.gradleTooling.PrepareKotlinIdeImportTaskModel         : loaded 2 times (x 70B)
Class com.android.builder.model.v2.models.VariantDependenciesFlatList                 : loaded 2 times (x 70B)
Class com.google.gson.internal.ReflectionAccessFilterHelper                           : loaded 2 times (x 71B)
Class com.google.gson.internal.reflect.ReflectionHelper$RecordHelper                  : loaded 2 times (x 75B)
Class com.google.common.cache.LocalCache$EntryFactory$5                               : loaded 2 times (x 83B)
Class com.google.gson.ToNumberPolicy$2                                                : loaded 2 times (x 83B)
Class com.android.ide.gradle.model.GradlePluginModel                                  : loaded 2 times (x 70B)
Class com.google.common.collect.ReverseOrdering                                       : loaded 2 times (x 115B)
Class org.gradle.tooling.model.build.JavaEnvironment                                  : loaded 2 times (x 70B)
Class com.google.gson.internal.bind.ObjectTypeAdapter$1                               : loaded 2 times (x 76B)
Class com.android.builder.model.v2.ide.SourceSetContainer                             : loaded 2 times (x 70B)
Class com.google.gson.internal.bind.ReflectiveTypeAdapterFactory$FieldsData           : loaded 2 times (x 72B)
Class com.google.common.cache.LocalCache$EntryFactory$6                               : loaded 2 times (x 83B)
Class com.google.gson.ToNumberPolicy$3                                                : loaded 2 times (x 83B)
Class org.gradle.internal.time.Timer                                                  : loaded 2 times (x 70B)
Class kotlin.jvm.internal.markers.KMappedMarker                                       : loaded 2 times (x 70B)
Class org.gradle.internal.installation.CurrentGradleInstallationLocator               : loaded 2 times (x 71B)
Class com.android.builder.model.v2.ide.LintOptions                                    : loaded 2 times (x 70B)
Class com.google.common.collect.Maps$KeySet                                           : loaded 2 times (x 137B)
Class com.google.common.cache.LocalCache$EntryFactory$7                               : loaded 2 times (x 83B)
Class com.google.gson.ToNumberPolicy$4                                                : loaded 2 times (x 83B)
Class com.google.common.collect.ImmutableSet$EmptySetBuilderImpl                      : loaded 2 times (x 76B)
Class com.google.common.base.Equivalence$Identity                                     : loaded 2 times (x 82B)
Class org.gradle.tooling.internal.adapter.ProtocolToModelAdapter$ViewGraphDetails     : loaded 2 times (x 72B)
Class org.gradle.tooling.model.idea.IdeaProject                                       : loaded 2 times (x 70B)
Class org.gradle.tooling.model.DomainObjectSet                                        : loaded 2 times (x 70B)
Class org.gradle.internal.service.DefaultServiceLocator                               : loaded 2 times (x 83B)
Class com.android.builder.model.v2.ide.BasicArtifact                                  : loaded 2 times (x 70B)
Class com.google.common.cache.LocalCache$EntryFactory$8                               : loaded 2 times (x 83B)
Class com.google.gson.internal.sql.SqlTypesSupport                                    : loaded 2 times (x 71B)
Class com.google.gson.Gson                                                            : loaded 2 times (x 72B)
Class com.google.common.base.PairwiseEquivalence                                      : loaded 2 times (x 83B)
Class kotlin.coroutines.jvm.internal.SuspendFunction                                  : loaded 2 times (x 70B)
Class org.gradle.util.GradleVersion                                                   : loaded 2 times (x 81B)
Class org.gradle.internal.installation.CurrentGradleInstallation                      : loaded 2 times (x 73B)
Class com.google.common.cache.CacheLoader$1                                           : loaded 2 times (x 75B)
Class com.google.common.collect.ForwardingObject                                      : loaded 2 times (x 72B)
Class com.google.gson.Gson$1                                                          : loaded 2 times (x 76B)
Class com.google.gson.Gson$FutureTypeAdapter                                          : loaded 2 times (x 76B)
Class org.jetbrains.plugins.gradle.javaModel.JavaGradleManifestModel                  : loaded 2 times (x 70B)
Class org.jetbrains.plugins.gradle.tooling.serialization.GradleExtensionsSerializationService$WriteContext: loaded 2 times (x 72B)
Class com.intellij.gradle.toolingExtension.impl.model.taskModel.GradleTaskSerialisationService$Companion: loaded 2 times (x 71B)
Class kotlin.jvm.internal.StringCompanionObject                                       : loaded 2 times (x 71B)
Class kotlin.coroutines.intrinsics.IntrinsicsKt__IntrinsicsJvmKt                      : loaded 2 times (x 71B)
Class kotlin.coroutines.jvm.internal.CoroutineStackFrame                              : loaded 2 times (x 70B)
Class org.gradle.tooling.internal.adapter.ProtocolToModelAdapter$MethodInvocationCache$MethodInvocationKey: loaded 2 times (x 73B)
Class org.gradle.util.internal.GUtil                                                  : loaded 2 times (x 71B)
Class com.google.common.util.concurrent.AbstractFuture$SetFuture                      : loaded 2 times (x 75B)
Class com.google.common.cache.AbstractCache$StatsCounter                              : loaded 2 times (x 70B)
Class com.google.gson.Gson$2                                                          : loaded 2 times (x 76B)
Class com.intellij.gradle.toolingExtension.impl.model.utilTurnOffDefaultTasksModel.TurnOffDefaultTasks: loaded 2 times (x 70B)
Class com.intellij.gradle.toolingExtension.impl.model.sourceSetModel.GradleSourceSetSerialisationService$SourceSetModelReadContext: loaded 2 times (x 72B)
Class kotlin.io.NoSuchFileException                                                   : loaded 2 times (x 82B)
Class kotlin.collections.CollectionsKt                                                : loaded 2 times (x 71B)
Class com.android.builder.model.v2.dsl.BuildType                                      : loaded 2 times (x 70B)
Class com.google.gson.internal.bind.ReflectiveTypeAdapterFactory$BoundField           : loaded 2 times (x 75B)
Class com.google.gson.Gson$3                                                          : loaded 2 times (x 75B)
Class com.google.common.cache.LocalCache$LocalManualCache                             : loaded 2 times (x 99B)
Class com.android.builder.model.v2.ide.ViewBindingOptions                             : loaded 2 times (x 70B)
Class com.intellij.gradle.toolingExtension.impl.model.sourceSetModel.GradleSourceSetSerialisationService$SourceSetModelWriteContext: loaded 2 times (x 72B)
Class kotlin.ranges.IntProgressionIterator                                            : loaded 2 times (x 82B)
Class kotlin.coroutines.CoroutineContext                                              : loaded 2 times (x 70B)
Class kotlin.coroutines.jvm.internal.DebugProbesKt                                    : loaded 2 times (x 71B)
Class org.gradle.tooling.internal.adapter.WeakIdentityHashMap                         : loaded 2 times (x 76B)
Class org.gradle.tooling.GradleConnectionException                                    : loaded 2 times (x 83B)
Class org.gradle.tooling.internal.adapter.ProtocolToModelAdapter$1                    : loaded 2 times (x 75B)
Class org.gradle.tooling.internal.adapter.ProtocolToModelAdapter$ViewDecoration       : loaded 2 times (x 70B)
Class org.gradle.internal.installation.GradleInstallation                             : loaded 2 times (x 75B)
Class com.google.gson.internal.bind.DefaultDateTypeAdapter$1                          : loaded 2 times (x 75B)
Class com.google.gson.Gson$4                                                          : loaded 2 times (x 76B)
Class com.google.gson.internal.ConstructorConstructor                                 : loaded 2 times (x 72B)
Class com.google.common.collect.Iterables                                             : loaded 2 times (x 71B)
Class org.jetbrains.plugins.gradle.tooling.serialization.GradleExtensionsSerializationService$ReadContext: loaded 2 times (x 72B)
Class com.google.common.collect.LexicographicalOrdering                               : loaded 2 times (x 115B)
Class org.gradle.tooling.internal.adapter.MethodInvoker                               : loaded 2 times (x 70B)
Class com.google.gson.ReflectionAccessFilter$FilterResult                             : loaded 2 times (x 79B)
Class com.google.common.collect.Lists$RandomAccessReverseList                         : loaded 2 times (x 200B)
Class com.google.gson.Gson$5                                                          : loaded 2 times (x 76B)
Class org.jetbrains.plugins.gradle.tooling.serialization.RepositoriesModelSerializationService$WriteContext: loaded 2 times (x 72B)
Class com.android.ide.gradle.model.LegacyAndroidGradlePluginProperties                : loaded 2 times (x 70B)
Class kotlin.ranges.IntProgression                                                    : loaded 2 times (x 81B)
Class kotlin.jvm.KotlinReflectionNotSupportedError                                    : loaded 2 times (x 82B)
Class org.gradle.tooling.model.gradle.GradleScript                                    : loaded 2 times (x 70B)

---------------  S Y S T E M  ---------------

OS:
 Windows 11 , 64 bit Build 26100 (10.0.26100.8875)
OS uptime: 0 days 4:12 hours
Hyper-V role detected

CPU: total 4 (initial active 4) (2 cores per cpu, 2 threads per core) family 6 model 140 stepping 1 microcode 0x8a, cx8, cmov, fxsr, ht, mmx, 3dnowpref, sse, sse2, sse3, ssse3, sse4.1, sse4.2, popcnt, lzcnt, tsc, tscinvbit, avx, avx2, aes, erms, clmul, bmi1, bmi2, adx, avx512f, avx512dq, avx512cd, avx512bw, avx512vl, sha, fma, vzeroupper, avx512_vpopcntdq, avx512_vpclmulqdq, avx512_vaes, avx512_vnni, clflush, clflushopt, clwb, avx512_vbmi2, avx512_vbmi, hv, rdtscp, rdpid, fsrm, gfni, avx512_bitalg, f16c, cet_ibt, cet_ss, avx512_ifma
Processor Information for the first 4 processors :
  Max Mhz: 2995, Current Mhz: 2995, Mhz Limit: 2995

Memory: 4k page, system-wide physical 7975M (946M free)
TotalPageFile size 10813M (AvailPageFile size 19M)
current process WorkingSet (physical memory assigned to process): 559M, peak: 564M
current process commit charge ("private bytes"): 581M, peak: 604M

vm_info: OpenJDK 64-Bit Server VM (21.0.10+-14961533-b1163.108) for windows-amd64 JRE (21.0.10+-14961533-b1163.108), built on 2026-03-02T19:58:50Z by "builder" with MS VC++ 16.10 / 16.11 (VS2019)

END.
