version 2
JvmtiExport can_access_local_variables 0
JvmtiExport can_hotswap_or_post_breakpoint 1
JvmtiExport can_post_on_exceptions 0
# 424 ciObject found
instanceKlass androidx/room/jarjarred/org/antlr/v4/runtime/atn/ParserATNSimulator
ciInstanceKlass java/util/SequencedMap 1 1 157 11 100 12 1 1 1 11 100 12 1 1 1 11 100 12 1 1 1 100 1 11 12 1 1 100 1 10 12 1 1 11 12 1 1 11 12 1 1 100 1 10 12 100 1 10 12 1 100 1 10 100 1 10 100 1 100 1 1 1 1 1 1 1 1 1 1 1 1 1 1 1 1 1 1 1 1 1 1 1 1 1 1 1 1 1 1 1 1 1 1 1 1 1 1 1 1 1 1 1 1 1 1 1 1 1 1 100 1 8 1 1 12 10 1 1 1 8 1 1 1 8 1 1 8 1 1 1 8 1 1 1 8 1 1 1 8 1 1 1 8 1 1 1 8 1 1 1 8 1 1 1 8 1 1 8 1
ciInstanceKlass java/util/LinkedHashMap 1 1 386 9 7 12 1 1 1 9 12 1 1 9 12 1 9 7 12 1 1 9 12 1 10 7 12 1 1 1 10 12 1 1 10 12 1 1 9 12 1 9 12 1 1 9 12 1 10 12 1 1 100 1 10 10 12 1 1 10 12 1 10 12 1 1 9 12 1 1 9 12 1 10 12 1 1 10 100 12 1 1 1 10 12 1 10 12 1 10 12 10 12 1 1 10 100 12 1 1 1 10 12 1 1 10 12 1 1 9 7 1 10 12 1 10 12 1 1 9 12 1 1 7 1 10 12 1 7 1 100 1 10 10 12 1 1 10 12 1 1 9 12 1 1 7 1 10 7 1 10 12 1 9 12 1 7 1 10 100 1 10 11 100 12 1 1 1 100 1 10 11 100 12 1 1 100 1 100 1 10 8 1 10 12 1 1 10 12 1 10 12 1 1 10 12 1 10 12 1 1 10 100 1 10 12 1 100 1 1 1 1 5 0 1 1 1 3 1 3 1 3 1 1 1 1 1 1 1 1 1 1 1 1 1 1 1 1 1 1 1 1 1 1 1 1 1 1 1 1 1 1 1 1 1 1 1 1 1 1 1 1 1 1 1 1 1 1 1 100 1 1 1 1 1 1 1 1 100 1 1 1 1 1 1 1 1 1 1 1 1 1 1 1 1 1 1 1 1 1 1 1 1 1 1 1 1 100 1 1 1 1 1 1 1 1 1 1 1 1 1 1 100 1 1 1 1 1 1 1 1 1 100 1 1 1 1 1 1 1 1 1 1 1 1 1 1 1 1 1 1 1 1 1 1 1 1 1 1 1 1 1 1 1 100 1 100 1 100 1 100 1 1 1 1 1 100 1 100 1 1 1 1 1 1 1 1 1
instanceKlass java/util/LinkedHashSet
ciInstanceKlass java/util/HashSet 1 1 303 10 7 12 1 1 1 7 1 10 9 7 12 1 1 1 11 7 12 1 1 1 10 7 12 1 1 1 10 12 1 1 10 12 1 1 10 12 1 10 12 1 7 1 10 10 12 1 1 11 7 12 1 1 1 10 10 12 1 1 10 12 1 1 9 12 1 1 10 12 1 1 10 12 1 1 10 12 1 10 7 12 1 1 1 10 100 1 100 1 10 12 1 10 100 12 1 1 10 12 1 10 12 1 10 12 1 1 10 12 1 1 11 100 12 1 1 11 12 1 10 12 1 1 10 100 12 1 1 1 10 12 1 100 1 100 1 10 8 1 10 12 1 1 10 12 1 10 12 1 1 10 12 1 10 12 1 10 100 12 1 1 1 8 1 10 12 1 4 4 10 12 1 1 8 1 10 12 1 1 4 10 100 12 1 1 1 100 1 10 12 1 1 11 100 12 1 1 1 100 1 10 12 1 100 1 10 12 1 10 12 1 1 10 12 1 100 1 8 1 10 10 12 1 10 10 100 1 100 1 1 1 1 5 0 1 1 1 1 1 1 1 1 1 1 1 1 1 1 1 1 1 1 1 1 1 1 1 1 1 1 1 1 1 1 1 1 1 1 100 1 1 1 1 100 1 1 1 1 1 1 1 1 1 1 1 1 1 1 1 1 1 1 1 100 1 1 100 1 100 1 1 1
staticfield java/util/HashSet PRESENT Ljava/lang/Object; java/lang/Object
instanceKlass org/jetbrains/kotlin/resolve/OverridingUtil$2
# instanceKlass org/jetbrains/kotlin/load/java/BuiltinMethodsWithDifferentJvmName$$Lambda+0x0000000100867188
# instanceKlass org/jetbrains/kotlin/load/java/SpecialBuiltinMembers$$Lambda+0x0000000100866d00
instanceKlass org/jetbrains/kotlin/serialization/deserialization/AnnotationDeserializer$WhenMappings
instanceKlass org/jetbrains/kotlin/resolve/OverridingUtil$7
instanceKlass org/jetbrains/kotlin/resolve/OverridingUtil$6
instanceKlass org/jetbrains/kotlin/resolve/VisibilityUtilKt
instanceKlass org/jetbrains/kotlin/resolve/OverridingUtil$3
instanceKlass org/jetbrains/kotlin/load/java/ErasedOverridabilityCondition$WhenMappings
instanceKlass org/jetbrains/kotlin/load/java/lazy/types/RawSubstitution$Companion
# instanceKlass org/jetbrains/kotlin/load/java/ErasedOverridabilityCondition$$Lambda+0x0000000100855280
# instanceKlass org/sqlite/jdbc3/JDBC3ResultSet$$Lambda+0x00000001008606d0
# instanceKlass java/lang/invoke/LambdaForm$DMH+0x0000000100864000
instanceKlass androidx/room/vo/QueryParameter
instanceKlass androidx/room/processor/QueryParameterProcessor
instanceKlass com/squareup/kotlinpoet/CodeWriterKt
instanceKlass com/squareup/kotlinpoet/TypeVariableName$Companion
instanceKlass androidx/room/compiler/processing/ksp/KTypeVariableNameFactory
instanceKlass androidx/room/compiler/processing/ksp/KSTypeVarianceResolver$WhenMappings
instanceKlass androidx/room/compiler/processing/ksp/DelegatingTypeReference
instanceKlass androidx/room/compiler/processing/ksp/synthetic/KspSyntheticContinuationParameterElement$Companion
instanceKlass androidx/room/compiler/processing/ksp/synthetic/KspSyntheticContinuationParameterElement
instanceKlass androidx/room/parser/BindParameterNode
instanceKlass androidx/room/jarjarred/org/antlr/v4/runtime/dfa/DFAState$PredPrediction
instanceKlass androidx/room/ext/ReactiveStreamsTypeNames
instanceKlass androidx/room/ext/Xpoet_extKt
instanceKlass androidx/room/processor/QueryRewriter$Companion$NoOpRewriter$1
instanceKlass androidx/room/processor/QueryRewriter$Companion
instanceKlass androidx/room/processor/QueryRewriter
instanceKlass androidx/room/parser/Section$Companion
instanceKlass androidx/room/parser/Section
instanceKlass androidx/room/vo/QueryMethod
instanceKlass androidx/room/Transaction
instanceKlass androidx/room/solver/query/result/QueryResultBinder
instanceKlass androidx/room/solver/query/result/QueryResultAdapter
instanceKlass androidx/room/solver/query/result/PojoIndexAdapter
instanceKlass androidx/room/solver/query/result/IndexAdapter
instanceKlass androidx/room/solver/query/result/QueryMappedRowAdapter$Mapping
instanceKlass androidx/room/solver/query/parameter/QueryParameterAdapter
instanceKlass androidx/room/vo/RelationCollector$Companion
instanceKlass androidx/room/vo/RelationCollector
instanceKlass androidx/room/solver/query/result/RowAdapter
instanceKlass androidx/room/ext/GuavaTypeNames
instanceKlass androidx/room/ext/GuavaUtilConcurrentTypeNames
instanceKlass  @bci org/jetbrains/kotlin/resolve/calls/inference/CapturedTypeConstructorKt createCapturedIfNeeded (Lorg/jetbrains/kotlin/types/TypeProjection;Lorg/jetbrains/kotlin/descriptors/TypeParameterDescriptor;)Lorg/jetbrains/kotlin/types/TypeProjection; 60 <appendix> member <vmtarget> ; # org/jetbrains/kotlin/resolve/calls/inference/CapturedTypeConstructorKt$$Lambda+0x000000010080bda0
instanceKlass org/jetbrains/org/objectweb/asm/TypeReference
instanceKlass org/jetbrains/org/objectweb/asm/TypePath
instanceKlass androidx/room/ext/LifecyclesTypeNames
instanceKlass androidx/room/MapInfo
instanceKlass androidx/room/solver/TypeAdapterExtras
instanceKlass androidx/room/verifier/ColumnInfo
instanceKlass  @bci org/sqlite/jdbc3/JDBC3ResultSet safeGetColumnTableName (I)Ljava/lang/String; 9 <appendix> member <vmtarget> ; # org/sqlite/jdbc3/JDBC3ResultSet$$Lambda+0x0000000100853988
instanceKlass  @bci org/sqlite/jdbc3/JDBC3ResultSet getColumnDeclType (I)Ljava/lang/String; 9 <appendix> member <vmtarget> ; # org/sqlite/jdbc3/JDBC3ResultSet$$Lambda+0x0000000100853730
instanceKlass  @bci org/sqlite/jdbc3/JDBC3ResultSet safeGetColumnName (I)Ljava/lang/String; 9 <appendix> member <vmtarget> ; # org/sqlite/jdbc3/JDBC3ResultSet$$Lambda+0x00000001008534d8
instanceKlass  @cpi org/sqlite/jdbc3/JDBC3ResultSet 620 form vmentry <vmtarget> ; # java/lang/invoke/LambdaForm$DMH+0x0000000100854000
instanceKlass androidx/room/verifier/Jdbc_extKt
instanceKlass androidx/room/verifier/QueryResultInfo
instanceKlass  @bci org/sqlite/core/CorePreparedStatement <init> (Lorg/sqlite/SQLiteConnection;Ljava/lang/String;)V 63 <appendix> argL0 ; # org/sqlite/core/CorePreparedStatement$$Lambda+0x0000000100852b98
instanceKlass  @bci org/sqlite/core/CorePreparedStatement <init> (Lorg/sqlite/SQLiteConnection;Ljava/lang/String;)V 47 <appendix> argL0 ; # org/sqlite/core/CorePreparedStatement$$Lambda+0x0000000100852948
instanceKlass  @bci org/sqlite/core/CorePreparedStatement <init> (Lorg/sqlite/SQLiteConnection;Ljava/lang/String;)V 28 <appendix> argL0 ; # org/sqlite/core/CorePreparedStatement$$Lambda+0x00000001008526f8
instanceKlass org/sqlite/core/SafeStmtPtr$SafePtrFunction
instanceKlass java/sql/ParameterMetaData
instanceKlass androidx/room/parser/QueryVisitor$createParsedQuery$$inlined$sortedBy$1
instanceKlass androidx/room/parser/ParsedQuery$Companion
instanceKlass androidx/room/parser/ParsedQuery
instanceKlass androidx/room/parser/Table
instanceKlass androidx/room/parser/expansion/ExpandableSqlParserKt
instanceKlass androidx/room/parser/QueryVisitor$Companion
instanceKlass androidx/room/jarjarred/org/antlr/v4/runtime/tree/AbstractParseTreeVisitor
instanceKlass androidx/room/parser/SQLiteVisitor
instanceKlass androidx/room/jarjarred/org/antlr/v4/runtime/tree/ParseTreeVisitor
instanceKlass androidx/room/jarjarred/org/antlr/v4/runtime/ProxyErrorListener
instanceKlass androidx/room/jarjarred/org/antlr/v4/runtime/misc/FlexibleHashMap$Entry
instanceKlass androidx/room/jarjarred/org/antlr/v4/runtime/misc/FlexibleHashMap
instanceKlass androidx/room/jarjarred/org/antlr/v4/runtime/tree/TerminalNodeImpl
instanceKlass androidx/room/jarjarred/org/antlr/v4/runtime/atn/LexerIndexedCustomAction
instanceKlass androidx/room/jarjarred/org/antlr/v4/runtime/atn/LexerActionExecutor
instanceKlass androidx/room/jarjarred/org/antlr/v4/runtime/misc/DoubleKeyMap
instanceKlass androidx/room/jarjarred/org/antlr/v4/runtime/atn/LL1Analyzer
instanceKlass androidx/room/jarjarred/org/antlr/v4/runtime/CommonToken
instanceKlass androidx/room/jarjarred/org/antlr/v4/runtime/WritableToken
instanceKlass androidx/room/jarjarred/org/antlr/v4/runtime/misc/MurmurHash
instanceKlass androidx/room/jarjarred/org/antlr/v4/runtime/atn/ParserATNSimulator$1
instanceKlass androidx/room/jarjarred/org/antlr/v4/runtime/atn/SemanticContext
instanceKlass androidx/room/jarjarred/org/antlr/v4/runtime/DefaultErrorStrategy
instanceKlass androidx/room/jarjarred/org/antlr/v4/runtime/tree/ErrorNode
instanceKlass androidx/room/jarjarred/org/antlr/v4/runtime/tree/TerminalNode
instanceKlass androidx/room/jarjarred/org/antlr/v4/runtime/RuleContext
instanceKlass androidx/room/jarjarred/org/antlr/v4/runtime/tree/RuleNode
instanceKlass androidx/room/jarjarred/org/antlr/v4/runtime/tree/ParseTree
instanceKlass androidx/room/jarjarred/org/antlr/v4/runtime/tree/SyntaxTree
instanceKlass androidx/room/jarjarred/org/antlr/v4/runtime/tree/Tree
instanceKlass androidx/room/jarjarred/org/antlr/v4/runtime/tree/ParseTreeListener
instanceKlass androidx/room/jarjarred/org/antlr/v4/runtime/ANTLRErrorStrategy
instanceKlass androidx/room/jarjarred/org/antlr/v4/runtime/BufferedTokenStream
instanceKlass androidx/room/jarjarred/org/antlr/v4/runtime/TokenStream
instanceKlass androidx/room/jarjarred/org/antlr/v4/runtime/atn/LexerATNSimulator$SimState
instanceKlass androidx/room/jarjarred/org/antlr/v4/runtime/misc/AbstractEqualityComparator
instanceKlass androidx/room/jarjarred/org/antlr/v4/runtime/misc/EqualityComparator
instanceKlass androidx/room/jarjarred/org/antlr/v4/runtime/misc/Array2DHashSet
instanceKlass androidx/room/jarjarred/org/antlr/v4/runtime/dfa/DFAState
instanceKlass androidx/room/jarjarred/org/antlr/v4/runtime/atn/ATNConfigSet
instanceKlass androidx/room/jarjarred/org/antlr/v4/runtime/atn/ATNConfig
instanceKlass androidx/room/jarjarred/org/antlr/v4/runtime/misc/IntegerList
instanceKlass androidx/room/jarjarred/org/antlr/v4/runtime/Token
instanceKlass androidx/room/jarjarred/org/antlr/v4/runtime/CommonTokenFactory
instanceKlass androidx/room/jarjarred/org/antlr/v4/runtime/TokenFactory
instanceKlass androidx/room/jarjarred/org/antlr/v4/runtime/BaseErrorListener
instanceKlass androidx/room/jarjarred/org/antlr/v4/runtime/dfa/DFASerializer
instanceKlass androidx/room/jarjarred/org/antlr/v4/runtime/dfa/DFA
instanceKlass androidx/room/jarjarred/org/antlr/v4/runtime/atn/LexerChannelAction
instanceKlass androidx/room/jarjarred/org/antlr/v4/runtime/atn/ATNDeserializer$1
instanceKlass androidx/room/jarjarred/org/antlr/v4/runtime/misc/Interval
instanceKlass androidx/room/jarjarred/org/antlr/v4/runtime/misc/IntervalSet
instanceKlass androidx/room/jarjarred/org/antlr/v4/runtime/misc/Pair
instanceKlass androidx/room/jarjarred/org/antlr/v4/runtime/misc/IntSet
instanceKlass androidx/room/jarjarred/org/antlr/v4/runtime/atn/ATN
instanceKlass androidx/room/jarjarred/org/antlr/v4/runtime/atn/ATNDeserializationOptions
instanceKlass androidx/room/jarjarred/org/antlr/v4/runtime/atn/LexerAction
instanceKlass androidx/room/jarjarred/org/antlr/v4/runtime/atn/Transition
instanceKlass androidx/room/jarjarred/org/antlr/v4/runtime/atn/ATNState
instanceKlass androidx/room/jarjarred/org/antlr/v4/runtime/atn/ATNDeserializer
instanceKlass androidx/room/jarjarred/org/antlr/v4/runtime/VocabularyImpl
instanceKlass androidx/room/jarjarred/org/antlr/v4/runtime/atn/PredictionContext
instanceKlass androidx/room/jarjarred/org/antlr/v4/runtime/atn/PredictionContextCache
instanceKlass androidx/room/jarjarred/org/antlr/v4/runtime/RuntimeMetaData
instanceKlass androidx/room/jarjarred/org/antlr/v4/runtime/Vocabulary
instanceKlass androidx/room/jarjarred/org/antlr/v4/runtime/atn/ATNSimulator
instanceKlass androidx/room/jarjarred/org/antlr/v4/runtime/ANTLRErrorListener
instanceKlass androidx/room/jarjarred/org/antlr/v4/runtime/Recognizer
instanceKlass androidx/room/jarjarred/org/antlr/v4/runtime/TokenSource
instanceKlass androidx/room/jarjarred/org/antlr/v4/runtime/CodePointCharStream$1
instanceKlass androidx/room/jarjarred/org/antlr/v4/runtime/CodePointCharStream
instanceKlass androidx/room/jarjarred/org/antlr/v4/runtime/CodePointBuffer$1
instanceKlass androidx/room/jarjarred/org/antlr/v4/runtime/CodePointBuffer$Builder
instanceKlass androidx/room/jarjarred/org/antlr/v4/runtime/CodePointBuffer
instanceKlass androidx/room/jarjarred/org/antlr/v4/runtime/CharStream
instanceKlass androidx/room/jarjarred/org/antlr/v4/runtime/IntStream
instanceKlass androidx/room/jarjarred/org/antlr/v4/runtime/CharStreams
instanceKlass androidx/room/parser/SingleQuerySqlParser
instanceKlass androidx/room/compiler/processing/KotlinPoetExtKt
instanceKlass com/squareup/kotlinpoet/ParameterizedTypeName$Companion
instanceKlass androidx/room/compiler/processing/ksp/KSTypeKotlinPoetExtKt$WhenMappings
instanceKlass androidx/room/compiler/processing/ksp/KSTypeJavaPoetExtKt$WhenMappings
instanceKlass androidx/room/compiler/processing/ksp/NoLocationTypeReference
instanceKlass androidx/room/compiler/processing/ksp/KSTypeReferenceExtKt
instanceKlass kotlin/jvm/JvmSuppressWildcards
instanceKlass kotlin/jvm/JvmWildcard
instanceKlass com/google/devtools/ksp/symbol/impl/binary/KSTypeArgumentDescriptorImpl$variance$2$WhenMappings
instanceKlass androidx/room/compiler/processing/ksp/KSTypeArgumentWrapper
instanceKlass com/google/devtools/ksp/symbol/impl/kotlin/KSExpectActualNoImpl
instanceKlass androidx/room/compiler/processing/ksp/KspRawType
instanceKlass androidx/room/compiler/processing/XRawType
instanceKlass androidx/room/processor/MethodProcessorDelegateKt
instanceKlass androidx/room/compiler/processing/XSuspendMethodType
instanceKlass androidx/room/compiler/processing/XMethodTypeKt
instanceKlass androidx/room/processor/MethodProcessorDelegate$Companion
instanceKlass androidx/room/processor/MethodProcessorDelegate
instanceKlass androidx/room/parser/QueryType$Companion
instanceKlass androidx/room/processor/InternalQueryProcessor$Companion
instanceKlass androidx/room/processor/InternalQueryProcessor
instanceKlass androidx/room/processor/QueryMethodProcessor
# instanceKlass java/lang/invoke/LambdaForm$MH+0x0000000100814400
# instanceKlass java/lang/invoke/LambdaForm$MH+0x0000000100814000
instanceKlass androidx/room/Dao
instanceKlass com/google/devtools/ksp/symbol/impl/kotlin/KSTypeArgumentImpl
instanceKlass com/google/devtools/ksp/symbol/KSTypeArgument
instanceKlass org/jetbrains/kotlin/load/java/structure/JavaClassObjectAnnotationArgument
instanceKlass  @bci org/jetbrains/kotlin/storage/LockBasedLazyResolveStorageManager$LockProtectedContext getType (Lorg/jetbrains/kotlin/psi/KtExpression;)Lorg/jetbrains/kotlin/types/KotlinType; 12 <appendix> member <vmtarget> ; # org/jetbrains/kotlin/storage/LockBasedLazyResolveStorageManager$LockProtectedContext$$Lambda+0x000000010080b000
instanceKlass org/jetbrains/kotlin/synthetic/JavaSyntheticPropertiesScope$SyntheticPropertyHolder$Companion
instanceKlass org/jetbrains/kotlin/resolve/calls/smartcasts/IdentifierInfo$Receiver
instanceKlass org/jetbrains/kotlin/descriptors/DeserializedDeclarationsFromSupertypeConflictDataKey
instanceKlass  @bci org/jetbrains/kotlin/resolve/lazy/descriptors/LazyClassDescriptor getDescriptorsForExtraCompanionObjects ()Ljava/util/List; 20 <appendix> member <vmtarget> ; # org/jetbrains/kotlin/resolve/lazy/descriptors/LazyClassDescriptor$$Lambda+0x000000010080e9b0
instanceKlass kotlin/jvm/JvmName
instanceKlass org/jetbrains/kotlin/codegen/AsmUtil
instanceKlass org/jetbrains/kotlin/load/kotlin/TypeMappingMode$WhenMappings
instanceKlass org/jetbrains/kotlin/codegen/binding/CodegenBinding
instanceKlass org/jetbrains/kotlin/load/kotlin/BinaryClassAnnotationAndConstantLoaderImpl$AbstractAnnotationArgumentVisitor$visitAnnotation$1
instanceKlass org/jetbrains/kotlin/load/kotlin/ModuleNameKt
instanceKlass org/jetbrains/kotlin/codegen/state/KotlinTypeMapper$InternalNameMapper
instanceKlass androidx/room/compiler/codegen/XTypeName$WhenMappings
instanceKlass  @bci androidx/room/vo/ForeignKey databaseDefinition ()Ljava/lang/String; 142 <appendix> form vmentry <vmtarget> ; # java/lang/invoke/LambdaForm$MH+0x000000010080a000
# instanceKlass java/lang/invoke/LambdaForm$MH+0x0000000100809c00
# instanceKlass java/lang/invoke/LambdaForm$MH+0x0000000100809800
instanceKlass  @bci androidx/room/vo/ForeignKey databaseDefinition ()Ljava/lang/String; 142 <appendix> argL4 form vmentry <vmtarget> ; # java/lang/invoke/LambdaForm$MH+0x0000000100809400
# instanceKlass java/lang/invoke/LambdaForm$MH+0x0000000100809000
# instanceKlass java/lang/invoke/LambdaForm$MH+0x0000000100808c00
# instanceKlass java/lang/invoke/LambdaForm$MH+0x0000000100808800
# instanceKlass java/lang/invoke/LambdaForm$MH+0x0000000100808400
instanceKlass  @bci androidx/room/vo/ForeignKey databaseDefinition ()Ljava/lang/String; 142 <appendix> argL1 form vmentry <vmtarget> ; # java/lang/invoke/LambdaForm$MH+0x0000000100808000
# instanceKlass java/lang/invoke/LambdaForm$MH+0x0000000100807c00
# instanceKlass java/lang/invoke/LambdaForm$MH+0x0000000100807800
# instanceKlass java/lang/invoke/LambdaForm$MH+0x0000000100807400
instanceKlass  @bci org/sqlite/jdbc3/JDBC3Statement executeLargeUpdate (Ljava/lang/String;)J 12 <appendix> member <vmtarget> ; # org/sqlite/jdbc3/JDBC3Statement$$Lambda+0x0000000100801028
instanceKlass  @bci androidx/room/vo/Field databaseDefinition (Z)Ljava/lang/String; 103 <appendix> form vmentry <vmtarget> ; # java/lang/invoke/LambdaForm$MH+0x0000000100807000
# instanceKlass java/lang/invoke/LambdaForm$MH+0x0000000100806c00
instanceKlass  @bci androidx/room/vo/Field databaseDefinition (Z)Ljava/lang/String; 103 <appendix> argL3 form vmentry <vmtarget> ; # java/lang/invoke/LambdaForm$MH+0x0000000100806800
# instanceKlass java/lang/invoke/LambdaForm$MH+0x0000000100806400
# instanceKlass java/lang/invoke/LambdaForm$MH+0x0000000100806000
# instanceKlass java/lang/invoke/LambdaForm$MH+0x0000000100805c00
# instanceKlass java/lang/invoke/LambdaForm$MH+0x0000000100805800
instanceKlass  @bci androidx/room/vo/Field databaseDefinition (Z)Ljava/lang/String; 103 <appendix> argL1 form vmentry <vmtarget> ; # java/lang/invoke/LambdaForm$MH+0x0000000100805400
# instanceKlass java/lang/invoke/LambdaForm$MH+0x0000000100805000
# instanceKlass java/lang/invoke/LambdaForm$MH+0x0000000100804c00
# instanceKlass java/lang/invoke/LambdaForm$MH+0x0000000100804800
instanceKlass  @bci org/sqlite/core/CoreStatement exec ()Z 128 <appendix> argL0 ; # org/sqlite/core/CoreStatement$$Lambda+0x0000000100800b68
instanceKlass  @cpi org/sqlite/core/CoreStatement 117 form vmentry <vmtarget> ; # java/lang/invoke/LambdaForm$DMH+0x0000000100804400
instanceKlass  @bci org/sqlite/core/DB execute (Lorg/sqlite/core/CoreStatement;[Ljava/lang/Object;)Z 6 <appendix> member <vmtarget> ; # org/sqlite/core/DB$$Lambda+0x0000000100800910
instanceKlass  @cpi org/sqlite/core/DB 476 form vmentry <vmtarget> ; # java/lang/invoke/LambdaForm$DMH+0x0000000100804000
instanceKlass org/sqlite/core/SafeStmtPtr$SafePtrIntFunction
instanceKlass org/sqlite/core/SafeStmtPtr
instanceKlass org/sqlite/ExtendedCommand$SQLExtension
instanceKlass org/sqlite/ExtendedCommand
instanceKlass  @bci org/sqlite/jdbc3/JDBC3Statement execute (Ljava/lang/String;)Z 7 <appendix> member <vmtarget> ; # org/sqlite/jdbc3/JDBC3Statement$$Lambda+0x00000001007dbc90
instanceKlass org/sqlite/jdbc3/JDBC3Statement$SQLCallable
instanceKlass java/sql/Clob
instanceKlass java/sql/ResultSetMetaData
instanceKlass java/sql/ResultSet
instanceKlass org/sqlite/core/CoreResultSet
instanceKlass org/sqlite/core/CoreStatement
instanceKlass sun/util/calendar/CalendarUtils
instanceKlass sun/util/calendar/CalendarDate
instanceKlass sun/util/locale/provider/LocaleResources
instanceKlass java/util/stream/Nodes$ArrayNode
instanceKlass java/util/stream/Node$Builder
instanceKlass java/util/stream/Node$OfDouble
instanceKlass java/util/stream/Node$OfLong
instanceKlass java/util/stream/Node$OfInt
instanceKlass java/util/stream/Node$OfPrimitive
instanceKlass java/util/stream/Nodes$EmptyNode
instanceKlass java/util/stream/Node
instanceKlass java/util/stream/Nodes
instanceKlass  @bci sun/util/locale/provider/LocaleProviderAdapter toLocaleArray (Ljava/util/Set;)[Ljava/util/Locale; 16 <appendix> argL0 ; # sun/util/locale/provider/LocaleProviderAdapter$$Lambda+0x00000001007eeed8
instanceKlass  @bci sun/util/locale/provider/LocaleProviderAdapter toLocaleArray (Ljava/util/Set;)[Ljava/util/Locale; 6 <appendix> argL0 ; # sun/util/locale/provider/LocaleProviderAdapter$$Lambda+0x00000001007ee518
instanceKlass  @bci sun/util/cldr/CLDRLocaleProviderAdapter getCalendarDataProvider ()Ljava/util/spi/CalendarDataProvider; 8 <appendix> member <vmtarget> ; # sun/util/cldr/CLDRLocaleProviderAdapter$$Lambda+0x00000001007eddc0
instanceKlass sun/util/locale/provider/CalendarDataUtility$CalendarWeekParameterGetter
instanceKlass sun/util/locale/provider/LocaleServiceProviderPool$LocalizedObjectGetter
instanceKlass sun/util/locale/provider/LocaleServiceProviderPool
instanceKlass java/util/Calendar$Builder
instanceKlass  @bci sun/util/locale/provider/JRELocaleProviderAdapter getCalendarProvider ()Lsun/util/spi/CalendarProvider; 8 <appendix> member <vmtarget> ; # sun/util/locale/provider/JRELocaleProviderAdapter$$Lambda+0x00000001007eba18
instanceKlass sun/util/locale/Extension
instanceKlass sun/util/locale/LocaleExtensions
instanceKlass org/sqlite/date/FastDateParser$Strategy
instanceKlass org/sqlite/date/FastDateParser
instanceKlass org/sqlite/date/FastDatePrinter$TwoDigitNumberField
instanceKlass org/sqlite/date/FastDatePrinter$TwoDigitMonthField
instanceKlass org/sqlite/date/FastDatePrinter$CharacterLiteral
instanceKlass org/sqlite/date/FastDatePrinter$PaddedNumberField
instanceKlass sun/util/resources/Bundles$2
instanceKlass sun/util/resources/Bundles$CacheKeyReference
instanceKlass  @bci java/util/ResourceBundle$ResourceBundleProviderHelper newResourceBundle (Ljava/lang/Class;)Ljava/util/ResourceBundle; 22 <appendix> member <vmtarget> ; # java/util/ResourceBundle$ResourceBundleProviderHelper$$Lambda+0x00000001007ea230
instanceKlass java/util/ResourceBundle$ResourceBundleProviderHelper
instanceKlass  @bci sun/util/cldr/CLDRLocaleProviderAdapter applyAliases (Ljava/util/Locale;)Ljava/util/Locale; 4 <appendix> argL0 ; # sun/util/cldr/CLDRLocaleProviderAdapter$$Lambda+0x00000001007e9388
instanceKlass sun/util/resources/LocaleData$LocaleDataResourceBundleProvider
instanceKlass java/util/spi/ResourceBundleProvider
instanceKlass sun/util/resources/Bundles$CacheKey
instanceKlass java/util/ResourceBundle$1
instanceKlass jdk/internal/access/JavaUtilResourceBundleAccess
instanceKlass sun/util/resources/Bundles
instanceKlass sun/util/resources/LocaleData$LocaleDataStrategy
instanceKlass sun/util/resources/Bundles$Strategy
instanceKlass sun/util/resources/LocaleData$1
instanceKlass java/util/ResourceBundle
instanceKlass sun/util/resources/LocaleData
instanceKlass sun/util/locale/provider/AvailableLanguageTags
instanceKlass  @bci sun/util/locale/provider/JRELocaleProviderAdapter getDateFormatSymbolsProvider ()Ljava/text/spi/DateFormatSymbolsProvider; 8 <appendix> member <vmtarget> ; # sun/util/locale/provider/JRELocaleProviderAdapter$$Lambda+0x00000001007e6878
instanceKlass sun/util/resources/cldr/provider/CLDRLocaleDataMetaInfo
instanceKlass  @bci sun/util/cldr/CLDRLocaleProviderAdapter <init> ()V 4 <appendix> argL0 ; # sun/util/cldr/CLDRLocaleProviderAdapter$$Lambda+0x00000001007e6628
instanceKlass sun/util/locale/StringTokenIterator
instanceKlass sun/util/locale/ParseStatus
instanceKlass sun/util/cldr/CLDRBaseLocaleDataMetaInfo
instanceKlass sun/util/locale/provider/LocaleDataMetaInfo
instanceKlass sun/util/locale/provider/ResourceBundleBasedAdapter
instanceKlass sun/util/locale/provider/LocaleProviderAdapter
instanceKlass java/util/spi/LocaleServiceProvider
instanceKlass sun/util/locale/InternalLocaleBuilder$CaseInsensitiveChar
instanceKlass sun/util/locale/InternalLocaleBuilder
instanceKlass java/util/Locale$Builder
instanceKlass sun/util/locale/provider/CalendarDataUtility
instanceKlass java/text/DateFormatSymbols
instanceKlass org/sqlite/date/FastDatePrinter$NumberRule
instanceKlass org/sqlite/date/FastDatePrinter$Rule
instanceKlass java/util/Calendar
instanceKlass org/sqlite/date/FastDatePrinter
instanceKlass org/sqlite/date/FormatCache$MultipartKey
instanceKlass sun/util/calendar/ZoneInfoFile$ZoneOffsetTransitionRule
instanceKlass sun/util/calendar/ZoneInfoFile$1
instanceKlass sun/util/calendar/ZoneInfoFile
instanceKlass java/util/TimeZone
instanceKlass org/sqlite/date/FormatCache
instanceKlass java/text/Format
instanceKlass org/sqlite/date/DatePrinter
instanceKlass org/sqlite/date/DateParser
instanceKlass org/sqlite/SQLiteConnectionConfig
instanceKlass org/sqlite/SQLiteConfig$PragmaValue
instanceKlass org/sqlite/SQLiteConfig
instanceKlass java/sql/PreparedStatement
instanceKlass java/sql/Statement
instanceKlass java/sql/Savepoint
instanceKlass org/sqlite/core/CoreDatabaseMetaData
instanceKlass java/sql/DatabaseMetaData
instanceKlass java/util/concurrent/CopyOnWriteArrayList$COWIterator
instanceKlass java/sql/DriverManager$2
instanceKlass java/sql/DriverManager$1
instanceKlass java/sql/DriverInfo
instanceKlass java/sql/DriverManager
instanceKlass org/sqlite/SQLiteConnection
instanceKlass java/sql/Connection
instanceKlass java/sql/Wrapper
instanceKlass org/sqlite/JDBC
instanceKlass java/sql/Driver
instanceKlass jdk/internal/loader/NativeLibraries$Unloader
instanceKlass org/sqlite/BusyHandler
instanceKlass org/sqlite/ProgressHandler
instanceKlass org/sqlite/core/DB$ProgressObserver
instanceKlass org/sqlite/Collation
instanceKlass org/sqlite/Function
instanceKlass org/sqlite/core/DB
instanceKlass org/sqlite/core/Codes
instanceKlass java/nio/file/attribute/UserDefinedFileAttributeView
instanceKlass java/nio/file/attribute/PosixFileAttributeView
instanceKlass java/lang/Shutdown$Lock
instanceKlass java/lang/Shutdown
instanceKlass java/io/DeleteOnExitHook$1
instanceKlass java/io/DeleteOnExitHook
instanceKlass sun/security/provider/AbstractDrbg$NonceProvider
instanceKlass  @bci sun/security/provider/AbstractDrbg$SeederHolder <clinit> ()V 42 <appendix> member <vmtarget> ; # sun/security/provider/AbstractDrbg$SeederHolder$$Lambda+0x000000010067fae8
instanceKlass  @cpi sun/security/provider/AbstractDrbg$SeederHolder 91 form vmentry <vmtarget> ; # java/lang/invoke/LambdaForm$DMH+0x00000001007cc400
# instanceKlass java/lang/invoke/LambdaForm$DMH+0x00000001007cc000
instanceKlass java/net/NetworkInterface$1
instanceKlass java/net/DefaultInterface
instanceKlass java/net/Inet6Address$Inet6AddressHolder
instanceKlass java/net/InetAddress$PlatformResolver
instanceKlass java/net/spi/InetAddressResolver
instanceKlass java/net/spi/InetAddressResolver$LookupPolicy
instanceKlass java/net/Inet4AddressImpl
instanceKlass java/net/Inet6AddressImpl
instanceKlass java/net/InetAddressImpl
instanceKlass java/util/concurrent/ConcurrentSkipListMap$Node
instanceKlass java/util/concurrent/ConcurrentSkipListMap$Index
instanceKlass java/util/concurrent/ConcurrentNavigableMap
instanceKlass java/net/InetAddress$InetAddressHolder
instanceKlass java/net/InetAddress$1
instanceKlass jdk/internal/access/JavaNetInetAddressAccess
instanceKlass java/net/InetAddress
instanceKlass java/net/InterfaceAddress
instanceKlass java/net/NetworkInterface
instanceKlass sun/security/provider/ByteArrayAccess$BE
instanceKlass sun/security/provider/ByteArrayAccess
instanceKlass java/util/Properties$EntrySet
instanceKlass sun/security/provider/SeedGenerator$1
instanceKlass sun/security/util/MessageDigestSpi2
instanceKlass sun/security/jca/GetInstance$Instance
instanceKlass sun/security/jca/GetInstance
instanceKlass java/security/MessageDigestSpi
instanceKlass sun/security/provider/SeedGenerator
instanceKlass sun/security/provider/AbstractDrbg$SeederHolder
instanceKlass java/security/DrbgParameters$NextBytes
instanceKlass  @bci sun/security/provider/AbstractDrbg <clinit> ()V 12 <appendix> argL0 ; # sun/security/provider/AbstractDrbg$$Lambda+0x0000000100677f30
instanceKlass sun/security/provider/EntropySource
instanceKlass sun/security/provider/AbstractDrbg
instanceKlass java/security/DrbgParameters$Instantiation
instanceKlass java/security/DrbgParameters
instanceKlass sun/security/provider/MoreDrbgParameters
instanceKlass  @bci sun/security/provider/DRBG <init> (Ljava/security/SecureRandomParameters;)V 26 <appendix> argL0 ; # sun/security/provider/DRBG$$Lambda+0x00000001006767f0
instanceKlass java/security/SecureRandomSpi
instanceKlass jdk/internal/event/Event
instanceKlass sun/security/util/SecurityProviderConstants
instanceKlass java/security/Provider$UString
instanceKlass java/security/Provider$Service
instanceKlass sun/security/provider/NativePRNG$NonBlocking
instanceKlass sun/security/provider/NativePRNG$Blocking
instanceKlass sun/security/provider/NativePRNG
instanceKlass sun/security/provider/SunEntries$1
instanceKlass sun/security/provider/SunEntries
instanceKlass sun/security/util/SecurityConstants
instanceKlass sun/security/jca/ProviderList$2
instanceKlass javax/security/auth/login/Configuration$Parameters
instanceKlass java/security/Policy$Parameters
instanceKlass java/security/cert/CertStoreParameters
instanceKlass java/security/SecureRandomParameters
instanceKlass java/security/Provider$EngineDescription
instanceKlass java/security/Provider$ServiceKey
instanceKlass sun/security/jca/ProviderConfig
instanceKlass sun/security/jca/ProviderList
instanceKlass sun/security/jca/Providers
instanceKlass java/util/UUID$Holder
instanceKlass java/util/UUID
instanceKlass org/sqlite/util/ProcessRunner
instanceKlass org/sqlite/util/OSInfo
instanceKlass org/sqlite/util/LibraryLoaderUtil
instanceKlass sun/nio/fs/BasicFileAttributesHolder
instanceKlass java/util/stream/ForEachOps$ForEachOp
instanceKlass java/util/stream/ForEachOps
instanceKlass  @bci org/sqlite/SQLiteJDBCLoader cleanup ()V 44 <appendix> argL0 ; # org/sqlite/SQLiteJDBCLoader$$Lambda+0x00000001007c5930
instanceKlass  @bci org/sqlite/SQLiteJDBCLoader cleanup ()V 34 <appendix> member <vmtarget> ; # org/sqlite/SQLiteJDBCLoader$$Lambda+0x00000001007c56a8
instanceKlass  @bci java/nio/file/Files asUncheckedRunnable (Ljava/io/Closeable;)Ljava/lang/Runnable; 1 <appendix> member <vmtarget> ; # java/nio/file/Files$$Lambda+0x000000010066c9e0
instanceKlass java/nio/file/Files$2
instanceKlass sun/nio/fs/WindowsDirectoryStream$WindowsDirectoryIterator
instanceKlass java/nio/file/Files$AcceptAllFilter
instanceKlass org/sqlite/SQLiteJDBCLoader$VersionHolder
instanceKlass org/sqlite/SQLiteJDBCLoader
instanceKlass java/nio/file/FileStore
instanceKlass sun/nio/fs/WindowsSecurity
instanceKlass sun/nio/fs/AbstractAclFileAttributeView
instanceKlass java/nio/file/attribute/AclFileAttributeView
instanceKlass java/nio/file/attribute/FileOwnerAttributeView
instanceKlass sun/nio/fs/WindowsLinkSupport
instanceKlass sun/nio/fs/WindowsDirectoryStream
instanceKlass java/nio/file/DirectoryStream
instanceKlass sun/nio/fs/WindowsFileSystemProvider$1
instanceKlass  @bci java/util/regex/CharPredicates ASCII_SPACE ()Ljava/util/regex/Pattern$BmpCharPredicate; 0 <appendix> argL0 ; # java/util/regex/CharPredicates$$Lambda+0x0000000100669ce0
instanceKlass androidx/room/verifier/DatabaseVerifier$Companion
instanceKlass androidx/room/verifier/DatabaseVerifier
instanceKlass androidx/room/SkipQueryVerification
instanceKlass androidx/room/compiler/processing/XEnumTypeElement
instanceKlass androidx/room/solver/NullAwareTypeConverterStore$TypeConverterEntry
instanceKlass androidx/room/solver/NullAwareTypeConverterStore$TypeConverterQueue
instanceKlass androidx/room/solver/NullAwareTypeConverterStore$WhenMappings
instanceKlass org/jetbrains/kotlin/com/intellij/openapi/vfs/local/CoreLocalVirtualFile$1
instanceKlass  @bci org/jetbrains/kotlin/load/java/components/JavaAnnotationTargetMapper mapJavaTargetArguments$descriptors_jvm (Ljava/util/List;)Lorg/jetbrains/kotlin/resolve/constants/ConstantValue; 326 <appendix> argL0 ; # org/jetbrains/kotlin/load/java/components/JavaAnnotationTargetMapper$$Lambda+0x00000001007be738
instanceKlass org/jetbrains/kotlin/load/java/components/JavaAnnotationTargetMapper
instanceKlass org/jetbrains/kotlin/descriptors/annotations/AnnotationsImpl
instanceKlass androidx/room/log/RLog$DiagnosticMessage
instanceKlass androidx/room/vo/Warning$Companion
instanceKlass androidx/room/vo/ForeignKey
instanceKlass androidx/room/vo/HasFieldsKt
instanceKlass androidx/room/compiler/processing/ksp/synthetic/KspSyntheticPropertyMethodElement$Setter$SyntheticExecutableParameterElement
instanceKlass androidx/room/vo/ForeignKeyAction$Companion
instanceKlass androidx/room/processor/ForeignKeyInput
instanceKlass org/jetbrains/kotlin/it/unimi/dsi/fastutil/ints/IntIterators$EmptyIterator
instanceKlass org/jetbrains/kotlin/it/unimi/dsi/fastutil/ints/IntIterators
instanceKlass org/jetbrains/kotlin/it/unimi/dsi/fastutil/ints/Int2ObjectOpenHashMap$MapIterator
instanceKlass org/jetbrains/kotlin/types/RangeUtilKt
instanceKlass org/jetbrains/kotlin/contracts/ContextInfoToDataFlowInfoKt
instanceKlass org/jetbrains/kotlin/contracts/model/MutableContextInfo$Companion
instanceKlass org/jetbrains/kotlin/contracts/model/MutableContextInfo
instanceKlass org/jetbrains/kotlin/contracts/model/visitors/InfoCollector
instanceKlass org/jetbrains/kotlin/contracts/description/ContractProviderKey
instanceKlass org/jetbrains/kotlin/contracts/model/structure/CallComputation
instanceKlass org/jetbrains/kotlin/contracts/model/structure/TypesKt
instanceKlass org/jetbrains/kotlin/contracts/ESDataFlowValue
instanceKlass org/jetbrains/kotlin/contracts/model/ESTypeSubstitution$Companion
instanceKlass org/jetbrains/kotlin/contracts/model/ESTypeSubstitution
instanceKlass org/jetbrains/kotlin/contracts/model/structure/UNKNOWN_COMPUTATION
instanceKlass org/jetbrains/kotlin/contracts/model/visitors/Reducer
instanceKlass org/jetbrains/kotlin/contracts/model/ESExpressionVisitor
instanceKlass  @bci org/jetbrains/kotlin/psi/psiUtil/PsiUtilsKt getParentsWithSelf (Lorg/jetbrains/kotlin/com/intellij/psi/PsiElement;)Lkotlin/sequences/Sequence; 7 <appendix> argL0 ; # org/jetbrains/kotlin/psi/psiUtil/PsiUtilsKt$$Lambda+0x00000001007b8fb8
instanceKlass org/jetbrains/kotlin/contracts/model/structure/ESType
instanceKlass org/jetbrains/kotlin/contracts/description/expressions/BooleanConstantReference$Companion
instanceKlass org/jetbrains/kotlin/contracts/description/expressions/ConstantReference$Companion
instanceKlass org/jetbrains/kotlin/contracts/description/expressions/ConstantReference
instanceKlass org/jetbrains/kotlin/contracts/description/expressions/ContractDescriptionValue
instanceKlass org/jetbrains/kotlin/contracts/description/BooleanExpression
instanceKlass org/jetbrains/kotlin/contracts/description/ContractDescriptionElement
instanceKlass org/jetbrains/kotlin/contracts/model/structure/AbstractESValue
instanceKlass org/jetbrains/kotlin/contracts/model/ESValue
instanceKlass org/jetbrains/kotlin/contracts/model/ESExpression
instanceKlass org/jetbrains/kotlin/contracts/model/Computation
instanceKlass org/jetbrains/kotlin/contracts/model/structure/ESConstants
instanceKlass org/jetbrains/kotlin/contracts/model/ESEffect
instanceKlass org/jetbrains/kotlin/resolve/calls/tower/InvokeProcessorsKt
instanceKlass  @bci org/jetbrains/kotlin/resolve/calls/tower/MemberScopeTowerLevel getFunctions (Lorg/jetbrains/kotlin/name/Name;Lorg/jetbrains/kotlin/resolve/scopes/receivers/ReceiverValueWithSmartCastInfo;)Ljava/util/Collection; 11 <appendix> member <vmtarget> ; # org/jetbrains/kotlin/resolve/calls/tower/MemberScopeTowerLevel$$Lambda+0x00000001007b54b0
instanceKlass org/jetbrains/kotlin/resolve/calls/tower/AbstractInvokeTowerProcessor$VariableInvokeProcessor
instanceKlass  @bci org/jetbrains/kotlin/resolve/calls/tower/InvokeTowerProcessor createInvokeProcessor (Lorg/jetbrains/kotlin/resolve/calls/tower/Candidate;)Lorg/jetbrains/kotlin/resolve/calls/tower/ScopeTowerProcessor; 53 <appendix> argL0 ; # org/jetbrains/kotlin/resolve/calls/tower/InvokeTowerProcessor$$Lambda+0x00000001007b5000
instanceKlass org/jetbrains/kotlin/parsing/BindFirstShebangWithWhitespaceOnly
instanceKlass  @bci org/jetbrains/kotlin/com/intellij/psi/impl/source/PsiFileImpl createTreeElementPointer (Lorg/jetbrains/kotlin/com/intellij/psi/impl/source/tree/FileElement;)Ljava/util/function/Supplier; 17 <appendix> member <vmtarget> ; # org/jetbrains/kotlin/com/intellij/psi/impl/source/PsiFileImpl$$Lambda+0x00000001007b47a8
instanceKlass  @bci org/jetbrains/kotlin/com/intellij/openapi/fileTypes/CharsetUtil extractCharsetFromFileContent (Lorg/jetbrains/kotlin/com/intellij/openapi/project/Project;Lorg/jetbrains/kotlin/com/intellij/openapi/vfs/VirtualFile;Lorg/jetbrains/kotlin/com/intellij/openapi/fileTypes/FileType;Ljava/lang/CharSequence;)Ljava/nio/charset/Charset; 25 <appendix> member <vmtarget> ; # org/jetbrains/kotlin/com/intellij/openapi/fileTypes/CharsetUtil$$Lambda+0x00000001007b4090
instanceKlass org/jetbrains/kotlin/psi/KtPsiFactory$Companion
instanceKlass org/jetbrains/kotlin/psi/KtPsiFactory
instanceKlass  @bci org/jetbrains/kotlin/resolve/lazy/LazyImportScope getContributedFunctions (Lorg/jetbrains/kotlin/name/Name;Lorg/jetbrains/kotlin/incremental/components/LookupLocation;)Ljava/util/Collection; 36 <appendix> member <vmtarget> ; # org/jetbrains/kotlin/resolve/lazy/LazyImportScope$$Lambda+0x00000001007b32e8
instanceKlass org/jetbrains/kotlin/resolve/scopes/receivers/ImplicitContextReceiver
instanceKlass org/jetbrains/kotlin/resolve/calls/smartcasts/DataFlowValueKindUtilsKt
instanceKlass org/jetbrains/kotlin/resolve/calls/smartcasts/IdentifierInfo$Variable
instanceKlass org/jetbrains/kotlin/load/kotlin/KotlinJvmBinaryClass$MethodAnnotationVisitor
instanceKlass org/jetbrains/kotlin/load/kotlin/AbstractBinaryClassAnnotationAndConstantLoader$loadAnnotationsAndInitializers$1$MemberAnnotationVisitor
instanceKlass org/jetbrains/kotlin/load/kotlin/AbstractBinaryClassAnnotationAndConstantLoader$loadAnnotationsAndInitializers$1
instanceKlass org/jetbrains/kotlin/load/kotlin/MemberSignature$Companion
instanceKlass org/jetbrains/kotlin/metadata/jvm/deserialization/JvmMemberSignature
instanceKlass org/jetbrains/kotlin/metadata/jvm/deserialization/ClassMapperLite
instanceKlass org/jetbrains/kotlin/load/kotlin/AbstractBinaryClassAnnotationLoaderKt
instanceKlass org/jetbrains/kotlin/load/kotlin/AbstractBinaryClassAnnotationLoader$WhenMappings
instanceKlass org/jetbrains/kotlin/metadata/jvm/deserialization/JvmFlags
instanceKlass  @bci org/jetbrains/kotlin/load/kotlin/AbstractBinaryClassAnnotationAndConstantLoader loadPropertyConstant (Lorg/jetbrains/kotlin/serialization/deserialization/ProtoContainer;Lorg/jetbrains/kotlin/metadata/ProtoBuf$Property;Lorg/jetbrains/kotlin/types/KotlinType;)Ljava/lang/Object; 25 <appendix> argL0 ; # org/jetbrains/kotlin/load/kotlin/AbstractBinaryClassAnnotationAndConstantLoader$$Lambda+0x00000001007b0b78
instanceKlass org/jetbrains/kotlin/descriptors/ConstUtilKt
instanceKlass  @bci org/jetbrains/kotlin/resolve/jvm/checkers/JavaNullabilityChecker checkReceiver (Lorg/jetbrains/kotlin/descriptors/ReceiverParameterDescriptor;Lorg/jetbrains/kotlin/resolve/scopes/receivers/ReceiverValue;ZLorg/jetbrains/kotlin/resolve/calls/context/CallResolutionContext;)V 157 <appendix> member <vmtarget> ; # org/jetbrains/kotlin/resolve/jvm/checkers/JavaNullabilityChecker$$Lambda+0x00000001007b06e8
instanceKlass  @bci org/jetbrains/kotlin/resolve/jvm/checkers/JavaNullabilityChecker checkReceiver (Lorg/jetbrains/kotlin/descriptors/ReceiverParameterDescriptor;Lorg/jetbrains/kotlin/resolve/scopes/receivers/ReceiverValue;ZLorg/jetbrains/kotlin/resolve/calls/context/CallResolutionContext;)V 138 <appendix> member <vmtarget> ; # org/jetbrains/kotlin/resolve/jvm/checkers/JavaNullabilityChecker$$Lambda+0x00000001007b0490
instanceKlass  @bci org/jetbrains/kotlin/resolve/jvm/checkers/JavaNullabilityChecker checkReceiver (Lorg/jetbrains/kotlin/descriptors/ReceiverParameterDescriptor;Lorg/jetbrains/kotlin/resolve/scopes/receivers/ReceiverValue;ZLorg/jetbrains/kotlin/resolve/calls/context/CallResolutionContext;)V 27 <appendix> member <vmtarget> ; # org/jetbrains/kotlin/resolve/jvm/checkers/JavaNullabilityChecker$$Lambda+0x00000001007b0238
instanceKlass org/jetbrains/kotlin/resolve/calls/checkers/CoroutineCallCheckerKt
instanceKlass  @bci org/jetbrains/kotlin/resolve/calls/util/ResolvedCallUtilKt isNotSimpleCall (Lorg/jetbrains/kotlin/descriptors/CallableDescriptor;)Z 52 <appendix> argL0 ; # org/jetbrains/kotlin/resolve/calls/util/ResolvedCallUtilKt$$Lambda+0x00000001007a7d58
instanceKlass org/jetbrains/kotlin/resolve/scopes/receivers/SuperCallReceiverValue
instanceKlass org/jetbrains/kotlin/resolve/calls/model/SimpleCandidateFactoryKt
instanceKlass org/jetbrains/kotlin/resolve/calls/model/ReceiverExpressionKotlinCallArgument$Companion
instanceKlass  @bci org/jetbrains/kotlin/serialization/deserialization/MemberDeserializer loadProperty$lambda$3 (Lorg/jetbrains/kotlin/serialization/deserialization/MemberDeserializer;Lorg/jetbrains/kotlin/metadata/ProtoBuf$Property;Lorg/jetbrains/kotlin/serialization/deserialization/descriptors/DeserializedPropertyDescriptor;)Lorg/jetbrains/kotlin/storage/NullableLazyValue; 10 <appendix> member <vmtarget> ; # org/jetbrains/kotlin/serialization/deserialization/MemberDeserializer$$Lambda+0x00000001007a6fc0
instanceKlass  @bci org/jetbrains/kotlin/serialization/deserialization/MemberDeserializer loadProperty (Lorg/jetbrains/kotlin/metadata/ProtoBuf$Property;)Lorg/jetbrains/kotlin/descriptors/PropertyDescriptor; 1188 <appendix> member <vmtarget> ; # org/jetbrains/kotlin/serialization/deserialization/MemberDeserializer$$Lambda+0x00000001007a6d68
instanceKlass  @bci org/jetbrains/kotlin/resolve/calls/tower/MemberScopeTowerLevel getVariables (Lorg/jetbrains/kotlin/name/Name;Lorg/jetbrains/kotlin/resolve/scopes/receivers/ReceiverValueWithSmartCastInfo;)Ljava/util/Collection; 11 <appendix> member <vmtarget> ; # org/jetbrains/kotlin/resolve/calls/tower/MemberScopeTowerLevel$$Lambda+0x00000001007a6b10
instanceKlass  @bci org/jetbrains/kotlin/resolve/calls/CallExpressionResolver getSafeOrUnsafeSelectorTypeInfo (Lorg/jetbrains/kotlin/resolve/scopes/receivers/Receiver;Lorg/jetbrains/kotlin/resolve/calls/CallExpressionElement;Lorg/jetbrains/kotlin/types/expressions/ExpressionTypingContext;)Lorg/jetbrains/kotlin/types/expressions/KotlinTypeInfo; 123 <appendix> member <vmtarget> ; # org/jetbrains/kotlin/resolve/calls/CallExpressionResolver$$Lambda+0x00000001007a5e50
instanceKlass org/jetbrains/kotlin/resolve/calls/CallExpressionElement
instanceKlass org/jetbrains/kotlin/resolve/scopes/receivers/ClassValueReceiver
instanceKlass org/jetbrains/kotlin/resolve/calls/CallExpressionUnrollerKt
instanceKlass  @bci org/jetbrains/kotlin/resolve/calls/CallExpressionResolver elementChain (Lorg/jetbrains/kotlin/psi/KtQualifiedExpression;Lorg/jetbrains/kotlin/types/expressions/ExpressionTypingContext;)Ljava/util/List; 8 <appendix> member <vmtarget> ; # org/jetbrains/kotlin/resolve/calls/CallExpressionResolver$$Lambda+0x00000001007a5118
instanceKlass androidx/room/vo/EntityOrView
instanceKlass androidx/room/parser/SqlParser$Companion
instanceKlass androidx/room/parser/SqlParser
instanceKlass androidx/room/vo/PrimaryKey$Companion
instanceKlass androidx/room/vo/PrimaryKey
instanceKlass androidx/room/vo/Fields
instanceKlass androidx/room/vo/Pojo
instanceKlass androidx/room/vo/HasFields
instanceKlass androidx/room/vo/FieldSetter
instanceKlass androidx/room/vo/FieldGetter
instanceKlass androidx/room/compiler/processing/ksp/KspHasModifiers$PropertyField$acceptDeclarationModifiers$2$WhenMappings
instanceKlass androidx/room/ext/String_extKt
instanceKlass androidx/room/vo/Constructor
instanceKlass androidx/room/vo/Constructor$Param
instanceKlass androidx/room/ext/Xtype_extKt
instanceKlass androidx/room/compiler/processing/ksp/synthetic/KspSyntheticPropertyMethodType$Companion
instanceKlass androidx/room/compiler/processing/ksp/synthetic/KspSyntheticPropertyMethodType
instanceKlass androidx/room/vo/PojoMethod
instanceKlass androidx/room/processor/PojoMethodProcessor
instanceKlass androidx/room/processor/FieldProcessor$WhenMappings
instanceKlass androidx/room/parser/Collate$Companion
instanceKlass androidx/room/vo/Field$Companion
instanceKlass androidx/room/vo/Field
instanceKlass androidx/room/vo/HasSchemaIdentity
instanceKlass androidx/room/processor/FieldProcessor
instanceKlass androidx/room/Ignore
instanceKlass org/jetbrains/kotlin/resolve/jvm/JdkClassesKt
instanceKlass  @bci org/jetbrains/kotlin/descriptors/annotations/CompositeAnnotations findAnnotation (Lorg/jetbrains/kotlin/name/FqName;)Lorg/jetbrains/kotlin/descriptors/annotations/AnnotationDescriptor; 17 <appendix> member <vmtarget> ; # org/jetbrains/kotlin/descriptors/annotations/CompositeAnnotations$$Lambda+0x00000001007a4000
instanceKlass com/google/devtools/ksp/symbol/impl/UtilsKt$WhenMappings
instanceKlass com/google/devtools/ksp/symbol/impl/kotlin/KSTypeReferenceDeferredImpl
instanceKlass androidx/room/processor/cache/Cache$PojoKey
instanceKlass androidx/room/processor/PojoProcessor$DefaultDelegate
instanceKlass androidx/room/processor/PojoProcessor$Delegate
instanceKlass com/google/auto/value/AutoValue
instanceKlass  @bci sun/reflect/annotation/AnnotationParser parseAnnotationArray (ILjava/lang/Class;Ljava/nio/ByteBuffer;Ljdk/internal/reflect/ConstantPool;Ljava/lang/Class;)Ljava/lang/Object; 15 <appendix> member <vmtarget> ; # sun/reflect/annotation/AnnotationParser$$Lambda+0x00000001006695f8
instanceKlass androidx/room/compiler/processing/ksp/KspReflectiveAnnotationBox$Companion
instanceKlass androidx/room/compiler/processing/ksp/KspReflectiveAnnotationBox
instanceKlass androidx/room/processor/EntityProcessor$Companion
instanceKlass androidx/room/ForeignKey
instanceKlass androidx/room/Index
instanceKlass androidx/room/Entity
instanceKlass androidx/room/processor/cache/Cache$FullKey
instanceKlass androidx/room/processor/cache/Cache$EntityKey
instanceKlass androidx/room/processor/TableEntityProcessor
instanceKlass androidx/room/processor/EntityProcessor
instanceKlass androidx/room/processor/EntityOrViewProcessor
instanceKlass androidx/room/Fts4
instanceKlass androidx/room/Fts3
instanceKlass androidx/room/processor/EntityProcessorKt
instanceKlass androidx/room/AutoMigration
instanceKlass androidx/room/vo/BuiltInConverterFlagsKt$WhenMappings
instanceKlass androidx/room/vo/BuiltInConverterFlagsKt
instanceKlass androidx/room/vo/CustomTypeConverter
instanceKlass androidx/room/compiler/processing/ksp/KspExecutableParameterElement$Companion
instanceKlass androidx/room/compiler/processing/XExecutableParameterElement
instanceKlass androidx/room/compiler/processing/XTypeVariableType
instanceKlass com/google/devtools/ksp/symbol/impl/kotlin/KSFunctionImpl
instanceKlass com/google/devtools/ksp/symbol/KSFunction
instanceKlass kotlin/collections/ArrayDeque$Companion
instanceKlass androidx/room/compiler/processing/ksp/KspMethodType$Companion
instanceKlass androidx/room/compiler/processing/ksp/KspExecutableType
instanceKlass androidx/room/compiler/processing/XMethodType
instanceKlass androidx/room/compiler/processing/XExecutableType
instanceKlass androidx/room/compiler/processing/ksp/KspFileMemberContainer$Companion
instanceKlass androidx/room/compiler/processing/ksp/KspFileMemberContainer
instanceKlass androidx/room/compiler/processing/ksp/KSFunctionExtKt
instanceKlass androidx/room/compiler/processing/XConstructorElement
instanceKlass androidx/room/ProvidedTypeConverter
# instanceKlass java/lang/invoke/LambdaForm$MH+0x0000000100798400
# instanceKlass java/lang/invoke/LambdaForm$MH+0x0000000100798000
instanceKlass androidx/room/TypeConverter
instanceKlass androidx/room/compiler/processing/XPackageElement
instanceKlass androidx/room/compiler/processing/ksp/KspMethodElement$Companion
instanceKlass androidx/room/compiler/processing/ksp/KspExecutableElement$Companion
instanceKlass androidx/room/compiler/processing/ksp/KspProcessingEnv$CommonTypes
instanceKlass androidx/room/compiler/processing/DeclarationCollectorKt
instanceKlass androidx/room/compiler/processing/util/MemoizedSequence$CachedIterator
instanceKlass androidx/room/compiler/processing/ksp/KspAnnotationBoxKt
instanceKlass androidx/room/BuiltInTypeConverters
instanceKlass  @bci androidx/room/compiler/processing/ksp/KspAnnotationBox <init> (Landroidx/room/compiler/processing/ksp/KspProcessingEnv;Ljava/lang/Class;Lcom/google/devtools/ksp/symbol/KSAnnotation;)V 62 <appendix> member <vmtarget> ; # androidx/room/compiler/processing/ksp/KspAnnotationBox$$Lambda+0x000000010078f7a8
instanceKlass androidx/room/compiler/processing/ksp/KspAnnotationBox
instanceKlass androidx/room/compiler/processing/XAnnotationBox
instanceKlass androidx/room/TypeConverters
instanceKlass androidx/room/processor/CustomConverterProcessor$Companion
instanceKlass androidx/room/processor/CustomConverterProcessor
instanceKlass  @bci sun/reflect/annotation/AnnotationParser parseEnumArray (ILjava/lang/Class;Ljava/nio/ByteBuffer;Ljdk/internal/reflect/ConstantPool;Ljava/lang/Class;)Ljava/lang/Object; 16 <appendix> member <vmtarget> ; # sun/reflect/annotation/AnnotationParser$$Lambda+0x0000000100668ef0
instanceKlass kotlin/Suppress
instanceKlass java/lang/annotation/Repeatable
instanceKlass androidx/room/compiler/processing/KClassExtKt
instanceKlass java/lang/SuppressWarnings
instanceKlass androidx/room/processor/SuppressWarningProcessor
instanceKlass androidx/room/processor/DatabaseProcessor
instanceKlass androidx/room/solver/shortcut/binderprovider/InstantUpsertMethodBinderProvider
instanceKlass androidx/room/solver/shortcut/binderprovider/GuavaListenableFutureUpsertMethodBinderProvider
instanceKlass androidx/room/solver/shortcut/binderprovider/RxCallableUpsertMethodBinderProvider$Companion
instanceKlass androidx/room/solver/shortcut/binderprovider/RxCallableUpsertMethodBinderProvider
instanceKlass androidx/room/solver/shortcut/binderprovider/InstantDeleteOrUpdateMethodBinderProvider
instanceKlass androidx/room/solver/shortcut/binderprovider/GuavaListenableFutureDeleteOrUpdateMethodBinderProvider
instanceKlass androidx/room/solver/shortcut/binderprovider/RxCallableDeleteOrUpdateMethodBinderProvider$Companion
instanceKlass androidx/room/solver/shortcut/binderprovider/RxCallableDeleteOrUpdateMethodBinderProvider
instanceKlass androidx/room/solver/shortcut/binderprovider/DeleteOrUpdateMethodBinderProvider
instanceKlass androidx/room/solver/shortcut/binderprovider/InstantInsertMethodBinderProvider
instanceKlass androidx/room/solver/shortcut/binderprovider/GuavaListenableFutureInsertMethodBinderProvider
instanceKlass androidx/room/solver/shortcut/binderprovider/RxCallableInsertMethodBinderProvider$Companion
instanceKlass androidx/room/solver/shortcut/binderprovider/RxCallableInsertMethodBinderProvider
instanceKlass androidx/room/solver/shortcut/binderprovider/InsertOrUpsertMethodBinderProvider
instanceKlass androidx/room/solver/prepared/binderprovider/InstantPreparedQueryResultBinderProvider
instanceKlass androidx/room/solver/prepared/binderprovider/GuavaListenableFuturePreparedQueryResultBinderProvider
instanceKlass androidx/room/solver/prepared/binderprovider/RxPreparedQueryResultBinderProvider$Companion
instanceKlass androidx/room/solver/prepared/binderprovider/RxPreparedQueryResultBinderProvider
instanceKlass androidx/room/solver/prepared/binderprovider/PreparedQueryResultBinderProvider
instanceKlass androidx/room/solver/binderprovider/InstantQueryResultBinderProvider
instanceKlass androidx/room/ext/RoomCoroutinesTypeNames
instanceKlass androidx/room/ext/KotlinTypeNames
instanceKlass androidx/room/solver/binderprovider/CoroutineFlowResultBinderProviderImpl$Companion
instanceKlass androidx/room/solver/binderprovider/CoroutineFlowResultBinderProviderImpl
instanceKlass androidx/room/solver/binderprovider/CoroutineFlowResultBinderProviderKt
instanceKlass androidx/room/ext/RoomPagingTypeNames
instanceKlass androidx/room/solver/binderprovider/PagingSourceQueryResultBinderProviderKt
instanceKlass androidx/room/ext/RoomPagingGuavaTypeNames
instanceKlass androidx/room/solver/binderprovider/ListenableFuturePagingSourceQueryResultBinderProviderKt
instanceKlass androidx/room/ext/RoomPagingRx3TypeNames
instanceKlass androidx/room/solver/binderprovider/RxJava3PagingSourceQueryResultBinderProviderKt
instanceKlass androidx/room/ext/PagingTypeNames
instanceKlass androidx/room/solver/binderprovider/MultiTypedPagingSourceQueryResultBinderProvider
instanceKlass androidx/room/ext/RoomPagingRx2TypeNames
instanceKlass androidx/room/solver/binderprovider/RxJava2PagingSourceQueryResultBinderProviderKt
instanceKlass androidx/room/solver/binderprovider/DataSourceFactoryQueryResultBinderProvider
instanceKlass androidx/room/solver/binderprovider/DataSourceQueryResultBinderProvider
instanceKlass androidx/room/solver/binderprovider/RxCallableQueryResultBinderProvider$Companion
instanceKlass androidx/room/solver/binderprovider/RxCallableQueryResultBinderProvider
instanceKlass androidx/room/ext/RxJava3TypeNames
instanceKlass androidx/room/ext/RxJava2TypeNames
instanceKlass androidx/room/ext/RoomRxJava3TypeNames
instanceKlass androidx/room/ext/RoomRxJava2TypeNames
instanceKlass androidx/room/solver/binderprovider/RxQueryResultBinderProvider$Companion
instanceKlass androidx/room/solver/binderprovider/QueryResultBinderProviderWithRequiredArtifact
instanceKlass androidx/room/solver/binderprovider/QueryResultBinderProviderWithRequiredArtifactKt
instanceKlass  @bci androidx/room/vo/Entity createTableQuery (Ljava/lang/String;)Ljava/lang/String; 185 <appendix> form vmentry <vmtarget> ; # java/lang/invoke/LambdaForm$MH+0x0000000100782000
# instanceKlass java/lang/invoke/LambdaForm$MH+0x0000000100781c00
instanceKlass  @bci androidx/room/vo/ForeignKey databaseDefinition ()Ljava/lang/String; 142 <appendix> argL5 form vmentry <vmtarget> ; # java/lang/invoke/LambdaForm$MH+0x0000000100781800
instanceKlass  @bci androidx/room/vo/ForeignKey databaseDefinition ()Ljava/lang/String; 142 <appendix> argL4 argL2 form vmentry <vmtarget> ; # java/lang/invoke/LambdaForm$MH+0x0000000100781400
# instanceKlass java/lang/invoke/LambdaForm$MH+0x0000000100781000
# instanceKlass java/lang/invoke/LambdaForm$MH+0x0000000100780c00
# instanceKlass java/lang/invoke/LambdaForm$MH+0x0000000100780800
instanceKlass  @bci androidx/room/vo/ForeignKey databaseDefinition ()Ljava/lang/String; 142 <appendix> argL1 argL0 form vmentry <vmtarget> ; # java/lang/invoke/LambdaForm$MH+0x0000000100780400
# instanceKlass java/lang/invoke/LambdaForm$MH+0x0000000100780000
# instanceKlass java/lang/invoke/LambdaForm$MH+0x000000010077ec00
# instanceKlass java/lang/invoke/LambdaForm$MH+0x000000010077e800
# instanceKlass java/lang/invoke/LambdaForm$MH+0x000000010077e400
instanceKlass androidx/room/RewriteQueriesToDropUnusedColumns
instanceKlass androidx/room/ext/SupportDbTypeNames
instanceKlass androidx/room/PrimaryKey
instanceKlass androidx/room/Relation
instanceKlass androidx/room/Embedded
instanceKlass androidx/room/ColumnInfo
instanceKlass androidx/room/processor/PojoProcessor$Companion
instanceKlass androidx/room/processor/PojoProcessor
instanceKlass androidx/room/ext/RoomTypeNames
instanceKlass  @bci java/sql/DriverManager getDriver (Ljava/lang/String;)Ljava/sql/Driver; 1 <appendix> form vmentry <vmtarget> ; # java/lang/invoke/LambdaForm$MH+0x000000010077e000
# instanceKlass java/lang/invoke/LambdaForm$MH+0x000000010077dc00
instanceKlass  @bci java/sql/DriverManager getDriver (Ljava/lang/String;)Ljava/sql/Driver; 1 <appendix> argL3 form vmentry <vmtarget> ; # java/lang/invoke/LambdaForm$MH+0x000000010077d800
# instanceKlass java/lang/invoke/LambdaForm$MH+0x000000010077d400
instanceKlass  @bci java/sql/DriverManager getDriver (Ljava/lang/String;)Ljava/sql/Driver; 1 <appendix> argL2 form vmentry <vmtarget> ; # java/lang/invoke/LambdaForm$MH+0x000000010077d000
# instanceKlass java/lang/invoke/LambdaForm$MH+0x000000010077cc00
instanceKlass  @bci java/sql/DriverManager getDriver (Ljava/lang/String;)Ljava/sql/Driver; 1 <appendix> argL1 form vmentry <vmtarget> ; # java/lang/invoke/LambdaForm$MH+0x000000010077c800
# instanceKlass java/lang/invoke/LambdaForm$MH+0x000000010077c400
instanceKlass androidx/room/processor/DaoProcessor$Companion
instanceKlass androidx/room/processor/DaoProcessor
instanceKlass androidx/room/RawQuery
instanceKlass androidx/room/Upsert
instanceKlass androidx/room/Update
instanceKlass androidx/room/Delete
instanceKlass androidx/room/Insert
instanceKlass androidx/room/Query
instanceKlass androidx/room/processor/ProcessorErrors
instanceKlass  @bci androidx/room/ext/RoomPagingTypeNames <clinit> ()V 16 <appendix> form vmentry <vmtarget> ; # java/lang/invoke/LambdaForm$MH+0x000000010077c000
instanceKlass java/net/URLClassLoader$2
instanceKlass javax/annotation/processing/AbstractProcessor
instanceKlass javax/annotation/processing/Processor
instanceKlass androidx/room/ext/Package_extKt
instanceKlass androidx/room/ext/RoomGuavaTypeNames
instanceKlass androidx/room/solver/binderprovider/GuavaListenableFutureQueryResultBinderProviderImpl
instanceKlass androidx/room/solver/binderprovider/GuavaListenableFutureQueryResultBinderProviderKt
instanceKlass androidx/room/solver/ObservableQueryResultBinderProvider
instanceKlass androidx/room/solver/binderprovider/CursorQueryResultBinderProvider
instanceKlass androidx/room/solver/QueryResultBinderProvider
instanceKlass androidx/room/compiler/processing/ksp/KSTypeKotlinPoetExtKt
instanceKlass androidx/room/compiler/processing/JavaPoetExtKt
instanceKlass androidx/room/compiler/processing/javac/kotlin/JvmDescriptorUtilsKt
instanceKlass kotlin/jvm/JvmInline
instanceKlass androidx/room/compiler/processing/ksp/TypeResolutionContext
instanceKlass androidx/room/compiler/processing/ksp/KSTypeJavaPoetExtKt
instanceKlass androidx/room/compiler/processing/ksp/KSTypeWrapper
instanceKlass androidx/room/compiler/processing/ksp/KSTypeVarianceResolver
instanceKlass androidx/room/solver/NullAwareTypeConverterStore
instanceKlass androidx/room/solver/TypeConverterStore$Companion
instanceKlass androidx/room/solver/TypeConverterStore
instanceKlass androidx/room/solver/types/BoxedBooleanToBoxedIntConverter
instanceKlass androidx/room/solver/types/TypeConverter$Cost$Companion
instanceKlass androidx/room/solver/types/TypeConverter$Cost
instanceKlass androidx/room/solver/types/PrimitiveBooleanToIntConverter
instanceKlass androidx/room/solver/types/ByteArrayColumnTypeAdapter$Companion
instanceKlass androidx/room/compiler/processing/XProcessingEnv$WhenMappings
instanceKlass java/util/concurrent/Callable
instanceKlass androidx/room/ext/CommonTypeNames
instanceKlass androidx/room/solver/types/StringColumnTypeAdapter$Companion
instanceKlass androidx/room/compiler/processing/ksp/KSTypeExtKt$WhenMappings
instanceKlass androidx/room/compiler/processing/ksp/KspType$nullability$2$WhenMappings
instanceKlass androidx/room/solver/types/BoxedPrimitiveColumnTypeAdapter$Companion
instanceKlass androidx/room/parser/SQLTypeAffinity$Companion
instanceKlass java/lang/foreign/MemorySegment
instanceKlass androidx/room/solver/types/PrimitiveColumnTypeAdapter$Companion$WhenMappings
instanceKlass androidx/room/compiler/processing/ksp/ResolverExtKt
instanceKlass androidx/room/compiler/codegen/XClassName$Companion
instanceKlass com/squareup/kotlinpoet/ClassNames
instanceKlass androidx/room/compiler/codegen/XTypeNameKt
instanceKlass com/squareup/kotlinpoet/WildcardTypeName$Companion
instanceKlass com/squareup/kotlinpoet/UtilKt
instanceKlass com/squareup/kotlinpoet/TagMap$Companion
instanceKlass com/squareup/kotlinpoet/TagMap
instanceKlass com/squareup/kotlinpoet/ClassName$special$$inlined$thenBy$2
instanceKlass com/squareup/kotlinpoet/ClassName$special$$inlined$thenBy$1
instanceKlass com/squareup/kotlinpoet/ClassName$special$$inlined$compareBy$1
instanceKlass com/squareup/kotlinpoet/ClassName$Companion
instanceKlass com/squareup/kotlinpoet/TypeName$Companion
instanceKlass com/squareup/kotlinpoet/TypeName
instanceKlass com/squareup/kotlinpoet/Annotatable
instanceKlass com/squareup/kotlinpoet/Taggable
instanceKlass com/squareup/kotlinpoet/TypeNames
instanceKlass androidx/room/compiler/codegen/XTypeName$Companion
instanceKlass androidx/room/compiler/codegen/XTypeName
instanceKlass androidx/room/solver/types/PrimitiveColumnTypeAdapter$Companion
instanceKlass androidx/room/solver/types/ColumnTypeAdapter
instanceKlass androidx/room/solver/types/CursorValueReader
instanceKlass androidx/room/solver/types/StatementValueBinder
instanceKlass androidx/room/solver/types/TypeConverter
instanceKlass androidx/room/solver/TypeAdapterStore$Companion
instanceKlass androidx/room/solver/TypeAdapterStore
instanceKlass androidx/room/processor/Context$CommonTypes
instanceKlass androidx/room/preconditions/Checks
instanceKlass androidx/room/processor/cache/Cache$Bucket
instanceKlass androidx/room/processor/cache/Cache
instanceKlass androidx/room/vo/BuiltInConverterFlags$Companion
instanceKlass androidx/room/vo/BuiltInConverterFlags
instanceKlass androidx/room/processor/CustomConverterProcessor$ProcessResult$Companion
instanceKlass androidx/room/processor/CustomConverterProcessor$ProcessResult
instanceKlass androidx/room/log/RLog$Companion
instanceKlass androidx/room/log/RLog
instanceKlass androidx/room/processor/Context$Companion
instanceKlass androidx/room/processor/Context
instanceKlass com/google/devtools/ksp/common/impl/KSTypeReferenceSyntheticImpl
instanceKlass kotlin/sequences/SequenceScope
instanceKlass kotlin/sequences/SequencesKt__SequenceBuilderKt$sequence$$inlined$Sequence$1
instanceKlass org/jetbrains/kotlin/load/java/structure/JavaAnnotationAsAnnotationArgument
instanceKlass androidx/room/compiler/processing/ksp/KspAnnotation$wrap$$inlined$sortedBy$1
instanceKlass androidx/room/compiler/processing/InternalXAnnotationValue$Companion
instanceKlass androidx/room/compiler/processing/InternalXAnnotationValue
instanceKlass androidx/room/compiler/processing/XAnnotationValue
instanceKlass androidx/room/compiler/processing/ksp/KSTypeVarianceResolverScope
instanceKlass androidx/room/compiler/processing/ksp/KspArrayType$Companion
instanceKlass androidx/room/compiler/processing/ksp/KSTypeExtKt
instanceKlass org/jetbrains/kotlin/resolve/calls/inference/components/NewTypeSubstitutorKt
instanceKlass org/jetbrains/kotlin/types/SubstitutionUtils
instanceKlass  @bci org/jetbrains/kotlin/resolve/descriptorUtil/DescriptorUtilsKt getAllSuperClassifiers$doGetAllSuperClassesAndInterfaces (Lorg/jetbrains/kotlin/descriptors/ClassifierDescriptor;Ljava/util/HashSet;)Lkotlin/sequences/Sequence; 78 <appendix> member <vmtarget> ; # org/jetbrains/kotlin/resolve/descriptorUtil/DescriptorUtilsKt$$Lambda+0x0000000100742cc0
instanceKlass com/google/devtools/ksp/symbol/impl/java/KSDeclarationJavaImpl
instanceKlass androidx/room/compiler/processing/ksp/KSAsMemberOfKt
instanceKlass androidx/room/compiler/processing/javac/kotlin/JvmAbi
instanceKlass  @bci javax/lang/model/SourceVersion getLatestSupported ()Ljavax/lang/model/SourceVersion; 19 <appendix> form vmentry <vmtarget> ; # java/lang/invoke/LambdaForm$MH+0x000000010075dc00
instanceKlass  @bci javax/lang/model/SourceVersion getLatestSupported ()Ljavax/lang/model/SourceVersion; 19 <appendix> argL3 form vmentry <vmtarget> ; # java/lang/invoke/LambdaForm$MH+0x000000010075d800
# instanceKlass java/lang/invoke/LambdaForm$MH+0x000000010075d400
# instanceKlass java/lang/invoke/LambdaForm$MH+0x000000010075d000
instanceKlass  @bci javax/lang/model/SourceVersion getLatestSupported ()Ljavax/lang/model/SourceVersion; 19 <appendix> argL1 form vmentry <vmtarget> ; # java/lang/invoke/LambdaForm$MH+0x000000010075cc00
# instanceKlass java/lang/invoke/LambdaForm$MH+0x000000010075c800
instanceKlass androidx/room/compiler/processing/util/NamingUtilsKt
instanceKlass androidx/room/compiler/processing/XMethodElementKt
instanceKlass androidx/room/compiler/processing/ksp/KSClassDeclarationExtKt
instanceKlass androidx/room/compiler/processing/ksp/synthetic/KspSyntheticPropertyMethodElement$Companion
instanceKlass androidx/room/compiler/processing/ksp/synthetic/KspSyntheticPropertyMethodElement
instanceKlass androidx/room/compiler/processing/XMethodElement
instanceKlass androidx/room/compiler/processing/XExecutableElement
instanceKlass kotlin/sequences/DropSequence$iterator$1
instanceKlass kotlin/sequences/DropSequence
instanceKlass androidx/room/compiler/processing/ksp/KSAnnotatedExtKt
instanceKlass com/google/devtools/ksp/symbol/impl/DescriptorUtilsKt$WhenMappings
instanceKlass com/google/devtools/ksp/symbol/impl/DescriptorUtilsKt
instanceKlass androidx/room/compiler/processing/ksp/KSDeclarationExtKt
instanceKlass androidx/room/compiler/processing/ksp/KspFieldElement$Companion
instanceKlass androidx/room/compiler/processing/XFieldElement
instanceKlass androidx/room/compiler/processing/XVariableElement
instanceKlass org/jetbrains/kotlin/resolve/annotations/AnnotationUtilKt
instanceKlass kotlin/sequences/SequencesKt___SequencesKt$sortedWith$1
instanceKlass  @bci org/jetbrains/kotlin/serialization/deserialization/MemberDeserializer loadProperty$lambda$5 (Lorg/jetbrains/kotlin/serialization/deserialization/MemberDeserializer;Lorg/jetbrains/kotlin/metadata/ProtoBuf$Property;Lorg/jetbrains/kotlin/serialization/deserialization/descriptors/DeserializedPropertyDescriptor;)Lorg/jetbrains/kotlin/storage/NullableLazyValue; 10 <appendix> member <vmtarget> ; # org/jetbrains/kotlin/serialization/deserialization/MemberDeserializer$$Lambda+0x00000001007420e8
instanceKlass  @bci org/jetbrains/kotlin/serialization/deserialization/MemberDeserializer loadProperty (Lorg/jetbrains/kotlin/metadata/ProtoBuf$Property;)Lorg/jetbrains/kotlin/descriptors/PropertyDescriptor; 1246 <appendix> member <vmtarget> ; # org/jetbrains/kotlin/serialization/deserialization/MemberDeserializer$$Lambda+0x0000000100741e90
instanceKlass  @bci com/google/devtools/ksp/symbol/impl/DeclarationOrdering <init> (Lorg/jetbrains/kotlin/load/kotlin/KotlinJvmBinaryClass;)V 82 <appendix> member <vmtarget> ; # com/google/devtools/ksp/symbol/impl/DeclarationOrdering$$Lambda+0x0000000100749cc8
instanceKlass com/google/devtools/ksp/symbol/impl/DeclarationOrdering$OrderProvider
instanceKlass com/google/devtools/ksp/symbol/impl/DeclarationOrdering$Companion
instanceKlass com/google/devtools/ksp/symbol/impl/DeclarationOrdering
instanceKlass org/jetbrains/kotlin/load/kotlin/KotlinJvmBinaryClass$MemberVisitor
instanceKlass  @bci org/jetbrains/kotlin/resolve/descriptorUtil/DescriptorUtilsKt getParentsWithSelf (Lorg/jetbrains/kotlin/descriptors/DeclarationDescriptor;)Lkotlin/sequences/Sequence; 7 <appendix> argL0 ; # org/jetbrains/kotlin/resolve/descriptorUtil/DescriptorUtilsKt$$Lambda+0x0000000100741468
instanceKlass com/google/devtools/ksp/symbol/impl/binary/KSDeclarationDescriptorImplKt
instanceKlass androidx/room/compiler/processing/XArrayType
instanceKlass androidx/room/compiler/processing/XTypeKt
instanceKlass com/google/devtools/ksp/processing/impl/ResolverImpl$builtIns$2$1
instanceKlass com/google/devtools/ksp/processing/KSBuiltIns
instanceKlass androidx/room/compiler/processing/XType
instanceKlass androidx/room/compiler/processing/ksp/KspArrayType$Factory
instanceKlass com/squareup/javapoet/LineWrapper$RecordingAppendable
instanceKlass com/squareup/javapoet/LineWrapper
instanceKlass com/squareup/javapoet/CodeWriter$Multiset
instanceKlass com/squareup/javapoet/CodeWriter
instanceKlass javax/lang/model/element/ElementVisitor
instanceKlass com/squareup/javapoet/Util
instanceKlass javax/lang/model/type/TypeVisitor
instanceKlass jdk/internal/jimage/decompressor/ZipDecompressor
instanceKlass jdk/internal/jimage/decompressor/ResourceDecompressor
instanceKlass jdk/internal/jimage/decompressor/ResourceDecompressorFactory
instanceKlass jdk/internal/jimage/decompressor/ResourceDecompressorRepository
instanceKlass jdk/internal/jimage/decompressor/CompressedResourceHeader
instanceKlass  @bci jdk/internal/jimage/BasicImageReader getResourceBuffer (Ljdk/internal/jimage/ImageLocation;)Ljava/nio/ByteBuffer; 168 <appendix> member <vmtarget> ; # jdk/internal/jimage/BasicImageReader$$Lambda+0x0000000100665fb0
instanceKlass jdk/internal/jimage/decompressor/ResourceDecompressor$StringsProvider
instanceKlass jdk/internal/jimage/ImageBufferCache$2
instanceKlass jdk/internal/jimage/ImageBufferCache
instanceKlass jdk/internal/module/ModulePatcher$PatchedModuleReader
instanceKlass com/squareup/javapoet/TypeName
instanceKlass androidx/room/compiler/processing/ksp/KspTypeMapper
instanceKlass com/google/devtools/ksp/symbol/impl/kotlin/KSTypeImpl$nullability$2$WhenMappings
instanceKlass com/google/devtools/ksp/symbol/KSTypeParameter
instanceKlass org/jetbrains/kotlin/load/kotlin/KotlinJvmBinaryClassUtilKt
instanceKlass org/jetbrains/kotlin/resolve/CompileTimeConstantUtils
instanceKlass org/jetbrains/kotlin/resolve/constants/KClassValue$Value
instanceKlass org/jetbrains/kotlin/resolve/constants/ClassLiteralValue
instanceKlass org/jetbrains/kotlin/resolve/constants/KClassValue$Companion
instanceKlass  @bci org/jetbrains/kotlin/storage/LockBasedLazyResolveStorageManager$LockProtectedTrace recordType (Lorg/jetbrains/kotlin/psi/KtExpression;Lorg/jetbrains/kotlin/types/KotlinType;)V 13 <appendix> member <vmtarget> ; # org/jetbrains/kotlin/storage/LockBasedLazyResolveStorageManager$LockProtectedTrace$$Lambda+0x000000010073f360
instanceKlass org/jetbrains/kotlin/load/kotlin/KotlinJvmBinaryPackageSourceElement
instanceKlass  @bci org/jetbrains/kotlin/resolve/jvm/RuntimeAssertionsDataFlowExtras <init> (Lorg/jetbrains/kotlin/resolve/calls/context/ResolutionContext;Lorg/jetbrains/kotlin/types/KotlinType;Lorg/jetbrains/kotlin/psi/KtExpression;)V 42 <appendix> member <vmtarget> ; # org/jetbrains/kotlin/resolve/jvm/RuntimeAssertionsDataFlowExtras$$Lambda+0x000000010073eac8
instanceKlass org/jetbrains/kotlin/resolve/jvm/RuntimeAssertionsDataFlowExtras
instanceKlass org/jetbrains/kotlin/resolve/jvm/RuntimeAssertionInfo$DataFlowExtras
instanceKlass org/jetbrains/kotlin/resolve/jvm/RuntimeAssertionInfo$Companion
instanceKlass org/jetbrains/kotlin/resolve/jvm/RuntimeAssertionInfo
instanceKlass  @bci org/jetbrains/kotlin/types/expressions/DataFlowAnalyzer checkTypeInternal (Lorg/jetbrains/kotlin/types/KotlinType;Lorg/jetbrains/kotlin/psi/KtExpression;Lorg/jetbrains/kotlin/resolve/calls/context/ResolutionContext;Lorg/jetbrains/kotlin/com/intellij/openapi/util/Ref;Z)Lorg/jetbrains/kotlin/types/KotlinType; 48 <appendix> argL0 ; # org/jetbrains/kotlin/types/expressions/DataFlowAnalyzer$$Lambda+0x000000010073df70
instanceKlass org/jetbrains/kotlin/resolve/ImplicitIntegerCoercion
instanceKlass org/jetbrains/kotlin/resolve/calls/tower/NewAbstractResolvedCall$getDataFlowInfoForArguments$1
instanceKlass org/jetbrains/kotlin/resolve/calls/model/ArgumentMatchImpl
instanceKlass org/jetbrains/kotlin/resolve/calls/model/ArgumentMatch
instanceKlass org/jetbrains/kotlin/resolve/calls/model/ArgumentMapping
instanceKlass org/jetbrains/kotlin/resolve/calls/model/VarargValueArgument
instanceKlass  @bci org/jetbrains/kotlin/storage/LockBasedLazyResolveStorageManager$LockProtectedTrace getType (Lorg/jetbrains/kotlin/psi/KtExpression;)Lorg/jetbrains/kotlin/types/KotlinType; 12 <appendix> member <vmtarget> ; # org/jetbrains/kotlin/storage/LockBasedLazyResolveStorageManager$LockProtectedTrace$$Lambda+0x000000010073c850
instanceKlass org/jetbrains/kotlin/types/AbstractTypeApproximator$WhenMappings
instanceKlass  @bci org/jetbrains/kotlin/types/AbstractTypeApproximator approximateToSuperType (Lorg/jetbrains/kotlin/types/model/KotlinTypeMarker;Lorg/jetbrains/kotlin/types/TypeApproximatorConfiguration;I)Lorg/jetbrains/kotlin/types/model/KotlinTypeMarker; 67 <appendix> member <vmtarget> ; # org/jetbrains/kotlin/types/AbstractTypeApproximator$$Lambda+0x000000010073b880
instanceKlass org/jetbrains/kotlin/resolve/calls/tower/EmptyLabeledReturn
instanceKlass org/jetbrains/kotlin/resolve/calls/model/QualifierReceiverKotlinCallArgument
instanceKlass org/jetbrains/kotlin/resolve/calls/model/ReceiverExpressionKotlinCallArgument
instanceKlass kotlin/collections/builders/ListBuilder$Itr
instanceKlass kotlin/collections/builders/ListBuilder$Companion
instanceKlass  @bci org/jetbrains/kotlin/resolve/calls/inference/model/NewConstraintSystemImpl isProperTypeImpl (Lorg/jetbrains/kotlin/types/model/KotlinTypeMarker;)Z 3 <appendix> member <vmtarget> ; # org/jetbrains/kotlin/resolve/calls/inference/model/NewConstraintSystemImpl$$Lambda+0x00000001007386b8
instanceKlass  @bci org/jetbrains/kotlin/resolve/calls/inference/components/TypeVariableDependencyInformationProvider computeRelatedToTopLevelType ()V 14 <appendix> member <vmtarget> ; # org/jetbrains/kotlin/resolve/calls/inference/components/TypeVariableDependencyInformationProvider$$Lambda+0x0000000100738238
instanceKlass org/jetbrains/kotlin/resolve/calls/inference/components/VariableFixationFinder$WhenMappings
instanceKlass  @bci org/jetbrains/kotlin/resolve/calls/inference/components/VariableFixationFinder hasDependencyToOtherTypeVariables (Lorg/jetbrains/kotlin/resolve/calls/inference/components/VariableFixationFinder$Context;Lorg/jetbrains/kotlin/types/model/TypeConstructorMarker;)Z 59 <appendix> member <vmtarget> ; # org/jetbrains/kotlin/resolve/calls/inference/components/VariableFixationFinder$$Lambda+0x0000000100735a58
instanceKlass  @bci org/jetbrains/kotlin/resolve/calls/inference/components/VariableFixationFinder variableHasProperArgumentConstraints (Lorg/jetbrains/kotlin/resolve/calls/inference/components/VariableFixationFinder$Context;Lorg/jetbrains/kotlin/types/model/TypeConstructorMarker;)Z 111 <appendix> member <vmtarget> ; # org/jetbrains/kotlin/resolve/calls/inference/components/VariableFixationFinder$$Lambda+0x0000000100735800
instanceKlass  @bci org/jetbrains/kotlin/resolve/calls/inference/components/VariableFixationFinder isProperType (Lorg/jetbrains/kotlin/resolve/calls/inference/components/VariableFixationFinder$Context;Lorg/jetbrains/kotlin/types/model/KotlinTypeMarker;)Z 53 <appendix> member <vmtarget> ; # org/jetbrains/kotlin/resolve/calls/inference/components/VariableFixationFinder$$Lambda+0x0000000100737d38
instanceKlass  @bci org/jetbrains/kotlin/resolve/calls/inference/components/TypeVariableDependencyInformationProvider forAllMyTypeVariables (Lorg/jetbrains/kotlin/types/model/KotlinTypeMarker;Lkotlin/jvm/functions/Function1;)Z 13 <appendix> member <vmtarget> ; # org/jetbrains/kotlin/resolve/calls/inference/components/TypeVariableDependencyInformationProvider$$Lambda+0x0000000100737ae0
instanceKlass  @bci org/jetbrains/kotlin/resolve/calls/inference/components/TypeVariableDependencyInformationProvider computeConstraintEdges ()V 111 <appendix> member <vmtarget> ; # org/jetbrains/kotlin/resolve/calls/inference/components/TypeVariableDependencyInformationProvider$$Lambda+0x0000000100737888
instanceKlass org/jetbrains/kotlin/types/model/TypeSystemContextHelpersKt
instanceKlass org/jetbrains/kotlin/resolve/calls/inference/model/MutableVariableWithConstraints$WhenMappings
instanceKlass org/jetbrains/kotlin/types/StarProjectionImplKt
instanceKlass  @bci org/jetbrains/kotlin/resolve/calls/results/OverloadingConflictResolver chooseMaximallySpecificCandidates (Ljava/util/Collection;Lorg/jetbrains/kotlin/resolve/calls/context/CheckArgumentTypesMode;Z)Ljava/util/Set; 113 <appendix> member <vmtarget> ; # org/jetbrains/kotlin/resolve/calls/results/OverloadingConflictResolver$$Lambda+0x0000000100736890
instanceKlass  @bci org/jetbrains/kotlin/resolve/DescriptorEquivalenceForOverrides areCallableDescriptorsEquivalent$lambda$3 (ZLorg/jetbrains/kotlin/descriptors/CallableDescriptor;Lorg/jetbrains/kotlin/descriptors/CallableDescriptor;Lorg/jetbrains/kotlin/types/TypeConstructor;Lorg/jetbrains/kotlin/types/TypeConstructor;)Z 77 <appendix> member <vmtarget> ; # org/jetbrains/kotlin/resolve/DescriptorEquivalenceForOverrides$$Lambda+0x0000000100736250
instanceKlass  @cpi org/jetbrains/kotlin/resolve/DescriptorEquivalenceForOverrides 287 form vmentry <vmtarget> ; # java/lang/invoke/LambdaForm$DMH+0x0000000100735000
instanceKlass  @bci org/jetbrains/kotlin/resolve/DescriptorEquivalenceForOverrides areTypeParametersEquivalent$default (Lorg/jetbrains/kotlin/resolve/DescriptorEquivalenceForOverrides;Lorg/jetbrains/kotlin/descriptors/TypeParameterDescriptor;Lorg/jetbrains/kotlin/descriptors/TypeParameterDescriptor;ZLkotlin/jvm/functions/Function2;ILjava/lang/Object;)Z 8 <appendix> argL0 ; # org/jetbrains/kotlin/resolve/DescriptorEquivalenceForOverrides$$Lambda+0x0000000100736000
instanceKlass org/jetbrains/kotlin/types/AbstractTypeChecker$WhenMappings
instanceKlass  @bci org/jetbrains/kotlin/types/checker/NewCapturedTypeConstructor initializeSupertypes (Ljava/util/List;)V 74 <appendix> member <vmtarget> ; # org/jetbrains/kotlin/types/checker/NewCapturedTypeConstructor$$Lambda+0x0000000100733288
instanceKlass  @bci org/jetbrains/kotlin/types/checker/NewCapturedTypeConstructor <init> (Lorg/jetbrains/kotlin/types/TypeProjection;Lkotlin/jvm/functions/Function0;Lorg/jetbrains/kotlin/types/checker/NewCapturedTypeConstructor;Lorg/jetbrains/kotlin/descriptors/TypeParameterDescriptor;)V 36 <appendix> member <vmtarget> ; # org/jetbrains/kotlin/types/checker/NewCapturedTypeConstructor$$Lambda+0x0000000100733030
instanceKlass  @bci org/jetbrains/kotlin/resolve/DescriptorEquivalenceForOverrides areCallableDescriptorsEquivalent (Lorg/jetbrains/kotlin/descriptors/CallableDescriptor;Lorg/jetbrains/kotlin/descriptors/CallableDescriptor;ZZZLorg/jetbrains/kotlin/types/checker/KotlinTypeRefiner;)Z 183 <adapter> ; # java/lang/invoke/LambdaForm$MH+0x0000000100734c00
# instanceKlass java/lang/invoke/LambdaForm$DMH+0x0000000100734800
instanceKlass  @bci org/jetbrains/kotlin/resolve/DescriptorEquivalenceForOverrides areCallableDescriptorsEquivalent (Lorg/jetbrains/kotlin/descriptors/CallableDescriptor;Lorg/jetbrains/kotlin/descriptors/CallableDescriptor;ZZZLorg/jetbrains/kotlin/types/checker/KotlinTypeRefiner;)Z 183 <appendix> form vmentry <vmtarget> ; # java/lang/invoke/LambdaForm$DMH+0x0000000100734400
instanceKlass  @bci org/jetbrains/kotlin/resolve/DescriptorEquivalenceForOverrides areCallableDescriptorsEquivalent (Lorg/jetbrains/kotlin/descriptors/CallableDescriptor;Lorg/jetbrains/kotlin/descriptors/CallableDescriptor;ZZZLorg/jetbrains/kotlin/types/checker/KotlinTypeRefiner;)Z 183 <appendix> member <vmtarget> ; # org/jetbrains/kotlin/resolve/DescriptorEquivalenceForOverrides$$Lambda+0x0000000100732dd8
instanceKlass  @cpi org/jetbrains/kotlin/resolve/DescriptorEquivalenceForOverrides 222 form vmentry <vmtarget> ; # java/lang/invoke/LambdaForm$DMH+0x0000000100734000
instanceKlass  @bci org/jetbrains/kotlin/resolve/DescriptorEquivalenceForOverrides areCallableDescriptorsEquivalent (Lorg/jetbrains/kotlin/descriptors/CallableDescriptor;Lorg/jetbrains/kotlin/descriptors/CallableDescriptor;ZZZLorg/jetbrains/kotlin/types/checker/KotlinTypeRefiner;)Z 164 <appendix> argL0 ; # org/jetbrains/kotlin/resolve/DescriptorEquivalenceForOverrides$$Lambda+0x0000000100732b88
instanceKlass org/jetbrains/kotlin/resolve/DescriptorEquivalenceForOverrides
instanceKlass org/jetbrains/kotlin/descriptors/DeclarationDescriptorWithNavigationSubstitute
instanceKlass org/jetbrains/kotlin/resolve/DescriptorToSourceUtils
instanceKlass org/jetbrains/kotlin/resolve/calls/results/OverloadingConflictResolver$filterOutEquivalentCalls$$inlined$sortedBy$1
instanceKlass  @bci org/jetbrains/kotlin/resolve/calls/components/CreateFreshVariablesSubstitutor shouldBeFlexible$default (Lorg/jetbrains/kotlin/resolve/calls/components/CreateFreshVariablesSubstitutor;Lorg/jetbrains/kotlin/descriptors/TypeParameterDescriptor;Lkotlin/jvm/functions/Function1;ILjava/lang/Object;)Z 6 <appendix> argL0 ; # org/jetbrains/kotlin/resolve/calls/components/CreateFreshVariablesSubstitutor$$Lambda+0x0000000100731fc8
instanceKlass  @bci org/jetbrains/kotlin/resolve/calls/inference/components/ConstraintIncorporator areThereRecursiveConstraints (Lorg/jetbrains/kotlin/resolve/calls/inference/components/ConstraintIncorporator$Context;Lorg/jetbrains/kotlin/types/model/TypeVariableMarker;Lorg/jetbrains/kotlin/resolve/calls/inference/model/Constraint;)Z 7 <appendix> member <vmtarget> ; # org/jetbrains/kotlin/resolve/calls/inference/components/ConstraintIncorporator$$Lambda+0x0000000100731d70
instanceKlass org/jetbrains/kotlin/resolve/calls/inference/components/VariableFixationFinderKt
instanceKlass  @bci org/jetbrains/kotlin/resolve/calls/inference/InferenceUtilsKt extractAllContainingTypeVariablesNoCaptureTypeProcessing (Lorg/jetbrains/kotlin/types/model/TypeSystemInferenceExtensionContext;Lorg/jetbrains/kotlin/types/model/KotlinTypeMarker;Ljava/util/Set;)V 4 <appendix> member <vmtarget> ; # org/jetbrains/kotlin/resolve/calls/inference/InferenceUtilsKt$$Lambda+0x00000001007318e0
instanceKlass org/jetbrains/kotlin/types/model/MarkerExtensionsKt
instanceKlass  @bci org/jetbrains/kotlin/resolve/calls/components/CollectionTypeVariableUsagesInfo getDependentTypeParameters (Lorg/jetbrains/kotlin/resolve/calls/inference/NewConstraintSystem;Lorg/jetbrains/kotlin/types/model/TypeConstructorMarker;Ljava/util/List;)Ljava/util/List; 40 <appendix> member <vmtarget> ; # org/jetbrains/kotlin/resolve/calls/components/CollectionTypeVariableUsagesInfo$$Lambda+0x0000000100731450
instanceKlass  @bci org/jetbrains/kotlin/resolve/calls/components/CollectionTypeVariableUsagesInfo getDependentTypeParameters (Lorg/jetbrains/kotlin/resolve/calls/inference/NewConstraintSystem;Lorg/jetbrains/kotlin/types/model/TypeConstructorMarker;Ljava/util/List;)Ljava/util/List; 30 <appendix> member <vmtarget> ; # org/jetbrains/kotlin/resolve/calls/components/CollectionTypeVariableUsagesInfo$$Lambda+0x00000001007311f8
instanceKlass org/jetbrains/kotlin/resolve/calls/inference/components/ConstraintContext
instanceKlass org/jetbrains/kotlin/resolve/calls/inference/model/MutableVariableWithConstraints
instanceKlass org/jetbrains/kotlin/resolve/calls/inference/model/TypeVariableKt
instanceKlass org/jetbrains/kotlin/resolve/calls/inference/model/TypeVariableTypeConstructor
instanceKlass org/jetbrains/kotlin/resolve/calls/inference/model/NewTypeVariable
instanceKlass java/util/AbstractMap$SimpleImmutableEntry
instanceKlass org/jetbrains/kotlin/resolve/calls/smartcasts/IdentifierInfo$PackageOrClass
instanceKlass org/jetbrains/kotlin/resolve/calls/tower/StubTypesBasedInferenceSession
instanceKlass org/jetbrains/kotlin/types/expressions/DoubleColonExpressionResolverKt
instanceKlass  @bci org/jetbrains/kotlin/types/expressions/DoubleColonExpressionResolver resolveDoubleColonLHS$frontend (Lorg/jetbrains/kotlin/psi/KtDoubleColonExpression;Lorg/jetbrains/kotlin/types/expressions/ExpressionTypingContext;)Lorg/jetbrains/kotlin/types/expressions/DoubleColonLHS; 127 <appendix> member <vmtarget> ; # org/jetbrains/kotlin/types/expressions/DoubleColonExpressionResolver$$Lambda+0x000000010072eaf0
instanceKlass org/jetbrains/kotlin/types/expressions/DoubleColonExpressionResolver$ReservedDoubleColonLHSResolutionResult
instanceKlass org/jetbrains/kotlin/types/expressions/DoubleColonExpressionResolver$LHSResolutionResult
instanceKlass org/jetbrains/kotlin/diagnostics/DiagnosticWithParameters1Marker
instanceKlass org/jetbrains/kotlin/resolve/scopes/receivers/TypeParameterQualifier
instanceKlass org/jetbrains/kotlin/resolve/QualifiedExpressionResolveUtilKt
instanceKlass org/jetbrains/kotlin/resolve/descriptorUtil/DescriptorUtilsKt$WhenMappings
instanceKlass org/jetbrains/kotlin/resolve/scopes/receivers/ClassQualifier
instanceKlass org/jetbrains/kotlin/resolve/scopes/receivers/ClassifierQualifier
instanceKlass  @bci org/jetbrains/kotlin/resolve/calls/util/ResolvedCallUtilKt hasInferredReturnType (Lorg/jetbrains/kotlin/resolve/calls/model/ResolvedCall;)Z 35 <appendix> argL0 ; # org/jetbrains/kotlin/resolve/calls/util/ResolvedCallUtilKt$$Lambda+0x000000010072bc78
instanceKlass org/jetbrains/kotlin/resolve/calls/results/OverloadResolutionResultsUtil
instanceKlass org/jetbrains/kotlin/resolve/calls/results/SingleOverloadResolutionResult$WhenMappings
instanceKlass org/jetbrains/kotlin/resolve/calls/results/AbstractOverloadResolutionResults
instanceKlass org/jetbrains/kotlin/resolve/calls/tower/CallInfo
instanceKlass org/jetbrains/kotlin/resolve/calls/components/CompletedCallInfo
instanceKlass org/jetbrains/kotlin/resolve/calls/DiagnosticReporterByTrackingStrategy
instanceKlass org/jetbrains/kotlin/resolve/calls/model/DiagnosticReporter
instanceKlass org/jetbrains/kotlin/resolve/calls/model/ResolvedCallAtomsKt
instanceKlass org/jetbrains/kotlin/resolve/calls/tower/TrackingBindingTrace
instanceKlass org/jetbrains/kotlin/resolve/inline/InlineUtil
instanceKlass org/jetbrains/kotlin/synthetic/SyntheticJavaPropertyDescriptor
instanceKlass org/jetbrains/kotlin/resolve/calls/model/ArgumentMappingKt
instanceKlass org/jetbrains/kotlin/resolve/checkers/MissingDependencySupertypeChecker
instanceKlass org/jetbrains/kotlin/contracts/parsing/ContractsDslNames
instanceKlass org/jetbrains/kotlin/contracts/parsing/PsiContractsUtilsKt
instanceKlass org/jetbrains/kotlin/resolve/calls/model/ExpressionValueArgument
instanceKlass org/jetbrains/kotlin/resolve/calls/model/DefaultValueArgument
instanceKlass org/jetbrains/kotlin/resolve/calls/util/ResolvedCallUtilKt$WhenMappings
instanceKlass org/jetbrains/kotlin/resolve/calls/util/ResolvedCallUtilKt
instanceKlass org/jetbrains/kotlin/coroutines/CoroutineUtilKt
instanceKlass org/jetbrains/kotlin/resolve/calls/checkers/ConstructorHeaderCallCheckerKt
instanceKlass org/jetbrains/kotlin/resolve/calls/tasks/DynamicCallsKt
instanceKlass org/jetbrains/kotlin/resolve/calls/checkers/CallCheckerKt
instanceKlass org/jetbrains/kotlin/resolve/calls/model/VariableAsFunctionResolvedCall
instanceKlass org/jetbrains/kotlin/resolve/calls/tower/PSIKotlinCallsKt
instanceKlass org/jetbrains/kotlin/resolve/calls/model/SimpleCandidateFactory$WhenMappings
instanceKlass org/jetbrains/kotlin/resolve/calls/tower/CandidateWithBoundDispatchReceiver
instanceKlass org/jetbrains/kotlin/resolve/calls/util/IsFromStdlibJre7Or8Kt
instanceKlass org/jetbrains/kotlin/resolve/calls/tower/PrioritizedCompositeScopeTowerProcessor
instanceKlass  @bci org/jetbrains/kotlin/resolve/calls/tower/ScopeTowerProcessorsKt createFunctionProcessor (Lorg/jetbrains/kotlin/resolve/calls/tower/ImplicitScopeTower;Lorg/jetbrains/kotlin/name/Name;Lorg/jetbrains/kotlin/resolve/calls/tower/CandidateFactory;Lorg/jetbrains/kotlin/resolve/calls/tower/CandidateFactoryProviderForInvoke;Lorg/jetbrains/kotlin/resolve/scopes/receivers/DetailedReceiver;)Lorg/jetbrains/kotlin/resolve/calls/tower/PrioritizedCompositeScopeTowerProcessor; 57 <appendix> member <vmtarget> ; # org/jetbrains/kotlin/resolve/calls/tower/ScopeTowerProcessorsKt$$Lambda+0x0000000100725cc8
instanceKlass org/jetbrains/kotlin/resolve/calls/CallTransformer
instanceKlass org/jetbrains/kotlin/resolve/calls/tower/AbstractInvokeTowerProcessor
instanceKlass  @bci org/jetbrains/kotlin/resolve/calls/tower/ScopeTowerProcessorsKt createSimpleFunctionProcessor (Lorg/jetbrains/kotlin/resolve/calls/tower/ImplicitScopeTower;Lorg/jetbrains/kotlin/name/Name;Lorg/jetbrains/kotlin/resolve/calls/tower/CandidateFactory;Lorg/jetbrains/kotlin/resolve/scopes/receivers/DetailedReceiver;Z)Lorg/jetbrains/kotlin/resolve/calls/tower/ScopeTowerProcessor; 24 <appendix> member <vmtarget> ; # org/jetbrains/kotlin/resolve/calls/tower/ScopeTowerProcessorsKt$$Lambda+0x0000000100724a20
instanceKlass org/jetbrains/kotlin/resolve/calls/tower/PSICallResolver$FactoryProviderForInvoke
instanceKlass org/jetbrains/kotlin/resolve/calls/tower/CandidateFactoryProviderForInvoke
instanceKlass  @bci org/jetbrains/kotlin/util/slicedMap/SlicedMapImpl forEach (Lkotlin/jvm/functions/Function3;)V 21 <appendix> member <vmtarget> ; # org/jetbrains/kotlin/util/slicedMap/SlicedMapImpl$$Lambda+0x0000000100724320
instanceKlass  @bci org/jetbrains/kotlin/resolve/BindingContextUtils addOwnDataTo (Lorg/jetbrains/kotlin/resolve/BindingTrace;Lorg/jetbrains/kotlin/resolve/TraceEntryFilter;ZLorg/jetbrains/kotlin/util/slicedMap/MutableSlicedMap;Lorg/jetbrains/kotlin/resolve/diagnostics/MutableDiagnosticsWithSuppression;)V 21 <appendix> member <vmtarget> ; # org/jetbrains/kotlin/resolve/BindingContextUtils$$Lambda+0x00000001007240c8
instanceKlass org/jetbrains/kotlin/resolve/TraceEntryFilter
instanceKlass org/jetbrains/kotlin/diagnostics/AbstractDiagnostic
instanceKlass org/jetbrains/kotlin/diagnostics/DiagnosticWithParameters3Marker
instanceKlass org/jetbrains/kotlin/resolve/calls/tower/ErrorCandidate
instanceKlass  @bci org/jetbrains/kotlin/resolve/calls/tower/WrongResolutionToClassifier <clinit> ()V 135 <appendix> argL0 ; # org/jetbrains/kotlin/resolve/calls/tower/WrongResolutionToClassifier$$Lambda+0x00000001007227c8
instanceKlass  @bci org/jetbrains/kotlin/resolve/calls/tower/WrongResolutionToClassifier <clinit> ()V 116 <appendix> argL0 ; # org/jetbrains/kotlin/resolve/calls/tower/WrongResolutionToClassifier$$Lambda+0x0000000100722578
instanceKlass  @bci org/jetbrains/kotlin/resolve/calls/tower/WrongResolutionToClassifier <clinit> ()V 97 <appendix> argL0 ; # org/jetbrains/kotlin/resolve/calls/tower/WrongResolutionToClassifier$$Lambda+0x0000000100722328
instanceKlass  @bci org/jetbrains/kotlin/resolve/calls/tower/WrongResolutionToClassifier <clinit> ()V 79 <appendix> argL0 ; # org/jetbrains/kotlin/resolve/calls/tower/WrongResolutionToClassifier$$Lambda+0x00000001007220d8
instanceKlass  @bci org/jetbrains/kotlin/resolve/calls/tower/WrongResolutionToClassifier <clinit> ()V 61 <appendix> argL0 ; # org/jetbrains/kotlin/resolve/calls/tower/WrongResolutionToClassifier$$Lambda+0x0000000100721e88
instanceKlass  @bci org/jetbrains/kotlin/resolve/calls/tower/WrongResolutionToClassifier <clinit> ()V 43 <appendix> argL0 ; # org/jetbrains/kotlin/resolve/calls/tower/WrongResolutionToClassifier$$Lambda+0x0000000100721c38
instanceKlass  @bci org/jetbrains/kotlin/resolve/calls/tower/WrongResolutionToClassifier <clinit> ()V 25 <appendix> argL0 ; # org/jetbrains/kotlin/resolve/calls/tower/WrongResolutionToClassifier$$Lambda+0x00000001007219e8
instanceKlass  @bci org/jetbrains/kotlin/resolve/calls/tower/WrongResolutionToClassifier <clinit> ()V 7 <appendix> argL0 ; # org/jetbrains/kotlin/resolve/calls/tower/WrongResolutionToClassifier$$Lambda+0x0000000100721798
instanceKlass org/jetbrains/kotlin/resolve/calls/tower/ErrorCandidateFactoryKt$WhenMappings
instanceKlass org/jetbrains/kotlin/resolve/calls/tower/ErrorCandidateContext
instanceKlass org/jetbrains/kotlin/resolve/calls/tower/ErrorCandidateFactoryKt
instanceKlass org/jetbrains/kotlin/resolve/calls/tower/PSICallResolver$WhenMappings
instanceKlass  @bci org/jetbrains/kotlin/resolve/lazy/LazyImportScope getContributedVariables (Lorg/jetbrains/kotlin/name/Name;Lorg/jetbrains/kotlin/incremental/components/LookupLocation;)Ljava/util/Collection; 71 <appendix> member <vmtarget> ; # org/jetbrains/kotlin/resolve/lazy/LazyImportScope$$Lambda+0x0000000100720258
instanceKlass  @bci org/jetbrains/kotlin/resolve/lazy/LazyImportResolver collectFromImports (Lorg/jetbrains/kotlin/name/Name;Lkotlin/jvm/functions/Function1;)Ljava/util/Collection; 22 <appendix> member <vmtarget> ; # org/jetbrains/kotlin/resolve/lazy/LazyImportResolver$$Lambda+0x0000000100720000
instanceKlass  @bci org/jetbrains/kotlin/resolve/lazy/LazyImportScope getContributedVariables (Lorg/jetbrains/kotlin/name/Name;Lorg/jetbrains/kotlin/incremental/components/LookupLocation;)Ljava/util/Collection; 36 <appendix> member <vmtarget> ; # org/jetbrains/kotlin/resolve/lazy/LazyImportScope$$Lambda+0x0000000100719c90
instanceKlass org/jetbrains/kotlin/it/unimi/dsi/fastutil/objects/ObjectOpenHashSet$SetIterator
instanceKlass org/jetbrains/kotlin/resolve/calls/tower/TowerLevelsKt
instanceKlass org/jetbrains/kotlin/resolve/scopes/DeprecatedLexicalScope
instanceKlass  @bci org/jetbrains/kotlin/resolve/calls/tower/TowerResolver$Task run ()Ljava/util/Collection; 196 <appendix> argL0 ; # org/jetbrains/kotlin/resolve/calls/tower/TowerResolver$Task$$Lambda+0x0000000100719000
instanceKlass  @bci org/jetbrains/kotlin/resolve/calls/tower/TowerResolver$Task localLevels_delegate$lambda$2 (Lorg/jetbrains/kotlin/resolve/calls/tower/TowerResolver$Task;)Ljava/util/List; 45 <appendix> member <vmtarget> ; # org/jetbrains/kotlin/resolve/calls/tower/TowerResolver$Task$$Lambda+0x000000010071bcc8
instanceKlass  @bci org/jetbrains/kotlin/resolve/calls/tower/TowerResolver$Task localLevels_delegate$lambda$2 (Lorg/jetbrains/kotlin/resolve/calls/tower/TowerResolver$Task;)Ljava/util/List; 36 <appendix> member <vmtarget> ; # org/jetbrains/kotlin/resolve/calls/tower/TowerResolver$Task$$Lambda+0x000000010071b7e0
instanceKlass  @bci org/jetbrains/kotlin/resolve/scopes/utils/ScopeUtilsKt getParentsWithSelf (Lorg/jetbrains/kotlin/resolve/scopes/HierarchicalScope;)Lkotlin/sequences/Sequence; 7 <appendix> argL0 ; # org/jetbrains/kotlin/resolve/scopes/utils/ScopeUtilsKt$$Lambda+0x000000010071b320
instanceKlass org/jetbrains/kotlin/resolve/calls/tower/AbstractScopeTowerLevel
instanceKlass  @bci org/jetbrains/kotlin/resolve/calls/tower/TowerResolver$Task <init> (Lorg/jetbrains/kotlin/resolve/calls/tower/TowerResolver;Lorg/jetbrains/kotlin/resolve/calls/tower/ImplicitScopeTower;Lorg/jetbrains/kotlin/resolve/calls/tower/ScopeTowerProcessor;Lorg/jetbrains/kotlin/resolve/calls/tower/TowerResolver$ResultCollector;ZLorg/jetbrains/kotlin/name/Name;)V 147 <appendix> member <vmtarget> ; # org/jetbrains/kotlin/resolve/calls/tower/TowerResolver$Task$$Lambda+0x000000010071a258
instanceKlass  @bci org/jetbrains/kotlin/resolve/calls/tower/TowerResolver$Task <init> (Lorg/jetbrains/kotlin/resolve/calls/tower/TowerResolver;Lorg/jetbrains/kotlin/resolve/calls/tower/ImplicitScopeTower;Lorg/jetbrains/kotlin/resolve/calls/tower/ScopeTowerProcessor;Lorg/jetbrains/kotlin/resolve/calls/tower/TowerResolver$ResultCollector;ZLorg/jetbrains/kotlin/name/Name;)V 131 <appendix> member <vmtarget> ; # org/jetbrains/kotlin/resolve/calls/tower/TowerResolver$Task$$Lambda+0x000000010071a000
instanceKlass org/jetbrains/kotlin/psi/KtCommonFileKt
instanceKlass org/jetbrains/kotlin/resolve/calls/tower/TowerResolver$Task
instanceKlass  @bci org/jetbrains/kotlin/resolve/calls/tower/ScopeTowerProcessorsKt createVariableAndObjectProcessor (Lorg/jetbrains/kotlin/resolve/calls/tower/ImplicitScopeTower;Lorg/jetbrains/kotlin/name/Name;Lorg/jetbrains/kotlin/resolve/calls/tower/CandidateFactory;Lorg/jetbrains/kotlin/resolve/scopes/receivers/DetailedReceiver;Z)Lorg/jetbrains/kotlin/resolve/calls/tower/VariableAndObjectScopeTowerProcessor; 39 <appendix> member <vmtarget> ; # org/jetbrains/kotlin/resolve/calls/tower/ScopeTowerProcessorsKt$$Lambda+0x000000010071f8d0
instanceKlass org/jetbrains/kotlin/resolve/calls/tower/AbstractSimpleScopeTowerProcessor
instanceKlass org/jetbrains/kotlin/resolve/calls/tower/SimpleScopeTowerProcessor
instanceKlass  @bci org/jetbrains/kotlin/resolve/calls/tower/ScopeTowerProcessorsKt createVariableProcessor (Lorg/jetbrains/kotlin/resolve/calls/tower/ImplicitScopeTower;Lorg/jetbrains/kotlin/name/Name;Lorg/jetbrains/kotlin/resolve/calls/tower/CandidateFactory;Lorg/jetbrains/kotlin/resolve/scopes/receivers/DetailedReceiver;Z)Lorg/jetbrains/kotlin/resolve/calls/tower/ScopeTowerProcessor; 24 <appendix> member <vmtarget> ; # org/jetbrains/kotlin/resolve/calls/tower/ScopeTowerProcessorsKt$$Lambda+0x000000010071ef08
instanceKlass org/jetbrains/kotlin/resolve/calls/tower/ScopeTowerLevel
instanceKlass org/jetbrains/kotlin/resolve/calls/tower/VariableAndObjectScopeTowerProcessor
instanceKlass org/jetbrains/kotlin/resolve/calls/tower/ScopeTowerProcessorsKt
instanceKlass org/jetbrains/kotlin/resolve/calls/KotlinCallResolver$WhenMappings
instanceKlass  @bci org/jetbrains/kotlin/resolve/calls/CallResolver computeTasksAndResolveCall (Lorg/jetbrains/kotlin/resolve/calls/context/BasicCallResolutionContext;Lorg/jetbrains/kotlin/name/Name;Lorg/jetbrains/kotlin/resolve/calls/tasks/TracingStrategy;Lorg/jetbrains/kotlin/resolve/calls/tower/NewResolutionOldInference$ResolutionKind;)Lorg/jetbrains/kotlin/resolve/calls/results/OverloadResolutionResults; 46 <appendix> member <vmtarget> ; # org/jetbrains/kotlin/resolve/calls/CallResolver$$Lambda+0x000000010071e3b0
instanceKlass org/jetbrains/kotlin/resolve/calls/context/TemporaryResolutionResultsCache
instanceKlass  @bci org/jetbrains/kotlin/storage/LockBasedLazyResolveStorageManager$LockProtectedContext getDiagnostics ()Lorg/jetbrains/kotlin/resolve/diagnostics/Diagnostics; 5 <appendix> member <vmtarget> ; # org/jetbrains/kotlin/storage/LockBasedLazyResolveStorageManager$LockProtectedContext$$Lambda+0x000000010071def8
instanceKlass org/jetbrains/kotlin/resolve/calls/context/TemporaryTraceAndCache
instanceKlass  @bci org/jetbrains/kotlin/resolve/calls/CallResolver resolveCollectionLiteralCallWithGivenDescriptor (Lorg/jetbrains/kotlin/types/expressions/ExpressionTypingContext;Lorg/jetbrains/kotlin/psi/KtCollectionLiteralExpression;Lorg/jetbrains/kotlin/psi/Call;Ljava/util/Collection;)Lorg/jetbrains/kotlin/resolve/calls/results/OverloadResolutionResults; 50 <appendix> member <vmtarget> ; # org/jetbrains/kotlin/resolve/calls/CallResolver$$Lambda+0x000000010071cea0
instanceKlass org/jetbrains/kotlin/resolve/ArrayFqNames
instanceKlass org/jetbrains/kotlin/resolve/calls/util/CallMaker$CallImpl
instanceKlass org/jetbrains/kotlin/resolve/calls/util/CallMaker$ExpressionValueArgument
instanceKlass org/jetbrains/kotlin/resolve/CollectionLiteralResolver$WhenMappings
instanceKlass org/jetbrains/kotlin/resolve/calls/tower/ResolvedAtomCompleter
instanceKlass org/jetbrains/kotlin/resolve/calls/model/TransformableToWarning
instanceKlass org/jetbrains/kotlin/resolve/calls/model/KotlinCallDiagnosticsKt
instanceKlass org/jetbrains/kotlin/resolve/calls/model/PostponedCallableReferenceMarker
instanceKlass org/jetbrains/kotlin/resolve/calls/model/LambdaWithTypeVariableAsExpectedTypeMarker
instanceKlass  @bci org/jetbrains/kotlin/types/model/TypeSystemInferenceExtensionContext extractTypeVariables (Lorg/jetbrains/kotlin/types/model/KotlinTypeMarker;)Ljava/util/Set; 18 <appendix> argL0 ; # org/jetbrains/kotlin/types/model/TypeSystemInferenceExtensionContext$$Lambda+0x00000001007158d0
instanceKlass  @bci org/jetbrains/kotlin/resolve/calls/components/KotlinCallCompleter runCompletion (Lorg/jetbrains/kotlin/resolve/calls/model/ResolvedCallAtom;Lorg/jetbrains/kotlin/resolve/calls/inference/components/ConstraintSystemCompletionMode;Lorg/jetbrains/kotlin/resolve/calls/model/KotlinDiagnosticsHolder;Lorg/jetbrains/kotlin/resolve/calls/inference/NewConstraintSystem;Lorg/jetbrains/kotlin/resolve/calls/components/KotlinResolutionCallbacks;Z)V 57 <adapter> ; # java/lang/invoke/LambdaForm$MH+0x0000000100718c00
# instanceKlass java/lang/invoke/LambdaForm$DMH+0x0000000100718800
instanceKlass  @bci org/jetbrains/kotlin/resolve/calls/components/KotlinCallCompleter runCompletion (Lorg/jetbrains/kotlin/resolve/calls/model/ResolvedCallAtom;Lorg/jetbrains/kotlin/resolve/calls/inference/components/ConstraintSystemCompletionMode;Lorg/jetbrains/kotlin/resolve/calls/model/KotlinDiagnosticsHolder;Lorg/jetbrains/kotlin/resolve/calls/inference/NewConstraintSystem;Lorg/jetbrains/kotlin/resolve/calls/components/KotlinResolutionCallbacks;Z)V 57 <appendix> form vmentry <vmtarget> ; # java/lang/invoke/LambdaForm$DMH+0x0000000100718400
instanceKlass  @bci org/jetbrains/kotlin/resolve/calls/components/KotlinCallCompleter runCompletion (Lorg/jetbrains/kotlin/resolve/calls/model/ResolvedCallAtom;Lorg/jetbrains/kotlin/resolve/calls/inference/components/ConstraintSystemCompletionMode;Lorg/jetbrains/kotlin/resolve/calls/model/KotlinDiagnosticsHolder;Lorg/jetbrains/kotlin/resolve/calls/inference/NewConstraintSystem;Lorg/jetbrains/kotlin/resolve/calls/components/KotlinResolutionCallbacks;Z)V 57 <appendix> member <vmtarget> ; # org/jetbrains/kotlin/resolve/calls/components/KotlinCallCompleter$$Lambda+0x0000000100715678
instanceKlass  @cpi org/jetbrains/kotlin/resolve/calls/components/KotlinCallCompleter 699 form vmentry <vmtarget> ; # java/lang/invoke/LambdaForm$DMH+0x0000000100718000
instanceKlass org/jetbrains/kotlin/resolve/calls/model/ResolutionAtomsKt
instanceKlass org/jetbrains/kotlin/resolve/calls/components/KotlinCallCompleter$WhenMappings
instanceKlass org/jetbrains/kotlin/resolve/calls/components/KotlinCallCompleterKt
instanceKlass org/jetbrains/kotlin/resolve/calls/components/CompletionModeCalculator$Companion
instanceKlass org/jetbrains/kotlin/resolve/calls/components/CompletionModeCalculator
instanceKlass org/jetbrains/kotlin/resolve/KtDescriptorUtilKt
instanceKlass org/jetbrains/kotlin/resolve/calls/inference/components/NewTypeSubstitutorByConstructorMap
instanceKlass org/jetbrains/kotlin/resolve/calls/inference/InferenceUtilsKt
instanceKlass org/jetbrains/kotlin/resolve/RecursiveContractHelperKt
instanceKlass org/jetbrains/kotlin/resolve/calls/tower/CandidateApplicabilityKt
instanceKlass org/jetbrains/kotlin/resolve/calls/tower/KnownResultProcessor
instanceKlass org/jetbrains/kotlin/resolve/calls/tower/ImplicitScopeTowerKt
instanceKlass org/jetbrains/kotlin/resolve/calls/inference/BuilderInferenceUtilKt
instanceKlass org/jetbrains/kotlin/resolve/descriptorUtil/AnnotationsForResolveKt
instanceKlass org/jetbrains/kotlin/resolve/descriptorUtil/AnnotationsForResolveUtilsKt
instanceKlass org/jetbrains/kotlin/types/checker/ClassicTypeSystemContextKt
instanceKlass org/jetbrains/kotlin/resolve/calls/inference/model/InitialConstraint
instanceKlass org/jetbrains/kotlin/resolve/calls/inference/ConstraintSystemBuilderKt$WhenMappings
instanceKlass org/jetbrains/kotlin/resolve/calls/inference/ConstraintSystemTransaction
instanceKlass org/jetbrains/kotlin/resolve/calls/inference/ConstraintSystemBuilderKt
instanceKlass org/jetbrains/kotlin/resolve/calls/components/SimpleArgumentsChecksKt
instanceKlass org/jetbrains/kotlin/types/checker/NewCapturedTypeConstructor
instanceKlass org/jetbrains/kotlin/resolve/calls/components/PostponeArgumentsChecksKt
instanceKlass org/jetbrains/kotlin/resolve/calls/components/UnitTypeConversions
instanceKlass org/jetbrains/kotlin/resolve/calls/components/SuspendTypeConversions
instanceKlass org/jetbrains/kotlin/resolve/calls/components/TypeConversions$ConversionData
instanceKlass org/jetbrains/kotlin/resolve/calls/components/SamTypeConversions
instanceKlass org/jetbrains/kotlin/resolve/calls/components/ParameterTypeConversion
instanceKlass org/jetbrains/kotlin/resolve/calls/components/TypeConversions
instanceKlass org/jetbrains/kotlin/resolve/calls/components/ResolutionPartsKt
instanceKlass org/jetbrains/kotlin/resolve/calls/components/ReceiverInfo$Companion
instanceKlass org/jetbrains/kotlin/resolve/calls/components/ReceiverInfo
instanceKlass org/jetbrains/kotlin/resolve/calls/components/CheckExplicitReceiverKindConsistency$WhenMappings
instanceKlass org/jetbrains/kotlin/resolve/calls/inference/components/EmptySubstitutor
instanceKlass org/jetbrains/kotlin/resolve/calls/inference/components/FreshVariableNewTypeSubstitutor$Companion
instanceKlass org/jetbrains/kotlin/resolve/calls/inference/components/FreshVariableNewTypeSubstitutor
instanceKlass org/jetbrains/kotlin/resolve/calls/model/ResolvedCallArgument
instanceKlass org/jetbrains/kotlin/resolve/calls/model/KotlinCallDiagnostic
instanceKlass org/jetbrains/kotlin/resolve/calls/components/ArgumentsToParametersMapper$CallArgumentProcessor
instanceKlass org/jetbrains/kotlin/descriptors/SyntheticPropertyDescriptor
instanceKlass org/jetbrains/kotlin/resolve/deprecation/DescriptorBasedDeprecationInfoKt$DEPRECATED_FUNCTION_KEY$1
instanceKlass org/jetbrains/kotlin/resolve/deprecation/DescriptorBasedDeprecationInfoKt
instanceKlass org/jetbrains/kotlin/resolve/calls/checkers/OperatorCallCheckerKt
instanceKlass org/jetbrains/kotlin/resolve/calls/inference/model/ConstraintStorage$Empty
instanceKlass org/jetbrains/kotlin/resolve/calls/model/SubKotlinCallArgument
instanceKlass org/jetbrains/kotlin/resolve/calls/inference/DescriptorRelatedInferenceUtilsKt
instanceKlass org/jetbrains/kotlin/resolve/calls/inference/model/MutableConstraintStorage
instanceKlass org/jetbrains/kotlin/resolve/calls/inference/NewConstraintSystem
instanceKlass org/jetbrains/kotlin/resolve/calls/components/ClassicTypeSystemContextForCSKt
instanceKlass org/jetbrains/kotlin/resolve/calls/model/SimpleCandidateFactory
instanceKlass org/jetbrains/kotlin/resolve/calls/model/KotlinCallKt$WhenMappings
instanceKlass org/jetbrains/kotlin/resolve/calls/model/KotlinCallKt
instanceKlass org/jetbrains/kotlin/resolve/calls/model/GivenCandidate
instanceKlass org/jetbrains/kotlin/resolve/calls/tower/PSICallResolver$ASTScopeTower
instanceKlass org/jetbrains/kotlin/resolve/calls/tower/PSIKotlinCall
instanceKlass org/jetbrains/kotlin/resolve/calls/model/LambdaKotlinCallArgument
instanceKlass org/jetbrains/kotlin/resolve/constants/CompileTimeConstantChecker
instanceKlass org/jetbrains/kotlin/resolve/calls/model/ExpressionKotlinCallArgument
instanceKlass org/jetbrains/kotlin/types/checker/NewCapturedTypeKt
instanceKlass org/jetbrains/kotlin/resolve/scopes/receivers/QualifierReceiverKt
instanceKlass  @bci javaslang/collection/LinkedHashSet iterator ()Ljavaslang/collection/Iterator; 7 <appendix> argL0 ; # javaslang/collection/LinkedHashSet$$Lambda+0x0000000100703008
instanceKlass javaslang/Tuple2
instanceKlass javaslang/Tuple
instanceKlass javaslang/collection/IteratorModule$EmptyIterator
instanceKlass javaslang/collection/AbstractIterator
instanceKlass javaslang/collection/List$Nil
instanceKlass javaslang/collection/List
instanceKlass javaslang/collection/Stack
instanceKlass javaslang/collection/Queue
instanceKlass javaslang/collection/LinearSeq
instanceKlass javaslang/collection/LinkedHashMap
instanceKlass javaslang/collection/LinkedHashSet
instanceKlass javaslang/control/Option$None
instanceKlass org/jetbrains/kotlin/resolve/calls/smartcasts/DataFlowValueKt
instanceKlass org/jetbrains/kotlin/resolve/calls/smartcasts/IdentifierInfo$Expression
instanceKlass org/jetbrains/kotlin/resolve/calls/smartcasts/IdentifierInfo$ERROR
instanceKlass org/jetbrains/kotlin/resolve/calls/smartcasts/DataFlowValue$Companion
instanceKlass org/jetbrains/kotlin/resolve/calls/smartcasts/IdentifierInfo$NO
instanceKlass org/jetbrains/kotlin/resolve/calls/smartcasts/IdentifierInfo
instanceKlass org/jetbrains/kotlin/resolve/calls/smartcasts/IdentifierInfoKt
instanceKlass org/jetbrains/kotlin/resolve/calls/tower/NewResolutionOldInferenceKt
instanceKlass org/jetbrains/kotlin/resolve/scopes/receivers/ExpressionReceiver$Companion
instanceKlass org/jetbrains/kotlin/resolve/calls/util/PsiUtilsKt
instanceKlass org/jetbrains/kotlin/util/IncrementalTrackerUtilKt
instanceKlass  @bci org/jetbrains/kotlin/resolve/jvm/checkers/JavaNullabilityChecker checkType (Lorg/jetbrains/kotlin/psi/KtExpression;Lorg/jetbrains/kotlin/types/KotlinType;Lorg/jetbrains/kotlin/types/KotlinType;Lorg/jetbrains/kotlin/resolve/calls/context/ResolutionContext;)V 138 <appendix> member <vmtarget> ; # org/jetbrains/kotlin/resolve/jvm/checkers/JavaNullabilityChecker$$Lambda+0x00000001006fcb70
instanceKlass  @bci org/jetbrains/kotlin/resolve/jvm/checkers/JavaNullabilityChecker checkType (Lorg/jetbrains/kotlin/psi/KtExpression;Lorg/jetbrains/kotlin/types/KotlinType;Lorg/jetbrains/kotlin/types/KotlinType;Lorg/jetbrains/kotlin/resolve/calls/context/ResolutionContext;)V 119 <appendix> member <vmtarget> ; # org/jetbrains/kotlin/resolve/jvm/checkers/JavaNullabilityChecker$$Lambda+0x00000001006fc918
instanceKlass  @bci org/jetbrains/kotlin/resolve/jvm/checkers/JavaNullabilityChecker checkType (Lorg/jetbrains/kotlin/psi/KtExpression;Lorg/jetbrains/kotlin/types/KotlinType;Lorg/jetbrains/kotlin/types/KotlinType;Lorg/jetbrains/kotlin/resolve/calls/context/ResolutionContext;)V 56 <appendix> member <vmtarget> ; # org/jetbrains/kotlin/resolve/jvm/checkers/JavaNullabilityChecker$$Lambda+0x00000001006fc6c0
instanceKlass  @bci org/jetbrains/kotlin/resolve/jvm/checkers/JavaNullabilityChecker checkType (Lorg/jetbrains/kotlin/psi/KtExpression;Lorg/jetbrains/kotlin/types/KotlinType;Lorg/jetbrains/kotlin/types/KotlinType;Lorg/jetbrains/kotlin/resolve/calls/context/ResolutionContext;)V 40 <appendix> member <vmtarget> ; # org/jetbrains/kotlin/resolve/jvm/checkers/JavaNullabilityChecker$$Lambda+0x00000001006fc468
instanceKlass org/jetbrains/kotlin/types/expressions/typeInfoFactory/TypeInfoFactoryKt
instanceKlass org/jetbrains/kotlin/resolve/constants/UnsignedErrorValueTypeConstant
instanceKlass org/jetbrains/kotlin/resolve/constants/TypedCompileTimeConstant
instanceKlass org/jetbrains/kotlin/resolve/constants/CompileTimeConstant$DefaultImpls
instanceKlass  @bci org/jetbrains/kotlin/resolve/constants/IntegerLiteralTypeConstructor valueToString ()Ljava/lang/String; 29 <appendix> argL0 ; # org/jetbrains/kotlin/resolve/constants/IntegerLiteralTypeConstructor$$Lambda+0x00000001006fb838
instanceKlass org/jetbrains/kotlin/builtins/UnsignedTypes
instanceKlass org/jetbrains/kotlin/resolve/constants/PrimitiveTypeUtilKt
instanceKlass  @bci org/jetbrains/kotlin/resolve/constants/IntegerLiteralTypeConstructor <init> (JLorg/jetbrains/kotlin/descriptors/ModuleDescriptor;Lorg/jetbrains/kotlin/resolve/constants/CompileTimeConstant$Parameters;)V 34 <appendix> member <vmtarget> ; # org/jetbrains/kotlin/resolve/constants/IntegerLiteralTypeConstructor$$Lambda+0x00000001006fa830
instanceKlass org/jetbrains/kotlin/resolve/constants/IntegerLiteralTypeConstructor$Companion
instanceKlass org/jetbrains/kotlin/resolve/constants/IntegerValueTypeConstant$Companion
instanceKlass org/jetbrains/kotlin/resolve/constants/IntegerValueTypeConstant
instanceKlass org/jetbrains/kotlin/resolve/constants/CompileTimeConstantKt
instanceKlass org/jetbrains/kotlin/resolve/constants/CompileTimeConstant$Parameters
instanceKlass org/jetbrains/kotlin/utils/NumberWithRadix
instanceKlass org/jetbrains/kotlin/utils/NumbersKt
instanceKlass  @bci org/jetbrains/kotlin/com/intellij/util/text/LiteralFormatUtil <clinit> ()V 0 <appendix> argL0 ; # org/jetbrains/kotlin/com/intellij/util/text/LiteralFormatUtil$$Lambda+0x00000001006f92a0
instanceKlass org/jetbrains/kotlin/com/intellij/openapi/util/text/CharFilter
instanceKlass org/jetbrains/kotlin/com/intellij/util/text/LiteralFormatUtil
instanceKlass org/jetbrains/kotlin/parsing/ParseUtilsKt
instanceKlass org/jetbrains/kotlin/resolve/BindingContextUtils
instanceKlass  @bci org/jetbrains/kotlin/types/expressions/ExpressionTypingVisitorDispatcher getTypeInfo (Lorg/jetbrains/kotlin/psi/KtExpression;Lorg/jetbrains/kotlin/types/expressions/ExpressionTypingContext;Lorg/jetbrains/kotlin/psi/KtVisitor;)Lorg/jetbrains/kotlin/types/expressions/KotlinTypeInfo; 19 <appendix> member <vmtarget> ; # org/jetbrains/kotlin/types/expressions/ExpressionTypingVisitorDispatcher$$Lambda+0x00000001006f7020
instanceKlass org/jetbrains/kotlin/resolve/calls/smartcasts/DataFlowInfo$Companion
instanceKlass org/jetbrains/kotlin/resolve/calls/model/CollectionLiteralKotlinCallArgument
instanceKlass org/jetbrains/kotlin/resolve/calls/tower/NewCallArgumentsKt
instanceKlass org/jetbrains/kotlin/psi/KtPsiUtil$KtExpressionWrapper
instanceKlass org/jetbrains/kotlin/resolve/calls/util/DelegatingCall
instanceKlass org/jetbrains/kotlin/resolve/calls/util/CallUtilKt
instanceKlass org/jetbrains/kotlin/resolve/calls/model/ResolutionPart
instanceKlass org/jetbrains/kotlin/resolve/calls/GenericCandidateResolverKt$EntriesMappings
instanceKlass org/jetbrains/kotlin/resolve/calls/GenericCandidateResolverKt
instanceKlass org/jetbrains/kotlin/resolve/calls/CallResolver$ResolutionTask
instanceKlass  @bci org/jetbrains/kotlin/resolve/calls/CallResolver computeTasksFromCandidatesAndResolvedCall (Lorg/jetbrains/kotlin/resolve/calls/context/BasicCallResolutionContext;Ljava/util/Collection;Lorg/jetbrains/kotlin/resolve/calls/tasks/TracingStrategy;)Lorg/jetbrains/kotlin/resolve/calls/results/OverloadResolutionResults; 34 <appendix> member <vmtarget> ; # org/jetbrains/kotlin/resolve/calls/CallResolver$$Lambda+0x00000001006f1370
instanceKlass org/jetbrains/kotlin/resolve/calls/tasks/TracingStrategy$1
instanceKlass org/jetbrains/kotlin/resolve/calls/tasks/AbstractTracingStrategy
instanceKlass org/jetbrains/kotlin/resolve/scopes/SyntheticScopesKt
instanceKlass org/jetbrains/kotlin/resolve/calls/util/CallResolverUtilKt
instanceKlass  @bci org/jetbrains/kotlin/types/StarProjectionImpl <init> (Lorg/jetbrains/kotlin/descriptors/TypeParameterDescriptor;)V 20 <appendix> member <vmtarget> ; # org/jetbrains/kotlin/types/StarProjectionImpl$$Lambda+0x00000001006ecd18
instanceKlass org/jetbrains/kotlin/resolve/calls/context/ResolutionResultsCacheImpl
instanceKlass  @bci org/jetbrains/kotlin/resolve/calls/context/ResolutionContext <clinit> ()V 0 <appendix> argL0 ; # org/jetbrains/kotlin/resolve/calls/context/ResolutionContext$$Lambda+0x00000001006ed900
instanceKlass org/jetbrains/kotlin/resolve/calls/context/ResolutionResultsCache
instanceKlass org/jetbrains/kotlin/resolve/calls/util/CallMaker$3
instanceKlass org/jetbrains/kotlin/resolve/calls/util/CallMaker
instanceKlass com/google/devtools/ksp/symbol/impl/binary/KSAnnotationDescriptorImplKt$getValueArguments$FileDescriptorForVisibilityChecks
instanceKlass androidx/room/compiler/processing/InternalXAnnotationKt
instanceKlass androidx/room/compiler/processing/InternalXAnnotation
instanceKlass androidx/room/compiler/processing/XAnnotation
# instanceKlass java/lang/invoke/LambdaForm$MH+0x00000001006ec400
# instanceKlass java/lang/invoke/LambdaForm$MH+0x00000001006ec000
instanceKlass androidx/room/compiler/processing/XEquality$Companion
instanceKlass androidx/room/compiler/processing/util/MemoizedSequence
instanceKlass androidx/room/compiler/processing/ksp/KspAnnotated$UseSiteFilter$Impl
instanceKlass androidx/room/compiler/processing/ksp/KspAnnotated$UseSiteFilter$Companion$NO_USE_SITE$1
instanceKlass androidx/room/compiler/processing/ksp/KspAnnotated$UseSiteFilter$Companion
instanceKlass androidx/room/compiler/processing/ksp/KspAnnotated$UseSiteFilter
instanceKlass androidx/room/compiler/processing/ksp/KspAnnotated$Companion
instanceKlass androidx/room/compiler/processing/ksp/KspAnnotated
instanceKlass androidx/room/compiler/processing/InternalXAnnotated
instanceKlass androidx/room/compiler/processing/ksp/KspHasModifiers$Companion
instanceKlass androidx/room/compiler/processing/ksp/KspHasModifiers
instanceKlass androidx/room/compiler/processing/ksp/KspTypeElement$Companion$WhenMappings
instanceKlass androidx/room/compiler/processing/ksp/KspTypeElement$Companion
instanceKlass androidx/room/compiler/processing/ksp/KspElement
instanceKlass androidx/room/compiler/processing/XEquality
instanceKlass androidx/room/compiler/processing/ksp/KspMemberContainer
instanceKlass androidx/room/compiler/processing/XTypeElement
instanceKlass androidx/room/compiler/processing/XMemberContainer
instanceKlass androidx/room/compiler/processing/XElement
instanceKlass androidx/room/compiler/processing/XAnnotated
instanceKlass androidx/room/compiler/processing/XParameterizable
instanceKlass androidx/room/compiler/processing/XHasModifiers
instanceKlass androidx/room/compiler/processing/ksp/KspRoundEnv$WhenMappings
instanceKlass com/google/devtools/ksp/symbol/KSTypeAlias
instanceKlass kotlin/jvm/internal/Intrinsics$Kotlin
instanceKlass org/jetbrains/kotlin/resolve/calls/util/UnderscoreUtilKt
# instanceKlass java/lang/invoke/LambdaForm$MH+0x00000001006dd400
# instanceKlass java/lang/invoke/LambdaForm$MH+0x00000001006dd000
instanceKlass com/google/devtools/ksp/symbol/impl/kotlin/KSPropertyAccessorImpl$Companion
instanceKlass org/jetbrains/kotlin/resolve/jvm/diagnostics/ErrorsJvm$1
instanceKlass org/jetbrains/kotlin/resolve/jvm/diagnostics/ErrorsJvm
instanceKlass org/jetbrains/kotlin/resolve/TypeResolver$Companion$WhenMappings
instanceKlass  @bci org/jetbrains/kotlin/resolve/AnnotationTargetLists <clinit> ()V 565 <appendix> argL0 ; # org/jetbrains/kotlin/resolve/AnnotationTargetLists$$Lambda+0x00000001006de250
instanceKlass  @bci org/jetbrains/kotlin/resolve/AnnotationTargetLists <clinit> ()V 407 <appendix> argL0 ; # org/jetbrains/kotlin/resolve/AnnotationTargetLists$$Lambda+0x00000001006de000
instanceKlass  @bci org/jetbrains/kotlin/resolve/AnnotationTargetLists <clinit> ()V 375 <appendix> argL0 ; # org/jetbrains/kotlin/resolve/AnnotationTargetLists$$Lambda+0x00000001006dbbe8
instanceKlass  @bci org/jetbrains/kotlin/resolve/AnnotationTargetLists <clinit> ()V 343 <appendix> argL0 ; # org/jetbrains/kotlin/resolve/AnnotationTargetLists$$Lambda+0x00000001006db998
instanceKlass  @bci org/jetbrains/kotlin/resolve/AnnotationTargetLists <clinit> ()V 263 <appendix> argL0 ; # org/jetbrains/kotlin/resolve/AnnotationTargetLists$$Lambda+0x00000001006db748
instanceKlass  @bci org/jetbrains/kotlin/resolve/AnnotationTargetLists <clinit> ()V 201 <appendix> argL0 ; # org/jetbrains/kotlin/resolve/AnnotationTargetLists$$Lambda+0x00000001006db4f8
instanceKlass  @bci org/jetbrains/kotlin/resolve/AnnotationTargetLists <clinit> ()V 73 <appendix> argL0 ; # org/jetbrains/kotlin/resolve/AnnotationTargetLists$$Lambda+0x00000001006db2a8
instanceKlass org/jetbrains/kotlin/resolve/AnnotationTargetList
instanceKlass  @bci org/jetbrains/kotlin/resolve/AnnotationTargetLists targetList$default (Lorg/jetbrains/kotlin/resolve/AnnotationTargetLists;[Lorg/jetbrains/kotlin/descriptors/annotations/KotlinTarget;Lkotlin/jvm/functions/Function1;ILjava/lang/Object;)Lorg/jetbrains/kotlin/resolve/AnnotationTargetList; 6 <appendix> argL0 ; # org/jetbrains/kotlin/resolve/AnnotationTargetLists$$Lambda+0x00000001006dae18
instanceKlass org/jetbrains/kotlin/resolve/AnnotationTargetLists$TargetListBuilder
instanceKlass org/jetbrains/kotlin/resolve/AnnotationTargetLists
instanceKlass org/jetbrains/kotlin/resolve/ModifierCheckerCore
instanceKlass  @bci org/jetbrains/kotlin/psi/psiUtil/PsiUtilsKt getPrevSiblingIgnoringWhitespaceAndComments (Lorg/jetbrains/kotlin/com/intellij/psi/PsiElement;Z)Lorg/jetbrains/kotlin/com/intellij/psi/PsiElement; 12 <appendix> argL0 ; # org/jetbrains/kotlin/psi/psiUtil/PsiUtilsKt$$Lambda+0x00000001006da2f0
instanceKlass  @bci org/jetbrains/kotlin/resolve/VariableTypeAndInitializerResolver setConstantForVariableIfNeeded$lambda$3 (Lorg/jetbrains/kotlin/resolve/VariableTypeAndInitializerResolver;Lorg/jetbrains/kotlin/descriptors/impl/VariableDescriptorWithInitializerImpl;Lorg/jetbrains/kotlin/types/KotlinType;Lorg/jetbrains/kotlin/psi/KtVariableDeclaration;Lorg/jetbrains/kotlin/resolve/scopes/LexicalScope;Lorg/jetbrains/kotlin/resolve/calls/smartcasts/DataFlowInfo;Lorg/jetbrains/kotlin/resolve/calls/components/InferenceSession;Lorg/jetbrains/kotlin/resolve/BindingTrace;)Lorg/jetbrains/kotlin/storage/NullableLazyValue; 16 <appendix> member <vmtarget> ; # org/jetbrains/kotlin/resolve/VariableTypeAndInitializerResolver$$Lambda+0x00000001006d9b90
instanceKlass  @bci org/jetbrains/kotlin/resolve/VariableTypeAndInitializerResolver setConstantForVariableIfNeeded (Lorg/jetbrains/kotlin/descriptors/impl/VariableDescriptorWithInitializerImpl;Lorg/jetbrains/kotlin/resolve/scopes/LexicalScope;Lorg/jetbrains/kotlin/psi/KtVariableDeclaration;Lorg/jetbrains/kotlin/resolve/calls/smartcasts/DataFlowInfo;Lorg/jetbrains/kotlin/types/KotlinType;Lorg/jetbrains/kotlin/resolve/calls/components/InferenceSession;Lorg/jetbrains/kotlin/resolve/BindingTrace;)V 80 <appendix> member <vmtarget> ; # org/jetbrains/kotlin/resolve/VariableTypeAndInitializerResolver$$Lambda+0x00000001006d9938
instanceKlass  @bci org/jetbrains/kotlin/resolve/VariableTypeAndInitializerResolver resolveTypeNullable (Lorg/jetbrains/kotlin/descriptors/impl/VariableDescriptorWithInitializerImpl;Lorg/jetbrains/kotlin/resolve/scopes/LexicalScope;Lorg/jetbrains/kotlin/psi/KtVariableDeclaration;Lorg/jetbrains/kotlin/resolve/calls/smartcasts/DataFlowInfo;Lorg/jetbrains/kotlin/resolve/calls/components/InferenceSession;Lorg/jetbrains/kotlin/resolve/BindingTrace;Z)Lorg/jetbrains/kotlin/types/KotlinType; 158 <adapter> ; # java/lang/invoke/LambdaForm$MH+0x00000001006dcc00
# instanceKlass java/lang/invoke/LambdaForm$DMH+0x00000001006dc800
instanceKlass  @bci org/jetbrains/kotlin/resolve/VariableTypeAndInitializerResolver resolveTypeNullable (Lorg/jetbrains/kotlin/descriptors/impl/VariableDescriptorWithInitializerImpl;Lorg/jetbrains/kotlin/resolve/scopes/LexicalScope;Lorg/jetbrains/kotlin/psi/KtVariableDeclaration;Lorg/jetbrains/kotlin/resolve/calls/smartcasts/DataFlowInfo;Lorg/jetbrains/kotlin/resolve/calls/components/InferenceSession;Lorg/jetbrains/kotlin/resolve/BindingTrace;Z)Lorg/jetbrains/kotlin/types/KotlinType; 158 <appendix> form vmentry <vmtarget> ; # java/lang/invoke/LambdaForm$DMH+0x00000001006dc400
instanceKlass  @bci org/jetbrains/kotlin/resolve/VariableTypeAndInitializerResolver resolveTypeNullable (Lorg/jetbrains/kotlin/descriptors/impl/VariableDescriptorWithInitializerImpl;Lorg/jetbrains/kotlin/resolve/scopes/LexicalScope;Lorg/jetbrains/kotlin/psi/KtVariableDeclaration;Lorg/jetbrains/kotlin/resolve/calls/smartcasts/DataFlowInfo;Lorg/jetbrains/kotlin/resolve/calls/components/InferenceSession;Lorg/jetbrains/kotlin/resolve/BindingTrace;Z)Lorg/jetbrains/kotlin/types/KotlinType; 158 <appendix> member <vmtarget> ; # org/jetbrains/kotlin/resolve/VariableTypeAndInitializerResolver$$Lambda+0x00000001006d96e0
instanceKlass  @cpi org/jetbrains/kotlin/resolve/VariableTypeAndInitializerResolver 218 form vmentry <vmtarget> ; # java/lang/invoke/LambdaForm$DMH+0x00000001006dc000
instanceKlass org/jetbrains/kotlin/load/java/structure/JavaLiteralAnnotationArgument
instanceKlass org/jetbrains/kotlin/load/java/structure/impl/classFiles/BinaryJavaClass$WhenMappings
instanceKlass com/google/devtools/ksp/symbol/impl/kotlin/KSAnnotationImpl$useSiteTarget$2$WhenMappings
instanceKlass com/google/devtools/ksp/symbol/impl/binary/KSClassDeclarationDescriptorImpl$classKind$2$WhenMappings
instanceKlass org/jetbrains/kotlin/resolve/calls/tower/TowerUtilsKt
instanceKlass org/jetbrains/kotlin/resolve/CliStdlibClassFinderImpl
instanceKlass org/jetbrains/kotlin/resolve/StdlibClassFinder
instanceKlass org/jetbrains/kotlin/resolve/StdlibClassFinderKt
instanceKlass org/jetbrains/kotlin/resolve/constants/IntegerLiteralTypeConstructor
instanceKlass org/jetbrains/kotlin/types/AbstractNullabilityChecker
instanceKlass org/jetbrains/kotlin/types/checker/SubtypePathNode
instanceKlass org/jetbrains/kotlin/types/checker/UtilsKt
instanceKlass org/jetbrains/kotlin/types/checker/TypeCheckerProcedureCallbacksImpl
instanceKlass org/jetbrains/kotlin/types/checker/TypeCheckingProcedureCallbacks
instanceKlass org/jetbrains/kotlin/types/checker/TypeCheckingProcedure
instanceKlass  @bci org/jetbrains/kotlin/load/java/ClassicBuiltinSpecialProperties getBuiltinSpecialPropertyGetterName (Lorg/jetbrains/kotlin/descriptors/CallableMemberDescriptor;)Ljava/lang/String; 65 <appendix> argL0 ; # org/jetbrains/kotlin/load/java/ClassicBuiltinSpecialProperties$$Lambda+0x00000001006d2238
instanceKlass org/jetbrains/kotlin/load/java/ClassicBuiltinSpecialProperties
instanceKlass  @bci org/jetbrains/kotlin/resolve/descriptorUtil/DescriptorUtilsKt firstOverridden (Lorg/jetbrains/kotlin/descriptors/CallableMemberDescriptor;ZLkotlin/jvm/functions/Function1;)Lorg/jetbrains/kotlin/descriptors/CallableMemberDescriptor; 29 <appendix> member <vmtarget> ; # org/jetbrains/kotlin/resolve/descriptorUtil/DescriptorUtilsKt$$Lambda+0x00000001006d7a10
instanceKlass  @bci org/jetbrains/kotlin/load/java/SpecialBuiltinMembers getOverriddenBuiltinWithDifferentJvmName (Lorg/jetbrains/kotlin/descriptors/CallableMemberDescriptor;)Lorg/jetbrains/kotlin/descriptors/CallableMemberDescriptor; 72 <appendix> argL0 ; # org/jetbrains/kotlin/load/java/SpecialBuiltinMembers$$Lambda+0x00000001006d77c0
instanceKlass org/jetbrains/kotlin/load/java/lazy/descriptors/JavaDescriptorUtilKt
instanceKlass  @bci org/jetbrains/kotlin/load/java/lazy/descriptors/LazyJavaClassMemberScope isVisibleAsFunctionInCurrentClass (Lorg/jetbrains/kotlin/descriptors/SimpleFunctionDescriptor;)Z 164 <appendix> member <vmtarget> ; # org/jetbrains/kotlin/load/java/lazy/descriptors/LazyJavaClassMemberScope$$Lambda+0x00000001006d7330
instanceKlass org/jetbrains/kotlin/types/model/TypeSystemContextKt$WhenMappings
instanceKlass org/jetbrains/kotlin/types/model/TypeSystemContextKt
instanceKlass org/jetbrains/kotlin/load/java/structure/impl/classFiles/ClassifierResolutionContext$InnerClassInfo
instanceKlass org/jetbrains/kotlin/descriptors/ModalityUtilsKt
instanceKlass org/jetbrains/kotlin/builtins/jvm/JvmBuiltInsCustomizer$WhenMappings
instanceKlass  @bci org/jetbrains/kotlin/builtins/jvm/JvmBuiltInsCustomizer getJdkMethodStatus (Lorg/jetbrains/kotlin/descriptors/FunctionDescriptor;)Lorg/jetbrains/kotlin/builtins/jvm/JvmBuiltInsCustomizer$JDKMemberStatus; 43 <appendix> member <vmtarget> ; # org/jetbrains/kotlin/builtins/jvm/JvmBuiltInsCustomizer$$Lambda+0x00000001006d5930
instanceKlass  @bci org/jetbrains/kotlin/builtins/jvm/JvmBuiltInsCustomizer isMutabilityViolation (Lorg/jetbrains/kotlin/descriptors/SimpleFunctionDescriptor;Z)Z 70 <appendix> member <vmtarget> ; # org/jetbrains/kotlin/builtins/jvm/JvmBuiltInsCustomizer$$Lambda+0x00000001006d56d8
instanceKlass  @bci org/jetbrains/kotlin/builtins/jvm/JvmBuiltInsCustomizer isMutabilityViolation (Lorg/jetbrains/kotlin/descriptors/SimpleFunctionDescriptor;Z)Z 64 <appendix> argL0 ; # org/jetbrains/kotlin/builtins/jvm/JvmBuiltInsCustomizer$$Lambda+0x00000001006d5488
instanceKlass org/jetbrains/org/objectweb/asm/FieldVisitor
instanceKlass org/jetbrains/kotlin/load/java/structure/impl/classFiles/BinaryJavaField
instanceKlass org/jetbrains/kotlin/load/java/components/DescriptorResolverUtils$1$1
instanceKlass org/jetbrains/kotlin/utils/SmartSet$ArrayIterator
instanceKlass org/jetbrains/kotlin/descriptors/impl/FunctionDescriptorImpl$1
instanceKlass  @bci org/jetbrains/kotlin/load/java/typeEnhancement/SignatureEnhancement enhanceSignature (Lorg/jetbrains/kotlin/descriptors/CallableMemberDescriptor;Lorg/jetbrains/kotlin/load/java/lazy/LazyJavaResolverContext;)Lorg/jetbrains/kotlin/descriptors/CallableMemberDescriptor; 698 <appendix> member <vmtarget> ; # org/jetbrains/kotlin/load/java/typeEnhancement/SignatureEnhancement$$Lambda+0x00000001006d4000
instanceKlass org/jetbrains/kotlin/load/kotlin/JvmTypeFactoryImpl$WhenMappings
instanceKlass org/jetbrains/kotlin/resolve/jvm/kotlinSignature/SignaturesPropagationData$VarargCheckResult
instanceKlass  @bci org/jetbrains/kotlin/resolve/jvm/kotlinSignature/SignaturesPropagationData modifyValueParametersAccordingToSuperMethods (Ljava/util/List;)Lorg/jetbrains/kotlin/resolve/jvm/kotlinSignature/SignaturesPropagationData$ValueParameters; 78 <appendix> form vmentry <vmtarget> ; # java/lang/invoke/LambdaForm$DMH+0x00000001006d0400
instanceKlass  @bci org/jetbrains/kotlin/resolve/jvm/kotlinSignature/SignaturesPropagationData modifyValueParametersAccordingToSuperMethods (Ljava/util/List;)Lorg/jetbrains/kotlin/resolve/jvm/kotlinSignature/SignaturesPropagationData$ValueParameters; 78 <appendix> member <vmtarget> ; # org/jetbrains/kotlin/resolve/jvm/kotlinSignature/SignaturesPropagationData$$Lambda+0x00000001006cf7e0
instanceKlass  @cpi org/jetbrains/kotlin/resolve/jvm/kotlinSignature/SignaturesPropagationData 238 form vmentry <vmtarget> ; # java/lang/invoke/LambdaForm$DMH+0x00000001006d0000
instanceKlass org/jetbrains/kotlin/resolve/jvm/kotlinSignature/SignaturesPropagationData$TypeAndName
instanceKlass org/jetbrains/kotlin/codegen/state/InfoForMangling
instanceKlass org/jetbrains/kotlin/types/checker/NewTypeVariableConstructor
instanceKlass org/jetbrains/kotlin/resolve/jvm/AsmTypes$1
instanceKlass  @bci org/jetbrains/kotlin/resolve/jvm/AsmTypes getType (Ljava/lang/Class;)Lorg/jetbrains/org/objectweb/asm/Type; 14 <appendix> member <vmtarget> ; # org/jetbrains/kotlin/resolve/jvm/AsmTypes$$Lambda+0x00000001006ce990
instanceKlass org/jetbrains/kotlin/resolve/jvm/AsmTypes
instanceKlass org/jetbrains/kotlin/resolve/jvm/jvmSignature/JvmMethodParameterSignature
instanceKlass  @bci org/jetbrains/kotlin/resolve/descriptorUtil/DescriptorUtilsKt declaresOrInheritsDefaultValue (Lorg/jetbrains/kotlin/descriptors/ValueParameterDescriptor;)Z 13 <appendix> argL0 ; # org/jetbrains/kotlin/resolve/descriptorUtil/DescriptorUtilsKt$$Lambda+0x00000001006cd808
instanceKlass org/jetbrains/kotlin/util/Check$DefaultImpls
instanceKlass org/jetbrains/kotlin/load/java/descriptors/UtilKt
instanceKlass  @bci org/jetbrains/kotlin/load/java/typeEnhancement/SignatureEnhancement containsFunctionN (Lorg/jetbrains/kotlin/types/KotlinType;)Z 1 <appendix> argL0 ; # org/jetbrains/kotlin/load/java/typeEnhancement/SignatureEnhancement$$Lambda+0x00000001006cd148
instanceKlass org/jetbrains/kotlin/load/java/typeEnhancement/TypeEnhancementKt$WhenMappings
instanceKlass org/jetbrains/kotlin/resolve/constants/IntegerValueTypeConstructor
instanceKlass org/jetbrains/kotlin/types/NotNullTypeParameter
instanceKlass org/jetbrains/kotlin/types/AbstractTypeChecker
instanceKlass  @bci org/jetbrains/kotlin/load/java/components/JavaTargetAnnotationDescriptor <init> (Lorg/jetbrains/kotlin/load/java/structure/JavaAnnotation;Lorg/jetbrains/kotlin/load/java/lazy/LazyJavaResolverContext;)V 27 <appendix> member <vmtarget> ; # org/jetbrains/kotlin/load/java/components/JavaTargetAnnotationDescriptor$$Lambda+0x00000001006cb928
instanceKlass  @bci org/jetbrains/kotlin/load/java/components/JavaRetentionAnnotationDescriptor <init> (Lorg/jetbrains/kotlin/load/java/structure/JavaAnnotation;Lorg/jetbrains/kotlin/load/java/lazy/LazyJavaResolverContext;)V 27 <appendix> member <vmtarget> ; # org/jetbrains/kotlin/load/java/components/JavaRetentionAnnotationDescriptor$$Lambda+0x00000001006cb418
instanceKlass  @bci org/jetbrains/kotlin/load/java/components/JavaAnnotationDescriptor <init> (Lorg/jetbrains/kotlin/load/java/lazy/LazyJavaResolverContext;Lorg/jetbrains/kotlin/load/java/structure/JavaAnnotation;Lorg/jetbrains/kotlin/name/FqName;)V 85 <appendix> member <vmtarget> ; # org/jetbrains/kotlin/load/java/components/JavaAnnotationDescriptor$$Lambda+0x00000001006cb1c0
instanceKlass org/jetbrains/kotlin/load/java/structure/JavaArrayType
instanceKlass org/jetbrains/kotlin/load/java/JavaDefaultQualifiers
instanceKlass org/jetbrains/kotlin/load/java/JvmAnnotationNamesKt
instanceKlass org/jetbrains/kotlin/load/java/JavaDefaultQualifiersKt
instanceKlass  @bci org/jetbrains/kotlin/load/java/lazy/descriptors/LazyJavaAnnotationDescriptor <init> (Lorg/jetbrains/kotlin/load/java/lazy/LazyJavaResolverContext;Lorg/jetbrains/kotlin/load/java/structure/JavaAnnotation;Z)V 105 <appendix> member <vmtarget> ; # org/jetbrains/kotlin/load/java/lazy/descriptors/LazyJavaAnnotationDescriptor$$Lambda+0x00000001006ca0c8
instanceKlass  @bci org/jetbrains/kotlin/load/java/lazy/descriptors/LazyJavaAnnotationDescriptor <init> (Lorg/jetbrains/kotlin/load/java/lazy/LazyJavaResolverContext;Lorg/jetbrains/kotlin/load/java/structure/JavaAnnotation;Z)V 57 <appendix> member <vmtarget> ; # org/jetbrains/kotlin/load/java/lazy/descriptors/LazyJavaAnnotationDescriptor$$Lambda+0x00000001006c9e70
instanceKlass  @bci org/jetbrains/kotlin/load/java/lazy/descriptors/LazyJavaAnnotationDescriptor <init> (Lorg/jetbrains/kotlin/load/java/lazy/LazyJavaResolverContext;Lorg/jetbrains/kotlin/load/java/structure/JavaAnnotation;Z)V 35 <appendix> member <vmtarget> ; # org/jetbrains/kotlin/load/java/lazy/descriptors/LazyJavaAnnotationDescriptor$$Lambda+0x00000001006c9c18
instanceKlass org/jetbrains/kotlin/load/java/structure/JavaArrayAnnotationArgument
instanceKlass org/jetbrains/kotlin/load/java/structure/impl/classFiles/PlainJavaAnnotationArgument
instanceKlass org/jetbrains/kotlin/load/java/structure/JavaEnumValueAnnotationArgument
instanceKlass  @bci org/jetbrains/kotlin/load/java/typeEnhancement/SignatureEnhancement enhanceSignature (Lorg/jetbrains/kotlin/descriptors/CallableMemberDescriptor;Lorg/jetbrains/kotlin/load/java/lazy/LazyJavaResolverContext;)Lorg/jetbrains/kotlin/descriptors/CallableMemberDescriptor; 799 <appendix> argL0 ; # org/jetbrains/kotlin/load/java/typeEnhancement/SignatureEnhancement$$Lambda+0x00000001006c8e10
instanceKlass  @bci org/jetbrains/kotlin/load/java/typeEnhancement/PredefinedEnhancementInfoKt <clinit> ()V 1221 <appendix> member <vmtarget> ; # org/jetbrains/kotlin/load/java/typeEnhancement/PredefinedEnhancementInfoKt$$Lambda+0x00000001006c8bb8
instanceKlass  @bci org/jetbrains/kotlin/load/java/typeEnhancement/PredefinedEnhancementInfoKt <clinit> ()V 1170 <appendix> member <vmtarget> ; # org/jetbrains/kotlin/load/java/typeEnhancement/PredefinedEnhancementInfoKt$$Lambda+0x00000001006c8960
instanceKlass  @bci org/jetbrains/kotlin/load/java/typeEnhancement/PredefinedEnhancementInfoKt <clinit> ()V 1128 <appendix> member <vmtarget> ; # org/jetbrains/kotlin/load/java/typeEnhancement/PredefinedEnhancementInfoKt$$Lambda+0x00000001006c8708
instanceKlass  @bci org/jetbrains/kotlin/load/java/typeEnhancement/PredefinedEnhancementInfoKt <clinit> ()V 1086 <appendix> member <vmtarget> ; # org/jetbrains/kotlin/load/java/typeEnhancement/PredefinedEnhancementInfoKt$$Lambda+0x00000001006c84b0
instanceKlass  @bci org/jetbrains/kotlin/load/java/typeEnhancement/PredefinedEnhancementInfoKt <clinit> ()V 1044 <appendix> member <vmtarget> ; # org/jetbrains/kotlin/load/java/typeEnhancement/PredefinedEnhancementInfoKt$$Lambda+0x00000001006c8258
instanceKlass  @bci org/jetbrains/kotlin/load/java/typeEnhancement/PredefinedEnhancementInfoKt <clinit> ()V 1002 <appendix> member <vmtarget> ; # org/jetbrains/kotlin/load/java/typeEnhancement/PredefinedEnhancementInfoKt$$Lambda+0x00000001006c8000
instanceKlass  @bci org/jetbrains/kotlin/load/java/typeEnhancement/PredefinedEnhancementInfoKt <clinit> ()V 951 <appendix> member <vmtarget> ; # org/jetbrains/kotlin/load/java/typeEnhancement/PredefinedEnhancementInfoKt$$Lambda+0x00000001006bc400
instanceKlass  @bci org/jetbrains/kotlin/load/java/typeEnhancement/PredefinedEnhancementInfoKt <clinit> ()V 909 <appendix> member <vmtarget> ; # org/jetbrains/kotlin/load/java/typeEnhancement/PredefinedEnhancementInfoKt$$Lambda+0x00000001006bccb0
instanceKlass  @bci org/jetbrains/kotlin/load/java/typeEnhancement/PredefinedEnhancementInfoKt <clinit> ()V 858 <appendix> member <vmtarget> ; # org/jetbrains/kotlin/load/java/typeEnhancement/PredefinedEnhancementInfoKt$$Lambda+0x00000001006bca58
instanceKlass  @bci org/jetbrains/kotlin/load/java/typeEnhancement/PredefinedEnhancementInfoKt <clinit> ()V 840 <appendix> member <vmtarget> ; # org/jetbrains/kotlin/load/java/typeEnhancement/PredefinedEnhancementInfoKt$$Lambda+0x00000001006bc800
instanceKlass  @bci org/jetbrains/kotlin/load/java/typeEnhancement/PredefinedEnhancementInfoKt <clinit> ()V 823 <appendix> member <vmtarget> ; # org/jetbrains/kotlin/load/java/typeEnhancement/PredefinedEnhancementInfoKt$$Lambda+0x00000001006bdbb8
instanceKlass  @bci org/jetbrains/kotlin/load/java/typeEnhancement/PredefinedEnhancementInfoKt <clinit> ()V 804 <appendix> member <vmtarget> ; # org/jetbrains/kotlin/load/java/typeEnhancement/PredefinedEnhancementInfoKt$$Lambda+0x00000001006bd960
instanceKlass  @bci org/jetbrains/kotlin/load/java/typeEnhancement/PredefinedEnhancementInfoKt <clinit> ()V 785 <appendix> member <vmtarget> ; # org/jetbrains/kotlin/load/java/typeEnhancement/PredefinedEnhancementInfoKt$$Lambda+0x00000001006bd708
instanceKlass  @bci org/jetbrains/kotlin/load/java/typeEnhancement/PredefinedEnhancementInfoKt <clinit> ()V 742 <appendix> member <vmtarget> ; # org/jetbrains/kotlin/load/java/typeEnhancement/PredefinedEnhancementInfoKt$$Lambda+0x00000001006bd4b0
instanceKlass  @bci org/jetbrains/kotlin/load/java/typeEnhancement/PredefinedEnhancementInfoKt <clinit> ()V 723 <appendix> member <vmtarget> ; # org/jetbrains/kotlin/load/java/typeEnhancement/PredefinedEnhancementInfoKt$$Lambda+0x00000001006bd258
instanceKlass  @bci org/jetbrains/kotlin/load/java/typeEnhancement/PredefinedEnhancementInfoKt <clinit> ()V 704 <appendix> member <vmtarget> ; # org/jetbrains/kotlin/load/java/typeEnhancement/PredefinedEnhancementInfoKt$$Lambda+0x00000001006bd000
instanceKlass  @bci org/jetbrains/kotlin/load/java/typeEnhancement/PredefinedEnhancementInfoKt <clinit> ()V 685 <appendix> member <vmtarget> ; # org/jetbrains/kotlin/load/java/typeEnhancement/PredefinedEnhancementInfoKt$$Lambda+0x00000001006c7c80
instanceKlass  @bci org/jetbrains/kotlin/load/java/typeEnhancement/PredefinedEnhancementInfoKt <clinit> ()V 666 <appendix> member <vmtarget> ; # org/jetbrains/kotlin/load/java/typeEnhancement/PredefinedEnhancementInfoKt$$Lambda+0x00000001006c7a28
instanceKlass  @bci org/jetbrains/kotlin/load/java/typeEnhancement/PredefinedEnhancementInfoKt <clinit> ()V 649 <appendix> member <vmtarget> ; # org/jetbrains/kotlin/load/java/typeEnhancement/PredefinedEnhancementInfoKt$$Lambda+0x00000001006c77d0
instanceKlass  @bci org/jetbrains/kotlin/load/java/typeEnhancement/PredefinedEnhancementInfoKt <clinit> ()V 632 <appendix> member <vmtarget> ; # org/jetbrains/kotlin/load/java/typeEnhancement/PredefinedEnhancementInfoKt$$Lambda+0x00000001006c7578
instanceKlass  @bci org/jetbrains/kotlin/load/java/typeEnhancement/PredefinedEnhancementInfoKt <clinit> ()V 615 <appendix> member <vmtarget> ; # org/jetbrains/kotlin/load/java/typeEnhancement/PredefinedEnhancementInfoKt$$Lambda+0x00000001006c7320
instanceKlass  @bci org/jetbrains/kotlin/load/java/typeEnhancement/PredefinedEnhancementInfoKt <clinit> ()V 598 <appendix> member <vmtarget> ; # org/jetbrains/kotlin/load/java/typeEnhancement/PredefinedEnhancementInfoKt$$Lambda+0x00000001006c70c8
instanceKlass  @bci org/jetbrains/kotlin/load/java/typeEnhancement/PredefinedEnhancementInfoKt <clinit> ()V 548 <appendix> member <vmtarget> ; # org/jetbrains/kotlin/load/java/typeEnhancement/PredefinedEnhancementInfoKt$$Lambda+0x00000001006c6e70
instanceKlass  @bci org/jetbrains/kotlin/load/java/typeEnhancement/PredefinedEnhancementInfoKt <clinit> ()V 531 <appendix> member <vmtarget> ; # org/jetbrains/kotlin/load/java/typeEnhancement/PredefinedEnhancementInfoKt$$Lambda+0x00000001006c6c18
instanceKlass  @bci org/jetbrains/kotlin/load/java/typeEnhancement/PredefinedEnhancementInfoKt <clinit> ()V 514 <appendix> member <vmtarget> ; # org/jetbrains/kotlin/load/java/typeEnhancement/PredefinedEnhancementInfoKt$$Lambda+0x00000001006c69c0
instanceKlass  @bci org/jetbrains/kotlin/load/java/typeEnhancement/PredefinedEnhancementInfoKt <clinit> ()V 497 <appendix> member <vmtarget> ; # org/jetbrains/kotlin/load/java/typeEnhancement/PredefinedEnhancementInfoKt$$Lambda+0x00000001006c6768
instanceKlass  @bci org/jetbrains/kotlin/load/java/typeEnhancement/PredefinedEnhancementInfoKt <clinit> ()V 446 <appendix> member <vmtarget> ; # org/jetbrains/kotlin/load/java/typeEnhancement/PredefinedEnhancementInfoKt$$Lambda+0x00000001006c6510
instanceKlass  @bci org/jetbrains/kotlin/load/java/typeEnhancement/PredefinedEnhancementInfoKt <clinit> ()V 429 <appendix> member <vmtarget> ; # org/jetbrains/kotlin/load/java/typeEnhancement/PredefinedEnhancementInfoKt$$Lambda+0x00000001006c62b8
instanceKlass  @bci org/jetbrains/kotlin/load/java/typeEnhancement/PredefinedEnhancementInfoKt <clinit> ()V 412 <appendix> member <vmtarget> ; # org/jetbrains/kotlin/load/java/typeEnhancement/PredefinedEnhancementInfoKt$$Lambda+0x00000001006c6060
instanceKlass  @bci org/jetbrains/kotlin/load/java/typeEnhancement/PredefinedEnhancementInfoKt <clinit> ()V 395 <appendix> member <vmtarget> ; # org/jetbrains/kotlin/load/java/typeEnhancement/PredefinedEnhancementInfoKt$$Lambda+0x00000001006c5e08
instanceKlass  @bci org/jetbrains/kotlin/load/java/typeEnhancement/PredefinedEnhancementInfoKt <clinit> ()V 376 <appendix> member <vmtarget> ; # org/jetbrains/kotlin/load/java/typeEnhancement/PredefinedEnhancementInfoKt$$Lambda+0x00000001006c5bb0
instanceKlass  @bci org/jetbrains/kotlin/load/java/typeEnhancement/PredefinedEnhancementInfoKt <clinit> ()V 326 <appendix> member <vmtarget> ; # org/jetbrains/kotlin/load/java/typeEnhancement/PredefinedEnhancementInfoKt$$Lambda+0x00000001006c5958
instanceKlass  @bci org/jetbrains/kotlin/load/java/typeEnhancement/PredefinedEnhancementInfoKt <clinit> ()V 309 <appendix> member <vmtarget> ; # org/jetbrains/kotlin/load/java/typeEnhancement/PredefinedEnhancementInfoKt$$Lambda+0x00000001006c5700
instanceKlass  @bci org/jetbrains/kotlin/load/java/typeEnhancement/PredefinedEnhancementInfoKt <clinit> ()V 292 <appendix> member <vmtarget> ; # org/jetbrains/kotlin/load/java/typeEnhancement/PredefinedEnhancementInfoKt$$Lambda+0x00000001006c54a8
instanceKlass  @bci org/jetbrains/kotlin/load/java/typeEnhancement/PredefinedEnhancementInfoKt <clinit> ()V 242 <appendix> member <vmtarget> ; # org/jetbrains/kotlin/load/java/typeEnhancement/PredefinedEnhancementInfoKt$$Lambda+0x00000001006c5250
instanceKlass org/jetbrains/kotlin/load/java/typeEnhancement/PredefinedFunctionEnhancementInfo
instanceKlass  @bci org/jetbrains/kotlin/load/kotlin/SignatureBuildingComponents jvmDescriptor (Ljava/lang/String;Ljava/util/List;Ljava/lang/String;)Ljava/lang/String; 47 <appendix> argL0 ; # org/jetbrains/kotlin/load/kotlin/SignatureBuildingComponents$$Lambda+0x00000001006c4dc0
instanceKlass  @bci org/jetbrains/kotlin/load/java/typeEnhancement/PredefinedEnhancementInfoKt <clinit> ()V 193 <appendix> member <vmtarget> ; # org/jetbrains/kotlin/load/java/typeEnhancement/PredefinedEnhancementInfoKt$$Lambda+0x00000001006c48f0
instanceKlass org/jetbrains/kotlin/load/java/typeEnhancement/SignatureEnhancementBuilder$ClassEnhancementBuilder$FunctionEnhancementBuilder
instanceKlass org/jetbrains/kotlin/load/java/typeEnhancement/SignatureEnhancementBuilder$ClassEnhancementBuilder
instanceKlass org/jetbrains/kotlin/load/java/typeEnhancement/SignatureEnhancementBuilder
instanceKlass org/jetbrains/kotlin/load/java/typeEnhancement/PredefinedEnhancementInfoKt
instanceKlass org/jetbrains/kotlin/load/kotlin/MethodSignatureBuildingUtilsKt
instanceKlass org/jetbrains/kotlin/load/kotlin/JvmType$Companion
instanceKlass org/jetbrains/kotlin/load/kotlin/JvmType
instanceKlass  @bci org/jetbrains/kotlin/utils/FunctionsKt <clinit> ()V 41 <appendix> argL0 ; # org/jetbrains/kotlin/utils/FunctionsKt$$Lambda+0x00000001006c3040
instanceKlass  @bci org/jetbrains/kotlin/utils/FunctionsKt <clinit> ()V 33 <appendix> argL0 ; # org/jetbrains/kotlin/utils/FunctionsKt$$Lambda+0x00000001006c2df0
instanceKlass  @bci org/jetbrains/kotlin/utils/FunctionsKt <clinit> ()V 25 <appendix> argL0 ; # org/jetbrains/kotlin/utils/FunctionsKt$$Lambda+0x00000001006c2ba0
instanceKlass org/jetbrains/kotlin/utils/FunctionsKt$ALWAYS_NULL$1
instanceKlass  @bci org/jetbrains/kotlin/utils/FunctionsKt <clinit> ()V 8 <appendix> argL0 ; # org/jetbrains/kotlin/utils/FunctionsKt$$Lambda+0x00000001006c2700
instanceKlass  @bci org/jetbrains/kotlin/utils/FunctionsKt <clinit> ()V 0 <appendix> argL0 ; # org/jetbrains/kotlin/utils/FunctionsKt$$Lambda+0x00000001006c24b0
instanceKlass org/jetbrains/kotlin/utils/FunctionsKt
instanceKlass org/jetbrains/kotlin/load/kotlin/TypeMappingConfigurationImpl
instanceKlass org/jetbrains/kotlin/load/kotlin/JvmTypeFactoryImpl
instanceKlass  @bci org/jetbrains/kotlin/load/java/lazy/ContextKt copyWithNewDefaultTypeQualifiers (Lorg/jetbrains/kotlin/load/java/lazy/LazyJavaResolverContext;Lorg/jetbrains/kotlin/descriptors/annotations/Annotations;)Lorg/jetbrains/kotlin/load/java/lazy/LazyJavaResolverContext; 43 <appendix> member <vmtarget> ; # org/jetbrains/kotlin/load/java/lazy/ContextKt$$Lambda+0x00000001006bf4c0
instanceKlass org/jetbrains/kotlin/utils/SmartSet$SingletonIterator
instanceKlass org/jetbrains/kotlin/resolve/OverridingUtil$OverrideCompatibilityInfo
instanceKlass org/jetbrains/kotlin/types/checker/ClassicTypeCheckerStateKt
instanceKlass org/jetbrains/kotlin/resolve/OverridingUtilTypeSystemContext
instanceKlass org/jetbrains/kotlin/load/kotlin/MethodSignatureMappingKt
instanceKlass org/jetbrains/kotlin/load/java/PropertiesConventionUtilKt
instanceKlass org/jetbrains/kotlin/load/java/lazy/descriptors/LazyJavaScope$MethodSignatureData
instanceKlass org/jetbrains/kotlin/resolve/jvm/kotlinSignature/SignaturesPropagationData$ValueParameters
instanceKlass  @bci org/jetbrains/kotlin/resolve/jvm/kotlinSignature/SignaturesPropagationData modifyValueParametersAccordingToSuperMethods (Ljava/util/List;)Lorg/jetbrains/kotlin/resolve/jvm/kotlinSignature/SignaturesPropagationData$ValueParameters; 302 <appendix> argL0 ; # org/jetbrains/kotlin/resolve/jvm/kotlinSignature/SignaturesPropagationData$$Lambda+0x00000001006bb880
instanceKlass  @cpi org/jetbrains/kotlin/resolve/jvm/kotlinSignature/SignaturesPropagationData 318 form vmentry <vmtarget> ; # java/lang/invoke/LambdaForm$DMH+0x00000001006bc000
instanceKlass  @bci org/jetbrains/kotlin/resolve/jvm/kotlinSignature/SignaturesPropagationData getSuperFunctionsForMethod (Lorg/jetbrains/kotlin/load/java/structure/JavaMethod;Lorg/jetbrains/kotlin/load/java/descriptors/JavaMethodDescriptor;Lorg/jetbrains/kotlin/descriptors/ClassDescriptor;)Ljava/util/List; 219 <appendix> argL0 ; # org/jetbrains/kotlin/resolve/jvm/kotlinSignature/SignaturesPropagationData$$Lambda+0x00000001006bb610
instanceKlass org/jetbrains/kotlin/resolve/jvm/jvmSignature/KotlinToJvmSignatureMapperKt
instanceKlass org/jetbrains/kotlin/resolve/jvm/InlineClassManglingRulesKt
instanceKlass org/jetbrains/kotlin/load/java/BuiltinSpecialPropertiesKt
instanceKlass org/jetbrains/kotlin/load/java/BuiltinSpecialProperties
instanceKlass org/jetbrains/kotlin/load/java/SpecialGenericSignatures$Companion$NameAndSignature
instanceKlass org/jetbrains/kotlin/load/java/SpecialGenericSignatures$Companion
instanceKlass org/jetbrains/kotlin/load/java/SpecialGenericSignatures
instanceKlass org/jetbrains/kotlin/resolve/jvm/jvmSignature/JvmMethodSignature
instanceKlass org/jetbrains/org/objectweb/asm/commons/Method
instanceKlass org/jetbrains/kotlin/codegen/state/InlineClassManglingUtilsKt
instanceKlass org/jetbrains/kotlin/descriptors/ScriptDescriptor
instanceKlass org/jetbrains/kotlin/load/java/SpecialBuiltinMembers
instanceKlass org/jetbrains/kotlin/load/kotlin/TypeSignatureMappingKt
instanceKlass org/jetbrains/kotlin/builtins/FunctionTypesKt
instanceKlass  @bci org/jetbrains/kotlin/codegen/state/KotlinTypeMapper mapType (Lorg/jetbrains/kotlin/types/KotlinType;Lorg/jetbrains/kotlin/codegen/signature/JvmSignatureWriter;Lorg/jetbrains/kotlin/load/kotlin/TypeMappingMode;)Lorg/jetbrains/org/objectweb/asm/Type; 70 <appendix> member <vmtarget> ; # org/jetbrains/kotlin/codegen/state/KotlinTypeMapper$$Lambda+0x00000001006b7d28
instanceKlass org/jetbrains/kotlin/load/kotlin/TypeMappingMode$Companion
instanceKlass org/jetbrains/kotlin/load/kotlin/TypeMappingMode
instanceKlass org/jetbrains/kotlin/resolve/InlineClassesUtilsKt
instanceKlass org/jetbrains/kotlin/load/kotlin/DescriptorBasedTypeSignatureMappingKt
instanceKlass org/jetbrains/kotlin/codegen/AccessorForCallableDescriptor
instanceKlass org/jetbrains/kotlin/codegen/state/KotlinTypeMapper$WhenMappings
instanceKlass org/jetbrains/kotlin/codegen/signature/AsmTypeFactory
instanceKlass org/jetbrains/kotlin/load/kotlin/JvmTypeFactory
instanceKlass org/jetbrains/kotlin/load/kotlin/JvmDescriptorTypeWriter
instanceKlass  @bci org/jetbrains/kotlin/codegen/state/KotlinTypeMapper mapSignature (Lorg/jetbrains/kotlin/descriptors/FunctionDescriptor;Lorg/jetbrains/kotlin/resolve/calls/model/ResolvedCall;Lorg/jetbrains/kotlin/codegen/OwnerKind;ZZ)Lorg/jetbrains/kotlin/resolve/jvm/jvmSignature/JvmMethodGenericSignature; 322 <appendix> argL0 ; # org/jetbrains/kotlin/codegen/state/KotlinTypeMapper$$Lambda+0x00000001006b5840
instanceKlass org/jetbrains/kotlin/codegen/JvmCodegenUtil
instanceKlass org/jetbrains/kotlin/codegen/coroutines/CoroutineCodegenUtilKt$INITIAL_SUSPEND_DESCRIPTOR_FOR_INVOKE_SUSPEND$1
instanceKlass org/jetbrains/kotlin/codegen/coroutines/CoroutineCodegenUtilKt$INITIAL_DESCRIPTOR_FOR_SUSPEND_FUNCTION$1
instanceKlass org/jetbrains/kotlin/codegen/CodegenUtilKt
instanceKlass org/jetbrains/kotlin/codegen/coroutines/CoroutineCodegenUtilKt
instanceKlass org/jetbrains/kotlin/resolve/ImportedFromObjectCallableDescriptor
instanceKlass org/jetbrains/kotlin/codegen/OwnerKind$Companion
instanceKlass org/jetbrains/kotlin/descriptors/impl/FunctionDescriptorImpl$CopyConfiguration
instanceKlass org/jetbrains/kotlin/resolve/jvm/kotlinSignature/SignaturePropagationUtilKt
instanceKlass org/jetbrains/kotlin/util/CheckResult
instanceKlass org/jetbrains/kotlin/util/Checks$3
instanceKlass  @bci org/jetbrains/kotlin/util/ReturnsCheck$ReturnsUnit <init> ()V 3 <appendix> argL0 ; # org/jetbrains/kotlin/util/ReturnsCheck$ReturnsUnit$$Lambda+0x00000001006b1d10
instanceKlass  @bci org/jetbrains/kotlin/util/OperatorChecks <clinit> ()V 720 <appendix> argL0 ; # org/jetbrains/kotlin/util/OperatorChecks$$Lambda+0x00000001006b1840
instanceKlass org/jetbrains/kotlin/util/Checks$4
instanceKlass  @bci org/jetbrains/kotlin/util/ReturnsCheck$ReturnsInt <init> ()V 3 <appendix> argL0 ; # org/jetbrains/kotlin/util/ReturnsCheck$ReturnsInt$$Lambda+0x00000001006b13a0
instanceKlass  @bci org/jetbrains/kotlin/util/OperatorChecks <clinit> ()V 539 <appendix> argL0 ; # org/jetbrains/kotlin/util/OperatorChecks$$Lambda+0x00000001006b0ed0
instanceKlass  @bci org/jetbrains/kotlin/util/ReturnsCheck$ReturnsBoolean <init> ()V 3 <appendix> argL0 ; # org/jetbrains/kotlin/util/ReturnsCheck$ReturnsBoolean$$Lambda+0x00000001006b0780
instanceKlass org/jetbrains/kotlin/util/ReturnsCheck
instanceKlass org/jetbrains/kotlin/util/IsKPropertyCheck
instanceKlass java/security/CodeSigner
instanceKlass org/jetbrains/kotlin/util/NoDefaultAndVarargsCheck
instanceKlass  @bci org/jetbrains/kotlin/util/OperatorChecks <clinit> ()V 87 <appendix> argL0 ; # org/jetbrains/kotlin/util/OperatorChecks$$Lambda+0x00000001006af718
instanceKlass org/jetbrains/kotlin/util/Checks$2
instanceKlass org/jetbrains/kotlin/util/ValueParameterCountCheck
instanceKlass org/jetbrains/kotlin/util/MemberKindCheck
instanceKlass org/jetbrains/kotlin/util/Check
instanceKlass org/jetbrains/kotlin/util/Checks
instanceKlass org/jetbrains/kotlin/util/AbstractModifierChecks
instanceKlass org/jetbrains/kotlin/codegen/signature/KotlinToJvmSignatureMapperImpl
instanceKlass org/jetbrains/kotlin/resolve/jvm/jvmSignature/KotlinToJvmSignatureMapper
instanceKlass org/jetbrains/kotlin/resolve/jvm/kotlinSignature/SignaturesPropagationData
instanceKlass org/jetbrains/kotlin/load/java/lazy/descriptors/LazyJavaScope$ResolvedValueParameters
instanceKlass org/jetbrains/kotlin/load/java/descriptors/JavaMethodDescriptor$2
instanceKlass org/jetbrains/kotlin/load/java/descriptors/JavaMethodDescriptor$1
instanceKlass org/jetbrains/kotlin/descriptors/CallableDescriptor$UserDataKey
instanceKlass org/jetbrains/kotlin/builtins/jvm/MappingUtilKt
instanceKlass org/jetbrains/kotlin/load/java/components/JavaResolverCache$1
instanceKlass  @bci org/jetbrains/kotlin/builtins/jvm/JvmBuiltInsCustomizer getAdditionalFunctions (Lorg/jetbrains/kotlin/descriptors/ClassDescriptor;Lkotlin/jvm/functions/Function1;)Ljava/util/Collection; 209 <appendix> member <vmtarget> ; # org/jetbrains/kotlin/builtins/jvm/JvmBuiltInsCustomizer$$Lambda+0x00000001006ac6b8
instanceKlass org/jetbrains/kotlin/descriptors/deserialization/AdditionalClassPartsProvider$None
instanceKlass org/jetbrains/kotlin/descriptors/deserialization/PlatformDependentDeclarationFilter$All
instanceKlass org/jetbrains/kotlin/builtins/jvm/FallbackBuiltIns$Companion
instanceKlass  @bci org/jetbrains/kotlin/builtins/jvm/JvmBuiltInsCustomizer getFunctions (Lorg/jetbrains/kotlin/name/Name;Lorg/jetbrains/kotlin/descriptors/ClassDescriptor;)Ljava/util/Collection; 233 <appendix> member <vmtarget> ; # org/jetbrains/kotlin/builtins/jvm/JvmBuiltInsCustomizer$$Lambda+0x00000001006ab870
instanceKlass org/jetbrains/kotlin/descriptors/deserialization/PlatformDependentDeclarationFilterKt
instanceKlass org/jetbrains/kotlin/name/CallableId$Companion
instanceKlass org/jetbrains/kotlin/name/CallableId
instanceKlass org/jetbrains/kotlin/serialization/deserialization/SuspendFunctionTypeUtilKt
instanceKlass org/jetbrains/kotlin/types/TypeWithEnhancementKt
instanceKlass org/jetbrains/kotlin/load/java/typeEnhancement/EnhancedTypeAnnotations
instanceKlass org/jetbrains/kotlin/load/java/typeEnhancement/TypeEnhancementKt
instanceKlass kotlin/jvm/internal/TypeIntrinsics
instanceKlass  @bci org/jetbrains/kotlin/load/java/typeEnhancement/SignatureEnhancement enhanceTypeParameterBounds (Lorg/jetbrains/kotlin/descriptors/TypeParameterDescriptor;Ljava/util/List;Lorg/jetbrains/kotlin/load/java/lazy/LazyJavaResolverContext;)Ljava/util/List; 100 <appendix> argL0 ; # org/jetbrains/kotlin/load/java/typeEnhancement/SignatureEnhancement$$Lambda+0x00000001006a9678
instanceKlass org/jetbrains/kotlin/types/FlexibleTypeImpl$Companion
instanceKlass javaslang/control/Option$Some
instanceKlass javaslang/control/Option
instanceKlass org/jetbrains/kotlin/util/javaslang/JavaslangAdaptersKt
instanceKlass org/jetbrains/kotlin/load/java/structure/JavaLoadingKt
instanceKlass  @bci org/jetbrains/kotlin/load/java/lazy/descriptors/ClassDeclaredMemberIndex <init> (Lorg/jetbrains/kotlin/load/java/structure/JavaClass;Lkotlin/jvm/functions/Function1;)V 28 <appendix> member <vmtarget> ; # org/jetbrains/kotlin/load/java/lazy/descriptors/ClassDeclaredMemberIndex$$Lambda+0x00000001006a4a50
instanceKlass  @bci org/jetbrains/kotlin/load/java/lazy/descriptors/LazyJavaClassMemberScope computeMemberIndex ()Lorg/jetbrains/kotlin/load/java/lazy/descriptors/ClassDeclaredMemberIndex; 8 <appendix> argL0 ; # org/jetbrains/kotlin/load/java/lazy/descriptors/LazyJavaClassMemberScope$$Lambda+0x00000001006a4800
instanceKlass org/jetbrains/kotlin/load/java/lazy/descriptors/ClassDeclaredMemberIndex
instanceKlass org/jetbrains/kotlin/load/java/JavaDescriptorVisibilities
instanceKlass org/jetbrains/kotlin/load/java/UtilsKt
instanceKlass org/jetbrains/kotlin/load/java/typeEnhancement/JavaTypeEnhancement$Result
instanceKlass org/jetbrains/kotlin/load/java/typeEnhancement/JavaTypeEnhancement$SimpleResult
instanceKlass org/jetbrains/kotlin/load/java/typeEnhancement/TypeComponentPositionKt
instanceKlass  @bci org/jetbrains/kotlin/load/java/typeEnhancement/AbstractSignatureParts computeIndexedQualifiers (Lorg/jetbrains/kotlin/types/model/KotlinTypeMarker;Ljava/lang/Iterable;Lorg/jetbrains/kotlin/load/java/typeEnhancement/TypeEnhancementInfo;Z)Lkotlin/jvm/functions/Function1; 517 <appendix> member <vmtarget> ; # org/jetbrains/kotlin/load/java/typeEnhancement/AbstractSignatureParts$$Lambda+0x00000001006a6b00
instanceKlass org/jetbrains/kotlin/load/java/typeEnhancement/TypeEnhancementInfo
instanceKlass org/jetbrains/kotlin/load/java/typeEnhancement/TypeEnhancementUtilsKt
instanceKlass org/jetbrains/kotlin/load/java/typeEnhancement/JavaTypeQualifiers$Companion
instanceKlass  @bci org/jetbrains/kotlin/load/java/typeEnhancement/AbstractSignatureParts extractQualifiersFromAnnotations (Lorg/jetbrains/kotlin/load/java/typeEnhancement/AbstractSignatureParts$TypeAndDefaultQualifiers;)Lorg/jetbrains/kotlin/load/java/typeEnhancement/JavaTypeQualifiers; 347 <appendix> member <vmtarget> ; # org/jetbrains/kotlin/load/java/typeEnhancement/AbstractSignatureParts$$Lambda+0x00000001006a39f0
instanceKlass org/jetbrains/kotlin/load/java/typeEnhancement/JavaTypeQualifiers
instanceKlass  @bci org/jetbrains/kotlin/load/java/typeEnhancement/AbstractSignatureParts toIndexed (Lorg/jetbrains/kotlin/types/model/KotlinTypeMarker;)Ljava/util/List; 28 <appendix> member <vmtarget> ; # org/jetbrains/kotlin/load/java/typeEnhancement/AbstractSignatureParts$$Lambda+0x00000001006a3330
instanceKlass  @bci org/jetbrains/kotlin/com/intellij/util/IdempotenceChecker <clinit> ()V 57 <appendix> argL0 ; # org/jetbrains/kotlin/com/intellij/util/IdempotenceChecker$$Lambda+0x00000001006a3098
instanceKlass  @bci org/jetbrains/kotlin/com/intellij/util/IdempotenceChecker <clinit> ()V 46 <appendix> argL0 ; # org/jetbrains/kotlin/com/intellij/util/IdempotenceChecker$$Lambda+0x00000001006a2e48
instanceKlass  @bci org/jetbrains/kotlin/com/intellij/util/IdempotenceChecker <clinit> ()V 21 <appendix> argL0 ; # org/jetbrains/kotlin/com/intellij/util/IdempotenceChecker$$Lambda+0x00000001006a2bf8
instanceKlass java/util/Collections$SynchronizedCollection
instanceKlass org/jetbrains/kotlin/com/intellij/util/IdempotenceChecker
instanceKlass org/jetbrains/kotlin/load/java/structure/impl/JavaElementCollectionFromPsiArrayUtil
instanceKlass  @bci org/jetbrains/kotlin/cli/jvm/compiler/KotlinCliJavaFileManagerImpl findClasses$lambda$14 (Lorg/jetbrains/kotlin/cli/jvm/compiler/KotlinCliJavaFileManagerImpl;Ljava/lang/String;Lorg/jetbrains/kotlin/com/intellij/psi/search/GlobalSearchScope;)[Lorg/jetbrains/kotlin/com/intellij/psi/PsiClass; 169 <appendix> member <vmtarget> ; # org/jetbrains/kotlin/cli/jvm/compiler/KotlinCliJavaFileManagerImpl$$Lambda+0x00000001006a2308
instanceKlass  @cpi org/jetbrains/kotlin/cli/jvm/compiler/KotlinCliJavaFileManagerImpl 766 form vmentry <vmtarget> ; # java/lang/invoke/LambdaForm$DMH+0x00000001006a4000
instanceKlass  @bci org/jetbrains/kotlin/cli/jvm/compiler/KotlinCliJavaFileManagerImplKt toSafeTopLevelClassId (Ljava/lang/String;)Lorg/jetbrains/kotlin/name/ClassId; 1 <appendix> member <vmtarget> ; # org/jetbrains/kotlin/cli/jvm/compiler/KotlinCliJavaFileManagerImplKt$$Lambda+0x00000001006a20b0
instanceKlass  @bci org/jetbrains/kotlin/cli/jvm/compiler/KotlinCliJavaFileManagerImpl findClasses (Ljava/lang/String;Lorg/jetbrains/kotlin/com/intellij/psi/search/GlobalSearchScope;)[Lorg/jetbrains/kotlin/com/intellij/psi/PsiClass; 21 <appendix> member <vmtarget> ; # org/jetbrains/kotlin/cli/jvm/compiler/KotlinCliJavaFileManagerImpl$$Lambda+0x00000001006a1e58
instanceKlass  @bci org/jetbrains/kotlin/com/intellij/psi/PsiClass <clinit> ()V 7 <appendix> argL0 ; # org/jetbrains/kotlin/com/intellij/psi/PsiClass$$Lambda+0x00000001006a1c08
instanceKlass org/jetbrains/kotlin/com/intellij/lang/jvm/JvmTypeParameter
instanceKlass org/jetbrains/kotlin/name/FqNamesUtilKt$WhenMappings
instanceKlass  @bci org/jetbrains/kotlin/com/intellij/psi/impl/file/PsiPackageImpl getAllDirectories (Lorg/jetbrains/kotlin/com/intellij/psi/search/GlobalSearchScope;)Ljava/util/Collection; 36 <appendix> member <vmtarget> ; # org/jetbrains/kotlin/com/intellij/psi/impl/file/PsiPackageImpl$$Lambda+0x000000010069f010
instanceKlass org/jetbrains/kotlin/com/intellij/openapi/roots/ProjectRootModificationTracker
instanceKlass  @bci org/jetbrains/kotlin/com/intellij/openapi/application/ReadActionProcessor process (Ljava/lang/Object;)Z 2 <appendix> member <vmtarget> ; # org/jetbrains/kotlin/com/intellij/openapi/application/ReadActionProcessor$$Lambda+0x000000010069eb60
instanceKlass org/jetbrains/kotlin/com/intellij/openapi/application/ReadActionProcessor
instanceKlass org/jetbrains/kotlin/com/intellij/util/CollectionQuery
instanceKlass org/jetbrains/kotlin/com/intellij/util/CommonProcessors$CollectProcessor
instanceKlass org/jetbrains/kotlin/com/intellij/util/Processors
instanceKlass  @bci org/jetbrains/kotlin/com/intellij/psi/impl/file/PsiPackageImpl createCachedDirectories (Z)Lorg/jetbrains/kotlin/com/intellij/psi/util/CachedValue; 9 <appendix> member <vmtarget> ; # org/jetbrains/kotlin/com/intellij/psi/impl/file/PsiPackageImpl$$Lambda+0x000000010069da48
instanceKlass org/jetbrains/kotlin/com/intellij/psi/impl/file/PsiPackageImpl$PackageAnnotationValueProvider
instanceKlass org/jetbrains/kotlin/load/java/typeEnhancement/AbstractSignatureParts$TypeAndDefaultQualifiers
instanceKlass org/jetbrains/kotlin/load/java/typeEnhancement/AbstractSignatureParts
instanceKlass org/jetbrains/kotlin/types/TypeAttributeTranslator$DefaultImpls
instanceKlass org/jetbrains/kotlin/load/java/structure/JavaWildcardType
instanceKlass  @bci org/jetbrains/kotlin/load/java/structure/impl/classFiles/BinaryJavaAnnotationVisitor <init> (Lorg/jetbrains/kotlin/load/java/structure/impl/classFiles/ClassifierResolutionContext;Lorg/jetbrains/kotlin/load/java/structure/impl/classFiles/BinaryClassSignatureParser;Ljava/util/Collection;)V 22 <appendix> member <vmtarget> ; # org/jetbrains/kotlin/load/java/structure/impl/classFiles/BinaryJavaAnnotationVisitor$$Lambda+0x000000010069c190
instanceKlass org/jetbrains/kotlin/load/java/structure/JavaAnnotationArgument
instanceKlass  @bci org/jetbrains/kotlin/load/java/structure/impl/classFiles/BinaryJavaAnnotation <init> (Ljava/lang/String;Lorg/jetbrains/kotlin/load/java/structure/impl/classFiles/ClassifierResolutionContext;Ljava/util/Collection;Z)V 26 <appendix> member <vmtarget> ; # org/jetbrains/kotlin/load/java/structure/impl/classFiles/BinaryJavaAnnotation$$Lambda+0x000000010069baa0
instanceKlass org/jetbrains/kotlin/load/java/structure/impl/classFiles/BinaryJavaAnnotation$Companion
instanceKlass org/jetbrains/kotlin/load/java/structure/impl/classFiles/BinaryJavaAnnotation
instanceKlass org/jetbrains/kotlin/load/java/structure/JavaConstructor
instanceKlass org/jetbrains/kotlin/types/ErasureTypeAttributes
instanceKlass org/jetbrains/kotlin/load/java/lazy/types/JavaTypeAttributesKt
instanceKlass org/jetbrains/kotlin/utils/SmartList$SingletonIteratorBase
instanceKlass org/jetbrains/kotlin/load/java/FakePureImplementationsProvider
instanceKlass org/jetbrains/kotlin/load/java/components/JavaAnnotationMapper
instanceKlass org/jetbrains/org/objectweb/asm/MethodVisitor
instanceKlass org/jetbrains/kotlin/load/java/structure/impl/classFiles/BinaryJavaValueParameter
instanceKlass org/jetbrains/kotlin/load/java/structure/JavaValueParameter
instanceKlass  @bci org/jetbrains/kotlin/load/java/structure/impl/classFiles/BinaryClassSignatureParser parseTypeVariableRefSignature (Ljava/text/CharacterIterator;Lorg/jetbrains/kotlin/load/java/structure/impl/classFiles/ClassifierResolutionContext;)Lorg/jetbrains/kotlin/load/java/structure/JavaClassifierType; 139 <appendix> member <vmtarget> ; # org/jetbrains/kotlin/load/java/structure/impl/classFiles/BinaryClassSignatureParser$$Lambda+0x0000000100698000
instanceKlass org/jetbrains/kotlin/load/java/structure/impl/classFiles/BinaryJavaMethodBase$Companion$MethodInfo
instanceKlass org/jetbrains/kotlin/load/java/structure/JavaPrimitiveType
instanceKlass org/jetbrains/kotlin/load/java/structure/impl/classFiles/BinaryJavaMethodBase$Companion
instanceKlass org/jetbrains/kotlin/load/java/structure/impl/classFiles/BinaryJavaMethodBase
instanceKlass org/jetbrains/kotlin/load/java/structure/impl/classFiles/BinaryJavaTypeParameter
instanceKlass org/jetbrains/kotlin/utils/addToStdlib/AddToStdlibKt
instanceKlass  @bci org/jetbrains/kotlin/load/java/structure/impl/classFiles/BinaryClassSignatureParser parseParameterizedClassRefSignature (Ljava/text/CharacterIterator;Lorg/jetbrains/kotlin/load/java/structure/impl/classFiles/ClassifierResolutionContext;)Lorg/jetbrains/kotlin/load/java/structure/JavaClassifierType; 215 <appendix> member <vmtarget> ; # org/jetbrains/kotlin/load/java/structure/impl/classFiles/BinaryClassSignatureParser$$Lambda+0x0000000100697d28
instanceKlass java/text/StringCharacterIterator
instanceKlass java/text/CharacterIterator
instanceKlass org/jetbrains/kotlin/resolve/MemberComparator$NameAndTypeMemberComparator
instanceKlass org/jetbrains/kotlin/descriptors/Visibilities
instanceKlass org/jetbrains/kotlin/resolve/OverridingUtil$4
instanceKlass org/jetbrains/kotlin/resolve/OverridingUtil$8
instanceKlass org/jetbrains/kotlin/resolve/OverridingUtil$5
instanceKlass org/jetbrains/kotlin/resolve/scopes/receivers/AbstractReceiverValue
instanceKlass org/jetbrains/kotlin/types/checker/ClassicTypeSystemContext$DefaultImpls
instanceKlass org/jetbrains/kotlin/types/TypeAttributesKt
instanceKlass org/jetbrains/kotlin/descriptors/annotations/FilteredAnnotations
instanceKlass org/jetbrains/kotlin/types/TypeCapabilitiesKt
instanceKlass org/jetbrains/kotlin/types/TypeSubstitutor$2
instanceKlass  @bci org/jetbrains/kotlin/types/typesApproximation/CapturedTypeApproximationKt approximateCapturedTypesIfNecessary (Lorg/jetbrains/kotlin/types/TypeProjection;Z)Lorg/jetbrains/kotlin/types/TypeProjection; 31 <appendix> argL0 ; # org/jetbrains/kotlin/types/typesApproximation/CapturedTypeApproximationKt$$Lambda+0x00000001006948d0
instanceKlass org/jetbrains/kotlin/types/typesApproximation/CapturedTypeApproximationKt
instanceKlass org/jetbrains/kotlin/types/TypeSubstitutionKt
instanceKlass org/jetbrains/kotlin/types/RawType
instanceKlass org/jetbrains/kotlin/types/TypeWithEnhancement
instanceKlass org/jetbrains/kotlin/types/DisjointKeysUnionTypeSubstitution$Companion
instanceKlass org/jetbrains/kotlin/types/DescriptorSubstitutor
instanceKlass org/jetbrains/kotlin/descriptors/impl/PropertyDescriptorImpl$CopyConfiguration
instanceKlass  @bci org/jetbrains/kotlin/serialization/deserialization/MemberDeserializer getPropertyFieldAnnotations (Lorg/jetbrains/kotlin/metadata/ProtoBuf$Property;Z)Lorg/jetbrains/kotlin/descriptors/annotations/Annotations; 37 <adapter> ; # java/lang/invoke/LambdaForm$MH+0x0000000100691c00
# instanceKlass java/lang/invoke/LambdaForm$DMH+0x0000000100691800
instanceKlass  @bci org/jetbrains/kotlin/serialization/deserialization/MemberDeserializer getPropertyFieldAnnotations (Lorg/jetbrains/kotlin/metadata/ProtoBuf$Property;Z)Lorg/jetbrains/kotlin/descriptors/annotations/Annotations; 37 <appendix> form vmentry <vmtarget> ; # java/lang/invoke/LambdaForm$DMH+0x0000000100691400
instanceKlass  @bci org/jetbrains/kotlin/serialization/deserialization/MemberDeserializer getPropertyFieldAnnotations (Lorg/jetbrains/kotlin/metadata/ProtoBuf$Property;Z)Lorg/jetbrains/kotlin/descriptors/annotations/Annotations; 37 <appendix> member <vmtarget> ; # org/jetbrains/kotlin/serialization/deserialization/MemberDeserializer$$Lambda+0x000000010068ead0
instanceKlass  @cpi org/jetbrains/kotlin/serialization/deserialization/MemberDeserializer 911 form vmentry <vmtarget> ; # java/lang/invoke/LambdaForm$DMH+0x0000000100691000
instanceKlass  @bci org/jetbrains/kotlin/serialization/deserialization/MemberDeserializer getAnnotations (Lorg/jetbrains/kotlin/protobuf/MessageLite;ILorg/jetbrains/kotlin/serialization/deserialization/AnnotatedCallableKind;)Lorg/jetbrains/kotlin/descriptors/annotations/Annotations; 34 <appendix> member <vmtarget> ; # org/jetbrains/kotlin/serialization/deserialization/MemberDeserializer$$Lambda+0x000000010068e878
instanceKlass org/jetbrains/kotlin/serialization/deserialization/descriptors/DeserializedMemberScope$OptimizedImplementation$computeDescriptors$1$1
instanceKlass  @bci org/jetbrains/kotlin/types/KotlinTypeFactory simpleTypeWithNonTrivialMemberScope (Lorg/jetbrains/kotlin/types/TypeAttributes;Lorg/jetbrains/kotlin/types/TypeConstructor;Ljava/util/List;ZLorg/jetbrains/kotlin/resolve/scopes/MemberScope;)Lorg/jetbrains/kotlin/types/SimpleType; 41 <adapter> ; # java/lang/invoke/LambdaForm$MH+0x0000000100690c00
# instanceKlass java/lang/invoke/LambdaForm$DMH+0x0000000100690800
instanceKlass  @bci org/jetbrains/kotlin/types/KotlinTypeFactory simpleTypeWithNonTrivialMemberScope (Lorg/jetbrains/kotlin/types/TypeAttributes;Lorg/jetbrains/kotlin/types/TypeConstructor;Ljava/util/List;ZLorg/jetbrains/kotlin/resolve/scopes/MemberScope;)Lorg/jetbrains/kotlin/types/SimpleType; 41 <appendix> form vmentry <vmtarget> ; # java/lang/invoke/LambdaForm$DMH+0x0000000100690400
instanceKlass  @bci org/jetbrains/kotlin/types/KotlinTypeFactory simpleTypeWithNonTrivialMemberScope (Lorg/jetbrains/kotlin/types/TypeAttributes;Lorg/jetbrains/kotlin/types/TypeConstructor;Ljava/util/List;ZLorg/jetbrains/kotlin/resolve/scopes/MemberScope;)Lorg/jetbrains/kotlin/types/SimpleType; 41 <appendix> member <vmtarget> ; # org/jetbrains/kotlin/types/KotlinTypeFactory$$Lambda+0x000000010068d518
instanceKlass  @cpi org/jetbrains/kotlin/types/KotlinTypeFactory 334 form vmentry <vmtarget> ; # java/lang/invoke/LambdaForm$DMH+0x0000000100690000
instanceKlass org/jetbrains/kotlin/descriptors/impl/AbstractTypeParameterDescriptor$2$1
instanceKlass org/jetbrains/kotlin/descriptors/impl/EnumEntrySyntheticClassDescriptor$EnumEntryScope$3
instanceKlass org/jetbrains/kotlin/descriptors/impl/EnumEntrySyntheticClassDescriptor$EnumEntryScope$2
instanceKlass org/jetbrains/kotlin/descriptors/impl/EnumEntrySyntheticClassDescriptor$EnumEntryScope$1
instanceKlass  @bci org/jetbrains/kotlin/serialization/deserialization/descriptors/DeserializedClassDescriptor$EnumEntryClassDescriptors enumEntryByName$lambda$3 (Lorg/jetbrains/kotlin/serialization/deserialization/descriptors/DeserializedClassDescriptor$EnumEntryClassDescriptors;Lorg/jetbrains/kotlin/serialization/deserialization/descriptors/DeserializedClassDescriptor;Lorg/jetbrains/kotlin/name/Name;)Lorg/jetbrains/kotlin/descriptors/ClassDescriptor; 56 <appendix> member <vmtarget> ; # org/jetbrains/kotlin/serialization/deserialization/descriptors/DeserializedClassDescriptor$EnumEntryClassDescriptors$$Lambda+0x000000010065f610
instanceKlass org/jetbrains/kotlin/resolve/scopes/MemberScopeKt
instanceKlass com/google/devtools/ksp/symbol/impl/kotlin/KSValueArgumentImpl
instanceKlass com/google/devtools/ksp/symbol/KSValueArgument
instanceKlass com/google/devtools/ksp/symbol/impl/binary/KSAnnotationDescriptorImplKt
instanceKlass com/google/devtools/ksp/common/IdKeyTriple
instanceKlass com/google/devtools/ksp/symbol/impl/binary/KSTypeReferenceDescriptorImpl
instanceKlass org/jetbrains/kotlin/load/java/lazy/descriptors/LazyJavaAnnotationDescriptor
instanceKlass org/jetbrains/kotlin/load/java/components/JavaAnnotationDescriptor
instanceKlass org/jetbrains/kotlin/load/java/descriptors/PossiblyExternalAnnotationDescriptor
instanceKlass com/google/devtools/ksp/symbol/impl/binary/KSAnnotationDescriptorImpl
instanceKlass com/google/devtools/ksp/symbol/impl/binary/KSExpectActualDescriptorImpl
instanceKlass com/google/devtools/ksp/symbol/impl/binary/KSDeclarationDescriptorImpl
instanceKlass org/jetbrains/kotlin/resolve/source/PsiSourceElementKt
instanceKlass com/google/devtools/ksp/common/IdKey
instanceKlass com/google/devtools/ksp/symbol/impl/kotlin/KSTypeImpl
instanceKlass com/google/devtools/ksp/symbol/KSType
instanceKlass com/google/devtools/ksp/symbol/impl/kotlin/KSTypeImplKt
instanceKlass com/google/devtools/ksp/symbol/impl/kotlin/KSClassifierReferenceImpl
instanceKlass com/google/devtools/ksp/symbol/KSClassifierReference
instanceKlass com/google/devtools/ksp/symbol/KSReferenceElement
instanceKlass  @bci org/jetbrains/kotlin/descriptors/annotations/CompositeAnnotations iterator ()Ljava/util/Iterator; 10 <appendix> argL0 ; # org/jetbrains/kotlin/descriptors/annotations/CompositeAnnotations$$Lambda+0x000000010065e580
instanceKlass org/jetbrains/kotlin/types/FlexibleTypesKt
instanceKlass  @bci org/jetbrains/kotlin/util/TypeRegistry getId (Ljava/lang/String;)I 13 <appendix> member <vmtarget> ; # org/jetbrains/kotlin/util/TypeRegistry$$Lambda+0x000000010065e0f0
instanceKlass org/jetbrains/kotlin/util/AbstractArrayMapOwner$AbstractArrayMapAccessor
instanceKlass org/jetbrains/kotlin/types/TypeAttribute
instanceKlass org/jetbrains/kotlin/types/AnnotationsTypeAttributeKt
instanceKlass  @bci org/jetbrains/kotlin/resolve/lazy/ForceResolveUtil doForceResolveAllContents (Ljava/lang/Object;)V 60 <appendix> argL0 ; # org/jetbrains/kotlin/resolve/lazy/ForceResolveUtil$$Lambda+0x000000010065d308
instanceKlass org/jetbrains/kotlin/resolve/lazy/ForceResolveUtil
instanceKlass org/jetbrains/kotlin/descriptors/annotations/AnnotationWithTarget
instanceKlass org/jetbrains/kotlin/resolve/scopes/LexicalScopeStorage$IntList
instanceKlass org/jetbrains/kotlin/resolve/scopes/utils/LexicalScopeWrapper
instanceKlass org/jetbrains/kotlin/types/expressions/ExpressionTypingUtils
instanceKlass org/jetbrains/kotlin/resolve/scopes/LexicalWritableScope$Snapshot
instanceKlass org/jetbrains/kotlin/resolve/scopes/AbstractLocalRedeclarationChecker
instanceKlass com/google/devtools/ksp/symbol/impl/kotlin/KSTypeReferenceImpl
instanceKlass com/google/devtools/ksp/symbol/KSTypeReference
instanceKlass com/google/devtools/ksp/symbol/impl/kotlin/KSAnnotationImpl
instanceKlass com/google/devtools/ksp/symbol/KSAnnotation
instanceKlass  @bci org/jetbrains/kotlin/resolve/calls/components/ArgumentsUtilsKt isActualParameterWithCorrespondingExpectedDefault (Lorg/jetbrains/kotlin/descriptors/ValueParameterDescriptor;)Z 7 <appendix> argL0 ; # org/jetbrains/kotlin/resolve/calls/components/ArgumentsUtilsKt$$Lambda+0x0000000100651000
instanceKlass  @bci org/jetbrains/kotlin/resolve/calls/components/ArgumentsUtilsKt hasDefaultValue (Lorg/jetbrains/kotlin/descriptors/ValueParameterDescriptor;)Z 18 <appendix> argL0 ; # org/jetbrains/kotlin/resolve/calls/components/ArgumentsUtilsKt$$Lambda+0x0000000100657ac8
instanceKlass  @bci org/jetbrains/kotlin/resolve/calls/components/ArgumentsUtilsKt hasDefaultValue (Lorg/jetbrains/kotlin/descriptors/ValueParameterDescriptor;)Z 13 <appendix> argL0 ; # org/jetbrains/kotlin/resolve/calls/components/ArgumentsUtilsKt$$Lambda+0x0000000100657878
instanceKlass org/jetbrains/kotlin/resolve/calls/components/ArgumentsUtilsKt
instanceKlass com/google/devtools/ksp/symbol/Location
instanceKlass com/google/devtools/ksp/symbol/impl/binary/KSValueParameterDescriptorImpl
instanceKlass com/google/devtools/ksp/symbol/impl/binary/KSPropertyAccessorDescriptorImpl
instanceKlass  @bci org/jetbrains/kotlin/resolve/OverrideResolver$Companion createCannotInferVisibilityReporter (Lorg/jetbrains/kotlin/resolve/BindingTrace;)Lkotlin/jvm/functions/Function1; 7 <appendix> member <vmtarget> ; # org/jetbrains/kotlin/resolve/OverrideResolver$Companion$$Lambda+0x00000001006573e8
instanceKlass org/jetbrains/kotlin/resolve/DelegationResolver$Companion
instanceKlass org/jetbrains/kotlin/resolve/DelegationResolver
instanceKlass org/jetbrains/kotlin/resolve/lazy/descriptors/LazyClassMemberScope$generateDelegatingDescriptors$lazyMemberExtractor$1
instanceKlass org/jetbrains/kotlin/resolve/DelegationResolver$MemberExtractor
instanceKlass org/jetbrains/kotlin/resolve/lazy/descriptors/LazyClassMemberScope$generateDelegatingDescriptors$lazyTypeResolver$1
instanceKlass org/jetbrains/kotlin/resolve/DelegationResolver$TypeResolver
instanceKlass org/jetbrains/kotlin/resolve/deprecation/DeprecationResolver$DeprecationInfo$Companion
instanceKlass org/jetbrains/kotlin/metadata/deserialization/VersionRequirement$Companion
instanceKlass org/jetbrains/kotlin/metadata/deserialization/VersionRequirement
instanceKlass org/jetbrains/kotlin/resolve/calls/util/FakeCallableDescriptorForObject
instanceKlass org/jetbrains/kotlin/descriptors/annotations/AnnotationDescriptorImpl
instanceKlass  @bci org/jetbrains/kotlin/resolve/constants/TypedArrayValue <init> (Ljava/util/List;Lorg/jetbrains/kotlin/types/KotlinType;)V 15 <appendix> member <vmtarget> ; # org/jetbrains/kotlin/resolve/constants/TypedArrayValue$$Lambda+0x000000010064d9c8
instanceKlass org/jetbrains/kotlin/resolve/constants/ConstantValueFactory
instanceKlass org/jetbrains/kotlin/descriptors/impl/ValueParameterDescriptorImpl$Companion
instanceKlass  @bci org/jetbrains/kotlin/types/KotlinTypeFactory simpleType (Lorg/jetbrains/kotlin/types/TypeAttributes;Lorg/jetbrains/kotlin/types/TypeConstructor;Ljava/util/List;ZLorg/jetbrains/kotlin/types/checker/KotlinTypeRefiner;)Lorg/jetbrains/kotlin/types/SimpleType; 91 <adapter> ; # java/lang/invoke/LambdaForm$MH+0x0000000100650800
# instanceKlass java/lang/invoke/LambdaForm$DMH+0x0000000100650400
instanceKlass  @bci org/jetbrains/kotlin/types/KotlinTypeFactory simpleType (Lorg/jetbrains/kotlin/types/TypeAttributes;Lorg/jetbrains/kotlin/types/TypeConstructor;Ljava/util/List;ZLorg/jetbrains/kotlin/types/checker/KotlinTypeRefiner;)Lorg/jetbrains/kotlin/types/SimpleType; 91 <appendix> form vmentry <vmtarget> ; # java/lang/invoke/LambdaForm$DMH+0x0000000100650000
instanceKlass  @bci org/jetbrains/kotlin/types/KotlinTypeFactory simpleType (Lorg/jetbrains/kotlin/types/TypeAttributes;Lorg/jetbrains/kotlin/types/TypeConstructor;Ljava/util/List;ZLorg/jetbrains/kotlin/types/checker/KotlinTypeRefiner;)Lorg/jetbrains/kotlin/types/SimpleType; 91 <appendix> member <vmtarget> ; # org/jetbrains/kotlin/types/KotlinTypeFactory$$Lambda+0x000000010064ce40
instanceKlass  @bci org/jetbrains/kotlin/resolve/scopes/SubstitutingScope <init> (Lorg/jetbrains/kotlin/resolve/scopes/MemberScope;Lorg/jetbrains/kotlin/types/TypeSubstitutor;)V 59 <appendix> member <vmtarget> ; # org/jetbrains/kotlin/resolve/scopes/SubstitutingScope$$Lambda+0x000000010064cbe8
instanceKlass org/jetbrains/kotlin/resolve/calls/inference/CapturedTypeConstructorImpl
instanceKlass org/jetbrains/kotlin/resolve/calls/inference/CapturedTypeConstructor
instanceKlass org/jetbrains/kotlin/resolve/calls/inference/CapturedTypeConstructorKt
instanceKlass  @bci org/jetbrains/kotlin/resolve/scopes/SubstitutingScope <init> (Lorg/jetbrains/kotlin/resolve/scopes/MemberScope;Lorg/jetbrains/kotlin/types/TypeSubstitutor;)V 23 <appendix> member <vmtarget> ; # org/jetbrains/kotlin/resolve/scopes/SubstitutingScope$$Lambda+0x000000010064bf60
instanceKlass org/jetbrains/kotlin/resolve/scopes/SubstitutingScope
instanceKlass org/jetbrains/kotlin/descriptors/impl/ModuleAwareClassDescriptorKt
instanceKlass org/jetbrains/kotlin/serialization/deserialization/descriptors/DeserializedCallableMemberDescriptor
instanceKlass org/jetbrains/kotlin/serialization/deserialization/descriptors/DeserializedMemberDescriptor
instanceKlass org/jetbrains/kotlin/serialization/deserialization/descriptors/DescriptorWithContainerSource
instanceKlass org/jetbrains/kotlin/resolve/OverridingStrategy
instanceKlass org/jetbrains/kotlin/load/java/components/DescriptorResolverUtils
instanceKlass org/jetbrains/kotlin/load/kotlin/BinaryClassAnnotationAndConstantLoaderImpl$AbstractAnnotationArgumentVisitor$visitArray$1
instanceKlass org/jetbrains/kotlin/load/kotlin/BinaryClassAnnotationAndConstantLoaderImpl$AbstractAnnotationArgumentVisitor
instanceKlass org/jetbrains/kotlin/SpecialJvmAnnotations
instanceKlass org/jetbrains/kotlin/load/kotlin/AbstractBinaryClassAnnotationLoader$loadClassAnnotations$1
instanceKlass org/jetbrains/kotlin/resolve/SinceKotlinUtilKt
instanceKlass org/jetbrains/kotlin/metadata/ProtoBuf$1
instanceKlass org/jetbrains/kotlin/resolve/AllUnderImportScope$Companion
instanceKlass kotlin/collections/ArraysKt___ArraysKt$asIterable$$inlined$Iterable$1
instanceKlass org/jetbrains/kotlin/descriptors/annotations/KotlinTarget$Companion
instanceKlass java/util/RegularEnumSet$EnumSetIterator
instanceKlass org/jetbrains/kotlin/resolve/jvm/KotlinJavaPsiFacade$3
instanceKlass org/jetbrains/kotlin/resolve/scopes/MemberScope$DefaultImpls
instanceKlass org/jetbrains/kotlin/descriptors/annotations/AnnotationsKt
instanceKlass kotlin/sequences/DropWhileSequence$iterator$1
instanceKlass kotlin/sequences/DropWhileSequence
instanceKlass  @bci org/jetbrains/kotlin/psi/typeRefHelpers/TypeRefHelpersKt getTypeReference (Lorg/jetbrains/kotlin/psi/KtCallableDeclaration;)Lorg/jetbrains/kotlin/psi/KtTypeReference; 23 <appendix> argL0 ; # org/jetbrains/kotlin/psi/typeRefHelpers/TypeRefHelpersKt$$Lambda+0x0000000100646278
instanceKlass org/jetbrains/kotlin/psi/typeRefHelpers/TypeRefHelpersKt
instanceKlass org/jetbrains/kotlin/resolve/scopes/ScopeUtils
instanceKlass  @bci org/jetbrains/kotlin/resolve/DescriptorResolver resolveAsPropertyDescriptor (Lorg/jetbrains/kotlin/descriptors/DeclarationDescriptor;Lorg/jetbrains/kotlin/resolve/scopes/LexicalScope;Lorg/jetbrains/kotlin/resolve/scopes/LexicalScope;Lorg/jetbrains/kotlin/psi/KtVariableDeclaration;Lorg/jetbrains/kotlin/resolve/BindingTrace;Lorg/jetbrains/kotlin/resolve/calls/smartcasts/DataFlowInfo;Lorg/jetbrains/kotlin/resolve/calls/components/InferenceSession;Lorg/jetbrains/kotlin/resolve/VariableAsPropertyInfo;)Lorg/jetbrains/kotlin/descriptors/PropertyDescriptor; 714 <appendix> member <vmtarget> ; # org/jetbrains/kotlin/resolve/DescriptorResolver$$Lambda+0x0000000100645bb0
instanceKlass  @cpi org/jetbrains/kotlin/resolve/DescriptorResolver 1489 form vmentry <vmtarget> ; # java/lang/invoke/LambdaForm$DMH+0x0000000100638400
instanceKlass  @bci org/jetbrains/kotlin/descriptors/annotations/AnnotationSplitter$LazySplitAnnotations <init> (Lorg/jetbrains/kotlin/descriptors/annotations/AnnotationSplitter;Lorg/jetbrains/kotlin/storage/StorageManager;Lorg/jetbrains/kotlin/descriptors/annotations/AnnotationUseSiteTarget;)V 27 <appendix> member <vmtarget> ; # org/jetbrains/kotlin/descriptors/annotations/AnnotationSplitter$LazySplitAnnotations$$Lambda+0x0000000100645958
instanceKlass org/jetbrains/kotlin/descriptors/annotations/AnnotationSplitter$LazySplitAnnotations
instanceKlass org/jetbrains/kotlin/descriptors/annotations/CompositeAnnotations
instanceKlass  @bci org/jetbrains/kotlin/descriptors/annotations/AnnotationSplitter <init> (Lorg/jetbrains/kotlin/storage/StorageManager;Lorg/jetbrains/kotlin/descriptors/annotations/Annotations;Ljava/util/Set;)V 34 <appendix> member <vmtarget> ; # org/jetbrains/kotlin/descriptors/annotations/AnnotationSplitter$$Lambda+0x0000000100644d38
instanceKlass org/jetbrains/kotlin/descriptors/annotations/AnnotationSplitter$Companion
instanceKlass org/jetbrains/kotlin/descriptors/annotations/AnnotationSplitter
instanceKlass org/jetbrains/kotlin/descriptors/annotations/TargetedAnnotations
instanceKlass org/jetbrains/kotlin/com/intellij/openapi/project/ProjectCoreUtil
instanceKlass org/jetbrains/kotlin/resolve/VariableAsPropertyInfo$Companion
instanceKlass org/jetbrains/kotlin/resolve/VariableAsPropertyInfo
instanceKlass org/jetbrains/kotlin/resolve/calls/components/InferenceSession$Companion$default$1
instanceKlass org/jetbrains/kotlin/resolve/calls/components/InferenceSession$Companion
instanceKlass org/jetbrains/kotlin/resolve/calls/smartcasts/DataFlowInfoImpl$Companion
instanceKlass org/jetbrains/kotlin/resolve/calls/smartcasts/DataFlowInfoImpl
instanceKlass org/jetbrains/kotlin/resolve/calls/smartcasts/DataFlowInfoFactory
instanceKlass  @bci org/jetbrains/kotlin/resolve/lazy/descriptors/ClassResolutionScopesSupportKt scopeForInitializerResolution (Lorg/jetbrains/kotlin/resolve/lazy/descriptors/LazyClassDescriptor;Lorg/jetbrains/kotlin/descriptors/DeclarationDescriptor;Ljava/util/List;)Lorg/jetbrains/kotlin/resolve/scopes/LexicalScope; 47 <appendix> member <vmtarget> ; # org/jetbrains/kotlin/resolve/lazy/descriptors/ClassResolutionScopesSupportKt$$Lambda+0x0000000100642ec8
instanceKlass org/jetbrains/kotlin/resolve/lazy/descriptors/ClassResolutionScopesSupportKt
instanceKlass  @bci org/jetbrains/kotlin/storage/LockBasedLazyResolveStorageManager$LockProtectedTrace record (Lorg/jetbrains/kotlin/util/slicedMap/WritableSlice;Ljava/lang/Object;)V 13 <appendix> member <vmtarget> ; # org/jetbrains/kotlin/storage/LockBasedLazyResolveStorageManager$LockProtectedTrace$$Lambda+0x0000000100642a38
instanceKlass org/jetbrains/kotlin/util/Box
instanceKlass  @bci org/jetbrains/kotlin/types/DeferredType <clinit> ()V 0 <appendix> argL0 ; # org/jetbrains/kotlin/types/DeferredType$$Lambda+0x00000001006425a0
instanceKlass  @bci org/jetbrains/kotlin/resolve/lazy/descriptors/LazyClassMemberScope setDeferredReturnType (Lorg/jetbrains/kotlin/descriptors/impl/ClassConstructorDescriptorImpl;)V 22 <appendix> member <vmtarget> ; # org/jetbrains/kotlin/resolve/lazy/descriptors/LazyClassMemberScope$$Lambda+0x0000000100642090
instanceKlass org/jetbrains/kotlin/resolve/DescriptorFactory
instanceKlass  @bci org/jetbrains/kotlin/resolve/scopes/LexicalScopeImpl <init> (Lorg/jetbrains/kotlin/resolve/scopes/HierarchicalScope;Lorg/jetbrains/kotlin/descriptors/DeclarationDescriptor;ZLorg/jetbrains/kotlin/descriptors/ReceiverParameterDescriptor;Ljava/util/List;Lorg/jetbrains/kotlin/resolve/scopes/LexicalScopeKind;Lorg/jetbrains/kotlin/resolve/scopes/LocalRedeclarationChecker;Lkotlin/jvm/functions/Function1;ILkotlin/jvm/internal/DefaultConstructorMarker;)V 25 <appendix> argL0 ; # org/jetbrains/kotlin/resolve/scopes/LexicalScopeImpl$$Lambda+0x0000000100640f50
instanceKlass java/util/stream/Sink$ChainedInt
instanceKlass java/util/stream/Sink$OfInt
instanceKlass java/util/stream/Sink$ChainedReference
instanceKlass java/util/stream/ReduceOps$Box
instanceKlass java/util/stream/ReduceOps$AccumulatingSink
instanceKlass java/util/stream/TerminalSink
instanceKlass java/util/stream/ReduceOps$ReduceOp
instanceKlass java/util/stream/ReduceOps
instanceKlass  @bci java/util/stream/Collectors toList ()Ljava/util/stream/Collector; 14 <appendix> argL0 ; # java/util/stream/Collectors$$Lambda+0x0000000100660788
instanceKlass  @bci java/util/stream/Collectors toList ()Ljava/util/stream/Collector; 9 <appendix> argL0 ; # java/util/stream/Collectors$$Lambda+0x0000000100660528
instanceKlass  @bci java/util/stream/Collectors toList ()Ljava/util/stream/Collector; 4 <appendix> argL0 ; # java/util/stream/Collectors$$Lambda+0x000000010017fca0
instanceKlass  @bci org/jetbrains/kotlin/resolve/lazy/descriptors/LazyClassDescriptor lambda$new$9 (Lorg/jetbrains/kotlin/resolve/lazy/LazyClassContext;)Ljava/util/List; 42 <appendix> argL0 ; # org/jetbrains/kotlin/resolve/lazy/descriptors/LazyClassDescriptor$$Lambda+0x0000000100640cd0
instanceKlass  @bci org/jetbrains/kotlin/resolve/lazy/descriptors/LazyClassDescriptor lambda$new$9 (Lorg/jetbrains/kotlin/resolve/lazy/LazyClassContext;)Ljava/util/List; 32 <appendix> member <vmtarget> ; # org/jetbrains/kotlin/resolve/lazy/descriptors/LazyClassDescriptor$$Lambda+0x0000000100640a78
instanceKlass java/util/stream/IntStream
instanceKlass org/jetbrains/kotlin/resolve/scopes/receivers/ImplicitClassReceiver
instanceKlass org/jetbrains/kotlin/resolve/scopes/receivers/ThisClassReceiver
instanceKlass org/jetbrains/kotlin/resolve/scopes/receivers/ImplicitReceiver
instanceKlass org/jetbrains/kotlin/resolve/scopes/LexicalChainedScope$Companion
instanceKlass org/jetbrains/kotlin/resolve/scopes/LexicalChainedScope
instanceKlass org/jetbrains/kotlin/utils/DFS
instanceKlass org/jetbrains/kotlin/utils/DFS$AbstractNodeHandler
instanceKlass org/jetbrains/kotlin/utils/DFS$NodeHandler
instanceKlass org/jetbrains/kotlin/utils/DFS$VisitedWithSet
instanceKlass org/jetbrains/kotlin/utils/DFS$Visited
instanceKlass org/jetbrains/kotlin/resolve/FindLoopsInSupertypes
instanceKlass  @bci org/jetbrains/kotlin/resolve/SupertypeLoopCheckerImpl findLoopsInSupertypesAndDisconnect (Lorg/jetbrains/kotlin/types/TypeConstructor;Ljava/util/Collection;Lkotlin/jvm/functions/Function1;Lkotlin/jvm/functions/Function1;)Ljava/util/Collection; 26 <appendix> member <vmtarget> ; # org/jetbrains/kotlin/resolve/SupertypeLoopCheckerImpl$$Lambda+0x000000010063ae80
instanceKlass org/jetbrains/kotlin/utils/DFS$Neighbors
instanceKlass org/jetbrains/kotlin/types/IntersectionTypeConstructor
instanceKlass org/jetbrains/kotlin/types/model/IntersectionTypeConstructorMarker
instanceKlass org/jetbrains/kotlin/types/CustomTypeParameter
instanceKlass org/jetbrains/kotlin/utils/SmartSet$Companion
instanceKlass  @bci org/jetbrains/kotlin/types/typeUtil/TypeUtilsKt containsTypeAliasParameters (Lorg/jetbrains/kotlin/types/KotlinType;)Z 7 <appendix> argL0 ; # org/jetbrains/kotlin/types/typeUtil/TypeUtilsKt$$Lambda+0x000000010063f818
instanceKlass org/jetbrains/kotlin/descriptors/annotations/AnnotationDescriptor$DefaultImpls
instanceKlass  @bci org/jetbrains/kotlin/resolve/lazy/descriptors/LazyAnnotationDescriptor <init> (Lorg/jetbrains/kotlin/resolve/lazy/descriptors/LazyAnnotationsContext;Lorg/jetbrains/kotlin/psi/KtAnnotationEntry;)V 192 <appendix> member <vmtarget> ; # org/jetbrains/kotlin/resolve/lazy/descriptors/LazyAnnotationDescriptor$$Lambda+0x000000010063f388
instanceKlass  @bci org/jetbrains/kotlin/resolve/lazy/descriptors/LazyAnnotationDescriptor <init> (Lorg/jetbrains/kotlin/resolve/lazy/descriptors/LazyAnnotationsContext;Lorg/jetbrains/kotlin/psi/KtAnnotationEntry;)V 170 <appendix> member <vmtarget> ; # org/jetbrains/kotlin/resolve/lazy/descriptors/LazyAnnotationDescriptor$$Lambda+0x000000010063f130
instanceKlass org/jetbrains/kotlin/resolve/lazy/descriptors/LazyAnnotationDescriptor$FileDescriptorForVisibilityChecks
instanceKlass  @bci org/jetbrains/kotlin/resolve/lazy/descriptors/LazyAnnotationDescriptor <init> (Lorg/jetbrains/kotlin/resolve/lazy/descriptors/LazyAnnotationsContext;Lorg/jetbrains/kotlin/psi/KtAnnotationEntry;)V 40 <appendix> argL0 ; # org/jetbrains/kotlin/resolve/lazy/descriptors/LazyAnnotationDescriptor$$Lambda+0x000000010063ead0
instanceKlass  @bci org/jetbrains/kotlin/resolve/lazy/descriptors/LazyAnnotationDescriptor <init> (Lorg/jetbrains/kotlin/resolve/lazy/descriptors/LazyAnnotationsContext;Lorg/jetbrains/kotlin/psi/KtAnnotationEntry;)V 35 <appendix> member <vmtarget> ; # org/jetbrains/kotlin/resolve/lazy/descriptors/LazyAnnotationDescriptor$$Lambda+0x000000010063e878
instanceKlass org/jetbrains/kotlin/resolve/lazy/descriptors/LazyAnnotationDescriptor
instanceKlass  @bci org/jetbrains/kotlin/storage/LockBasedLazyResolveStorageManager$LockProtectedTrace get (Lorg/jetbrains/kotlin/util/slicedMap/ReadOnlySlice;Ljava/lang/Object;)Ljava/lang/Object; 13 <appendix> member <vmtarget> ; # org/jetbrains/kotlin/storage/LockBasedLazyResolveStorageManager$LockProtectedTrace$$Lambda+0x000000010063e380
instanceKlass org/jetbrains/kotlin/descriptors/annotations/Annotations$DefaultImpls
instanceKlass org/jetbrains/kotlin/resolve/jvm/annotations/JvmAnnotationUtilKt
instanceKlass org/jetbrains/kotlin/types/SpecialTypesKt
instanceKlass org/jetbrains/kotlin/types/DynamicTypesKt
instanceKlass  @bci org/jetbrains/kotlin/resolve/TypeResolver classifierDescriptorsFromInnerToOuter (Lorg/jetbrains/kotlin/descriptors/ClassifierDescriptor;)Ljava/util/List; 6 <appendix> argL0 ; # org/jetbrains/kotlin/resolve/TypeResolver$$Lambda+0x000000010063c900
instanceKlass  @bci org/jetbrains/kotlin/resolve/TypeResolver classifierDescriptorsFromInnerToOuter (Lorg/jetbrains/kotlin/descriptors/ClassifierDescriptor;)Ljava/util/List; 1 <appendix> member <vmtarget> ; # org/jetbrains/kotlin/resolve/TypeResolver$$Lambda+0x000000010063c6a8
instanceKlass org/jetbrains/kotlin/resolve/checkers/TrailingCommaChecker
instanceKlass org/jetbrains/kotlin/resolve/PlatformClassesMappedToKotlinChecker
instanceKlass org/jetbrains/kotlin/descriptors/DescriptorVisibilityUtils
instanceKlass org/jetbrains/kotlin/resolve/QualifiedExpressionResolverKt
instanceKlass org/jetbrains/kotlin/descriptors/DescriptorWithDeprecation$Companion
instanceKlass org/jetbrains/kotlin/descriptors/DescriptorWithDeprecation
instanceKlass org/jetbrains/kotlin/load/kotlin/KotlinJvmBinarySourceElement
instanceKlass org/jetbrains/kotlin/incremental/LookupSymbol
instanceKlass org/jetbrains/kotlin/incremental/components/Position$Companion
instanceKlass org/jetbrains/kotlin/psi/KtPsiFactoryKt
instanceKlass  @bci org/jetbrains/kotlin/resolve/QualifiedExpressionResolver processSingleImport (Lorg/jetbrains/kotlin/descriptors/ModuleDescriptor;Lorg/jetbrains/kotlin/resolve/BindingTrace;Lorg/jetbrains/kotlin/psi/KtImportInfo;Ljava/util/List;Lorg/jetbrains/kotlin/resolve/QualifiedExpressionResolver$QualifierPart;Lorg/jetbrains/kotlin/descriptors/PackageFragmentDescriptor;)Lorg/jetbrains/kotlin/resolve/scopes/ImportingScope; 165 <appendix> member <vmtarget> ; # org/jetbrains/kotlin/resolve/QualifiedExpressionResolver$$Lambda+0x0000000100636af0
instanceKlass org/jetbrains/kotlin/utils/CallOnceFunction
instanceKlass  @bci org/jetbrains/kotlin/psi/psiUtil/KtPsiUtilKt getTopmostParentQualifiedExpressionForSelector (Lorg/jetbrains/kotlin/psi/KtSimpleNameExpression;)Lorg/jetbrains/kotlin/psi/KtQualifiedExpression; 7 <appendix> argL0 ; # org/jetbrains/kotlin/psi/psiUtil/KtPsiUtilKt$$Lambda+0x00000001006362c0
instanceKlass org/jetbrains/kotlin/resolve/scopes/receivers/QualifierKt
instanceKlass org/jetbrains/kotlin/resolve/scopes/receivers/PackageQualifier
instanceKlass kotlin/collections/ReversedList$listIterator$1
instanceKlass kotlin/jvm/internal/markers/KMutableListIterator
instanceKlass java/util/AbstractList$SubList$1
instanceKlass org/jetbrains/kotlin/resolve/PackageFragmentWithCustomSource
instanceKlass kotlin/jvm/internal/markers/KMutableList
# instanceKlass java/lang/invoke/LambdaForm$MH+0x0000000100638000
instanceKlass org/jetbrains/kotlin/com/google/common/collect/PeekingIterator
instanceKlass org/jetbrains/kotlin/com/google/common/collect/Iterators
instanceKlass org/jetbrains/kotlin/com/google/common/collect/ObjectArrays
instanceKlass org/jetbrains/kotlin/com/google/common/collect/ImmutableMultimap$Builder
instanceKlass  @bci org/jetbrains/kotlin/resolve/lazy/LazyImportScope getClassifier (Lorg/jetbrains/kotlin/resolve/lazy/LazyImportResolver;Lorg/jetbrains/kotlin/name/Name;Lorg/jetbrains/kotlin/incremental/components/LookupLocation;)Lorg/jetbrains/kotlin/descriptors/ClassifierDescriptor; 11 <appendix> member <vmtarget> ; # org/jetbrains/kotlin/resolve/lazy/LazyImportScope$$Lambda+0x000000010062d7c0
instanceKlass org/jetbrains/kotlin/resolve/scopes/ImportingScope$DefaultImpls
instanceKlass org/jetbrains/kotlin/resolve/lazy/FileScopeFactory$currentPackageScope$1
instanceKlass  @bci org/jetbrains/kotlin/resolve/lazy/FileScopeFactory currentPackageScope (Lorg/jetbrains/kotlin/descriptors/PackageViewDescriptor;Ljava/util/Collection;Lorg/jetbrains/kotlin/resolve/lazy/FileScopeFactory$DummyContainerDescriptor;Lorg/jetbrains/kotlin/resolve/lazy/FileScopeFactory$FilteringKind;Lorg/jetbrains/kotlin/resolve/scopes/ImportingScope;)Lorg/jetbrains/kotlin/resolve/scopes/ImportingScope; 13 <appendix> member <vmtarget> ; # org/jetbrains/kotlin/resolve/lazy/FileScopeFactory$$Lambda+0x000000010062cc50
instanceKlass org/jetbrains/kotlin/resolve/DelegatingBindingTrace$MyBindingContext
instanceKlass org/jetbrains/kotlin/resolve/AnalyzingUtils
instanceKlass org/jetbrains/kotlin/resolve/extensions/ExtraImportsProviderExtension$Companion$CompoundExtraImportsProviderExtension
instanceKlass org/jetbrains/kotlin/resolve/scopes/ResolutionScope$DefaultImpls
instanceKlass org/jetbrains/kotlin/resolve/scopes/HierarchicalScope$DefaultImpls
instanceKlass org/jetbrains/kotlin/resolve/scopes/LexicalScope$DefaultImpls
instanceKlass  @bci org/jetbrains/kotlin/incremental/KotlinLookupLocation <init> (Lorg/jetbrains/kotlin/psi/KtElement;)V 17 <appendix> member <vmtarget> ; # org/jetbrains/kotlin/incremental/KotlinLookupLocation$$Lambda+0x000000010062b348
instanceKlass org/jetbrains/kotlin/incremental/KotlinLookupLocation$cachedLocation$2$1
instanceKlass org/jetbrains/kotlin/incremental/components/LocationInfo
instanceKlass  @bci org/jetbrains/kotlin/resolve/TypeResolver resolveTypeElement (Lorg/jetbrains/kotlin/resolve/TypeResolutionContext;Lorg/jetbrains/kotlin/descriptors/annotations/Annotations;Lorg/jetbrains/kotlin/psi/KtModifierList;Lorg/jetbrains/kotlin/psi/KtTypeElement;)Lorg/jetbrains/kotlin/resolve/PossiblyBareType; 28 <appendix> member <vmtarget> ; # org/jetbrains/kotlin/resolve/TypeResolver$$Lambda+0x0000000100627958
instanceKlass org/jetbrains/kotlin/psi/KtCodeFragmentBase
instanceKlass org/jetbrains/kotlin/com/intellij/psi/JavaCodeFragment
instanceKlass org/jetbrains/kotlin/com/intellij/psi/PsiCodeFragment
instanceKlass org/jetbrains/kotlin/psi/codeFragmentUtil/CodeFragmentUtilKt
instanceKlass  @bci org/jetbrains/kotlin/psi/KtSuperTypeListEntry <clinit> ()V 7 <appendix> argL0 ; # org/jetbrains/kotlin/psi/KtSuperTypeListEntry$$Lambda+0x0000000100626e40
instanceKlass org/jetbrains/kotlin/com/google/common/collect/Lists
instanceKlass org/jetbrains/kotlin/resolve/scopes/LocalRedeclarationChecker$DO_NOTHING
instanceKlass  @bci org/jetbrains/kotlin/resolve/lazy/descriptors/ClassResolutionScopesSupport scopeWithGenerics (Lorg/jetbrains/kotlin/resolve/scopes/LexicalScope;)Lorg/jetbrains/kotlin/resolve/scopes/LexicalScopeImpl; 25 <appendix> member <vmtarget> ; # org/jetbrains/kotlin/resolve/lazy/descriptors/ClassResolutionScopesSupport$$Lambda+0x0000000100622f18
instanceKlass org/jetbrains/kotlin/resolve/scopes/LexicalScopeImpl$InitializeHandler
instanceKlass org/jetbrains/kotlin/resolve/scopes/utils/ScopeUtilsKt
instanceKlass org/jetbrains/kotlin/resolve/bindingContextUtil/BindingContextUtilsKt
instanceKlass org/jetbrains/kotlin/resolve/lazy/FileScopeFactory$FilesScopesBuilder$importResolver$1
instanceKlass  @bci org/jetbrains/kotlin/resolve/lazy/FileScopeFactory$FilesScopesBuilder$lazyImportingScope$1 <init> (Lorg/jetbrains/kotlin/resolve/lazy/FileScopeFactory;Lorg/jetbrains/kotlin/resolve/lazy/FileScopeFactory$FilesScopesBuilder;)V 20 <appendix> member <vmtarget> ; # org/jetbrains/kotlin/resolve/lazy/FileScopeFactory$FilesScopesBuilder$lazyImportingScope$1$$Lambda+0x0000000100621be0
instanceKlass org/jetbrains/kotlin/resolve/lazy/LazyImportScope
instanceKlass org/jetbrains/kotlin/resolve/scopes/BaseHierarchicalScope
instanceKlass org/jetbrains/kotlin/resolve/lazy/FileScopeFactory$FilesScopesBuilder$lazyImportingScope$1
instanceKlass  @bci org/jetbrains/kotlin/resolve/lazy/LazyImportResolverForKtImportDirective <init> (Lorg/jetbrains/kotlin/resolve/lazy/ImportResolutionComponents;Lorg/jetbrains/kotlin/resolve/lazy/IndexedImports;Ljava/util/Collection;Lorg/jetbrains/kotlin/resolve/BindingTrace;Lorg/jetbrains/kotlin/descriptors/PackageFragmentDescriptor;)V 67 <appendix> member <vmtarget> ; # org/jetbrains/kotlin/resolve/lazy/LazyImportResolverForKtImportDirective$$Lambda+0x0000000100620940
instanceKlass  @bci org/jetbrains/kotlin/resolve/lazy/LazyImportResolverForKtImportDirective <init> (Lorg/jetbrains/kotlin/resolve/lazy/ImportResolutionComponents;Lorg/jetbrains/kotlin/resolve/lazy/IndexedImports;Ljava/util/Collection;Lorg/jetbrains/kotlin/resolve/BindingTrace;Lorg/jetbrains/kotlin/descriptors/PackageFragmentDescriptor;)V 45 <appendix> member <vmtarget> ; # org/jetbrains/kotlin/resolve/lazy/LazyImportResolverForKtImportDirective$$Lambda+0x00000001006206e8
instanceKlass  @bci org/jetbrains/kotlin/resolve/lazy/LazyImportResolver <init> (Lorg/jetbrains/kotlin/resolve/lazy/ImportResolutionComponents;Lorg/jetbrains/kotlin/resolve/lazy/IndexedImports;Ljava/util/Collection;Lorg/jetbrains/kotlin/resolve/BindingTrace;Lorg/jetbrains/kotlin/descriptors/PackageFragmentDescriptor;)V 103 <appendix> member <vmtarget> ; # org/jetbrains/kotlin/resolve/lazy/LazyImportResolver$$Lambda+0x0000000100620490
instanceKlass  @bci org/jetbrains/kotlin/resolve/lazy/LazyImportResolver <init> (Lorg/jetbrains/kotlin/resolve/lazy/ImportResolutionComponents;Lorg/jetbrains/kotlin/resolve/lazy/IndexedImports;Ljava/util/Collection;Lorg/jetbrains/kotlin/resolve/BindingTrace;Lorg/jetbrains/kotlin/descriptors/PackageFragmentDescriptor;)V 76 <appendix> member <vmtarget> ; # org/jetbrains/kotlin/resolve/lazy/LazyImportResolver$$Lambda+0x0000000100620238
instanceKlass org/jetbrains/kotlin/resolve/lazy/FileScopeFactoryKt
instanceKlass org/jetbrains/kotlin/resolve/lazy/LazyImportResolver
instanceKlass  @bci org/jetbrains/kotlin/resolve/lazy/ExplicitImportsIndexed <init> ([Lorg/jetbrains/kotlin/psi/KtImportInfo;Lorg/jetbrains/kotlin/storage/StorageManager;)V 20 <appendix> member <vmtarget> ; # org/jetbrains/kotlin/resolve/lazy/ExplicitImportsIndexed$$Lambda+0x000000010061da18
instanceKlass org/jetbrains/kotlin/resolve/lazy/IndexedImports
instanceKlass org/jetbrains/kotlin/resolve/lazy/FileScopeFactory$FilesScopesBuilder
instanceKlass org/jetbrains/kotlin/resolve/lazy/FileScopeProviderKt
instanceKlass  @bci org/jetbrains/kotlin/resolve/lazy/descriptors/LazyClassDescriptor <init> (Lorg/jetbrains/kotlin/resolve/lazy/LazyClassContext;Lorg/jetbrains/kotlin/descriptors/DeclarationDescriptor;Lorg/jetbrains/kotlin/name/Name;Lorg/jetbrains/kotlin/resolve/lazy/data/KtClassLikeInfo;Z)V 215 <appendix> argL0 ; # org/jetbrains/kotlin/resolve/lazy/descriptors/LazyClassDescriptor$$Lambda+0x000000010061f068
instanceKlass  @bci org/jetbrains/kotlin/resolve/lazy/descriptors/LazyClassMemberScope <init> (Lorg/jetbrains/kotlin/resolve/lazy/LazyClassContext;Lorg/jetbrains/kotlin/resolve/lazy/declarations/ClassMemberDeclarationProvider;Lorg/jetbrains/kotlin/descriptors/ClassDescriptorWithResolutionScopes;Lorg/jetbrains/kotlin/resolve/BindingTrace;Lorg/jetbrains/kotlin/types/checker/KotlinTypeRefiner;Lorg/jetbrains/kotlin/resolve/lazy/descriptors/LazyClassMemberScope;)V 226 <appendix> member <vmtarget> ; # org/jetbrains/kotlin/resolve/lazy/descriptors/LazyClassMemberScope$$Lambda+0x000000010061ee10
instanceKlass  @bci org/jetbrains/kotlin/resolve/lazy/descriptors/LazyClassMemberScope <init> (Lorg/jetbrains/kotlin/resolve/lazy/LazyClassContext;Lorg/jetbrains/kotlin/resolve/lazy/declarations/ClassMemberDeclarationProvider;Lorg/jetbrains/kotlin/descriptors/ClassDescriptorWithResolutionScopes;Lorg/jetbrains/kotlin/resolve/BindingTrace;Lorg/jetbrains/kotlin/types/checker/KotlinTypeRefiner;Lorg/jetbrains/kotlin/resolve/lazy/descriptors/LazyClassMemberScope;)V 205 <appendix> member <vmtarget> ; # org/jetbrains/kotlin/resolve/lazy/descriptors/LazyClassMemberScope$$Lambda+0x000000010061ebb8
instanceKlass  @bci org/jetbrains/kotlin/resolve/lazy/descriptors/LazyClassMemberScope <init> (Lorg/jetbrains/kotlin/resolve/lazy/LazyClassContext;Lorg/jetbrains/kotlin/resolve/lazy/declarations/ClassMemberDeclarationProvider;Lorg/jetbrains/kotlin/descriptors/ClassDescriptorWithResolutionScopes;Lorg/jetbrains/kotlin/resolve/BindingTrace;Lorg/jetbrains/kotlin/types/checker/KotlinTypeRefiner;Lorg/jetbrains/kotlin/resolve/lazy/descriptors/LazyClassMemberScope;)V 184 <appendix> member <vmtarget> ; # org/jetbrains/kotlin/resolve/lazy/descriptors/LazyClassMemberScope$$Lambda+0x000000010061e960
instanceKlass  @bci org/jetbrains/kotlin/resolve/lazy/descriptors/LazyClassMemberScope <init> (Lorg/jetbrains/kotlin/resolve/lazy/LazyClassContext;Lorg/jetbrains/kotlin/resolve/lazy/declarations/ClassMemberDeclarationProvider;Lorg/jetbrains/kotlin/descriptors/ClassDescriptorWithResolutionScopes;Lorg/jetbrains/kotlin/resolve/BindingTrace;Lorg/jetbrains/kotlin/types/checker/KotlinTypeRefiner;Lorg/jetbrains/kotlin/resolve/lazy/descriptors/LazyClassMemberScope;)V 165 <appendix> member <vmtarget> ; # org/jetbrains/kotlin/resolve/lazy/descriptors/LazyClassMemberScope$$Lambda+0x000000010061e708
instanceKlass  @bci org/jetbrains/kotlin/resolve/lazy/descriptors/LazyClassMemberScope <init> (Lorg/jetbrains/kotlin/resolve/lazy/LazyClassContext;Lorg/jetbrains/kotlin/resolve/lazy/declarations/ClassMemberDeclarationProvider;Lorg/jetbrains/kotlin/descriptors/ClassDescriptorWithResolutionScopes;Lorg/jetbrains/kotlin/resolve/BindingTrace;Lorg/jetbrains/kotlin/types/checker/KotlinTypeRefiner;Lorg/jetbrains/kotlin/resolve/lazy/descriptors/LazyClassMemberScope;)V 144 <appendix> member <vmtarget> ; # org/jetbrains/kotlin/resolve/lazy/descriptors/LazyClassMemberScope$$Lambda+0x000000010061e4b0
instanceKlass  @bci org/jetbrains/kotlin/resolve/lazy/descriptors/LazyClassMemberScope <init> (Lorg/jetbrains/kotlin/resolve/lazy/LazyClassContext;Lorg/jetbrains/kotlin/resolve/lazy/declarations/ClassMemberDeclarationProvider;Lorg/jetbrains/kotlin/descriptors/ClassDescriptorWithResolutionScopes;Lorg/jetbrains/kotlin/resolve/BindingTrace;Lorg/jetbrains/kotlin/types/checker/KotlinTypeRefiner;Lorg/jetbrains/kotlin/resolve/lazy/descriptors/LazyClassMemberScope;)V 123 <appendix> member <vmtarget> ; # org/jetbrains/kotlin/resolve/lazy/descriptors/LazyClassMemberScope$$Lambda+0x000000010061e258
instanceKlass  @bci org/jetbrains/kotlin/resolve/lazy/descriptors/LazyClassMemberScope <init> (Lorg/jetbrains/kotlin/resolve/lazy/LazyClassContext;Lorg/jetbrains/kotlin/resolve/lazy/declarations/ClassMemberDeclarationProvider;Lorg/jetbrains/kotlin/descriptors/ClassDescriptorWithResolutionScopes;Lorg/jetbrains/kotlin/resolve/BindingTrace;Lorg/jetbrains/kotlin/types/checker/KotlinTypeRefiner;Lorg/jetbrains/kotlin/resolve/lazy/descriptors/LazyClassMemberScope;)V 102 <appendix> member <vmtarget> ; # org/jetbrains/kotlin/resolve/lazy/descriptors/LazyClassMemberScope$$Lambda+0x000000010061e000
instanceKlass  @bci org/jetbrains/kotlin/resolve/lazy/descriptors/LazyClassMemberScope <init> (Lorg/jetbrains/kotlin/resolve/lazy/LazyClassContext;Lorg/jetbrains/kotlin/resolve/lazy/declarations/ClassMemberDeclarationProvider;Lorg/jetbrains/kotlin/descriptors/ClassDescriptorWithResolutionScopes;Lorg/jetbrains/kotlin/resolve/BindingTrace;Lorg/jetbrains/kotlin/types/checker/KotlinTypeRefiner;Lorg/jetbrains/kotlin/resolve/lazy/descriptors/LazyClassMemberScope;)V 83 <appendix> member <vmtarget> ; # org/jetbrains/kotlin/resolve/lazy/descriptors/LazyClassMemberScope$$Lambda+0x000000010061bc38
instanceKlass  @bci org/jetbrains/kotlin/resolve/lazy/descriptors/LazyClassMemberScope <init> (Lorg/jetbrains/kotlin/resolve/lazy/LazyClassContext;Lorg/jetbrains/kotlin/resolve/lazy/declarations/ClassMemberDeclarationProvider;Lorg/jetbrains/kotlin/descriptors/ClassDescriptorWithResolutionScopes;Lorg/jetbrains/kotlin/resolve/BindingTrace;Lorg/jetbrains/kotlin/types/checker/KotlinTypeRefiner;Lorg/jetbrains/kotlin/resolve/lazy/descriptors/LazyClassMemberScope;)V 64 <appendix> member <vmtarget> ; # org/jetbrains/kotlin/resolve/lazy/descriptors/LazyClassMemberScope$$Lambda+0x000000010061b9e0
instanceKlass org/jetbrains/kotlin/resolve/lazy/descriptors/LazyClassMemberScope$Companion$EXTRACT_PROPERTIES$1
instanceKlass org/jetbrains/kotlin/resolve/lazy/descriptors/LazyClassMemberScope$Companion$EXTRACT_FUNCTIONS$1
instanceKlass org/jetbrains/kotlin/resolve/lazy/descriptors/LazyClassMemberScope$MemberExtractor
instanceKlass org/jetbrains/kotlin/resolve/lazy/descriptors/LazyClassMemberScope$Companion
instanceKlass  @bci org/jetbrains/kotlin/storage/LockBasedLazyResolveStorageManager$LockProtectedContext get (Lorg/jetbrains/kotlin/util/slicedMap/ReadOnlySlice;Ljava/lang/Object;)Ljava/lang/Object; 13 <appendix> member <vmtarget> ; # org/jetbrains/kotlin/storage/LockBasedLazyResolveStorageManager$LockProtectedContext$$Lambda+0x000000010061ae80
instanceKlass  @bci org/jetbrains/kotlin/storage/LockBasedLazyResolveStorageManager$LockProtectedTrace record (Lorg/jetbrains/kotlin/util/slicedMap/WritableSlice;Ljava/lang/Object;Ljava/lang/Object;)V 14 <appendix> member <vmtarget> ; # org/jetbrains/kotlin/storage/LockBasedLazyResolveStorageManager$LockProtectedTrace$$Lambda+0x000000010061ac28
instanceKlass  @bci org/jetbrains/kotlin/resolve/lazy/descriptors/LazyClassDescriptor <init> (Lorg/jetbrains/kotlin/resolve/lazy/LazyClassContext;Lorg/jetbrains/kotlin/descriptors/DeclarationDescriptor;Lorg/jetbrains/kotlin/name/Name;Lorg/jetbrains/kotlin/resolve/lazy/data/KtClassLikeInfo;Z)V 863 <appendix> member <vmtarget> ; # org/jetbrains/kotlin/resolve/lazy/descriptors/LazyClassDescriptor$$Lambda+0x000000010061a9d0
instanceKlass  @bci org/jetbrains/kotlin/resolve/lazy/descriptors/LazyClassDescriptor <init> (Lorg/jetbrains/kotlin/resolve/lazy/LazyClassContext;Lorg/jetbrains/kotlin/descriptors/DeclarationDescriptor;Lorg/jetbrains/kotlin/name/Name;Lorg/jetbrains/kotlin/resolve/lazy/data/KtClassLikeInfo;Z)V 845 <adapter> ; # java/lang/invoke/LambdaForm$MH+0x000000010061c800
instanceKlass  @cpi org/jetbrains/kotlin/resolve/lazy/descriptors/LazyClassDescriptor 1179 form vmentry <vmtarget> ; # java/lang/invoke/LambdaForm$DMH+0x000000010061c400
instanceKlass  @bci org/jetbrains/kotlin/resolve/lazy/descriptors/LazyClassDescriptor <init> (Lorg/jetbrains/kotlin/resolve/lazy/LazyClassContext;Lorg/jetbrains/kotlin/descriptors/DeclarationDescriptor;Lorg/jetbrains/kotlin/name/Name;Lorg/jetbrains/kotlin/resolve/lazy/data/KtClassLikeInfo;Z)V 845 <appendix> form vmentry <vmtarget> ; # java/lang/invoke/LambdaForm$DMH+0x000000010061c000
instanceKlass  @bci org/jetbrains/kotlin/resolve/lazy/descriptors/LazyClassDescriptor <init> (Lorg/jetbrains/kotlin/resolve/lazy/LazyClassContext;Lorg/jetbrains/kotlin/descriptors/DeclarationDescriptor;Lorg/jetbrains/kotlin/name/Name;Lorg/jetbrains/kotlin/resolve/lazy/data/KtClassLikeInfo;Z)V 845 <appendix> member <vmtarget> ; # org/jetbrains/kotlin/resolve/lazy/descriptors/LazyClassDescriptor$$Lambda+0x000000010061a778
instanceKlass  @bci org/jetbrains/kotlin/resolve/lazy/descriptors/LazyClassDescriptor <init> (Lorg/jetbrains/kotlin/resolve/lazy/LazyClassContext;Lorg/jetbrains/kotlin/descriptors/DeclarationDescriptor;Lorg/jetbrains/kotlin/name/Name;Lorg/jetbrains/kotlin/resolve/lazy/data/KtClassLikeInfo;Z)V 809 <appendix> member <vmtarget> ; # org/jetbrains/kotlin/resolve/lazy/descriptors/LazyClassDescriptor$$Lambda+0x000000010061a520
instanceKlass  @bci org/jetbrains/kotlin/resolve/lazy/descriptors/LazyClassDescriptor <init> (Lorg/jetbrains/kotlin/resolve/lazy/LazyClassContext;Lorg/jetbrains/kotlin/descriptors/DeclarationDescriptor;Lorg/jetbrains/kotlin/name/Name;Lorg/jetbrains/kotlin/resolve/lazy/data/KtClassLikeInfo;Z)V 790 <appendix> member <vmtarget> ; # org/jetbrains/kotlin/resolve/lazy/descriptors/LazyClassDescriptor$$Lambda+0x000000010061a2c8
instanceKlass  @bci org/jetbrains/kotlin/resolve/lazy/descriptors/ClassResolutionScopesSupport <init> (Lorg/jetbrains/kotlin/descriptors/ClassDescriptor;Lorg/jetbrains/kotlin/storage/StorageManager;Lorg/jetbrains/kotlin/config/LanguageVersionSettings;Lkotlin/jvm/functions/Function0;)V 176 <appendix> member <vmtarget> ; # org/jetbrains/kotlin/resolve/lazy/descriptors/ClassResolutionScopesSupport$$Lambda+0x000000010061a070
instanceKlass  @bci org/jetbrains/kotlin/resolve/lazy/descriptors/ClassResolutionScopesSupport <init> (Lorg/jetbrains/kotlin/descriptors/ClassDescriptor;Lorg/jetbrains/kotlin/storage/StorageManager;Lorg/jetbrains/kotlin/config/LanguageVersionSettings;Lkotlin/jvm/functions/Function0;)V 155 <appendix> member <vmtarget> ; # org/jetbrains/kotlin/resolve/lazy/descriptors/ClassResolutionScopesSupport$$Lambda+0x0000000100619e18
instanceKlass  @bci org/jetbrains/kotlin/resolve/lazy/descriptors/ClassResolutionScopesSupport <init> (Lorg/jetbrains/kotlin/descriptors/ClassDescriptor;Lorg/jetbrains/kotlin/storage/StorageManager;Lorg/jetbrains/kotlin/config/LanguageVersionSettings;Lkotlin/jvm/functions/Function0;)V 134 <appendix> member <vmtarget> ; # org/jetbrains/kotlin/resolve/lazy/descriptors/ClassResolutionScopesSupport$$Lambda+0x0000000100619bc0
instanceKlass  @bci org/jetbrains/kotlin/resolve/lazy/descriptors/ClassResolutionScopesSupport <init> (Lorg/jetbrains/kotlin/descriptors/ClassDescriptor;Lorg/jetbrains/kotlin/storage/StorageManager;Lorg/jetbrains/kotlin/config/LanguageVersionSettings;Lkotlin/jvm/functions/Function0;)V 113 <appendix> member <vmtarget> ; # org/jetbrains/kotlin/resolve/lazy/descriptors/ClassResolutionScopesSupport$$Lambda+0x0000000100619968
instanceKlass  @bci org/jetbrains/kotlin/resolve/lazy/descriptors/ClassResolutionScopesSupport <init> (Lorg/jetbrains/kotlin/descriptors/ClassDescriptor;Lorg/jetbrains/kotlin/storage/StorageManager;Lorg/jetbrains/kotlin/config/LanguageVersionSettings;Lkotlin/jvm/functions/Function0;)V 92 <appendix> member <vmtarget> ; # org/jetbrains/kotlin/resolve/lazy/descriptors/ClassResolutionScopesSupport$$Lambda+0x0000000100619710
instanceKlass  @bci org/jetbrains/kotlin/resolve/lazy/descriptors/ClassResolutionScopesSupport <init> (Lorg/jetbrains/kotlin/descriptors/ClassDescriptor;Lorg/jetbrains/kotlin/storage/StorageManager;Lorg/jetbrains/kotlin/config/LanguageVersionSettings;Lkotlin/jvm/functions/Function0;)V 69 <appendix> member <vmtarget> ; # org/jetbrains/kotlin/resolve/lazy/descriptors/ClassResolutionScopesSupport$$Lambda+0x00000001006194b8
instanceKlass  @bci org/jetbrains/kotlin/resolve/lazy/descriptors/ClassResolutionScopesSupport <init> (Lorg/jetbrains/kotlin/descriptors/ClassDescriptor;Lorg/jetbrains/kotlin/storage/StorageManager;Lorg/jetbrains/kotlin/config/LanguageVersionSettings;Lkotlin/jvm/functions/Function0;)V 52 <appendix> member <vmtarget> ; # org/jetbrains/kotlin/resolve/lazy/descriptors/ClassResolutionScopesSupport$$Lambda+0x0000000100618c08
instanceKlass  @bci org/jetbrains/kotlin/resolve/lazy/descriptors/LazyClassDescriptor <init> (Lorg/jetbrains/kotlin/resolve/lazy/LazyClassContext;Lorg/jetbrains/kotlin/descriptors/DeclarationDescriptor;Lorg/jetbrains/kotlin/name/Name;Lorg/jetbrains/kotlin/resolve/lazy/data/KtClassLikeInfo;Z)V 768 <appendix> member <vmtarget> ; # org/jetbrains/kotlin/resolve/lazy/descriptors/LazyClassDescriptor$$Lambda+0x00000001006189b0
instanceKlass  @bci org/jetbrains/kotlin/resolve/lazy/descriptors/ClassResolutionScopesSupport <clinit> ()V 11 <appendix> argL0 ; # org/jetbrains/kotlin/resolve/lazy/descriptors/ClassResolutionScopesSupport$$Lambda+0x0000000100618760
instanceKlass org/jetbrains/kotlin/resolve/scopes/utils/ErrorLexicalScope
instanceKlass org/jetbrains/kotlin/resolve/lazy/descriptors/ClassResolutionScopesSupport$Companion
instanceKlass org/jetbrains/kotlin/resolve/lazy/descriptors/ClassResolutionScopesSupport
instanceKlass  @bci org/jetbrains/kotlin/resolve/lazy/descriptors/LazyClassDescriptor <init> (Lorg/jetbrains/kotlin/resolve/lazy/LazyClassContext;Lorg/jetbrains/kotlin/descriptors/DeclarationDescriptor;Lorg/jetbrains/kotlin/name/Name;Lorg/jetbrains/kotlin/resolve/lazy/data/KtClassLikeInfo;Z)V 739 <appendix> member <vmtarget> ; # org/jetbrains/kotlin/resolve/lazy/descriptors/LazyClassDescriptor$$Lambda+0x0000000100617ab8
instanceKlass  @bci org/jetbrains/kotlin/resolve/lazy/descriptors/LazyClassDescriptor <init> (Lorg/jetbrains/kotlin/resolve/lazy/LazyClassContext;Lorg/jetbrains/kotlin/descriptors/DeclarationDescriptor;Lorg/jetbrains/kotlin/name/Name;Lorg/jetbrains/kotlin/resolve/lazy/data/KtClassLikeInfo;Z)V 722 <appendix> member <vmtarget> ; # org/jetbrains/kotlin/resolve/lazy/descriptors/LazyClassDescriptor$$Lambda+0x0000000100617860
instanceKlass  @bci org/jetbrains/kotlin/resolve/lazy/descriptors/LazyClassDescriptor <init> (Lorg/jetbrains/kotlin/resolve/lazy/LazyClassContext;Lorg/jetbrains/kotlin/descriptors/DeclarationDescriptor;Lorg/jetbrains/kotlin/name/Name;Lorg/jetbrains/kotlin/resolve/lazy/data/KtClassLikeInfo;Z)V 705 <appendix> member <vmtarget> ; # org/jetbrains/kotlin/resolve/lazy/descriptors/LazyClassDescriptor$$Lambda+0x0000000100617608
instanceKlass  @bci org/jetbrains/kotlin/resolve/lazy/descriptors/LazyAnnotations <init> (Lorg/jetbrains/kotlin/resolve/lazy/descriptors/LazyAnnotationsContext;Ljava/util/List;)V 35 <appendix> member <vmtarget> ; # org/jetbrains/kotlin/resolve/lazy/descriptors/LazyAnnotations$$Lambda+0x00000001006173b0
instanceKlass  @bci org/jetbrains/kotlin/resolve/lazy/descriptors/LazyClassDescriptor <init> (Lorg/jetbrains/kotlin/resolve/lazy/LazyClassContext;Lorg/jetbrains/kotlin/descriptors/DeclarationDescriptor;Lorg/jetbrains/kotlin/name/Name;Lorg/jetbrains/kotlin/resolve/lazy/data/KtClassLikeInfo;Z)V 259 <appendix> member <vmtarget> ; # org/jetbrains/kotlin/resolve/lazy/descriptors/LazyClassDescriptor$$Lambda+0x0000000100617158
instanceKlass  @bci org/jetbrains/kotlin/resolve/lazy/descriptors/LazyClassDescriptor$LazyClassTypeConstructor <init> (Lorg/jetbrains/kotlin/resolve/lazy/descriptors/LazyClassDescriptor;)V 32 <appendix> member <vmtarget> ; # org/jetbrains/kotlin/resolve/lazy/descriptors/LazyClassDescriptor$LazyClassTypeConstructor$$Lambda+0x0000000100616f00
instanceKlass  @bci org/jetbrains/kotlin/resolve/lazy/descriptors/LazyClassDescriptor createScopesHolderForClass (Lorg/jetbrains/kotlin/resolve/lazy/LazyClassContext;Lorg/jetbrains/kotlin/resolve/lazy/declarations/ClassMemberDeclarationProvider;)Lorg/jetbrains/kotlin/descriptors/ScopesHolderForClass; 42 <appendix> member <vmtarget> ; # org/jetbrains/kotlin/resolve/lazy/descriptors/LazyClassDescriptor$$Lambda+0x0000000100616990
instanceKlass org/jetbrains/kotlin/resolve/source/KotlinSourceElement
instanceKlass org/jetbrains/kotlin/resolve/source/KotlinSourceElementKt
instanceKlass  @bci org/jetbrains/kotlin/resolve/lazy/descriptors/LazyClassDescriptor <clinit> ()V 16 <appendix> argL0 ; # org/jetbrains/kotlin/resolve/lazy/descriptors/LazyClassDescriptor$$Lambda+0x0000000100615ba0
instanceKlass org/jetbrains/kotlin/resolve/lazy/data/KtClassOrObjectInfo
instanceKlass org/jetbrains/kotlin/resolve/lazy/data/KtClassInfoUtil
instanceKlass org/jetbrains/kotlin/com/google/common/collect/LinkedHashMultimap$ValueSet$1
instanceKlass org/jetbrains/kotlin/com/google/common/collect/AbstractMapBasedMultimap$WrappedCollection$WrappedIterator
instanceKlass org/jetbrains/kotlin/com/google/common/collect/ListMultimap
instanceKlass  @bci org/jetbrains/kotlin/resolve/lazy/descriptors/AbstractLazyMemberScope <init> (Lorg/jetbrains/kotlin/resolve/lazy/LazyClassContext;Lorg/jetbrains/kotlin/resolve/lazy/declarations/DeclarationProvider;Lorg/jetbrains/kotlin/descriptors/DeclarationDescriptor;Lorg/jetbrains/kotlin/resolve/BindingTrace;Lorg/jetbrains/kotlin/resolve/lazy/descriptors/AbstractLazyMemberScope;)V 175 <appendix> member <vmtarget> ; # org/jetbrains/kotlin/resolve/lazy/descriptors/AbstractLazyMemberScope$$Lambda+0x00000001006122c8
instanceKlass  @bci org/jetbrains/kotlin/resolve/lazy/descriptors/AbstractLazyMemberScope <init> (Lorg/jetbrains/kotlin/resolve/lazy/LazyClassContext;Lorg/jetbrains/kotlin/resolve/lazy/declarations/DeclarationProvider;Lorg/jetbrains/kotlin/descriptors/DeclarationDescriptor;Lorg/jetbrains/kotlin/resolve/BindingTrace;Lorg/jetbrains/kotlin/resolve/lazy/descriptors/AbstractLazyMemberScope;)V 156 <appendix> member <vmtarget> ; # org/jetbrains/kotlin/resolve/lazy/descriptors/AbstractLazyMemberScope$$Lambda+0x0000000100612070
instanceKlass  @bci org/jetbrains/kotlin/resolve/lazy/descriptors/AbstractLazyMemberScope <init> (Lorg/jetbrains/kotlin/resolve/lazy/LazyClassContext;Lorg/jetbrains/kotlin/resolve/lazy/declarations/DeclarationProvider;Lorg/jetbrains/kotlin/descriptors/DeclarationDescriptor;Lorg/jetbrains/kotlin/resolve/BindingTrace;Lorg/jetbrains/kotlin/resolve/lazy/descriptors/AbstractLazyMemberScope;)V 137 <appendix> argL0 ; # org/jetbrains/kotlin/resolve/lazy/descriptors/AbstractLazyMemberScope$$Lambda+0x0000000100611b78
instanceKlass  @bci org/jetbrains/kotlin/resolve/lazy/descriptors/AbstractLazyMemberScope <init> (Lorg/jetbrains/kotlin/resolve/lazy/LazyClassContext;Lorg/jetbrains/kotlin/resolve/lazy/declarations/DeclarationProvider;Lorg/jetbrains/kotlin/descriptors/DeclarationDescriptor;Lorg/jetbrains/kotlin/resolve/BindingTrace;Lorg/jetbrains/kotlin/resolve/lazy/descriptors/AbstractLazyMemberScope;)V 132 <appendix> member <vmtarget> ; # org/jetbrains/kotlin/resolve/lazy/descriptors/AbstractLazyMemberScope$$Lambda+0x0000000100611920
instanceKlass  @bci org/jetbrains/kotlin/resolve/lazy/descriptors/AbstractLazyMemberScope <init> (Lorg/jetbrains/kotlin/resolve/lazy/LazyClassContext;Lorg/jetbrains/kotlin/resolve/lazy/declarations/DeclarationProvider;Lorg/jetbrains/kotlin/descriptors/DeclarationDescriptor;Lorg/jetbrains/kotlin/resolve/BindingTrace;Lorg/jetbrains/kotlin/resolve/lazy/descriptors/AbstractLazyMemberScope;)V 113 <appendix> member <vmtarget> ; # org/jetbrains/kotlin/resolve/lazy/descriptors/AbstractLazyMemberScope$$Lambda+0x00000001006116c8
instanceKlass  @bci org/jetbrains/kotlin/resolve/lazy/descriptors/AbstractLazyMemberScope <init> (Lorg/jetbrains/kotlin/resolve/lazy/LazyClassContext;Lorg/jetbrains/kotlin/resolve/lazy/declarations/DeclarationProvider;Lorg/jetbrains/kotlin/descriptors/DeclarationDescriptor;Lorg/jetbrains/kotlin/resolve/BindingTrace;Lorg/jetbrains/kotlin/resolve/lazy/descriptors/AbstractLazyMemberScope;)V 94 <appendix> member <vmtarget> ; # org/jetbrains/kotlin/resolve/lazy/descriptors/AbstractLazyMemberScope$$Lambda+0x0000000100611470
instanceKlass  @bci org/jetbrains/kotlin/resolve/lazy/descriptors/AbstractLazyMemberScope <init> (Lorg/jetbrains/kotlin/resolve/lazy/LazyClassContext;Lorg/jetbrains/kotlin/resolve/lazy/declarations/DeclarationProvider;Lorg/jetbrains/kotlin/descriptors/DeclarationDescriptor;Lorg/jetbrains/kotlin/resolve/BindingTrace;Lorg/jetbrains/kotlin/resolve/lazy/descriptors/AbstractLazyMemberScope;)V 75 <appendix> member <vmtarget> ; # org/jetbrains/kotlin/resolve/lazy/descriptors/AbstractLazyMemberScope$$Lambda+0x0000000100611218
instanceKlass  @bci org/jetbrains/kotlin/resolve/lazy/ResolveSession getPackageFragment (Lorg/jetbrains/kotlin/name/FqName;)Lorg/jetbrains/kotlin/resolve/lazy/descriptors/LazyPackageDescriptor; 34 <appendix> member <vmtarget> ; # org/jetbrains/kotlin/resolve/lazy/ResolveSession$$Lambda+0x0000000100610920
instanceKlass  @bci org/jetbrains/kotlin/resolve/lazy/declarations/FileBasedPackageMemberDeclarationProvider <init> (Lorg/jetbrains/kotlin/storage/StorageManager;Lorg/jetbrains/kotlin/name/FqName;Lorg/jetbrains/kotlin/resolve/lazy/declarations/FileBasedDeclarationProviderFactory;Ljava/util/Collection;)V 49 <appendix> member <vmtarget> ; # org/jetbrains/kotlin/resolve/lazy/declarations/FileBasedPackageMemberDeclarationProvider$$Lambda+0x00000001006106c8
instanceKlass  @bci org/jetbrains/kotlin/resolve/lazy/declarations/AbstractPsiBasedDeclarationProvider <init> (Lorg/jetbrains/kotlin/storage/StorageManager;)V 13 <appendix> member <vmtarget> ; # org/jetbrains/kotlin/resolve/lazy/declarations/AbstractPsiBasedDeclarationProvider$$Lambda+0x0000000100610470
instanceKlass org/jetbrains/kotlin/resolve/lazy/declarations/AbstractPsiBasedDeclarationProvider$Index
instanceKlass org/jetbrains/kotlin/resolve/lazy/declarations/AbstractPsiBasedDeclarationProvider
instanceKlass org/jetbrains/kotlin/com/intellij/openapi/application/BaseActionRunnable
instanceKlass  @bci org/jetbrains/kotlin/resolve/lazy/ResolveSession resolveToDescriptor (Lorg/jetbrains/kotlin/psi/KtDeclaration;)Lorg/jetbrains/kotlin/descriptors/DeclarationDescriptor; 61 <appendix> member <vmtarget> ; # org/jetbrains/kotlin/resolve/lazy/ResolveSession$$Lambda+0x0000000100602a90
instanceKlass com/google/devtools/ksp/symbol/impl/synthetic/KSPropertyAccessorSyntheticImpl
instanceKlass com/google/devtools/ksp/symbol/impl/kotlin/KSPropertyDeclarationImplKt
instanceKlass com/google/devtools/ksp/symbol/impl/kotlin/KSPropertyAccessorImpl
instanceKlass com/google/devtools/ksp/symbol/impl/synthetic/KSValueParameterSyntheticImpl
instanceKlass com/google/devtools/ksp/symbol/KSPropertySetter
instanceKlass com/google/devtools/ksp/symbol/KSPropertyGetter
instanceKlass com/google/devtools/ksp/symbol/KSPropertyAccessor
instanceKlass kotlin/collections/builders/SetBuilder$Companion
instanceKlass androidx/room/Database
instanceKlass kotlin/collections/MapWithDefaultImpl
instanceKlass androidx/room/compiler/processing/CommonProcessorDelegate
instanceKlass androidx/room/compiler/processing/ksp/KspRoundEnv
instanceKlass androidx/room/compiler/processing/XRoundEnv
instanceKlass androidx/room/compiler/processing/ksp/KspFiler
instanceKlass androidx/room/compiler/processing/XFiler
instanceKlass androidx/room/compiler/processing/XMessager
instanceKlass androidx/room/compiler/processing/javac/XTypeElementStore
instanceKlass androidx/room/compiler/processing/XProcessingEnv$Companion
instanceKlass androidx/room/compiler/processing/ksp/KspProcessingEnv
instanceKlass androidx/room/compiler/processing/XProcessingEnv
instanceKlass androidx/room/compiler/processing/ksp/KspBasicAnnotationProcessor$DelegateLogger
instanceKlass androidx/room/compiler/processing/XProcessingEnvConfig$Builder
instanceKlass androidx/room/compiler/processing/XProcessingEnvConfig$Companion
instanceKlass androidx/room/compiler/processing/XProcessingEnvConfig
instanceKlass androidx/room/DatabaseProcessingStep$Companion
instanceKlass androidx/room/DatabaseProcessingStep
instanceKlass androidx/room/compiler/processing/XProcessingStep
instanceKlass androidx/room/compiler/processing/ksp/KspBasicAnnotationProcessor
instanceKlass androidx/room/compiler/processing/XBasicAnnotationProcessor
instanceKlass com/google/devtools/ksp/processing/SymbolProcessor
instanceKlass com/google/devtools/ksp/common/impl/JvmPlatformInfoImpl
instanceKlass com/google/devtools/ksp/processing/JvmPlatformInfo
instanceKlass com/google/devtools/ksp/processing/PlatformInfo
instanceKlass com/google/devtools/ksp/KotlinSymbolProcessingExtensionKt
instanceKlass com/google/devtools/ksp/processing/SymbolProcessorEnvironment
instanceKlass com/google/devtools/ksp/common/impl/CodeGeneratorImpl
instanceKlass com/google/devtools/ksp/processing/CodeGenerator
instanceKlass androidx/room/RoomKspProcessor$Provider
instanceKlass com/google/devtools/ksp/processing/SymbolProcessorProvider
instanceKlass com/google/devtools/ksp/symbol/impl/java/KSFileJavaImpl
instanceKlass  @bci org/jetbrains/kotlin/load/java/lazy/descriptors/LazyJavaClassDescriptor <init> (Lorg/jetbrains/kotlin/load/java/lazy/LazyJavaResolverContext;Lorg/jetbrains/kotlin/descriptors/DeclarationDescriptor;Lorg/jetbrains/kotlin/load/java/structure/JavaClass;Lorg/jetbrains/kotlin/descriptors/ClassDescriptor;)V 574 <appendix> member <vmtarget> ; # org/jetbrains/kotlin/load/java/lazy/descriptors/LazyJavaClassDescriptor$$Lambda+0x0000000100601d98
instanceKlass  @bci org/jetbrains/kotlin/load/java/lazy/descriptors/LazyJavaClassDescriptor <init> (Lorg/jetbrains/kotlin/load/java/lazy/LazyJavaResolverContext;Lorg/jetbrains/kotlin/descriptors/DeclarationDescriptor;Lorg/jetbrains/kotlin/load/java/structure/JavaClass;Lorg/jetbrains/kotlin/descriptors/ClassDescriptor;)V 495 <appendix> member <vmtarget> ; # org/jetbrains/kotlin/load/java/lazy/descriptors/LazyJavaClassDescriptor$$Lambda+0x00000001006014a8
instanceKlass  @bci org/jetbrains/kotlin/load/java/lazy/descriptors/LazyJavaClassMemberScope <init> (Lorg/jetbrains/kotlin/load/java/lazy/LazyJavaResolverContext;Lorg/jetbrains/kotlin/descriptors/ClassDescriptor;Lorg/jetbrains/kotlin/load/java/structure/JavaClass;ZLorg/jetbrains/kotlin/load/java/lazy/descriptors/LazyJavaClassMemberScope;)V 129 <appendix> member <vmtarget> ; # org/jetbrains/kotlin/load/java/lazy/descriptors/LazyJavaClassMemberScope$$Lambda+0x0000000100601250
instanceKlass  @bci org/jetbrains/kotlin/load/java/lazy/descriptors/LazyJavaClassMemberScope <init> (Lorg/jetbrains/kotlin/load/java/lazy/LazyJavaResolverContext;Lorg/jetbrains/kotlin/descriptors/ClassDescriptor;Lorg/jetbrains/kotlin/load/java/structure/JavaClass;ZLorg/jetbrains/kotlin/load/java/lazy/descriptors/LazyJavaClassMemberScope;)V 109 <appendix> member <vmtarget> ; # org/jetbrains/kotlin/load/java/lazy/descriptors/LazyJavaClassMemberScope$$Lambda+0x0000000100600ff8
instanceKlass  @bci org/jetbrains/kotlin/load/java/lazy/descriptors/LazyJavaClassMemberScope <init> (Lorg/jetbrains/kotlin/load/java/lazy/LazyJavaResolverContext;Lorg/jetbrains/kotlin/descriptors/ClassDescriptor;Lorg/jetbrains/kotlin/load/java/structure/JavaClass;ZLorg/jetbrains/kotlin/load/java/lazy/descriptors/LazyJavaClassMemberScope;)V 90 <appendix> member <vmtarget> ; # org/jetbrains/kotlin/load/java/lazy/descriptors/LazyJavaClassMemberScope$$Lambda+0x0000000100600da0
instanceKlass  @bci org/jetbrains/kotlin/load/java/lazy/descriptors/LazyJavaClassMemberScope <init> (Lorg/jetbrains/kotlin/load/java/lazy/LazyJavaResolverContext;Lorg/jetbrains/kotlin/descriptors/ClassDescriptor;Lorg/jetbrains/kotlin/load/java/structure/JavaClass;ZLorg/jetbrains/kotlin/load/java/lazy/descriptors/LazyJavaClassMemberScope;)V 70 <appendix> member <vmtarget> ; # org/jetbrains/kotlin/load/java/lazy/descriptors/LazyJavaClassMemberScope$$Lambda+0x0000000100600b48
instanceKlass  @bci org/jetbrains/kotlin/load/java/lazy/descriptors/LazyJavaClassMemberScope <init> (Lorg/jetbrains/kotlin/load/java/lazy/LazyJavaResolverContext;Lorg/jetbrains/kotlin/descriptors/ClassDescriptor;Lorg/jetbrains/kotlin/load/java/structure/JavaClass;ZLorg/jetbrains/kotlin/load/java/lazy/descriptors/LazyJavaClassMemberScope;)V 51 <appendix> member <vmtarget> ; # org/jetbrains/kotlin/load/java/lazy/descriptors/LazyJavaClassMemberScope$$Lambda+0x00000001006008f0
instanceKlass  @bci org/jetbrains/kotlin/load/java/lazy/descriptors/LazyJavaClassDescriptor$LazyJavaClassTypeConstructor <init> (Lorg/jetbrains/kotlin/load/java/lazy/descriptors/LazyJavaClassDescriptor;)V 31 <appendix> member <vmtarget> ; # org/jetbrains/kotlin/load/java/lazy/descriptors/LazyJavaClassDescriptor$LazyJavaClassTypeConstructor$$Lambda+0x0000000100600318
instanceKlass org/jetbrains/kotlin/load/java/structure/impl/classFiles/CommonMixinsKt
instanceKlass  @bci org/jetbrains/kotlin/load/java/lazy/descriptors/LazyJavaClassDescriptor <init> (Lorg/jetbrains/kotlin/load/java/lazy/LazyJavaResolverContext;Lorg/jetbrains/kotlin/descriptors/DeclarationDescriptor;Lorg/jetbrains/kotlin/load/java/structure/JavaClass;Lorg/jetbrains/kotlin/descriptors/ClassDescriptor;)V 188 <appendix> member <vmtarget> ; # org/jetbrains/kotlin/load/java/lazy/descriptors/LazyJavaClassDescriptor$$Lambda+0x00000001005ffa38
instanceKlass org/jetbrains/kotlin/load/java/structure/impl/JavaModifierListOwnerImpl
instanceKlass org/jetbrains/kotlin/load/java/structure/impl/JavaAnnotationOwnerImpl
instanceKlass  @bci org/jetbrains/kotlin/load/java/lazy/LazyJavaTypeParameterResolver <init> (Lorg/jetbrains/kotlin/load/java/lazy/LazyJavaResolverContext;Lorg/jetbrains/kotlin/descriptors/DeclarationDescriptor;Lorg/jetbrains/kotlin/load/java/structure/JavaTypeParameterListOwner;I)V 63 <appendix> member <vmtarget> ; # org/jetbrains/kotlin/load/java/lazy/LazyJavaTypeParameterResolver$$Lambda+0x00000001005febe8
instanceKlass org/jetbrains/kotlin/load/java/structure/JavaTypeParameter
instanceKlass org/jetbrains/kotlin/load/java/lazy/LazyJavaTypeParameterResolver
instanceKlass org/jetbrains/kotlin/load/java/components/JavaSourceElementImpl
instanceKlass org/jetbrains/kotlin/resolve/source/PsiSourceElement
instanceKlass org/jetbrains/kotlin/load/java/lazy/descriptors/LazyJavaClassDescriptor$Companion
instanceKlass  @bci org/jetbrains/kotlin/load/java/structure/impl/classFiles/BinaryJavaClass convertInternalNameToClassifierType (Ljava/lang/String;)Lorg/jetbrains/kotlin/load/java/structure/JavaClassifierType; 6 <appendix> member <vmtarget> ; # org/jetbrains/kotlin/load/java/structure/impl/classFiles/BinaryJavaClass$$Lambda+0x00000001005fcf28
instanceKlass org/jetbrains/kotlin/load/java/structure/impl/classFiles/ClassifierResolutionContext$Result
instanceKlass org/jetbrains/kotlin/load/java/structure/impl/classFiles/JavaPlainType
instanceKlass org/jetbrains/kotlin/load/java/structure/JavaClassifierType
instanceKlass org/jetbrains/kotlin/load/java/structure/JavaType
instanceKlass org/jetbrains/kotlin/load/java/structure/ListBasedJavaAnnotationOwner
instanceKlass org/jetbrains/kotlin/load/java/structure/impl/classFiles/BinaryJavaModifierListOwner
instanceKlass org/jetbrains/kotlin/load/java/structure/impl/VirtualFileBoundJavaClass
instanceKlass org/jetbrains/kotlin/load/java/structure/MutableJavaAnnotationOwner
instanceKlass javaslang/collection/HashArrayMappedTrieModule$AbstractNode
instanceKlass javaslang/collection/HashArrayMappedTrie
instanceKlass javaslang/collection/Set
instanceKlass javaslang/collection/Seq
instanceKlass javaslang/collection/Iterator
instanceKlass javaslang/collection/HashMap
instanceKlass javaslang/collection/Map
instanceKlass javaslang/collection/Traversable
instanceKlass javaslang/collection/Foldable
instanceKlass javaslang/Value
instanceKlass javaslang/Function1
instanceKlass javaslang/\u03bb
instanceKlass  @bci org/jetbrains/kotlin/cli/jvm/compiler/KotlinCliJavaFileManagerImpl findClass (Lorg/jetbrains/kotlin/load/java/JavaClassFinder$Request;Lorg/jetbrains/kotlin/com/intellij/psi/search/GlobalSearchScope;)Lorg/jetbrains/kotlin/load/java/structure/JavaClass; 254 <appendix> member <vmtarget> ; # org/jetbrains/kotlin/cli/jvm/compiler/KotlinCliJavaFileManagerImpl$$Lambda+0x00000001005f8920
instanceKlass org/jetbrains/kotlin/load/java/structure/impl/classFiles/ClassifierResolutionContext
instanceKlass org/jetbrains/kotlin/cli/jvm/compiler/KotlinCliJavaFileManagerImpl$WhenMappings
instanceKlass  @bci org/jetbrains/kotlin/cli/jvm/compiler/KotlinCliJavaFileManagerImpl findVirtualFileForTopLevelClass (Lorg/jetbrains/kotlin/name/ClassId;Lorg/jetbrains/kotlin/com/intellij/psi/search/GlobalSearchScope;)Lorg/jetbrains/kotlin/com/intellij/openapi/vfs/VirtualFile; 132 <appendix> member <vmtarget> ; # org/jetbrains/kotlin/cli/jvm/compiler/KotlinCliJavaFileManagerImpl$$Lambda+0x00000001005f7a20
instanceKlass org/jetbrains/kotlin/load/java/lazy/descriptors/LazyJavaPackageScope$KotlinClassLookupResult
instanceKlass org/jetbrains/kotlin/descriptors/DescriptorUtilKt
instanceKlass org/jetbrains/kotlin/types/AbstractStrictEqualityTypeChecker
instanceKlass org/jetbrains/kotlin/types/checker/StrictEqualityTypeChecker
instanceKlass org/jetbrains/kotlin/types/KotlinTypeKt
instanceKlass org/jetbrains/kotlin/types/TypeProjectionBase
instanceKlass  @bci org/jetbrains/kotlin/types/AbstractTypeConstructor supertypes$lambda$7 (Lorg/jetbrains/kotlin/types/AbstractTypeConstructor;Lorg/jetbrains/kotlin/types/AbstractTypeConstructor$Supertypes;)Lkotlin/Unit; 25 <appendix> member <vmtarget> ; # org/jetbrains/kotlin/types/AbstractTypeConstructor$$Lambda+0x00000001005f5e88
instanceKlass  @bci org/jetbrains/kotlin/types/AbstractTypeConstructor supertypes$lambda$7 (Lorg/jetbrains/kotlin/types/AbstractTypeConstructor;Lorg/jetbrains/kotlin/types/AbstractTypeConstructor$Supertypes;)Lkotlin/Unit; 19 <appendix> member <vmtarget> ; # org/jetbrains/kotlin/types/AbstractTypeConstructor$$Lambda+0x00000001005f5c30
instanceKlass org/jetbrains/kotlin/storage/SingleThreadValue
instanceKlass org/jetbrains/kotlin/builtins/CompanionObjectMapping
instanceKlass org/jetbrains/kotlin/builtins/jvm/JavaToKotlinClassMap$PlatformMutabilityMapping
instanceKlass org/jetbrains/kotlin/builtins/jvm/JavaToKotlinClassMap
instanceKlass org/jetbrains/kotlin/load/kotlin/SignatureBuildingComponents
instanceKlass org/jetbrains/kotlin/builtins/jvm/JvmBuiltInsSignatures
instanceKlass org/jetbrains/kotlin/util/EmptyArrayMap$iterator$1
instanceKlass  @bci org/jetbrains/kotlin/serialization/deserialization/TypeDeserializer simpleType (Lorg/jetbrains/kotlin/metadata/ProtoBuf$Type;Z)Lorg/jetbrains/kotlin/types/SimpleType; 121 <appendix> member <vmtarget> ; # org/jetbrains/kotlin/serialization/deserialization/TypeDeserializer$$Lambda+0x00000001005f3ac8
instanceKlass java/util/ArrayList$SubList$1
instanceKlass org/jetbrains/kotlin/resolve/ResolutionAnchorProviderKt
instanceKlass org/jetbrains/kotlin/descriptors/FindClassInModuleKt
instanceKlass org/jetbrains/kotlin/metadata/deserialization/ProtoTypeTableUtilKt
instanceKlass org/jetbrains/kotlin/types/TypeConstructorSubstitution$Companion
instanceKlass org/jetbrains/kotlin/types/TypeSubstitution$Companion
instanceKlass org/jetbrains/kotlin/types/TypeSubstitution
instanceKlass org/jetbrains/kotlin/types/typeUtil/TypeUtilsKt
instanceKlass  @bci org/jetbrains/kotlin/load/kotlin/DeserializedDescriptorResolver createKotlinPackagePartScope (Lorg/jetbrains/kotlin/descriptors/PackageFragmentDescriptor;Lorg/jetbrains/kotlin/load/kotlin/KotlinJvmBinaryClass;)Lorg/jetbrains/kotlin/resolve/scopes/MemberScope; 279 <appendix> argL0 ; # org/jetbrains/kotlin/load/kotlin/DeserializedDescriptorResolver$$Lambda+0x00000001005f0238
instanceKlass org/jetbrains/kotlin/metadata/jvm/deserialization/JvmNameResolverBase$WhenMappings
instanceKlass org/jetbrains/kotlin/metadata/deserialization/ProtoBufUtilKt
instanceKlass org/jetbrains/kotlin/load/kotlin/JvmPackagePartSource
instanceKlass org/jetbrains/kotlin/serialization/deserialization/descriptors/DeserializedContainerSource
instanceKlass org/jetbrains/kotlin/load/kotlin/FacadeClassSource
instanceKlass org/jetbrains/kotlin/metadata/ProtoBuf$VersionRequirement$VersionKind$1
instanceKlass org/jetbrains/kotlin/metadata/ProtoBuf$VersionRequirement$Level$1
instanceKlass org/jetbrains/kotlin/metadata/ProtoBuf$VersionRequirementOrBuilder
instanceKlass org/jetbrains/kotlin/metadata/ProtoBuf$TypeAliasOrBuilder
instanceKlass org/jetbrains/kotlin/metadata/ProtoBuf$Effect$InvocationKind$1
instanceKlass org/jetbrains/kotlin/metadata/ProtoBuf$Expression$ConstantValue$1
instanceKlass org/jetbrains/kotlin/metadata/ProtoBuf$ExpressionOrBuilder
instanceKlass org/jetbrains/kotlin/metadata/ProtoBuf$Effect$EffectType$1
instanceKlass org/jetbrains/kotlin/metadata/ProtoBuf$EffectOrBuilder
instanceKlass org/jetbrains/kotlin/metadata/jvm/deserialization/JvmNameResolverKt
instanceKlass org/jetbrains/kotlin/metadata/jvm/JvmProtoBuf$StringTableTypes$Record$Operation$1
instanceKlass org/jetbrains/kotlin/metadata/jvm/JvmProtoBuf$StringTableTypes$RecordOrBuilder
instanceKlass org/jetbrains/kotlin/metadata/jvm/JvmProtoBuf$StringTableTypesOrBuilder
instanceKlass kotlin/collections/IndexedValue
instanceKlass kotlin/collections/IndexingIterator
instanceKlass kotlin/collections/IndexingIterable
instanceKlass org/jetbrains/kotlin/metadata/jvm/deserialization/JvmNameResolverBase$Companion
instanceKlass org/jetbrains/kotlin/metadata/jvm/deserialization/JvmNameResolverBase
instanceKlass org/jetbrains/kotlin/metadata/jvm/deserialization/UtfEncodingKt
instanceKlass org/jetbrains/kotlin/metadata/jvm/deserialization/BitEncoding
instanceKlass org/jetbrains/kotlin/load/kotlin/FileBasedKotlinClass$OuterAndInnerName
instanceKlass org/jetbrains/kotlin/load/kotlin/header/ReadKotlinClassHeaderAnnotationVisitor$CollectStringArrayAnnotationVisitor
instanceKlass org/jetbrains/org/objectweb/asm/Type
instanceKlass org/jetbrains/kotlin/load/kotlin/KotlinJvmBinaryClass$AnnotationArrayArgumentVisitor
instanceKlass org/jetbrains/kotlin/load/kotlin/header/ReadKotlinClassHeaderAnnotationVisitor$KotlinMetadataArgumentVisitor
instanceKlass java/lang/Override
instanceKlass org/jetbrains/kotlin/load/java/JvmAnnotationNames
instanceKlass org/jetbrains/org/objectweb/asm/Context
instanceKlass org/jetbrains/org/objectweb/asm/Attribute
instanceKlass org/jetbrains/org/objectweb/asm/Label
instanceKlass org/jetbrains/org/objectweb/asm/ClassReader
instanceKlass org/jetbrains/kotlin/load/kotlin/KotlinJvmBinaryClass$AnnotationArgumentVisitor
instanceKlass org/jetbrains/kotlin/load/kotlin/header/ReadKotlinClassHeaderAnnotationVisitor
instanceKlass org/jetbrains/kotlin/load/kotlin/KotlinJvmBinaryClass$AnnotationVisitor
instanceKlass  @bci org/jetbrains/kotlin/load/kotlin/VirtualFileKotlinClass$Factory create$lambda$3 (Lorg/jetbrains/kotlin/com/intellij/openapi/vfs/VirtualFile;[BLorg/jetbrains/kotlin/metadata/jvm/deserialization/JvmMetadataVersion;)Lorg/jetbrains/kotlin/load/kotlin/KotlinClassFinder$Result; 122 <appendix> member <vmtarget> ; # org/jetbrains/kotlin/load/kotlin/VirtualFileKotlinClass$Factory$$Lambda+0x00000001005e3d28
instanceKlass org/jetbrains/kotlin/load/kotlin/FileBasedKotlinClass$InnerClassesInfo
instanceKlass org/jetbrains/kotlin/load/kotlin/header/KotlinClassHeader
instanceKlass  @bci org/jetbrains/kotlin/load/kotlin/VirtualFileKotlinClass$Factory create$frontend_common_jvm (Lorg/jetbrains/kotlin/com/intellij/openapi/vfs/VirtualFile;Lorg/jetbrains/kotlin/metadata/jvm/deserialization/JvmMetadataVersion;[B)Lorg/jetbrains/kotlin/load/kotlin/KotlinClassFinder$Result; 18 <appendix> member <vmtarget> ; # org/jetbrains/kotlin/load/kotlin/VirtualFileKotlinClass$Factory$$Lambda+0x00000001005e3640
instanceKlass org/jetbrains/kotlin/load/kotlin/VirtualFileKotlinClass$Factory
instanceKlass org/jetbrains/org/objectweb/asm/AnnotationVisitor
instanceKlass org/jetbrains/org/objectweb/asm/ClassVisitor
instanceKlass org/jetbrains/kotlin/load/kotlin/FileBasedKotlinClass
instanceKlass  @bci org/jetbrains/kotlin/load/kotlin/KotlinBinaryClassCache$Companion getKotlinBinaryClassOrClassFileContent (Lorg/jetbrains/kotlin/com/intellij/openapi/vfs/VirtualFile;Lorg/jetbrains/kotlin/metadata/jvm/deserialization/JvmMetadataVersion;[B)Lorg/jetbrains/kotlin/load/kotlin/KotlinClassFinder$Result; 119 <appendix> member <vmtarget> ; # org/jetbrains/kotlin/load/kotlin/KotlinBinaryClassCache$Companion$$Lambda+0x00000001005e1c58
instanceKlass org/jetbrains/kotlin/load/kotlin/KotlinBinaryClassCache$RequestCache
instanceKlass  @bci org/jetbrains/kotlin/cli/jvm/compiler/CliVirtualFileFinder findBinaryOrSigClass (Lorg/jetbrains/kotlin/name/ClassId;Ljava/lang/String;Ljava/util/Set;)Lorg/jetbrains/kotlin/com/intellij/openapi/vfs/VirtualFile; 8 <appendix> member <vmtarget> ; # org/jetbrains/kotlin/cli/jvm/compiler/CliVirtualFileFinder$$Lambda+0x00000001005e17b8
instanceKlass org/jetbrains/kotlin/load/kotlin/KotlinClassFinderKt
instanceKlass org/jetbrains/kotlin/resolve/jvm/JvmClassName
instanceKlass  @bci org/jetbrains/kotlin/cli/jvm/compiler/KotlinCliJavaFileManagerImpl knownClassNamesInPackage (Lorg/jetbrains/kotlin/name/FqName;)Ljava/util/Set; 33 <appendix> member <vmtarget> ; # org/jetbrains/kotlin/cli/jvm/compiler/KotlinCliJavaFileManagerImpl$$Lambda+0x00000001005e10c8
instanceKlass  @bci org/jetbrains/kotlin/resolve/jvm/multiplatform/OptionalAnnotationPackageFragmentProvider packages_delegate$lambda$7 (Lorg/jetbrains/kotlin/load/kotlin/PackagePartProvider;Lorg/jetbrains/kotlin/storage/StorageManager;Lorg/jetbrains/kotlin/descriptors/ModuleDescriptor;Lorg/jetbrains/kotlin/config/LanguageVersionSettings;Lorg/jetbrains/kotlin/descriptors/NotFoundClasses;Lorg/jetbrains/kotlin/resolve/jvm/multiplatform/OptionalAnnotationPackageFragmentProvider;)Ljava/util/Map; 477 <appendix> member <vmtarget> ; # org/jetbrains/kotlin/resolve/jvm/multiplatform/OptionalAnnotationPackageFragmentProvider$$Lambda+0x00000001005e06f0
instanceKlass  @bci org/jetbrains/kotlin/resolve/jvm/multiplatform/OptionalAnnotationPackageFragmentProvider packages_delegate$lambda$7 (Lorg/jetbrains/kotlin/load/kotlin/PackagePartProvider;Lorg/jetbrains/kotlin/storage/StorageManager;Lorg/jetbrains/kotlin/descriptors/ModuleDescriptor;Lorg/jetbrains/kotlin/config/LanguageVersionSettings;Lorg/jetbrains/kotlin/descriptors/NotFoundClasses;Lorg/jetbrains/kotlin/resolve/jvm/multiplatform/OptionalAnnotationPackageFragmentProvider;)Ljava/util/Map; 69 <appendix> member <vmtarget> ; # org/jetbrains/kotlin/resolve/jvm/multiplatform/OptionalAnnotationPackageFragmentProvider$$Lambda+0x00000001005e0498
instanceKlass org/jetbrains/kotlin/resolve/jvm/multiplatform/OptionalAnnotationClassDataFinder
instanceKlass org/jetbrains/kotlin/cli/jvm/index/JvmDependenciesIndexImpl$SearchResult
instanceKlass  @bci org/jetbrains/kotlin/cli/jvm/index/JvmDependenciesDynamicCompoundIndex findClass (Lorg/jetbrains/kotlin/name/ClassId;Ljava/util/Set;Lkotlin/jvm/functions/Function2;)Ljava/lang/Object; 49 <appendix> member <vmtarget> ; # org/jetbrains/kotlin/cli/jvm/index/JvmDependenciesDynamicCompoundIndex$$Lambda+0x00000001005dfc98
instanceKlass  @bci org/jetbrains/kotlin/cli/jvm/compiler/CliVirtualFileFinder findClass (Lorg/jetbrains/kotlin/name/ClassId;Ljava/lang/String;Ljava/util/Set;)Lorg/jetbrains/kotlin/com/intellij/openapi/vfs/VirtualFile; 7 <appendix> member <vmtarget> ; # org/jetbrains/kotlin/cli/jvm/compiler/CliVirtualFileFinder$$Lambda+0x00000001005dfa40
instanceKlass  @bci org/jetbrains/kotlin/load/java/lazy/descriptors/LazyJavaPackageFragment <init> (Lorg/jetbrains/kotlin/load/java/lazy/LazyJavaResolverContext;Lorg/jetbrains/kotlin/load/java/structure/JavaPackage;)V 187 <appendix> member <vmtarget> ; # org/jetbrains/kotlin/load/java/lazy/descriptors/LazyJavaPackageFragment$$Lambda+0x00000001005df7e8
instanceKlass  @bci org/jetbrains/kotlin/load/java/lazy/LazyJavaAnnotations <init> (Lorg/jetbrains/kotlin/load/java/lazy/LazyJavaResolverContext;Lorg/jetbrains/kotlin/load/java/structure/JavaAnnotationOwner;Z)V 43 <appendix> member <vmtarget> ; # org/jetbrains/kotlin/load/java/lazy/LazyJavaAnnotations$$Lambda+0x00000001005df590
instanceKlass org/jetbrains/kotlin/load/java/structure/JavaAnnotation
instanceKlass org/jetbrains/kotlin/load/java/lazy/LazyJavaAnnotations
instanceKlass org/jetbrains/kotlin/load/java/lazy/LazyJavaAnnotationsKt
instanceKlass  @bci org/jetbrains/kotlin/load/java/lazy/descriptors/LazyJavaPackageFragment <init> (Lorg/jetbrains/kotlin/load/java/lazy/LazyJavaResolverContext;Lorg/jetbrains/kotlin/load/java/structure/JavaPackage;)V 119 <appendix> member <vmtarget> ; # org/jetbrains/kotlin/load/java/lazy/descriptors/LazyJavaPackageFragment$$Lambda+0x00000001005dec20
instanceKlass  @bci org/jetbrains/kotlin/load/java/lazy/descriptors/JvmPackageScope <init> (Lorg/jetbrains/kotlin/load/java/lazy/LazyJavaResolverContext;Lorg/jetbrains/kotlin/load/java/structure/JavaPackage;Lorg/jetbrains/kotlin/load/java/lazy/descriptors/LazyJavaPackageFragment;)V 61 <appendix> member <vmtarget> ; # org/jetbrains/kotlin/load/java/lazy/descriptors/JvmPackageScope$$Lambda+0x00000001005de9c8
instanceKlass  @bci org/jetbrains/kotlin/load/java/lazy/descriptors/LazyJavaPackageScope <init> (Lorg/jetbrains/kotlin/load/java/lazy/LazyJavaResolverContext;Lorg/jetbrains/kotlin/load/java/structure/JavaPackage;Lorg/jetbrains/kotlin/load/java/lazy/descriptors/LazyJavaPackageFragment;)V 60 <appendix> member <vmtarget> ; # org/jetbrains/kotlin/load/java/lazy/descriptors/LazyJavaPackageScope$$Lambda+0x00000001005de770
instanceKlass org/jetbrains/kotlin/load/java/lazy/descriptors/LazyJavaPackageScope$FindClassRequest
instanceKlass  @bci org/jetbrains/kotlin/load/java/lazy/descriptors/LazyJavaPackageScope <init> (Lorg/jetbrains/kotlin/load/java/lazy/LazyJavaResolverContext;Lorg/jetbrains/kotlin/load/java/structure/JavaPackage;Lorg/jetbrains/kotlin/load/java/lazy/descriptors/LazyJavaPackageFragment;)V 40 <appendix> member <vmtarget> ; # org/jetbrains/kotlin/load/java/lazy/descriptors/LazyJavaPackageScope$$Lambda+0x00000001005de2d8
instanceKlass  @bci org/jetbrains/kotlin/load/java/lazy/descriptors/LazyJavaScope <init> (Lorg/jetbrains/kotlin/load/java/lazy/LazyJavaResolverContext;Lorg/jetbrains/kotlin/load/java/lazy/descriptors/LazyJavaScope;)V 208 <appendix> member <vmtarget> ; # org/jetbrains/kotlin/load/java/lazy/descriptors/LazyJavaScope$$Lambda+0x00000001005de080
instanceKlass  @bci org/jetbrains/kotlin/load/java/lazy/descriptors/LazyJavaScope <init> (Lorg/jetbrains/kotlin/load/java/lazy/LazyJavaResolverContext;Lorg/jetbrains/kotlin/load/java/lazy/descriptors/LazyJavaScope;)V 186 <appendix> member <vmtarget> ; # org/jetbrains/kotlin/load/java/lazy/descriptors/LazyJavaScope$$Lambda+0x00000001005dde28
instanceKlass  @bci org/jetbrains/kotlin/load/java/lazy/descriptors/LazyJavaScope <init> (Lorg/jetbrains/kotlin/load/java/lazy/LazyJavaResolverContext;Lorg/jetbrains/kotlin/load/java/lazy/descriptors/LazyJavaScope;)V 164 <appendix> member <vmtarget> ; # org/jetbrains/kotlin/load/java/lazy/descriptors/LazyJavaScope$$Lambda+0x00000001005ddbd0
instanceKlass  @bci org/jetbrains/kotlin/load/java/lazy/descriptors/LazyJavaScope <init> (Lorg/jetbrains/kotlin/load/java/lazy/LazyJavaResolverContext;Lorg/jetbrains/kotlin/load/java/lazy/descriptors/LazyJavaScope;)V 142 <appendix> member <vmtarget> ; # org/jetbrains/kotlin/load/java/lazy/descriptors/LazyJavaScope$$Lambda+0x00000001005dd978
instanceKlass  @bci org/jetbrains/kotlin/load/java/lazy/descriptors/LazyJavaScope <init> (Lorg/jetbrains/kotlin/load/java/lazy/LazyJavaResolverContext;Lorg/jetbrains/kotlin/load/java/lazy/descriptors/LazyJavaScope;)V 120 <appendix> member <vmtarget> ; # org/jetbrains/kotlin/load/java/lazy/descriptors/LazyJavaScope$$Lambda+0x00000001005dd720
instanceKlass  @bci org/jetbrains/kotlin/load/java/lazy/descriptors/LazyJavaScope <init> (Lorg/jetbrains/kotlin/load/java/lazy/LazyJavaResolverContext;Lorg/jetbrains/kotlin/load/java/lazy/descriptors/LazyJavaScope;)V 98 <appendix> member <vmtarget> ; # org/jetbrains/kotlin/load/java/lazy/descriptors/LazyJavaScope$$Lambda+0x00000001005dd4c8
instanceKlass  @bci org/jetbrains/kotlin/load/java/lazy/descriptors/LazyJavaScope <init> (Lorg/jetbrains/kotlin/load/java/lazy/LazyJavaResolverContext;Lorg/jetbrains/kotlin/load/java/lazy/descriptors/LazyJavaScope;)V 76 <appendix> member <vmtarget> ; # org/jetbrains/kotlin/load/java/lazy/descriptors/LazyJavaScope$$Lambda+0x00000001005dd270
instanceKlass  @bci org/jetbrains/kotlin/load/java/lazy/descriptors/LazyJavaScope <init> (Lorg/jetbrains/kotlin/load/java/lazy/LazyJavaResolverContext;Lorg/jetbrains/kotlin/load/java/lazy/descriptors/LazyJavaScope;)V 54 <appendix> member <vmtarget> ; # org/jetbrains/kotlin/load/java/lazy/descriptors/LazyJavaScope$$Lambda+0x00000001005dd018
instanceKlass org/jetbrains/kotlin/load/java/lazy/descriptors/DeclaredMemberIndex
instanceKlass  @bci org/jetbrains/kotlin/load/java/lazy/descriptors/LazyJavaScope <init> (Lorg/jetbrains/kotlin/load/java/lazy/LazyJavaResolverContext;Lorg/jetbrains/kotlin/load/java/lazy/descriptors/LazyJavaScope;)V 29 <appendix> member <vmtarget> ; # org/jetbrains/kotlin/load/java/lazy/descriptors/LazyJavaScope$$Lambda+0x00000001005dc8b0
instanceKlass org/jetbrains/kotlin/load/java/lazy/descriptors/JvmPackageScope
instanceKlass  @bci org/jetbrains/kotlin/load/java/lazy/descriptors/LazyJavaPackageFragment <init> (Lorg/jetbrains/kotlin/load/java/lazy/LazyJavaResolverContext;Lorg/jetbrains/kotlin/load/java/structure/JavaPackage;)V 77 <appendix> member <vmtarget> ; # org/jetbrains/kotlin/load/java/lazy/descriptors/LazyJavaPackageFragment$$Lambda+0x00000001005db928
instanceKlass  @bci org/jetbrains/kotlin/load/java/lazy/ContextKt childForClassOrPackage (Lorg/jetbrains/kotlin/load/java/lazy/LazyJavaResolverContext;Lorg/jetbrains/kotlin/descriptors/ClassOrPackageFragmentDescriptor;Lorg/jetbrains/kotlin/load/java/structure/JavaTypeParameterListOwner;I)Lorg/jetbrains/kotlin/load/java/lazy/LazyJavaResolverContext; 24 <appendix> member <vmtarget> ; # org/jetbrains/kotlin/load/java/lazy/ContextKt$$Lambda+0x00000001005db6d0
instanceKlass org/jetbrains/kotlin/load/java/lazy/ContextKt
instanceKlass org/jetbrains/kotlin/storage/LockBasedStorageManager$KeyWithComputation
instanceKlass  @bci org/jetbrains/kotlin/load/java/lazy/LazyJavaPackageFragmentProvider getPackageFragment (Lorg/jetbrains/kotlin/name/FqName;)Lorg/jetbrains/kotlin/load/java/lazy/descriptors/LazyJavaPackageFragment; 32 <appendix> member <vmtarget> ; # org/jetbrains/kotlin/load/java/lazy/LazyJavaPackageFragmentProvider$$Lambda+0x00000001005db000
instanceKlass  @bci org/jetbrains/kotlin/load/java/structure/JavaElementsKt buildLazyValueForMap (Lorg/jetbrains/kotlin/load/java/structure/JavaAnnotationOwner;)Lkotlin/Lazy; 7 <appendix> member <vmtarget> ; # org/jetbrains/kotlin/load/java/structure/JavaElementsKt$$Lambda+0x00000001005da948
instanceKlass org/jetbrains/kotlin/load/java/structure/JavaElementsKt
instanceKlass org/jetbrains/kotlin/load/java/structure/impl/source/JavaElementPsiSource
instanceKlass org/jetbrains/kotlin/load/java/structure/impl/JavaElementImpl
instanceKlass org/jetbrains/kotlin/load/java/structure/impl/source/JavaSourceFactoryOwner
instanceKlass org/jetbrains/kotlin/load/java/structure/MapBasedJavaAnnotationOwner
instanceKlass org/jetbrains/kotlin/load/java/structure/impl/source/JavaElementSourceFactory$Companion
instanceKlass org/jetbrains/kotlin/cli/jvm/index/JvmDependenciesIndexImpl$FindClassRequest
instanceKlass org/jetbrains/kotlin/cli/jvm/index/JvmDependenciesIndexImpl$WhenMappings
instanceKlass org/jetbrains/kotlin/com/intellij/util/containers/IntArrayList
instanceKlass  @bci org/jetbrains/kotlin/cli/jvm/index/JvmDependenciesIndexImpl traverseDirectoriesInPackage (Lorg/jetbrains/kotlin/name/FqName;Ljava/util/Set;Lkotlin/jvm/functions/Function2;)V 52 <appendix> member <vmtarget> ; # org/jetbrains/kotlin/cli/jvm/index/JvmDependenciesIndexImpl$$Lambda+0x00000001005d5b78
instanceKlass org/jetbrains/kotlin/cli/jvm/index/JvmDependenciesIndexImpl$TraverseRequest
instanceKlass org/jetbrains/kotlin/cli/jvm/index/JvmDependenciesIndexImpl$SearchRequest
instanceKlass  @bci org/jetbrains/kotlin/cli/jvm/compiler/KotlinCliJavaFileManagerImpl findPackage (Ljava/lang/String;)Lorg/jetbrains/kotlin/com/intellij/psi/PsiPackage; 45 <appendix> member <vmtarget> ; # org/jetbrains/kotlin/cli/jvm/compiler/KotlinCliJavaFileManagerImpl$$Lambda+0x00000001005d5490
instanceKlass  @bci org/jetbrains/kotlin/cli/jvm/compiler/KotlinCliJavaFileManagerImplKt toSafeFqName (Ljava/lang/String;)Lorg/jetbrains/kotlin/name/FqName; 1 <appendix> member <vmtarget> ; # org/jetbrains/kotlin/cli/jvm/compiler/KotlinCliJavaFileManagerImplKt$$Lambda+0x00000001005d5238
instanceKlass org/jetbrains/kotlin/cli/jvm/compiler/KotlinCliJavaFileManagerImplKt
instanceKlass  @bci org/jetbrains/kotlin/resolve/jvm/KotlinJavaPsiFacade calcFinders ()[Lorg/jetbrains/kotlin/resolve/jvm/KotlinJavaPsiFacade$KotlinPsiElementFinderWrapper; 149 <appendix> argL0 ; # org/jetbrains/kotlin/resolve/jvm/KotlinJavaPsiFacade$$Lambda+0x00000001005d3ab0
instanceKlass org/jetbrains/kotlin/resolve/jvm/KotlinSafeClassFinder
instanceKlass org/jetbrains/kotlin/com/intellij/util/containers/ImmutableList$Itr
instanceKlass org/jetbrains/kotlin/resolve/jvm/KotlinJavaPsiFacade$CliFinder
instanceKlass  @bci org/jetbrains/kotlin/com/intellij/psi/search/GlobalSearchScope$AbstractFilesScope hasFilesOutOfProjectRoots ()Z 33 <appendix> member <vmtarget> ; # org/jetbrains/kotlin/com/intellij/psi/search/GlobalSearchScope$AbstractFilesScope$$Lambda+0x00000001005d2708
instanceKlass  @bci org/jetbrains/kotlin/com/intellij/psi/search/GlobalSearchScope$UnionScope isSearchInLibraries ()Z 4 <appendix> argL0 ; # org/jetbrains/kotlin/com/intellij/psi/search/GlobalSearchScope$UnionScope$$Lambda+0x00000001005d2460
instanceKlass org/jetbrains/kotlin/com/intellij/openapi/vfs/CompactVirtualFileSet$3
instanceKlass org/jetbrains/kotlin/com/intellij/util/containers/SequenceIterator
instanceKlass org/jetbrains/kotlin/resolve/jvm/KotlinJavaPsiFacade$PackageCache
# instanceKlass java/lang/invoke/LambdaForm$MH+0x00000001005d4000
instanceKlass com/google/devtools/ksp/symbol/KSVisitorVoid
instanceKlass kotlin/UnsafeLazyImpl
instanceKlass org/jetbrains/kotlin/codegen/state/KotlinTypeMapper$typeMappingConfiguration$1
instanceKlass org/jetbrains/kotlin/load/kotlin/TypeMappingConfiguration
instanceKlass org/jetbrains/kotlin/codegen/ClassBuilderMode
instanceKlass org/jetbrains/kotlin/resolve/InlineClassDescriptorResolver
instanceKlass org/jetbrains/kotlin/codegen/state/KotlinTypeMapper$Companion
instanceKlass org/jetbrains/kotlin/codegen/state/KotlinTypeMapperBase
instanceKlass com/google/devtools/ksp/processing/impl/ResolverImplKt
instanceKlass com/google/devtools/ksp/processing/impl/ResolverImpl$Companion
instanceKlass com/google/devtools/ksp/processing/impl/ResolverImpl
instanceKlass com/google/devtools/ksp/processing/Resolver
instanceKlass  @bci org/jetbrains/kotlin/psi/KtTypeElement <clinit> ()V 7 <appendix> argL0 ; # org/jetbrains/kotlin/psi/KtTypeElement$$Lambda+0x00000001005c9c70
instanceKlass org/jetbrains/kotlin/util/slicedMap/OpenAddressLinearProbingHashTableKt
instanceKlass org/jetbrains/kotlin/util/slicedMap/OpenAddressLinearProbingHashTable$Companion
instanceKlass org/jetbrains/kotlin/util/slicedMap/Slices$SliceBuilder
instanceKlass org/jetbrains/kotlin/util/slicedMap/SetSlice$Companion
instanceKlass org/jetbrains/kotlin/util/slicedMap/RewritePolicy$1
instanceKlass org/jetbrains/kotlin/resolve/BindingContext$1
instanceKlass org/jetbrains/kotlin/com/google/common/collect/Sets
instanceKlass org/jetbrains/kotlin/resolve/FilePreprocessorKt
instanceKlass org/jetbrains/kotlin/com/intellij/psi/impl/source/resolve/FileContextUtil
instanceKlass  @bci org/jetbrains/kotlin/com/intellij/psi/impl/PsiCachedValue normalizeDependencies (Ljava/lang/Object;[Ljava/lang/Object;)[Ljava/lang/Object; 47 <appendix> member <vmtarget> ; # org/jetbrains/kotlin/com/intellij/psi/impl/PsiCachedValue$$Lambda+0x00000001005cd8a8
instanceKlass  @bci java/util/regex/Pattern union (Ljava/util/regex/Pattern$CharPredicate;Ljava/util/regex/Pattern$CharPredicate;Z)Ljava/util/regex/Pattern$CharPredicate; 14 <appendix> member <vmtarget> ; # java/util/regex/Pattern$$Lambda+0x000000010017c738
instanceKlass  @bci java/util/regex/CharPredicates category (I)Ljava/util/regex/Pattern$CharPredicate; 1 <appendix> member <vmtarget> ; # java/util/regex/CharPredicates$$Lambda+0x000000010017c4a8
instanceKlass org/jetbrains/kotlin/name/NameUtils
instanceKlass org/jetbrains/kotlin/load/kotlin/PackagePartClassUtils
instanceKlass org/jetbrains/kotlin/fileClasses/JvmSimpleFileClassInfo
instanceKlass org/jetbrains/kotlin/fileClasses/JvmFileClassInfo
instanceKlass org/jetbrains/kotlin/fileClasses/JvmFileClassUtil
instanceKlass org/jetbrains/kotlin/com/intellij/psi/util/CachedValueProfiler$Overhead
instanceKlass  @bci org/jetbrains/kotlin/com/intellij/psi/util/CachedValueProfiler <clinit> ()V 20 <appendix> argL0 ; # org/jetbrains/kotlin/com/intellij/psi/util/CachedValueProfiler$$Lambda+0x00000001005cc240
instanceKlass org/jetbrains/kotlin/com/intellij/psi/util/CachedValueProfiler$ThreadContext
instanceKlass org/jetbrains/kotlin/com/intellij/psi/util/CachedValueProfiler$GlobalContext
instanceKlass org/jetbrains/kotlin/com/intellij/psi/util/CachedValueProfiler$EventPlace
instanceKlass org/jetbrains/kotlin/com/intellij/psi/util/CachedValueProfiler
instanceKlass  @bci org/jetbrains/kotlin/com/intellij/util/CachedValueBase lambda$getValueWithLock$4 (Ljava/lang/Object;)Lorg/jetbrains/kotlin/com/intellij/util/CachedValueBase$Data; 3 <appendix> member <vmtarget> ; # org/jetbrains/kotlin/com/intellij/util/CachedValueBase$$Lambda+0x00000001005c7670
instanceKlass org/jetbrains/kotlin/com/intellij/openapi/util/RecursionManager$StackFrame
instanceKlass org/jetbrains/kotlin/com/intellij/openapi/util/RecursionManager$MyKey
instanceKlass  @bci org/jetbrains/kotlin/com/intellij/openapi/util/RecursionGuard doPreventingRecursion (Ljava/lang/Object;ZLorg/jetbrains/kotlin/com/intellij/openapi/util/Computable;)Ljava/lang/Object; 25 <appendix> member <vmtarget> ; # org/jetbrains/kotlin/com/intellij/openapi/util/RecursionGuard$$Lambda+0x00000001005c6f98
instanceKlass  @bci org/jetbrains/kotlin/com/intellij/util/CachedValueBase getValueWithLock (Ljava/lang/Object;)Ljava/lang/Object; 41 <appendix> member <vmtarget> ; # org/jetbrains/kotlin/com/intellij/util/CachedValueBase$$Lambda+0x00000001005c6d18
instanceKlass org/jetbrains/kotlin/com/intellij/util/CachedValueBase$Data
instanceKlass org/jetbrains/kotlin/com/intellij/openapi/util/Computable
instanceKlass org/jetbrains/kotlin/com/intellij/util/CachedValueLeakChecker
instanceKlass org/jetbrains/kotlin/com/intellij/psi/util/CachedValuesManager$1
instanceKlass  @bci org/jetbrains/kotlin/fileClasses/JvmFileClassUtilKt getFileClassInfo (Lorg/jetbrains/kotlin/psi/KtFile;)Lorg/jetbrains/kotlin/fileClasses/JvmFileClassInfo; 11 <appendix> member <vmtarget> ; # org/jetbrains/kotlin/fileClasses/JvmFileClassUtilKt$$Lambda+0x00000001005c5c30
instanceKlass org/jetbrains/kotlin/fileClasses/JvmFileClassUtilKt
# instanceKlass java/lang/invoke/LambdaForm$MH+0x00000001005c9000
# instanceKlass java/lang/invoke/LambdaForm$MH+0x00000001005c8c00
# instanceKlass java/lang/invoke/LambdaForm$MH+0x00000001005c8800
# instanceKlass java/lang/invoke/LambdaForm$MH+0x00000001005c8400
# instanceKlass java/lang/invoke/LambdaForm$MH+0x00000001005c8000
instanceKlass org/jetbrains/kotlin/kdoc/psi/api/KDoc
instanceKlass org/jetbrains/kotlin/kdoc/psi/api/KDocElement
instanceKlass org/jetbrains/kotlin/com/intellij/psi/PsiDocCommentBase
instanceKlass org/jetbrains/kotlin/parsing/DoNotBindAnything
instanceKlass org/jetbrains/kotlin/parsing/KotlinParsing$4
instanceKlass org/jetbrains/kotlin/parsing/KotlinParsing$PropertyComponentKind$Collector
instanceKlass org/jetbrains/kotlin/com/intellij/psi/PsiJavaFile
instanceKlass org/jetbrains/kotlin/com/intellij/psi/AbstractBasicJavaFile
instanceKlass com/google/devtools/ksp/symbol/KSPropertyDeclaration
instanceKlass com/google/devtools/ksp/symbol/impl/kotlin/KSValueParameterImpl
instanceKlass com/google/devtools/ksp/symbol/KSValueParameter
instanceKlass com/google/devtools/ksp/symbol/impl/synthetic/KSConstructorSyntheticImpl
instanceKlass com/google/devtools/ksp/common/LookupSymbolWrapper
instanceKlass org/jetbrains/kotlin/psi/KtSimpleNameExpressionImpl$Companion
instanceKlass org/jetbrains/kotlin/psi/KtExpressionImpl$Companion
instanceKlass org/jetbrains/kotlin/psi/KtNameReferenceExpression$Companion
instanceKlass org/jetbrains/kotlin/psi/psiUtil/PsiUtilsKt$siblings$1$iterator$1
instanceKlass org/jetbrains/kotlin/psi/psiUtil/PsiUtilsKt$siblings$1
instanceKlass org/jetbrains/kotlin/psi/KtDotQualifiedExpression$Companion
instanceKlass org/jetbrains/kotlin/psi/KtStubbedPsiUtil
instanceKlass  @bci org/jetbrains/kotlin/psi/KtExpression <clinit> ()V 7 <appendix> argL0 ; # org/jetbrains/kotlin/psi/KtExpression$$Lambda+0x00000001005ae9c0
instanceKlass org/jetbrains/kotlin/psi/KtNamedDeclarationUtil
instanceKlass com/google/devtools/ksp/common/KSObjectCacheManager$Companion
instanceKlass com/google/devtools/ksp/common/KSObjectCacheManager
instanceKlass org/jetbrains/kotlin/psi/KtPsiUtil
instanceKlass com/google/devtools/ksp/common/KSObjectCache
instanceKlass com/google/devtools/ksp/common/impl/KSNameImpl
instanceKlass com/google/devtools/ksp/symbol/KSName
instanceKlass com/google/devtools/ksp/symbol/impl/PsiUtilsKt
instanceKlass com/google/devtools/ksp/UtilsKt
instanceKlass  @bci java/util/regex/CharPredicates range (II)Ljava/util/regex/Pattern$CharPredicate; 2 <appendix> member <vmtarget> ; # java/util/regex/CharPredicates$$Lambda+0x000000010017bf88
instanceKlass org/jetbrains/kotlin/psi/psiUtil/KtPsiUtilKt
instanceKlass org/jetbrains/kotlin/psi/psiUtil/PsiUtilsKt
instanceKlass com/google/devtools/ksp/symbol/impl/kotlin/KSExpectActualImpl
instanceKlass com/google/devtools/ksp/symbol/impl/kotlin/KSDeclarationImpl
instanceKlass com/google/devtools/ksp/symbol/KSClassDeclaration
instanceKlass com/google/devtools/ksp/common/MemoizedSequence$CachedIterator
instanceKlass com/google/devtools/ksp/common/MemoizedSequence
instanceKlass com/google/devtools/ksp/common/PsiUtilsKt
instanceKlass com/google/devtools/ksp/symbol/impl/UtilsKt
instanceKlass org/jetbrains/kotlin/com/intellij/concurrency/ThreadContext
instanceKlass org/jetbrains/kotlin/com/intellij/psi/impl/source/SourceTreeToPsiMap
instanceKlass  @bci org/jetbrains/kotlin/com/intellij/util/containers/Unsafe putObjectVolatile (Ljava/lang/Object;JLjava/lang/Object;)V 6 <adapter> ; # java/lang/invoke/LambdaForm$MH+0x00000001005a9000
instanceKlass org/jetbrains/kotlin/com/intellij/openapi/progress/WrappedProgressIndicator
instanceKlass  @bci org/jetbrains/kotlin/com/intellij/openapi/progress/impl/CoreProgressManager registerIndicatorAndRun (Lorg/jetbrains/kotlin/com/intellij/openapi/progress/ProgressIndicator;Ljava/lang/Thread;Lorg/jetbrains/kotlin/com/intellij/openapi/progress/ProgressIndicator;Lorg/jetbrains/kotlin/com/intellij/openapi/util/ThrowableComputable;)Ljava/lang/Object; 60 <appendix> argL0 ; # org/jetbrains/kotlin/com/intellij/openapi/progress/impl/CoreProgressManager$$Lambda+0x00000001005a7a88
instanceKlass  @bci org/jetbrains/kotlin/com/intellij/util/containers/Unsafe compareAndSwapLong (Ljava/lang/Object;JJJ)Z 16 <adapter> ; # java/lang/invoke/LambdaForm$MH+0x00000001005a8c00
instanceKlass  @bci org/jetbrains/kotlin/com/intellij/util/containers/Unsafe compareAndSwapObject (Ljava/lang/Object;JLjava/lang/Object;Ljava/lang/Object;)Z 8 <adapter> ; # java/lang/invoke/LambdaForm$MH+0x00000001005a8800
instanceKlass  @bci org/jetbrains/kotlin/com/intellij/util/containers/Unsafe getObjectVolatile (Ljava/lang/Object;J)Ljava/lang/Object; 5 <adapter> ; # java/lang/invoke/LambdaForm$MH+0x00000001005a8400
instanceKlass  @bci org/jetbrains/kotlin/com/intellij/util/containers/Unsafe compareAndSwapInt (Ljava/lang/Object;JII)Z 8 <adapter> ; # java/lang/invoke/LambdaForm$MH+0x00000001005a8000
instanceKlass org/jetbrains/kotlin/com/intellij/openapi/progress/impl/NonCancelableIndicator
instanceKlass org/jetbrains/kotlin/com/intellij/openapi/progress/StandardProgressIndicator
instanceKlass org/jetbrains/kotlin/com/intellij/openapi/progress/Cancellation
instanceKlass  @bci org/jetbrains/kotlin/com/intellij/openapi/progress/impl/CoreProgressManager computeInNonCancelableSection (Lorg/jetbrains/kotlin/com/intellij/openapi/util/ThrowableComputable;)Ljava/lang/Object; 10 <appendix> member <vmtarget> ; # org/jetbrains/kotlin/com/intellij/openapi/progress/impl/CoreProgressManager$$Lambda+0x00000001005a6a78
instanceKlass  @bci org/jetbrains/kotlin/com/intellij/openapi/progress/impl/CoreProgressManager executeNonCancelableSection (Ljava/lang/Runnable;)V 10 <appendix> member <vmtarget> ; # org/jetbrains/kotlin/com/intellij/openapi/progress/impl/CoreProgressManager$$Lambda+0x00000001005a6820
instanceKlass org/jetbrains/kotlin/com/intellij/openapi/util/ThrowableComputable
instanceKlass  @bci org/jetbrains/kotlin/com/intellij/psi/impl/source/tree/LazyParseableElement setChildren (Lorg/jetbrains/kotlin/com/intellij/psi/impl/source/tree/TreeElement;)V 13 <appendix> member <vmtarget> ; # org/jetbrains/kotlin/com/intellij/psi/impl/source/tree/LazyParseableElement$$Lambda+0x00000001005a6398
instanceKlass org/jetbrains/kotlin/com/intellij/psi/tree/ILeafElementType
instanceKlass org/jetbrains/kotlin/com/intellij/psi/tree/ICustomParsingType
instanceKlass org/jetbrains/kotlin/com/intellij/lang/WhitespacesAndCommentsBinder$RecursiveBinder
instanceKlass org/jetbrains/kotlin/com/intellij/lang/impl/PsiBuilderImpl$RelativeTokenTextView
instanceKlass org/jetbrains/kotlin/parsing/PrecedingCommentsBinder
instanceKlass org/jetbrains/kotlin/parsing/PrecedingDocCommentsBinder
instanceKlass org/jetbrains/kotlin/parsing/AbstractKotlinParsing$OptionalMarker
instanceKlass org/jetbrains/kotlin/parsing/KotlinParsing$ModifierDetector
instanceKlass  @bci org/jetbrains/kotlin/com/intellij/lang/impl/MarkerProduction findMarkerAtLexeme (I)I 10 <appendix> member <vmtarget> ; # org/jetbrains/kotlin/com/intellij/lang/impl/MarkerProduction$$Lambda+0x00000001005a3cf8
instanceKlass java/util/function/IntUnaryOperator
instanceKlass org/jetbrains/kotlin/com/intellij/lang/WhitespacesBinders$2
instanceKlass org/jetbrains/kotlin/com/intellij/lang/WhitespacesBinders$1
instanceKlass org/jetbrains/kotlin/com/intellij/lang/WhitespacesBinders
instanceKlass org/jetbrains/kotlin/parsing/TrailingCommentsBinder
instanceKlass org/jetbrains/kotlin/com/intellij/util/text/CharSequenceSubSequence
instanceKlass org/jetbrains/kotlin/it/unimi/dsi/fastutil/Arrays
instanceKlass org/jetbrains/kotlin/com/google/common/collect/ImmutableCollection$Builder
instanceKlass org/jetbrains/kotlin/com/google/common/collect/ImmutableMap$Builder
instanceKlass org/jetbrains/kotlin/parsing/AbstractTokenStreamPredicate
instanceKlass org/jetbrains/kotlin/parsing/AbstractTokenStreamPattern
instanceKlass org/jetbrains/kotlin/parsing/TokenStreamPattern
instanceKlass org/jetbrains/kotlin/parsing/Consumer
instanceKlass org/jetbrains/kotlin/parsing/TokenStreamPredicate
instanceKlass org/jetbrains/kotlin/com/intellij/lang/WhitespacesAndCommentsBinder
instanceKlass org/jetbrains/kotlin/parsing/AbstractKotlinParsing
instanceKlass org/jetbrains/kotlin/com/intellij/lang/impl/PsiBuilderAdapter
instanceKlass org/jetbrains/kotlin/parsing/SemanticWhitespaceAwarePsiBuilder
instanceKlass org/jetbrains/kotlin/parsing/KotlinParser
instanceKlass org/jetbrains/kotlin/lexer/_JetLexer$State
instanceKlass org/jetbrains/kotlin/com/intellij/util/text/ImmutableText$InnerLeaf
instanceKlass org/jetbrains/kotlin/com/intellij/util/text/ImmutableText$CompositeNode
instanceKlass org/jetbrains/kotlin/com/intellij/lang/impl/TokenSequence$Builder
instanceKlass org/jetbrains/kotlin/com/intellij/lang/impl/TokenSequence
instanceKlass org/jetbrains/kotlin/com/intellij/lexer/TokenList
instanceKlass org/jetbrains/kotlin/com/intellij/lang/impl/PsiBuilderImpl$Token
instanceKlass org/jetbrains/kotlin/com/intellij/lang/LighterLazyParseableNode
instanceKlass java/util/BitSet
instanceKlass org/jetbrains/kotlin/it/unimi/dsi/fastutil/ints/IntArrays$ArrayHashStrategy
instanceKlass org/jetbrains/kotlin/it/unimi/dsi/fastutil/ints/IntArrays$Segment
instanceKlass org/jetbrains/kotlin/it/unimi/dsi/fastutil/ints/IntArrays
instanceKlass org/jetbrains/kotlin/it/unimi/dsi/fastutil/ints/IntListIterator
instanceKlass org/jetbrains/kotlin/it/unimi/dsi/fastutil/ints/IntBidirectionalIterator
instanceKlass org/jetbrains/kotlin/it/unimi/dsi/fastutil/ints/IntSpliterator
instanceKlass org/jetbrains/kotlin/it/unimi/dsi/fastutil/ints/IntIterator
instanceKlass java/util/PrimitiveIterator$OfInt
instanceKlass java/util/PrimitiveIterator
instanceKlass java/util/function/IntConsumer
instanceKlass org/jetbrains/kotlin/it/unimi/dsi/fastutil/ints/IntStack
instanceKlass org/jetbrains/kotlin/it/unimi/dsi/fastutil/objects/ObjectArrays$ArrayHashStrategy
instanceKlass org/jetbrains/kotlin/it/unimi/dsi/fastutil/objects/ObjectArrays
instanceKlass  @bci org/jetbrains/kotlin/it/unimi/dsi/fastutil/objects/ObjectArrayList <clinit> ()V 26 <appendix> argL0 ; # org/jetbrains/kotlin/it/unimi/dsi/fastutil/objects/ObjectArrayList$$Lambda+0x0000000100592438
instanceKlass  @bci org/jetbrains/kotlin/it/unimi/dsi/fastutil/objects/ObjectArrayList <clinit> ()V 21 <appendix> argL0 ; # org/jetbrains/kotlin/it/unimi/dsi/fastutil/objects/ObjectArrayList$$Lambda+0x00000001005921d8
instanceKlass  @bci org/jetbrains/kotlin/it/unimi/dsi/fastutil/objects/ObjectArrayList <clinit> ()V 16 <appendix> argL0 ; # org/jetbrains/kotlin/it/unimi/dsi/fastutil/objects/ObjectArrayList$$Lambda+0x0000000100591f88
instanceKlass org/jetbrains/kotlin/it/unimi/dsi/fastutil/objects/ObjectListIterator
instanceKlass org/jetbrains/kotlin/it/unimi/dsi/fastutil/objects/ObjectBidirectionalIterator
instanceKlass org/jetbrains/kotlin/it/unimi/dsi/fastutil/BidirectionalIterator
instanceKlass org/jetbrains/kotlin/it/unimi/dsi/fastutil/objects/ObjectList
instanceKlass org/jetbrains/kotlin/it/unimi/dsi/fastutil/Stack
instanceKlass org/jetbrains/kotlin/com/intellij/psi/text/BlockSupport
instanceKlass org/jetbrains/kotlin/lexer/_JetLexer
instanceKlass org/jetbrains/kotlin/com/intellij/lexer/FlexLexer
instanceKlass org/jetbrains/kotlin/com/intellij/lexer/LexerPosition
instanceKlass org/jetbrains/kotlin/com/intellij/lang/WhitespacesAndCommentsBinder$TokenTextGetter
instanceKlass org/jetbrains/kotlin/com/intellij/lang/PsiBuilder$Marker
instanceKlass org/jetbrains/kotlin/com/intellij/lang/SyntaxTreeBuilder$Marker
instanceKlass org/jetbrains/kotlin/com/intellij/lang/impl/PsiBuilderImpl$ProductionMarker
instanceKlass org/jetbrains/kotlin/com/intellij/lang/impl/PsiBuilderImpl$Node
instanceKlass org/jetbrains/kotlin/com/intellij/lang/LighterASTNode
instanceKlass org/jetbrains/kotlin/com/intellij/util/diff/ShallowNodeComparator
instanceKlass org/jetbrains/kotlin/com/intellij/util/diff/DiffTreeChangeBuilder
instanceKlass org/jetbrains/kotlin/com/intellij/openapi/util/UnprotectedUserDataHolder
instanceKlass  @bci org/jetbrains/kotlin/com/intellij/psi/impl/source/tree/LazyParseableElement ensureParsed ()V 135 <appendix> member <vmtarget> ; # org/jetbrains/kotlin/com/intellij/psi/impl/source/tree/LazyParseableElement$$Lambda+0x000000010058b4f8
instanceKlass org/jetbrains/kotlin/com/intellij/util/ThrowableRunnable
instanceKlass org/jetbrains/kotlin/com/intellij/psi/impl/source/tree/TreeUtil
instanceKlass org/jetbrains/kotlin/com/intellij/psi/impl/DebugUtil
instanceKlass org/jetbrains/kotlin/com/intellij/psi/impl/source/tree/SharedImplUtil
instanceKlass  @bci org/jetbrains/kotlin/com/intellij/psi/impl/source/tree/LazyParseableElement <init> (Lorg/jetbrains/kotlin/com/intellij/psi/tree/IElementType;Ljava/lang/CharSequence;)V 57 <appendix> member <vmtarget> ; # org/jetbrains/kotlin/com/intellij/psi/impl/source/tree/LazyParseableElement$$Lambda+0x0000000100589af8
instanceKlass  @bci org/jetbrains/kotlin/com/intellij/psi/impl/source/tree/LazyParseableElement <clinit> ()V 24 <appendix> argL0 ; # org/jetbrains/kotlin/com/intellij/psi/impl/source/tree/LazyParseableElement$$Lambda+0x0000000100589230
instanceKlass org/jetbrains/kotlin/com/intellij/lang/LighterAST
instanceKlass  @bci org/jetbrains/kotlin/com/intellij/util/AstLoadingFilter <clinit> ()V 18 <appendix> argL0 ; # org/jetbrains/kotlin/com/intellij/util/AstLoadingFilter$$Lambda+0x0000000100587a40
instanceKlass org/jetbrains/kotlin/com/intellij/util/AstLoadingFilter
instanceKlass org/jetbrains/kotlin/com/intellij/psi/search/PsiElementProcessor$CollectElements
instanceKlass org/jetbrains/kotlin/com/intellij/psi/search/PsiElementProcessor$FindElement
instanceKlass org/jetbrains/kotlin/com/intellij/psi/search/PsiElementProcessor
instanceKlass org/jetbrains/kotlin/com/intellij/psi/util/PsiTreeUtil
instanceKlass com/google/devtools/ksp/symbol/KSFunctionDeclaration
instanceKlass com/google/devtools/ksp/symbol/KSDeclaration
instanceKlass com/google/devtools/ksp/symbol/KSExpectActual
instanceKlass com/google/devtools/ksp/symbol/KSModifierListOwner
instanceKlass com/google/devtools/ksp/visitor/KSEmptyVisitor
instanceKlass com/google/devtools/ksp/symbol/KSVisitor
instanceKlass org/jetbrains/kotlin/incremental/storage/AppendableCollectionExternalizer
instanceKlass org/jetbrains/kotlin/incremental/storage/AppendablePersistentStorage
instanceKlass org/jetbrains/kotlin/incremental/storage/LookupSymbolKeyDescriptor
instanceKlass org/jetbrains/kotlin/incremental/storage/AppendableSetBasicMap
instanceKlass org/jetbrains/kotlin/incremental/TrackedLookupMap
instanceKlass org/jetbrains/kotlin/incremental/storage/IntExternalizer
instanceKlass  @bci org/jetbrains/kotlin/incremental/storage/LazyStorage <init> (Ljava/io/File;Lorg/jetbrains/kotlin/com/intellij/util/io/KeyDescriptor;Lorg/jetbrains/kotlin/com/intellij/util/io/DataExternalizer;)V 39 <appendix> member <vmtarget> ; # org/jetbrains/kotlin/incremental/storage/LazyStorage$$Lambda+0x0000000100583fc8
instanceKlass org/jetbrains/kotlin/incremental/storage/LazyStorage
instanceKlass org/jetbrains/kotlin/incremental/storage/LazyStorageKt
instanceKlass org/jetbrains/kotlin/incremental/storage/LegacyFileExternalizer
instanceKlass org/jetbrains/kotlin/incremental/storage/DefaultEqualityPolicy
instanceKlass org/jetbrains/kotlin/incremental/storage/ExternalizersKt$toDescriptor$1
instanceKlass org/jetbrains/kotlin/incremental/storage/ExternalizersKt
instanceKlass org/jetbrains/kotlin/com/intellij/util/io/ExternalIntegerKeyDescriptor
instanceKlass org/jetbrains/kotlin/incremental/storage/IdToFileMapKt
instanceKlass org/jetbrains/kotlin/incremental/storage/PersistentStorageWrapper
instanceKlass org/jetbrains/kotlin/incremental/storage/BasicMap
instanceKlass org/jetbrains/kotlin/incremental/storage/PersistentStorage
instanceKlass org/jetbrains/kotlin/incremental/LookupStorage$Companion
instanceKlass org/jetbrains/kotlin/incremental/storage/BasicMapsOwner$Companion
instanceKlass org/jetbrains/kotlin/incremental/storage/BasicMapsOwner
instanceKlass com/google/devtools/ksp/LookupStorageWrapperImpl
instanceKlass com/google/devtools/ksp/common/LookupStorageWrapper
instanceKlass com/google/devtools/ksp/LookupTrackerWrapperImpl
instanceKlass com/google/devtools/ksp/common/LookupTrackerWrapper
instanceKlass org/jetbrains/kotlin/incremental/storage/FileDescriptor
instanceKlass org/jetbrains/kotlin/com/intellij/util/io/KeyDescriptor
instanceKlass org/jetbrains/kotlin/com/intellij/util/io/DataExternalizer
instanceKlass org/jetbrains/kotlin/incremental/IncrementalCompilationFeatures$Companion
instanceKlass org/jetbrains/kotlin/incremental/IncrementalCompilationFeatures
instanceKlass org/jetbrains/kotlin/build/report/DoNothingICReporter
instanceKlass org/jetbrains/kotlin/build/report/ICReporter
instanceKlass org/jetbrains/kotlin/incremental/BaseCompilationTransaction
instanceKlass org/jetbrains/kotlin/incremental/CompilationTransaction
instanceKlass org/jetbrains/kotlin/incremental/IncrementalCompilationContext
instanceKlass com/google/devtools/ksp/RelativeFileToPathConverter
instanceKlass org/jetbrains/kotlin/incremental/storage/FileToPathConverter
instanceKlass sun/util/calendar/CalendarSystem$GregorianHolder
instanceKlass sun/util/calendar/CalendarSystem
instanceKlass java/util/Date
instanceKlass com/google/devtools/ksp/common/SymbolSerializer
instanceKlass kotlinx/serialization/internal/MapLikeDescriptor
instanceKlass kotlinx/serialization/internal/DurationSerializer
instanceKlass kotlin/time/DurationKt
instanceKlass kotlin/time/DurationJvmKt
instanceKlass kotlin/time/Duration$Companion
instanceKlass kotlin/time/Duration
instanceKlass kotlinx/serialization/internal/NothingSerialDescriptor
instanceKlass kotlinx/serialization/internal/NothingSerializer
instanceKlass kotlinx/serialization/internal/ObjectSerializer
instanceKlass kotlinx/serialization/internal/UnitSerializer
instanceKlass kotlinx/serialization/internal/BooleanSerializer
instanceKlass kotlin/jvm/internal/BooleanCompanionObject
instanceKlass kotlin/UByteArray
instanceKlass kotlinx/serialization/internal/UByteSerializer
instanceKlass kotlin/UByte$Companion
instanceKlass kotlin/UByte
instanceKlass kotlinx/serialization/internal/ByteSerializer
instanceKlass kotlin/jvm/internal/ByteCompanionObject
instanceKlass kotlin/UShortArray
instanceKlass kotlinx/serialization/internal/UShortSerializer
instanceKlass kotlin/UShort$Companion
instanceKlass kotlin/UShort
instanceKlass kotlinx/serialization/internal/ShortSerializer
instanceKlass kotlin/jvm/internal/ShortCompanionObject
instanceKlass kotlin/UIntArray
instanceKlass kotlinx/serialization/internal/UIntSerializer
instanceKlass kotlin/UInt$Companion
instanceKlass kotlin/UInt
instanceKlass kotlinx/serialization/internal/IntSerializer
instanceKlass kotlin/jvm/internal/IntCompanionObject
instanceKlass kotlin/ULongArray
instanceKlass kotlinx/serialization/internal/InlineClassDescriptorKt$InlinePrimitiveDescriptor$1
instanceKlass kotlinx/serialization/internal/GeneratedSerializer
instanceKlass kotlinx/serialization/internal/PluginGeneratedSerialDescriptor
instanceKlass kotlinx/serialization/internal/CachedNames
instanceKlass kotlinx/serialization/internal/InlineClassDescriptorKt
instanceKlass kotlinx/serialization/internal/ULongSerializer
instanceKlass kotlin/ULong$Companion
instanceKlass kotlin/ULong
instanceKlass kotlinx/serialization/internal/LongSerializer
instanceKlass kotlin/jvm/internal/LongCompanionObject
instanceKlass kotlinx/serialization/internal/FloatSerializer
instanceKlass kotlin/jvm/internal/FloatCompanionObject
instanceKlass kotlinx/serialization/internal/DoubleSerializer
instanceKlass kotlin/jvm/internal/DoubleCompanionObject
instanceKlass kotlinx/serialization/internal/ListLikeDescriptor
instanceKlass kotlinx/serialization/internal/AbstractCollectionSerializer
instanceKlass kotlinx/serialization/internal/CharSerializer
instanceKlass kotlin/jvm/internal/CharCompanionObject
instanceKlass kotlinx/serialization/internal/PrimitiveSerialDescriptor
instanceKlass kotlinx/serialization/descriptors/SerialDescriptor
instanceKlass kotlinx/serialization/internal/StringSerializer
instanceKlass kotlinx/serialization/builtins/BuiltinSerializersKt
instanceKlass kotlinx/serialization/internal/PrimitivesKt
instanceKlass kotlinx/serialization/descriptors/SerialDescriptorsKt
instanceKlass kotlinx/serialization/descriptors/SerialKind
instanceKlass com/google/devtools/ksp/common/FileSerializer
instanceKlass kotlinx/serialization/KSerializer
instanceKlass kotlinx/serialization/DeserializationStrategy
instanceKlass kotlinx/serialization/SerializationStrategy
instanceKlass com/google/devtools/ksp/common/PersistentMapKt
instanceKlass com/google/devtools/ksp/common/PersistentMap$Companion
instanceKlass com/google/devtools/ksp/common/PersistentMap
instanceKlass com/google/devtools/ksp/common/IncrementalContextBase
instanceKlass kotlin/jvm/internal/Ref$ObjectRef
instanceKlass com/google/devtools/ksp/processing/impl/KSObjectCacheManager$Companion
instanceKlass com/google/devtools/ksp/processing/impl/KSObjectCacheManager
instanceKlass com/google/devtools/ksp/processing/impl/KSObjectCache
instanceKlass com/google/devtools/ksp/symbol/impl/kotlin/KSFileImpl
instanceKlass com/google/devtools/ksp/common/KSVirtualFile
instanceKlass com/google/devtools/ksp/symbol/KSFile
instanceKlass com/google/devtools/ksp/symbol/KSAnnotated
instanceKlass com/google/devtools/ksp/symbol/KSDeclarationContainer
instanceKlass com/google/devtools/ksp/symbol/KSNode
instanceKlass com/google/devtools/ksp/AbstractKotlinSymbolProcessingExtension$doAnalysis$$inlined$sortedBy$2
instanceKlass com/google/devtools/ksp/AbstractKotlinSymbolProcessingExtension$doAnalysis$$inlined$sortedBy$1
instanceKlass com/google/devtools/ksp/processing/impl/MessageCollectorBasedKSPLogger$Event
instanceKlass org/jetbrains/kotlin/com/intellij/diagnostic/Activity
instanceKlass org/jetbrains/kotlin/com/intellij/diagnostic/StartUpMeasurer
instanceKlass org/jetbrains/kotlin/library/metadata/impl/KlibResolvedModuleDescriptorsFactoryImpl$Companion
instanceKlass org/jetbrains/kotlin/library/metadata/impl/KlibResolvedModuleDescriptorsFactoryImpl
instanceKlass org/jetbrains/kotlin/library/metadata/KlibResolvedModuleDescriptorsFactory
instanceKlass org/jetbrains/kotlin/library/metadata/impl/KlibMetadataModuleDescriptorFactoryImpl
instanceKlass org/jetbrains/kotlin/library/metadata/KlibMetadataModuleDescriptorFactory
instanceKlass org/jetbrains/kotlin/library/metadata/impl/KlibMetadataDeserializedPackageFragmentsFactoryImpl
instanceKlass org/jetbrains/kotlin/library/metadata/KlibMetadataDeserializedPackageFragmentsFactory
instanceKlass org/jetbrains/kotlin/library/metadata/impl/KlibModuleDescriptorFactoryImpl
instanceKlass org/jetbrains/kotlin/library/metadata/KlibModuleDescriptorFactory
instanceKlass org/jetbrains/kotlin/library/metadata/NullFlexibleTypeDeserializer
instanceKlass  @bci org/jetbrains/kotlin/cli/jvm/compiler/TopDownAnalyzerFacadeForJVMKt <clinit> ()V 4 <appendix> argL0 ; # org/jetbrains/kotlin/cli/jvm/compiler/TopDownAnalyzerFacadeForJVMKt$$Lambda+0x000000010054f9f0
instanceKlass org/jetbrains/kotlin/library/metadata/KlibMetadataFactories
instanceKlass org/jetbrains/kotlin/cli/jvm/compiler/TopDownAnalyzerFacadeForJVMKt
instanceKlass org/jetbrains/kotlin/load/kotlin/incremental/IncrementalPackagePartProvider
instanceKlass org/jetbrains/kotlin/cli/jvm/config/ClassicFrontendSpecificJvmConfigurationKeys
instanceKlass org/jetbrains/kotlin/resolve/CodeAnalyzerInitializer$Companion
# instanceKlass java/lang/invoke/LambdaForm$MH+0x0000000100564000
# instanceKlass java/lang/invoke/LambdaForm$MH+0x0000000100563c00
# instanceKlass java/lang/invoke/LambdaForm$MH+0x0000000100563800
# instanceKlass java/lang/invoke/LambdaForm$MH+0x0000000100563400
# instanceKlass java/lang/invoke/LambdaForm$MH+0x0000000100563000
# instanceKlass java/lang/invoke/LambdaForm$MH+0x0000000100562c00
# instanceKlass java/lang/invoke/LambdaForm$MH+0x0000000100562800
# instanceKlass java/lang/invoke/LambdaForm$MH+0x0000000100562400
# instanceKlass java/lang/invoke/LambdaForm$MH+0x0000000100562000
# instanceKlass java/lang/invoke/LambdaForm$MH+0x0000000100561c00
# instanceKlass java/lang/invoke/LambdaForm$MH+0x0000000100561800
# instanceKlass java/lang/invoke/LambdaForm$MH+0x0000000100561400
# instanceKlass java/lang/invoke/LambdaForm$MH+0x0000000100561000
# instanceKlass java/lang/invoke/LambdaForm$MH+0x0000000100560c00
# instanceKlass java/lang/invoke/LambdaForm$MH+0x0000000100560800
# instanceKlass java/lang/invoke/LambdaForm$MH+0x0000000100560400
# instanceKlass java/lang/invoke/LambdaForm$MH+0x0000000100560000
# instanceKlass java/lang/invoke/LambdaForm$MH+0x000000010055fc00
# instanceKlass java/lang/invoke/LambdaForm$MH+0x000000010055f800
# instanceKlass java/lang/invoke/LambdaForm$MH+0x000000010055f400
# instanceKlass java/lang/invoke/LambdaForm$MH+0x000000010055f000
# instanceKlass java/lang/invoke/LambdaForm$MH+0x000000010055ec00
instanceKlass  @bci org/jetbrains/kotlin/resolve/calls/results/FlatSignatureForResolvedCallKt createOverloadingConflictResolver (Lorg/jetbrains/kotlin/builtins/KotlinBuiltIns;Lorg/jetbrains/kotlin/descriptors/ModuleDescriptor;Lorg/jetbrains/kotlin/resolve/calls/results/TypeSpecificityComparator;Lorg/jetbrains/kotlin/resolve/calls/results/PlatformOverloadsSpecificityComparator;Lorg/jetbrains/kotlin/util/CancellationChecker;Lorg/jetbrains/kotlin/types/checker/KotlinTypeRefiner;)Lorg/jetbrains/kotlin/resolve/calls/results/OverloadingConflictResolver; 78 <appendix> argL0 ; # org/jetbrains/kotlin/resolve/calls/results/FlatSignatureForResolvedCallKt$$Lambda+0x000000010054e5c8
instanceKlass  @bci org/jetbrains/kotlin/resolve/calls/results/FlatSignatureForResolvedCallKt createOverloadingConflictResolver (Lorg/jetbrains/kotlin/builtins/KotlinBuiltIns;Lorg/jetbrains/kotlin/descriptors/ModuleDescriptor;Lorg/jetbrains/kotlin/resolve/calls/results/TypeSpecificityComparator;Lorg/jetbrains/kotlin/resolve/calls/results/PlatformOverloadsSpecificityComparator;Lorg/jetbrains/kotlin/util/CancellationChecker;Lorg/jetbrains/kotlin/types/checker/KotlinTypeRefiner;)Lorg/jetbrains/kotlin/resolve/calls/results/OverloadingConflictResolver; 73 <appendix> argL0 ; # org/jetbrains/kotlin/resolve/calls/results/FlatSignatureForResolvedCallKt$$Lambda+0x000000010054e378
instanceKlass org/jetbrains/kotlin/resolve/calls/inference/ConstraintSystemBuilderImpl$Companion
instanceKlass org/jetbrains/kotlin/resolve/calls/inference/ConstraintSystemBuilderImpl
instanceKlass org/jetbrains/kotlin/resolve/calls/results/FlatSignatureForResolvedCallKt
# instanceKlass java/lang/invoke/LambdaForm$MH+0x000000010055e800
# instanceKlass java/lang/invoke/LambdaForm$MH+0x000000010055e400
# instanceKlass java/lang/invoke/LambdaForm$MH+0x000000010055e000
# instanceKlass java/lang/invoke/LambdaForm$MH+0x000000010055dc00
# instanceKlass java/lang/invoke/LambdaForm$MH+0x000000010055d800
# instanceKlass java/lang/invoke/LambdaForm$MH+0x000000010055d400
# instanceKlass java/lang/invoke/LambdaForm$MH+0x000000010055d000
# instanceKlass java/lang/invoke/LambdaForm$MH+0x000000010055cc00
# instanceKlass java/lang/invoke/LambdaForm$MH+0x000000010055c800
# instanceKlass java/lang/invoke/LambdaForm$MH+0x000000010055c400
# instanceKlass java/lang/invoke/LambdaForm$MH+0x000000010055c000
# instanceKlass java/lang/invoke/LambdaForm$MH+0x000000010055bc00
# instanceKlass java/lang/invoke/LambdaForm$MH+0x000000010055b800
# instanceKlass java/lang/invoke/LambdaForm$MH+0x000000010055b400
# instanceKlass java/lang/invoke/LambdaForm$MH+0x000000010055b000
# instanceKlass java/lang/invoke/LambdaForm$MH+0x000000010055ac00
# instanceKlass java/lang/invoke/LambdaForm$MH+0x000000010055a800
# instanceKlass java/lang/invoke/LambdaForm$MH+0x000000010055a400
# instanceKlass java/lang/invoke/LambdaForm$MH+0x000000010055a000
# instanceKlass java/lang/invoke/LambdaForm$MH+0x0000000100559c00
# instanceKlass java/lang/invoke/LambdaForm$MH+0x0000000100559800
# instanceKlass java/lang/invoke/LambdaForm$MH+0x0000000100559400
# instanceKlass java/lang/invoke/LambdaForm$MH+0x0000000100559000
# instanceKlass java/lang/invoke/LambdaForm$MH+0x0000000100558c00
# instanceKlass java/lang/invoke/LambdaForm$MH+0x0000000100558800
# instanceKlass java/lang/invoke/LambdaForm$MH+0x0000000100558400
# instanceKlass java/lang/invoke/LambdaForm$MH+0x0000000100558000
# instanceKlass java/lang/invoke/LambdaForm$MH+0x0000000100557c00
# instanceKlass java/lang/invoke/LambdaForm$MH+0x0000000100557800
# instanceKlass java/lang/invoke/LambdaForm$MH+0x0000000100557400
# instanceKlass java/lang/invoke/LambdaForm$MH+0x0000000100557000
# instanceKlass java/lang/invoke/LambdaForm$MH+0x0000000100556c00
# instanceKlass java/lang/invoke/LambdaForm$MH+0x0000000100556800
# instanceKlass java/lang/invoke/LambdaForm$MH+0x0000000100556400
# instanceKlass java/lang/invoke/LambdaForm$MH+0x0000000100556000
# instanceKlass java/lang/invoke/LambdaForm$MH+0x0000000100555c00
# instanceKlass java/lang/invoke/LambdaForm$MH+0x0000000100555800
# instanceKlass java/lang/invoke/LambdaForm$MH+0x0000000100555400
# instanceKlass java/lang/invoke/LambdaForm$MH+0x0000000100555000
# instanceKlass java/lang/invoke/LambdaForm$MH+0x0000000100554c00
# instanceKlass java/lang/invoke/LambdaForm$MH+0x0000000100554800
# instanceKlass java/lang/invoke/LambdaForm$MH+0x0000000100554400
# instanceKlass java/lang/invoke/LambdaForm$MH+0x0000000100554000
# instanceKlass java/lang/invoke/LambdaForm$MH+0x0000000100553c00
# instanceKlass java/lang/invoke/LambdaForm$MH+0x0000000100553800
# instanceKlass java/lang/invoke/LambdaForm$MH+0x0000000100553400
# instanceKlass java/lang/invoke/LambdaForm$MH+0x0000000100553000
# instanceKlass java/lang/invoke/LambdaForm$MH+0x0000000100552c00
# instanceKlass java/lang/invoke/LambdaForm$MH+0x0000000100552800
# instanceKlass java/lang/invoke/LambdaForm$MH+0x0000000100552400
# instanceKlass java/lang/invoke/LambdaForm$MH+0x0000000100552000
# instanceKlass java/lang/invoke/LambdaForm$MH+0x0000000100551c00
# instanceKlass java/lang/invoke/LambdaForm$MH+0x0000000100551800
# instanceKlass java/lang/invoke/LambdaForm$MH+0x0000000100551400
instanceKlass org/jetbrains/kotlin/resolve/calls/CallExpressionResolver$Companion
instanceKlass  @bci org/jetbrains/kotlin/resolve/jvm/multiplatform/OptionalAnnotationPackageFragmentProvider <init> (Lorg/jetbrains/kotlin/descriptors/ModuleDescriptor;Lorg/jetbrains/kotlin/storage/StorageManager;Lorg/jetbrains/kotlin/descriptors/NotFoundClasses;Lorg/jetbrains/kotlin/config/LanguageVersionSettings;Lorg/jetbrains/kotlin/load/kotlin/PackagePartProvider;)V 46 <appendix> member <vmtarget> ; # org/jetbrains/kotlin/resolve/jvm/multiplatform/OptionalAnnotationPackageFragmentProvider$$Lambda+0x000000010054c9e0
# instanceKlass java/lang/invoke/LambdaForm$MH+0x0000000100551000
# instanceKlass java/lang/invoke/LambdaForm$MH+0x0000000100550c00
# instanceKlass java/lang/invoke/LambdaForm$MH+0x0000000100550800
# instanceKlass java/lang/invoke/LambdaForm$MH+0x0000000100550400
instanceKlass  @bci org/jetbrains/kotlin/serialization/deserialization/AbstractDeserializedPackageFragmentProvider <init> (Lorg/jetbrains/kotlin/storage/StorageManager;Lorg/jetbrains/kotlin/serialization/deserialization/KotlinMetadataFinder;Lorg/jetbrains/kotlin/descriptors/ModuleDescriptor;)V 43 <appendix> member <vmtarget> ; # org/jetbrains/kotlin/serialization/deserialization/AbstractDeserializedPackageFragmentProvider$$Lambda+0x000000010054c560
# instanceKlass java/lang/invoke/LambdaForm$MH+0x0000000100550000
# instanceKlass java/lang/invoke/LambdaForm$MH+0x000000010054bc00
# instanceKlass java/lang/invoke/LambdaForm$MH+0x000000010054b800
# instanceKlass java/lang/invoke/LambdaForm$MH+0x000000010054b400
# instanceKlass java/lang/invoke/LambdaForm$MH+0x000000010054b000
# instanceKlass java/lang/invoke/LambdaForm$MH+0x000000010054ac00
# instanceKlass java/lang/invoke/LambdaForm$MH+0x000000010054a800
# instanceKlass java/lang/invoke/LambdaForm$MH+0x000000010054a400
# instanceKlass java/lang/invoke/LambdaForm$MH+0x000000010054a000
# instanceKlass java/lang/invoke/LambdaForm$MH+0x0000000100549c00
instanceKlass org/jetbrains/kotlin/builtins/jvm/JvmBuiltInsPackageFragmentProvider$Companion
instanceKlass org/jetbrains/kotlin/resolve/jvm/TopPackageNamesProvider
# instanceKlass java/lang/invoke/LambdaForm$MH+0x0000000100549800
# instanceKlass java/lang/invoke/LambdaForm$MH+0x0000000100549400
# instanceKlass java/lang/invoke/LambdaForm$MH+0x0000000100549000
instanceKlass org/jetbrains/kotlin/serialization/deserialization/JvmEnumEntriesDeserializationSupport
instanceKlass org/jetbrains/kotlin/metadata/jvm/JvmProtoBuf$JvmFieldSignatureOrBuilder
instanceKlass org/jetbrains/kotlin/metadata/jvm/JvmProtoBuf$JvmPropertySignatureOrBuilder
instanceKlass org/jetbrains/kotlin/metadata/jvm/JvmProtoBuf$JvmMethodSignatureOrBuilder
instanceKlass org/jetbrains/kotlin/metadata/jvm/JvmProtoBuf
instanceKlass org/jetbrains/kotlin/metadata/jvm/deserialization/JvmProtoBufUtil
instanceKlass org/jetbrains/kotlin/load/kotlin/JavaFlexibleTypeDeserializer
# instanceKlass java/lang/invoke/LambdaForm$MH+0x0000000100548c00
# instanceKlass java/lang/invoke/LambdaForm$MH+0x0000000100548800
# instanceKlass java/lang/invoke/LambdaForm$MH+0x0000000100548400
# instanceKlass java/lang/invoke/LambdaForm$MH+0x0000000100548000
# instanceKlass java/lang/invoke/LambdaForm$MH+0x0000000100547c00
# instanceKlass java/lang/invoke/LambdaForm$MH+0x0000000100547800
# instanceKlass java/lang/invoke/LambdaForm$MH+0x0000000100547400
# instanceKlass java/lang/invoke/LambdaForm$MH+0x0000000100547000
# instanceKlass java/lang/invoke/LambdaForm$MH+0x0000000100546c00
# instanceKlass java/lang/invoke/LambdaForm$MH+0x0000000100546800
# instanceKlass java/lang/invoke/LambdaForm$MH+0x0000000100546400
# instanceKlass java/lang/invoke/LambdaForm$MH+0x0000000100546000
# instanceKlass java/lang/invoke/LambdaForm$MH+0x0000000100545c00
# instanceKlass java/lang/invoke/LambdaForm$BMH+0x0000000100545800
# instanceKlass java/lang/invoke/LambdaForm$DMH+0x0000000100545400
# instanceKlass java/lang/invoke/LambdaForm$DMH+0x0000000100545000
instanceKlass org/jetbrains/kotlin/load/kotlin/DeserializationComponentsForJava$Companion
instanceKlass  @bci org/jetbrains/kotlin/load/kotlin/AbstractBinaryClassAnnotationAndConstantLoader <init> (Lorg/jetbrains/kotlin/storage/StorageManager;Lorg/jetbrains/kotlin/load/kotlin/KotlinClassFinder;)V 20 <appendix> member <vmtarget> ; # org/jetbrains/kotlin/load/kotlin/AbstractBinaryClassAnnotationAndConstantLoader$$Lambda+0x0000000100540fd8
# instanceKlass java/lang/invoke/LambdaForm$MH+0x0000000100544c00
# instanceKlass java/lang/invoke/LambdaForm$MH+0x0000000100544800
# instanceKlass java/lang/invoke/LambdaForm$MH+0x0000000100544400
# instanceKlass java/lang/invoke/LambdaForm$MH+0x0000000100544000
instanceKlass org/jetbrains/kotlin/load/kotlin/AbstractBinaryClassAnnotationLoader$Companion
instanceKlass  @bci org/jetbrains/kotlin/types/TypeParameterUpperBoundEraser <init> (Lorg/jetbrains/kotlin/types/ErasureProjectionComputer;Lorg/jetbrains/kotlin/types/TypeParameterErasureOptions;)V 58 <appendix> member <vmtarget> ; # org/jetbrains/kotlin/types/TypeParameterUpperBoundEraser$$Lambda+0x0000000100540b48
instanceKlass org/jetbrains/kotlin/types/TypeParameterUpperBoundEraser$DataToEraseUpperBound
instanceKlass  @bci org/jetbrains/kotlin/types/TypeParameterUpperBoundEraser <init> (Lorg/jetbrains/kotlin/types/ErasureProjectionComputer;Lorg/jetbrains/kotlin/types/TypeParameterErasureOptions;)V 41 <appendix> member <vmtarget> ; # org/jetbrains/kotlin/types/TypeParameterUpperBoundEraser$$Lambda+0x00000001005406b0
instanceKlass org/jetbrains/kotlin/types/TypeParameterErasureOptions
instanceKlass org/jetbrains/kotlin/types/TypeParameterUpperBoundEraser$Companion
instanceKlass org/jetbrains/kotlin/types/TypeParameterUpperBoundEraser
instanceKlass org/jetbrains/kotlin/types/ErasureProjectionComputer
instanceKlass org/jetbrains/kotlin/load/java/lazy/types/JavaTypeResolver
instanceKlass kotlin/InitializedLazyImpl
instanceKlass org/jetbrains/kotlin/load/java/lazy/TypeParameterResolver$EMPTY
instanceKlass org/jetbrains/kotlin/load/java/lazy/TypeParameterResolver
# instanceKlass java/lang/invoke/LambdaForm$MH+0x000000010053f400
# instanceKlass java/lang/invoke/LambdaForm$MH+0x000000010053f000
# instanceKlass java/lang/invoke/LambdaForm$DMH+0x000000010053ec00
# instanceKlass java/lang/invoke/LambdaForm$MH+0x000000010053e800
# instanceKlass java/lang/invoke/LambdaForm$DMH+0x000000010053e400
# instanceKlass java/lang/invoke/LambdaForm$MH+0x000000010053e000
# instanceKlass java/lang/invoke/LambdaForm$MH+0x000000010053dc00
# instanceKlass java/lang/invoke/LambdaForm$MH+0x000000010053d800
# instanceKlass java/lang/invoke/LambdaForm$MH+0x000000010053d400
# instanceKlass java/lang/invoke/LambdaForm$MH+0x000000010053d000
# instanceKlass java/lang/invoke/LambdaForm$MH+0x000000010053cc00
# instanceKlass java/lang/invoke/LambdaForm$MH+0x000000010053c800
# instanceKlass java/lang/invoke/LambdaForm$MH+0x000000010053c400
# instanceKlass java/lang/invoke/LambdaForm$MH+0x000000010053c000
# instanceKlass java/lang/invoke/LambdaForm$MH+0x000000010053bc00
# instanceKlass java/lang/invoke/LambdaForm$MH+0x000000010053b800
# instanceKlass java/lang/invoke/LambdaForm$MH+0x000000010053b400
# instanceKlass java/lang/invoke/LambdaForm$MH+0x000000010053b000
# instanceKlass java/lang/invoke/LambdaForm$MH+0x000000010053ac00
# instanceKlass java/lang/invoke/LambdaForm$MH+0x000000010053a800
# instanceKlass java/lang/invoke/LambdaForm$MH+0x000000010053a400
# instanceKlass java/lang/invoke/LambdaForm$MH+0x000000010053a000
# instanceKlass java/lang/invoke/LambdaForm$MH+0x0000000100539c00
# instanceKlass java/lang/invoke/LambdaForm$MH+0x0000000100539800
# instanceKlass java/lang/invoke/LambdaForm$MH+0x0000000100539400
# instanceKlass java/lang/invoke/LambdaForm$MH+0x0000000100539000
# instanceKlass java/lang/invoke/LambdaForm$MH+0x0000000100538c00
# instanceKlass java/lang/invoke/LambdaForm$BMH+0x0000000100538800
# instanceKlass java/lang/invoke/LambdaForm$DMH+0x0000000100538400
# instanceKlass java/lang/invoke/LambdaForm$DMH+0x0000000100538000
instanceKlass org/jetbrains/kotlin/load/java/components/TraceBasedErrorReporter$Companion
instanceKlass org/jetbrains/kotlin/load/kotlin/header/KotlinClassHeader$Kind$Companion
instanceKlass org/jetbrains/kotlin/load/kotlin/DeserializedDescriptorResolver$Companion
# instanceKlass java/lang/invoke/LambdaForm$MH+0x0000000100536c00
# instanceKlass java/lang/invoke/LambdaForm$MH+0x0000000100536800
# instanceKlass java/lang/invoke/LambdaForm$MH+0x0000000100536400
# instanceKlass java/lang/invoke/LambdaForm$MH+0x0000000100536000
# instanceKlass java/lang/invoke/LambdaForm$MH+0x0000000100535c00
# instanceKlass java/lang/invoke/LambdaForm$MH+0x0000000100535800
# instanceKlass java/lang/invoke/LambdaForm$MH+0x0000000100535400
# instanceKlass java/lang/invoke/LambdaForm$MH+0x0000000100535000
# instanceKlass java/lang/invoke/LambdaForm$MH+0x0000000100534c00
# instanceKlass java/lang/invoke/LambdaForm$MH+0x0000000100534800
# instanceKlass java/lang/invoke/LambdaForm$MH+0x0000000100534400
# instanceKlass java/lang/invoke/LambdaForm$MH+0x0000000100534000
# instanceKlass java/lang/invoke/LambdaForm$MH+0x0000000100533c00
# instanceKlass java/lang/invoke/LambdaForm$MH+0x0000000100533800
# instanceKlass java/lang/invoke/LambdaForm$MH+0x0000000100533400
# instanceKlass java/lang/invoke/LambdaForm$MH+0x0000000100533000
# instanceKlass java/lang/invoke/LambdaForm$MH+0x0000000100532c00
# instanceKlass java/lang/invoke/LambdaForm$MH+0x0000000100532800
# instanceKlass java/lang/invoke/LambdaForm$BMH+0x0000000100532400
# instanceKlass java/lang/invoke/LambdaForm$DMH+0x0000000100532000
# instanceKlass java/lang/invoke/LambdaForm$DMH+0x0000000100531c00
# instanceKlass java/lang/invoke/LambdaForm$MH+0x0000000100531800
instanceKlass org/jetbrains/kotlin/util/slicedMap/Slices$2
instanceKlass org/jetbrains/kotlin/util/slicedMap/Slices$1
instanceKlass org/jetbrains/kotlin/util/slicedMap/RewritePolicy
instanceKlass org/jetbrains/kotlin/util/slicedMap/Slices
instanceKlass org/jetbrains/kotlin/load/java/components/FilesByFacadeFqNameIndexer$Companion
instanceKlass org/jetbrains/kotlin/com/intellij/util/SmartFMap
instanceKlass org/jetbrains/kotlin/resolve/ObservableBindingTrace
# instanceKlass java/lang/invoke/LambdaForm$MH+0x0000000100531400
# instanceKlass java/lang/invoke/LambdaForm$MH+0x0000000100531000
# instanceKlass java/lang/invoke/LambdaForm$MH+0x0000000100530c00
# instanceKlass java/lang/invoke/LambdaForm$MH+0x0000000100530800
# instanceKlass java/lang/invoke/LambdaForm$MH+0x0000000100530400
# instanceKlass java/lang/invoke/LambdaForm$MH+0x0000000100530000
# instanceKlass java/lang/invoke/LambdaForm$MH+0x000000010052fc00
# instanceKlass java/lang/invoke/LambdaForm$MH+0x000000010052f800
# instanceKlass java/lang/invoke/LambdaForm$MH+0x000000010052f400
# instanceKlass java/lang/invoke/LambdaForm$MH+0x000000010052f000
# instanceKlass java/lang/invoke/LambdaForm$MH+0x000000010052ec00
# instanceKlass java/lang/invoke/LambdaForm$MH+0x000000010052e800
# instanceKlass java/lang/invoke/LambdaForm$MH+0x000000010052e400
# instanceKlass java/lang/invoke/LambdaForm$MH+0x000000010052e000
# instanceKlass java/lang/invoke/LambdaForm$MH+0x000000010052dc00
# instanceKlass java/lang/invoke/LambdaForm$MH+0x000000010052d800
# instanceKlass java/lang/invoke/LambdaForm$BMH+0x000000010052d400
# instanceKlass java/lang/invoke/LambdaForm$DMH+0x000000010052d000
# instanceKlass java/lang/invoke/LambdaForm$DMH+0x000000010052cc00
# instanceKlass java/lang/invoke/LambdaForm$MH+0x000000010052c800
# instanceKlass java/lang/invoke/LambdaForm$MH+0x000000010052c400
# instanceKlass java/lang/invoke/LambdaForm$MH+0x000000010052c000
# instanceKlass java/lang/invoke/LambdaForm$MH+0x000000010052bc00
# instanceKlass java/lang/invoke/LambdaForm$MH+0x000000010052b800
instanceKlass org/jetbrains/kotlin/resolve/ShadowedExtensionChecker
instanceKlass org/jetbrains/kotlin/descriptors/EffectiveVisibility
instanceKlass org/jetbrains/kotlin/resolve/ExposedVisibilityChecker
# instanceKlass java/lang/invoke/LambdaForm$MH+0x000000010052b400
# instanceKlass java/lang/invoke/LambdaForm$MH+0x000000010052b000
# instanceKlass java/lang/invoke/LambdaForm$MH+0x000000010052ac00
# instanceKlass java/lang/invoke/LambdaForm$MH+0x000000010052a800
# instanceKlass java/lang/invoke/LambdaForm$MH+0x000000010052a400
# instanceKlass java/lang/invoke/LambdaForm$MH+0x000000010052a000
# instanceKlass java/lang/invoke/LambdaForm$MH+0x0000000100529c00
# instanceKlass java/lang/invoke/LambdaForm$MH+0x0000000100529800
# instanceKlass java/lang/invoke/LambdaForm$MH+0x0000000100529400
instanceKlass org/jetbrains/kotlin/resolve/DeclarationsChecker$Companion
# instanceKlass java/lang/invoke/LambdaForm$MH+0x0000000100529000
# instanceKlass java/lang/invoke/LambdaForm$MH+0x0000000100528c00
# instanceKlass java/lang/invoke/LambdaForm$MH+0x0000000100528800
# instanceKlass java/lang/invoke/LambdaForm$MH+0x0000000100528400
# instanceKlass java/lang/invoke/LambdaForm$MH+0x0000000100528000
# instanceKlass java/lang/invoke/LambdaForm$MH+0x0000000100527c00
# instanceKlass java/lang/invoke/LambdaForm$MH+0x0000000100527800
instanceKlass org/jetbrains/kotlin/resolve/VarianceCheckerCore$Companion
instanceKlass org/jetbrains/kotlin/resolve/VarianceCheckerCore
instanceKlass  @bci org/jetbrains/kotlin/idea/MainFunctionDetector <init> (Lorg/jetbrains/kotlin/resolve/BindingContext;Lorg/jetbrains/kotlin/config/LanguageVersionSettings;)V 41 <appendix> member <vmtarget> ; # org/jetbrains/kotlin/idea/MainFunctionDetector$$Lambda+0x0000000100515230
instanceKlass  @bci org/jetbrains/kotlin/idea/MainFunctionDetector <init> (Lorg/jetbrains/kotlin/resolve/BindingContext;Lorg/jetbrains/kotlin/config/LanguageVersionSettings;)V 31 <appendix> member <vmtarget> ; # org/jetbrains/kotlin/idea/MainFunctionDetector$$Lambda+0x0000000100514fd8
instanceKlass  @bci org/jetbrains/kotlin/idea/MainFunctionDetector <init> (Lorg/jetbrains/kotlin/resolve/BindingContext;Lorg/jetbrains/kotlin/config/LanguageVersionSettings;)V 18 <appendix> member <vmtarget> ; # org/jetbrains/kotlin/idea/MainFunctionDetector$$Lambda+0x0000000100514d80
instanceKlass org/jetbrains/kotlin/idea/MainFunctionDetector$Companion
# instanceKlass java/lang/invoke/LambdaForm$MH+0x0000000100527400
# instanceKlass java/lang/invoke/LambdaForm$MH+0x0000000100527000
# instanceKlass java/lang/invoke/LambdaForm$MH+0x0000000100526c00
# instanceKlass java/lang/invoke/LambdaForm$MH+0x0000000100526800
# instanceKlass java/lang/invoke/LambdaForm$MH+0x0000000100526400
# instanceKlass java/lang/invoke/LambdaForm$MH+0x0000000100526000
# instanceKlass java/lang/invoke/LambdaForm$MH+0x0000000100525c00
# instanceKlass java/lang/invoke/LambdaForm$MH+0x0000000100525800
# instanceKlass java/lang/invoke/LambdaForm$MH+0x0000000100525400
# instanceKlass java/lang/invoke/LambdaForm$MH+0x0000000100525000
# instanceKlass java/lang/invoke/LambdaForm$MH+0x0000000100524c00
# instanceKlass java/lang/invoke/LambdaForm$MH+0x0000000100524800
# instanceKlass java/lang/invoke/LambdaForm$MH+0x0000000100524400
instanceKlass org/jetbrains/kotlin/resolve/OverrideResolver$Companion
instanceKlass org/jetbrains/kotlin/load/java/AbstractAnnotationTypeQualifierResolver$Companion
# instanceKlass java/lang/invoke/LambdaForm$MH+0x0000000100524000
# instanceKlass java/lang/invoke/LambdaForm$MH+0x0000000100523c00
# instanceKlass java/lang/invoke/LambdaForm$MH+0x0000000100523800
# instanceKlass java/lang/invoke/LambdaForm$MH+0x0000000100523400
# instanceKlass java/lang/invoke/LambdaForm$MH+0x0000000100523000
# instanceKlass java/lang/invoke/LambdaForm$MH+0x0000000100522c00
# instanceKlass java/lang/invoke/LambdaForm$MH+0x0000000100522800
# instanceKlass java/lang/invoke/LambdaForm$MH+0x0000000100522400
# instanceKlass java/lang/invoke/LambdaForm$MH+0x0000000100522000
# instanceKlass java/lang/invoke/LambdaForm$MH+0x0000000100521c00
# instanceKlass java/lang/invoke/LambdaForm$MH+0x0000000100521800
# instanceKlass java/lang/invoke/LambdaForm$MH+0x0000000100521400
# instanceKlass java/lang/invoke/LambdaForm$MH+0x0000000100521000
# instanceKlass java/lang/invoke/LambdaForm$MH+0x0000000100520c00
# instanceKlass java/lang/invoke/LambdaForm$MH+0x0000000100520800
# instanceKlass java/lang/invoke/LambdaForm$MH+0x0000000100520400
# instanceKlass java/lang/invoke/LambdaForm$MH+0x0000000100520000
# instanceKlass java/lang/invoke/LambdaForm$MH+0x000000010051fc00
# instanceKlass java/lang/invoke/LambdaForm$MH+0x000000010051f800
# instanceKlass java/lang/invoke/LambdaForm$MH+0x000000010051f400
# instanceKlass java/lang/invoke/LambdaForm$MH+0x000000010051f000
# instanceKlass java/lang/invoke/LambdaForm$MH+0x000000010051ec00
# instanceKlass java/lang/invoke/LambdaForm$MH+0x000000010051e800
# instanceKlass java/lang/invoke/LambdaForm$MH+0x000000010051e400
# instanceKlass java/lang/invoke/LambdaForm$MH+0x000000010051e000
# instanceKlass java/lang/invoke/LambdaForm$MH+0x000000010051dc00
# instanceKlass java/lang/invoke/LambdaForm$MH+0x000000010051d800
# instanceKlass java/lang/invoke/LambdaForm$MH+0x000000010051d400
# instanceKlass java/lang/invoke/LambdaForm$MH+0x000000010051d000
# instanceKlass java/lang/invoke/LambdaForm$MH+0x000000010051cc00
# instanceKlass java/lang/invoke/LambdaForm$MH+0x000000010051c800
# instanceKlass java/lang/invoke/LambdaForm$BMH+0x000000010051c400
# instanceKlass java/lang/invoke/LambdaForm$DMH+0x000000010051c000
# instanceKlass java/lang/invoke/LambdaForm$DMH+0x000000010051bc00
# instanceKlass java/lang/invoke/LambdaForm$MH+0x000000010051b800
# instanceKlass java/lang/invoke/LambdaForm$MH+0x000000010051b400
# instanceKlass java/lang/invoke/LambdaForm$MH+0x000000010051b000
# instanceKlass java/lang/invoke/LambdaForm$MH+0x000000010051ac00
# instanceKlass java/lang/invoke/LambdaForm$MH+0x000000010051a800
# instanceKlass java/lang/invoke/LambdaForm$MH+0x000000010051a400
# instanceKlass java/lang/invoke/LambdaForm$MH+0x000000010051a000
# instanceKlass java/lang/invoke/LambdaForm$MH+0x0000000100519c00
# instanceKlass java/lang/invoke/LambdaForm$MH+0x0000000100519800
# instanceKlass java/lang/invoke/LambdaForm$MH+0x0000000100519400
# instanceKlass java/lang/invoke/LambdaForm$MH+0x0000000100519000
# instanceKlass java/lang/invoke/LambdaForm$MH+0x0000000100518c00
# instanceKlass java/lang/invoke/LambdaForm$MH+0x0000000100518800
# instanceKlass java/lang/invoke/LambdaForm$MH+0x0000000100518400
# instanceKlass java/lang/invoke/LambdaForm$MH+0x0000000100518000
# instanceKlass java/lang/invoke/LambdaForm$MH+0x0000000100513c00
# instanceKlass java/lang/invoke/LambdaForm$MH+0x0000000100513800
# instanceKlass java/lang/invoke/LambdaForm$MH+0x0000000100513400
# instanceKlass java/lang/invoke/LambdaForm$MH+0x0000000100513000
# instanceKlass java/lang/invoke/LambdaForm$MH+0x0000000100512c00
# instanceKlass java/lang/invoke/LambdaForm$MH+0x0000000100512800
# instanceKlass java/lang/invoke/LambdaForm$MH+0x0000000100512400
# instanceKlass java/lang/invoke/LambdaForm$MH+0x0000000100512000
# instanceKlass java/lang/invoke/LambdaForm$MH+0x0000000100511c00
# instanceKlass java/lang/invoke/LambdaForm$MH+0x0000000100511800
# instanceKlass java/lang/invoke/LambdaForm$MH+0x0000000100511400
instanceKlass org/jetbrains/kotlin/resolve/VariableTypeAndInitializerResolver$Companion
# instanceKlass java/lang/invoke/LambdaForm$MH+0x0000000100511000
# instanceKlass java/lang/invoke/LambdaForm$MH+0x0000000100510c00
# instanceKlass java/lang/invoke/LambdaForm$MH+0x0000000100510800
# instanceKlass java/lang/invoke/LambdaForm$MH+0x0000000100510400
# instanceKlass java/lang/invoke/LambdaForm$MH+0x0000000100510000
# instanceKlass java/lang/invoke/LambdaForm$MH+0x000000010050dc00
# instanceKlass java/lang/invoke/LambdaForm$MH+0x000000010050d800
# instanceKlass java/lang/invoke/LambdaForm$MH+0x000000010050d400
# instanceKlass java/lang/invoke/LambdaForm$MH+0x000000010050d000
# instanceKlass java/lang/invoke/LambdaForm$MH+0x000000010050cc00
instanceKlass org/jetbrains/kotlin/resolve/checkers/ResolutionWithStubTypesChecker
instanceKlass org/jetbrains/kotlin/types/checker/SimpleClassicTypeSystemContext
instanceKlass org/jetbrains/kotlin/resolve/checkers/PassingProgressionAsCollectionCallChecker
instanceKlass org/jetbrains/kotlin/resolve/calls/checkers/CallCheckerWithAdditionalResolve
# instanceKlass java/lang/invoke/LambdaForm$MH+0x000000010050c800
# instanceKlass java/lang/invoke/LambdaForm$MH+0x000000010050c400
# instanceKlass java/lang/invoke/LambdaForm$DMH+0x000000010050c000
# instanceKlass java/lang/invoke/LambdaForm$MH+0x000000010050bc00
# instanceKlass java/lang/invoke/LambdaForm$DMH+0x000000010050b800
# instanceKlass java/lang/invoke/LambdaForm$MH+0x000000010050b400
# instanceKlass java/lang/invoke/LambdaForm$DMH+0x000000010050b000
# instanceKlass java/lang/invoke/LambdaForm$MH+0x000000010050ac00
# instanceKlass java/lang/invoke/LambdaForm$DMH+0x000000010050a800
# instanceKlass java/lang/invoke/LambdaForm$MH+0x000000010050a400
# instanceKlass java/lang/invoke/LambdaForm$DMH+0x000000010050a000
# instanceKlass java/lang/invoke/LambdaForm$MH+0x0000000100509c00
# instanceKlass java/lang/invoke/LambdaForm$MH+0x0000000100509800
# instanceKlass java/lang/invoke/LambdaForm$MH+0x0000000100509400
# instanceKlass java/lang/invoke/LambdaForm$MH+0x0000000100509000
# instanceKlass java/lang/invoke/LambdaForm$MH+0x0000000100508c00
# instanceKlass java/lang/invoke/LambdaForm$MH+0x0000000100508800
# instanceKlass java/lang/invoke/LambdaForm$MH+0x0000000100508400
# instanceKlass java/lang/invoke/LambdaForm$MH+0x0000000100508000
# instanceKlass java/lang/invoke/LambdaForm$MH+0x0000000100507c00
# instanceKlass java/lang/invoke/LambdaForm$MH+0x0000000100507800
# instanceKlass java/lang/invoke/LambdaForm$MH+0x0000000100507400
# instanceKlass java/lang/invoke/LambdaForm$MH+0x0000000100507000
# instanceKlass java/lang/invoke/LambdaForm$MH+0x0000000100506c00
# instanceKlass java/lang/invoke/LambdaForm$MH+0x0000000100506800
# instanceKlass java/lang/invoke/LambdaForm$MH+0x0000000100506400
# instanceKlass java/lang/invoke/LambdaForm$MH+0x0000000100506000
# instanceKlass java/lang/invoke/LambdaForm$MH+0x0000000100505c00
# instanceKlass java/lang/invoke/LambdaForm$BMH+0x0000000100505800
# instanceKlass java/lang/invoke/LambdaForm$DMH+0x0000000100505400
# instanceKlass java/lang/invoke/LambdaForm$DMH+0x0000000100505000
# instanceKlass java/lang/invoke/LambdaForm$MH+0x0000000100504c00
# instanceKlass java/lang/invoke/LambdaForm$MH+0x0000000100504800
# instanceKlass java/lang/invoke/LambdaForm$MH+0x0000000100504400
# instanceKlass java/lang/invoke/LambdaForm$MH+0x0000000100504000
# instanceKlass java/lang/invoke/LambdaForm$MH+0x0000000100503c00
# instanceKlass java/lang/invoke/LambdaForm$MH+0x0000000100503800
instanceKlass  @bci org/jetbrains/kotlin/resolve/calls/CallResolver computeTasksAndResolveCall (Lorg/jetbrains/kotlin/resolve/calls/context/BasicCallResolutionContext;Lorg/jetbrains/kotlin/name/Name;Lorg/jetbrains/kotlin/resolve/calls/tasks/TracingStrategy;Lorg/jetbrains/kotlin/resolve/calls/tower/NewResolutionOldInference$ResolutionKind;)Lorg/jetbrains/kotlin/resolve/calls/results/OverloadResolutionResults; 46 <appendix> form vmentry <vmtarget> ; # java/lang/invoke/LambdaForm$DMH+0x0000000100503400
instanceKlass  @bci org/jetbrains/kotlin/resolve/calls/components/NewOverloadingConflictResolver <init> (Lorg/jetbrains/kotlin/builtins/KotlinBuiltIns;Lorg/jetbrains/kotlin/descriptors/ModuleDescriptor;Lorg/jetbrains/kotlin/resolve/calls/results/TypeSpecificityComparator;Lorg/jetbrains/kotlin/resolve/calls/results/PlatformOverloadsSpecificityComparator;Lorg/jetbrains/kotlin/util/CancellationChecker;Lorg/jetbrains/kotlin/resolve/calls/components/KotlinResolutionStatelessCallbacks;Lorg/jetbrains/kotlin/resolve/calls/inference/components/ConstraintInjector;Lorg/jetbrains/kotlin/types/checker/KotlinTypeRefiner;)V 101 <appendix> argL0 ; # org/jetbrains/kotlin/resolve/calls/components/NewOverloadingConflictResolver$$Lambda+0x00000001004f7580
instanceKlass  @bci org/jetbrains/kotlin/resolve/calls/components/NewOverloadingConflictResolver <init> (Lorg/jetbrains/kotlin/builtins/KotlinBuiltIns;Lorg/jetbrains/kotlin/descriptors/ModuleDescriptor;Lorg/jetbrains/kotlin/resolve/calls/results/TypeSpecificityComparator;Lorg/jetbrains/kotlin/resolve/calls/results/PlatformOverloadsSpecificityComparator;Lorg/jetbrains/kotlin/util/CancellationChecker;Lorg/jetbrains/kotlin/resolve/calls/components/KotlinResolutionStatelessCallbacks;Lorg/jetbrains/kotlin/resolve/calls/inference/components/ConstraintInjector;Lorg/jetbrains/kotlin/types/checker/KotlinTypeRefiner;)V 96 <appendix> member <vmtarget> ; # org/jetbrains/kotlin/resolve/calls/components/NewOverloadingConflictResolver$$Lambda+0x00000001004f7328
instanceKlass  @bci org/jetbrains/kotlin/resolve/calls/components/NewOverloadingConflictResolver <init> (Lorg/jetbrains/kotlin/builtins/KotlinBuiltIns;Lorg/jetbrains/kotlin/descriptors/ModuleDescriptor;Lorg/jetbrains/kotlin/resolve/calls/results/TypeSpecificityComparator;Lorg/jetbrains/kotlin/resolve/calls/results/PlatformOverloadsSpecificityComparator;Lorg/jetbrains/kotlin/util/CancellationChecker;Lorg/jetbrains/kotlin/resolve/calls/components/KotlinResolutionStatelessCallbacks;Lorg/jetbrains/kotlin/resolve/calls/inference/components/ConstraintInjector;Lorg/jetbrains/kotlin/types/checker/KotlinTypeRefiner;)V 89 <appendix> argL0 ; # org/jetbrains/kotlin/resolve/calls/components/NewOverloadingConflictResolver$$Lambda+0x00000001004f70d8
instanceKlass  @bci org/jetbrains/kotlin/resolve/calls/components/NewOverloadingConflictResolver <init> (Lorg/jetbrains/kotlin/builtins/KotlinBuiltIns;Lorg/jetbrains/kotlin/descriptors/ModuleDescriptor;Lorg/jetbrains/kotlin/resolve/calls/results/TypeSpecificityComparator;Lorg/jetbrains/kotlin/resolve/calls/results/PlatformOverloadsSpecificityComparator;Lorg/jetbrains/kotlin/util/CancellationChecker;Lorg/jetbrains/kotlin/resolve/calls/components/KotlinResolutionStatelessCallbacks;Lorg/jetbrains/kotlin/resolve/calls/inference/components/ConstraintInjector;Lorg/jetbrains/kotlin/types/checker/KotlinTypeRefiner;)V 71 <appendix> member <vmtarget> ; # org/jetbrains/kotlin/resolve/calls/components/NewOverloadingConflictResolver$$Lambda+0x00000001004f6a98
instanceKlass  @bci org/jetbrains/kotlin/resolve/calls/components/NewOverloadingConflictResolver <init> (Lorg/jetbrains/kotlin/builtins/KotlinBuiltIns;Lorg/jetbrains/kotlin/descriptors/ModuleDescriptor;Lorg/jetbrains/kotlin/resolve/calls/results/TypeSpecificityComparator;Lorg/jetbrains/kotlin/resolve/calls/results/PlatformOverloadsSpecificityComparator;Lorg/jetbrains/kotlin/util/CancellationChecker;Lorg/jetbrains/kotlin/resolve/calls/components/KotlinResolutionStatelessCallbacks;Lorg/jetbrains/kotlin/resolve/calls/inference/components/ConstraintInjector;Lorg/jetbrains/kotlin/types/checker/KotlinTypeRefiner;)V 61 <appendix> argL0 ; # org/jetbrains/kotlin/resolve/calls/components/NewOverloadingConflictResolver$$Lambda+0x00000001004f6848
instanceKlass org/jetbrains/kotlin/resolve/calls/components/NewOverloadingConflictResolver$Companion
# instanceKlass java/lang/invoke/LambdaForm$MH+0x0000000100503000
# instanceKlass java/lang/invoke/LambdaForm$MH+0x0000000100502c00
# instanceKlass java/lang/invoke/LambdaForm$MH+0x0000000100502800
# instanceKlass java/lang/invoke/LambdaForm$MH+0x0000000100502400
instanceKlass org/jetbrains/kotlin/resolve/calls/inference/components/KotlinConstraintSystemCompleter$Companion
instanceKlass org/jetbrains/kotlin/resolve/calls/inference/components/PostponedArgumentInputTypesResolver$Companion
# instanceKlass java/lang/invoke/LambdaForm$MH+0x0000000100502000
# instanceKlass java/lang/invoke/LambdaForm$MH+0x0000000100501c00
# instanceKlass java/lang/invoke/LambdaForm$DMH+0x0000000100501800
# instanceKlass java/lang/invoke/LambdaForm$MH+0x0000000100501400
# instanceKlass java/lang/invoke/LambdaForm$DMH+0x0000000100501000
# instanceKlass java/lang/invoke/LambdaForm$MH+0x0000000100500c00
# instanceKlass java/lang/invoke/LambdaForm$DMH+0x0000000100500800
# instanceKlass java/lang/invoke/LambdaForm$MH+0x0000000100500400
# instanceKlass java/lang/invoke/LambdaForm$DMH+0x0000000100500000
# instanceKlass java/lang/invoke/LambdaForm$MH+0x00000001004ffc00
# instanceKlass java/lang/invoke/LambdaForm$MH+0x00000001004ff800
# instanceKlass java/lang/invoke/LambdaForm$MH+0x00000001004ff400
# instanceKlass java/lang/invoke/LambdaForm$MH+0x00000001004ff000
# instanceKlass java/lang/invoke/LambdaForm$MH+0x00000001004fec00
# instanceKlass java/lang/invoke/LambdaForm$MH+0x00000001004fe800
# instanceKlass java/lang/invoke/LambdaForm$MH+0x00000001004fe400
# instanceKlass java/lang/invoke/LambdaForm$MH+0x00000001004fe000
# instanceKlass java/lang/invoke/LambdaForm$MH+0x00000001004fdc00
instanceKlass java/lang/invoke/LambdaFormEditor$1
# instanceKlass java/lang/invoke/LambdaForm$MH+0x00000001004fd800
# instanceKlass java/lang/invoke/LambdaForm$MH+0x00000001004fd400
# instanceKlass java/lang/invoke/LambdaForm$MH+0x00000001004fd000
# instanceKlass java/lang/invoke/LambdaForm$MH+0x00000001004fcc00
# instanceKlass java/lang/invoke/LambdaForm$BMH+0x00000001004fc800
# instanceKlass java/lang/invoke/LambdaForm$DMH+0x00000001004fc400
# instanceKlass java/lang/invoke/LambdaForm$DMH+0x00000001004fc000
instanceKlass org/jetbrains/kotlin/resolve/calls/tower/KotlinToResolvedCallTransformer$Companion
instanceKlass  @bci org/jetbrains/kotlin/resolve/MissingSupertypesResolver <init> (Lorg/jetbrains/kotlin/storage/StorageManager;Lorg/jetbrains/kotlin/descriptors/ModuleDescriptor;)V 24 <appendix> member <vmtarget> ; # org/jetbrains/kotlin/resolve/MissingSupertypesResolver$$Lambda+0x00000001004f5ae8
# instanceKlass java/lang/invoke/LambdaForm$MH+0x00000001004fbc00
# instanceKlass java/lang/invoke/LambdaForm$MH+0x00000001004fb800
# instanceKlass java/lang/invoke/LambdaForm$DMH+0x00000001004fb400
# instanceKlass java/lang/invoke/LambdaForm$MH+0x00000001004fb000
# instanceKlass java/lang/invoke/LambdaForm$DMH+0x00000001004fac00
# instanceKlass java/lang/invoke/LambdaForm$MH+0x00000001004fa800
# instanceKlass java/lang/invoke/LambdaForm$MH+0x00000001004fa400
# instanceKlass java/lang/invoke/LambdaForm$MH+0x00000001004fa000
# instanceKlass java/lang/invoke/LambdaForm$MH+0x00000001004f9c00
# instanceKlass java/lang/invoke/LambdaForm$MH+0x00000001004f9800
# instanceKlass java/lang/invoke/LambdaForm$MH+0x00000001004f9400
# instanceKlass java/lang/invoke/LambdaForm$MH+0x00000001004f9000
# instanceKlass java/lang/invoke/LambdaForm$MH+0x00000001004f8c00
# instanceKlass java/lang/invoke/LambdaForm$MH+0x00000001004f8800
# instanceKlass java/lang/invoke/LambdaForm$MH+0x00000001004f8400
# instanceKlass java/lang/invoke/LambdaForm$MH+0x00000001004f8000
# instanceKlass java/lang/invoke/LambdaForm$BMH+0x00000001004f3c00
# instanceKlass java/lang/invoke/LambdaForm$DMH+0x00000001004f3800
# instanceKlass java/lang/invoke/LambdaForm$DMH+0x00000001004f3400
instanceKlass org/jetbrains/kotlin/resolve/calls/results/OverloadingConflictResolver$SpecificityComparisonWithNumerics$1
instanceKlass org/jetbrains/kotlin/resolve/calls/results/SpecificityComparisonCallbacks
instanceKlass org/jetbrains/kotlin/resolve/calls/results/OverloadingConflictResolver$resolvedCallHashingStrategy$1
instanceKlass  @bci org/jetbrains/kotlin/resolve/calls/results/OverloadingConflictResolver <init> (Lorg/jetbrains/kotlin/builtins/KotlinBuiltIns;Lorg/jetbrains/kotlin/descriptors/ModuleDescriptor;Lorg/jetbrains/kotlin/resolve/calls/results/TypeSpecificityComparator;Lorg/jetbrains/kotlin/resolve/calls/results/PlatformOverloadsSpecificityComparator;Lorg/jetbrains/kotlin/util/CancellationChecker;Lkotlin/jvm/functions/Function1;Lkotlin/jvm/functions/Function0;Lkotlin/jvm/functions/Function1;Lkotlin/jvm/functions/Function1;Lkotlin/jvm/functions/Function1;Lkotlin/jvm/functions/Function1;Lorg/jetbrains/kotlin/types/checker/KotlinTypeRefiner;)V 149 <appendix> member <vmtarget> ; # org/jetbrains/kotlin/resolve/calls/results/OverloadingConflictResolver$$Lambda+0x00000001004f51a8
instanceKlass  @bci org/jetbrains/kotlin/resolve/calls/components/CallableReferenceOverloadConflictResolver <init> (Lorg/jetbrains/kotlin/builtins/KotlinBuiltIns;Lorg/jetbrains/kotlin/descriptors/ModuleDescriptor;Lorg/jetbrains/kotlin/resolve/calls/results/TypeSpecificityComparator;Lorg/jetbrains/kotlin/resolve/calls/results/PlatformOverloadsSpecificityComparator;Lorg/jetbrains/kotlin/util/CancellationChecker;Lorg/jetbrains/kotlin/resolve/calls/components/KotlinResolutionStatelessCallbacks;Lorg/jetbrains/kotlin/resolve/calls/inference/components/ConstraintInjector;Lorg/jetbrains/kotlin/types/checker/KotlinTypeRefiner;)V 96 <appendix> member <vmtarget> ; # org/jetbrains/kotlin/resolve/calls/components/CallableReferenceOverloadConflictResolver$$Lambda+0x00000001004f4f50
instanceKlass  @bci org/jetbrains/kotlin/resolve/calls/components/CallableReferenceOverloadConflictResolver <init> (Lorg/jetbrains/kotlin/builtins/KotlinBuiltIns;Lorg/jetbrains/kotlin/descriptors/ModuleDescriptor;Lorg/jetbrains/kotlin/resolve/calls/results/TypeSpecificityComparator;Lorg/jetbrains/kotlin/resolve/calls/results/PlatformOverloadsSpecificityComparator;Lorg/jetbrains/kotlin/util/CancellationChecker;Lorg/jetbrains/kotlin/resolve/calls/components/KotlinResolutionStatelessCallbacks;Lorg/jetbrains/kotlin/resolve/calls/inference/components/ConstraintInjector;Lorg/jetbrains/kotlin/types/checker/KotlinTypeRefiner;)V 89 <appendix> argL0 ; # org/jetbrains/kotlin/resolve/calls/components/CallableReferenceOverloadConflictResolver$$Lambda+0x00000001004f4d00
instanceKlass  @bci org/jetbrains/kotlin/resolve/calls/components/CallableReferenceOverloadConflictResolver <init> (Lorg/jetbrains/kotlin/builtins/KotlinBuiltIns;Lorg/jetbrains/kotlin/descriptors/ModuleDescriptor;Lorg/jetbrains/kotlin/resolve/calls/results/TypeSpecificityComparator;Lorg/jetbrains/kotlin/resolve/calls/results/PlatformOverloadsSpecificityComparator;Lorg/jetbrains/kotlin/util/CancellationChecker;Lorg/jetbrains/kotlin/resolve/calls/components/KotlinResolutionStatelessCallbacks;Lorg/jetbrains/kotlin/resolve/calls/inference/components/ConstraintInjector;Lorg/jetbrains/kotlin/types/checker/KotlinTypeRefiner;)V 71 <appendix> member <vmtarget> ; # org/jetbrains/kotlin/resolve/calls/components/CallableReferenceOverloadConflictResolver$$Lambda+0x00000001004f46c0
instanceKlass  @bci org/jetbrains/kotlin/resolve/calls/components/CallableReferenceOverloadConflictResolver <init> (Lorg/jetbrains/kotlin/builtins/KotlinBuiltIns;Lorg/jetbrains/kotlin/descriptors/ModuleDescriptor;Lorg/jetbrains/kotlin/resolve/calls/results/TypeSpecificityComparator;Lorg/jetbrains/kotlin/resolve/calls/results/PlatformOverloadsSpecificityComparator;Lorg/jetbrains/kotlin/util/CancellationChecker;Lorg/jetbrains/kotlin/resolve/calls/components/KotlinResolutionStatelessCallbacks;Lorg/jetbrains/kotlin/resolve/calls/inference/components/ConstraintInjector;Lorg/jetbrains/kotlin/types/checker/KotlinTypeRefiner;)V 61 <appendix> argL0 ; # org/jetbrains/kotlin/resolve/calls/components/CallableReferenceOverloadConflictResolver$$Lambda+0x00000001004f4470
# instanceKlass java/lang/invoke/LambdaForm$MH+0x00000001004f3000
# instanceKlass java/lang/invoke/LambdaForm$MH+0x00000001004f2c00
# instanceKlass java/lang/invoke/LambdaForm$MH+0x00000001004f2800
# instanceKlass java/lang/invoke/LambdaForm$MH+0x00000001004f2400
# instanceKlass java/lang/invoke/LambdaForm$MH+0x00000001004f2000
# instanceKlass java/lang/invoke/LambdaForm$MH+0x00000001004f1c00
# instanceKlass java/lang/invoke/LambdaForm$MH+0x00000001004f1800
# instanceKlass java/lang/invoke/LambdaForm$MH+0x00000001004f1400
# instanceKlass java/lang/invoke/LambdaForm$MH+0x00000001004f1000
instanceKlass  @bci org/jetbrains/kotlin/resolve/VariableTypeAndInitializerResolver setConstantForVariableIfNeeded (Lorg/jetbrains/kotlin/descriptors/impl/VariableDescriptorWithInitializerImpl;Lorg/jetbrains/kotlin/resolve/scopes/LexicalScope;Lorg/jetbrains/kotlin/psi/KtVariableDeclaration;Lorg/jetbrains/kotlin/resolve/calls/smartcasts/DataFlowInfo;Lorg/jetbrains/kotlin/types/KotlinType;Lorg/jetbrains/kotlin/resolve/calls/components/InferenceSession;Lorg/jetbrains/kotlin/resolve/BindingTrace;)V 80 <appendix> form vmentry <vmtarget> ; # java/lang/invoke/LambdaForm$DMH+0x00000001004f0c00
instanceKlass org/jetbrains/kotlin/resolve/calls/components/CallableReferenceOverloadConflictResolver$Companion
instanceKlass org/jetbrains/kotlin/resolve/calls/inference/components/TrivialConstraintTypeInferenceOracle$Companion
instanceKlass org/jetbrains/kotlin/types/AbstractTypeApproximator$Companion
# instanceKlass java/lang/invoke/LambdaForm$MH+0x00000001004f0800
# instanceKlass java/lang/invoke/LambdaForm$MH+0x00000001004f0400
# instanceKlass java/lang/invoke/LambdaForm$MH+0x00000001004f0000
# instanceKlass java/lang/invoke/LambdaForm$MH+0x00000001004efc00
# instanceKlass java/lang/invoke/LambdaForm$MH+0x00000001004ef800
# instanceKlass java/lang/invoke/LambdaForm$MH+0x00000001004ef400
# instanceKlass java/lang/invoke/LambdaForm$MH+0x00000001004ef000
# instanceKlass java/lang/invoke/LambdaForm$MH+0x00000001004eec00
# instanceKlass java/lang/invoke/LambdaForm$MH+0x00000001004ee800
# instanceKlass java/lang/invoke/LambdaForm$MH+0x00000001004ee400
# instanceKlass java/lang/invoke/LambdaForm$MH+0x00000001004ee000
# instanceKlass java/lang/invoke/LambdaForm$MH+0x00000001004edc00
instanceKlass org/jetbrains/kotlin/types/expressions/DoubleColonExpressionResolver$Companion
# instanceKlass java/lang/invoke/LambdaForm$MH+0x00000001004ed800
# instanceKlass java/lang/invoke/LambdaForm$MH+0x00000001004ed400
# instanceKlass java/lang/invoke/LambdaForm$MH+0x00000001004ed000
# instanceKlass java/lang/invoke/LambdaForm$MH+0x00000001004ecc00
# instanceKlass java/lang/invoke/LambdaForm$MH+0x00000001004ec800
# instanceKlass java/lang/invoke/LambdaForm$MH+0x00000001004ec400
# instanceKlass java/lang/invoke/LambdaForm$MH+0x00000001004ec000
# instanceKlass java/lang/invoke/LambdaForm$MH+0x00000001004ebc00
# instanceKlass java/lang/invoke/LambdaForm$MH+0x00000001004eb800
# instanceKlass java/lang/invoke/LambdaForm$MH+0x00000001004eb400
# instanceKlass java/lang/invoke/LambdaForm$MH+0x00000001004eb000
# instanceKlass java/lang/invoke/LambdaForm$DMH+0x00000001004eac00
instanceKlass org/jetbrains/kotlin/resolve/calls/smartcasts/SmartCastManager$Companion
# instanceKlass java/lang/invoke/LambdaForm$MH+0x00000001004ea800
# instanceKlass java/lang/invoke/LambdaForm$MH+0x00000001004ea400
# instanceKlass java/lang/invoke/LambdaForm$MH+0x00000001004ea000
# instanceKlass java/lang/invoke/LambdaForm$MH+0x00000001004e9c00
# instanceKlass java/lang/invoke/LambdaForm$MH+0x00000001004e9800
# instanceKlass java/lang/invoke/LambdaForm$MH+0x00000001004e9400
# instanceKlass java/lang/invoke/LambdaForm$MH+0x00000001004e9000
# instanceKlass java/lang/invoke/LambdaForm$MH+0x00000001004e8c00
# instanceKlass java/lang/invoke/LambdaForm$MH+0x00000001004e8800
# instanceKlass java/lang/invoke/LambdaForm$MH+0x00000001004e8400
# instanceKlass java/lang/invoke/LambdaForm$MH+0x00000001004e8000
instanceKlass org/jetbrains/kotlin/resolve/StatementFilter$Companion
# instanceKlass java/lang/invoke/LambdaForm$MH+0x00000001004e4c00
# instanceKlass java/lang/invoke/LambdaForm$MH+0x00000001004e4800
instanceKlass org/jetbrains/kotlin/resolve/AnnotationChecker$Companion
# instanceKlass java/lang/invoke/LambdaForm$MH+0x00000001004e4400
# instanceKlass java/lang/invoke/LambdaForm$MH+0x00000001004e4000
# instanceKlass java/lang/invoke/LambdaForm$DMH+0x00000001004e3c00
# instanceKlass java/lang/invoke/LambdaForm$MH+0x00000001004e3800
# instanceKlass java/lang/invoke/LambdaForm$DMH+0x00000001004e3400
# instanceKlass java/lang/invoke/LambdaForm$MH+0x00000001004e3000
# instanceKlass java/lang/invoke/LambdaForm$MH+0x00000001004e2c00
# instanceKlass java/lang/invoke/LambdaForm$MH+0x00000001004e2800
# instanceKlass java/lang/invoke/LambdaForm$MH+0x00000001004e2400
# instanceKlass java/lang/invoke/LambdaForm$MH+0x00000001004e2000
# instanceKlass java/lang/invoke/LambdaForm$MH+0x00000001004e1c00
# instanceKlass java/lang/invoke/LambdaForm$MH+0x00000001004e1800
# instanceKlass java/lang/invoke/LambdaForm$MH+0x00000001004e1400
# instanceKlass java/lang/invoke/LambdaForm$MH+0x00000001004e1000
# instanceKlass java/lang/invoke/LambdaForm$DMH+0x00000001004e0c00
# instanceKlass java/lang/invoke/LambdaForm$DMH+0x00000001004e0800
instanceKlass org/jetbrains/kotlin/resolve/TypeResolver$Companion
instanceKlass  @bci org/jetbrains/kotlin/resolve/calls/tasks/DynamicCallableDescriptors <init> (Lorg/jetbrains/kotlin/storage/StorageManager;Lorg/jetbrains/kotlin/builtins/KotlinBuiltIns;)V 27 <appendix> member <vmtarget> ; # org/jetbrains/kotlin/resolve/calls/tasks/DynamicCallableDescriptors$$Lambda+0x00000001004df528
instanceKlass org/jetbrains/kotlin/resolve/constants/evaluate/ConstantExpressionEvaluator$Companion$ExperimentalityDiagnostic1
instanceKlass org/jetbrains/kotlin/resolve/constants/evaluate/ConstantExpressionEvaluator$Companion
# instanceKlass java/lang/invoke/LambdaForm$MH+0x00000001004e0400
# instanceKlass java/lang/invoke/LambdaForm$MH+0x00000001004e0000
instanceKlass org/jetbrains/kotlin/util/CounterWithExclude$Companion
instanceKlass org/jetbrains/kotlin/util/ReenterableCounter$Companion
instanceKlass  @bci org/jetbrains/kotlin/resolve/lazy/FileScopeProviderImpl <init> (Lorg/jetbrains/kotlin/resolve/lazy/FileScopeFactory;Lorg/jetbrains/kotlin/resolve/BindingTrace;Lorg/jetbrains/kotlin/storage/StorageManager;)V 43 <appendix> member <vmtarget> ; # org/jetbrains/kotlin/resolve/lazy/FileScopeProviderImpl$$Lambda+0x00000001004de318
instanceKlass  @bci org/jetbrains/kotlin/resolve/lazy/FileScopeFactory <init> (Lorg/jetbrains/kotlin/resolve/lazy/TopLevelDescriptorProvider;Lorg/jetbrains/kotlin/resolve/BindingTrace;Lorg/jetbrains/kotlin/resolve/PlatformDependentAnalyzerServices;Lorg/jetbrains/kotlin/resolve/lazy/ImportResolutionComponents;)V 305 <appendix> member <vmtarget> ; # org/jetbrains/kotlin/resolve/lazy/FileScopeFactory$$Lambda+0x00000001004de0c0
instanceKlass org/jetbrains/kotlin/resolve/lazy/FileScopeFactory$DefaultImportImpl
instanceKlass org/jetbrains/kotlin/util/collectionUtils/ScopeUtilsKt
instanceKlass  @bci org/jetbrains/kotlin/resolve/scopes/GivenFunctionsMemberScope <init> (Lorg/jetbrains/kotlin/storage/StorageManager;Lorg/jetbrains/kotlin/descriptors/ClassDescriptor;)V 24 <appendix> member <vmtarget> ; # org/jetbrains/kotlin/resolve/scopes/GivenFunctionsMemberScope$$Lambda+0x00000001004dd770
instanceKlass org/jetbrains/kotlin/builtins/jvm/CloneableClassScope$Companion
instanceKlass org/jetbrains/kotlin/descriptors/TypeParameterUtilsKt
instanceKlass  @bci org/jetbrains/kotlin/serialization/deserialization/descriptors/DeserializedClassDescriptor$DeserializedClassMemberScope <init> (Lorg/jetbrains/kotlin/serialization/deserialization/descriptors/DeserializedClassDescriptor;Lorg/jetbrains/kotlin/types/checker/KotlinTypeRefiner;)V 278 <appendix> member <vmtarget> ; # org/jetbrains/kotlin/serialization/deserialization/descriptors/DeserializedClassDescriptor$DeserializedClassMemberScope$$Lambda+0x00000001004dca58
instanceKlass  @bci org/jetbrains/kotlin/serialization/deserialization/descriptors/DeserializedClassDescriptor$DeserializedClassMemberScope <init> (Lorg/jetbrains/kotlin/serialization/deserialization/descriptors/DeserializedClassDescriptor;Lorg/jetbrains/kotlin/types/checker/KotlinTypeRefiner;)V 256 <appendix> member <vmtarget> ; # org/jetbrains/kotlin/serialization/deserialization/descriptors/DeserializedClassDescriptor$DeserializedClassMemberScope$$Lambda+0x00000001004dc800
instanceKlass  @bci org/jetbrains/kotlin/serialization/deserialization/descriptors/DeserializedClassDescriptor$DeserializedClassMemberScope <init> (Lorg/jetbrains/kotlin/serialization/deserialization/descriptors/DeserializedClassDescriptor;Lorg/jetbrains/kotlin/types/checker/KotlinTypeRefiner;)V 219 <appendix> member <vmtarget> ; # org/jetbrains/kotlin/serialization/deserialization/descriptors/DeserializedClassDescriptor$DeserializedClassMemberScope$$Lambda+0x00000001004dc5a8
instanceKlass org/jetbrains/kotlin/incremental/UtilsKt
instanceKlass  @bci org/jetbrains/kotlin/serialization/deserialization/descriptors/DeserializedClassDescriptor$EnumEntryClassDescriptors <init> (Lorg/jetbrains/kotlin/serialization/deserialization/descriptors/DeserializedClassDescriptor;)V 197 <appendix> member <vmtarget> ; # org/jetbrains/kotlin/serialization/deserialization/descriptors/DeserializedClassDescriptor$EnumEntryClassDescriptors$$Lambda+0x00000001004dbdb0
instanceKlass  @bci org/jetbrains/kotlin/serialization/deserialization/descriptors/DeserializedClassDescriptor$EnumEntryClassDescriptors <init> (Lorg/jetbrains/kotlin/serialization/deserialization/descriptors/DeserializedClassDescriptor;)V 172 <appendix> member <vmtarget> ; # org/jetbrains/kotlin/serialization/deserialization/descriptors/DeserializedClassDescriptor$EnumEntryClassDescriptors$$Lambda+0x00000001004dbb58
instanceKlass org/jetbrains/kotlin/serialization/deserialization/descriptors/DeserializedClassDescriptor$EnumEntryClassDescriptors
instanceKlass  @bci org/jetbrains/kotlin/resolve/scopes/StaticScopeForKotlinEnum <init> (Lorg/jetbrains/kotlin/storage/StorageManager;Lorg/jetbrains/kotlin/descriptors/ClassDescriptor;Z)V 117 <appendix> member <vmtarget> ; # org/jetbrains/kotlin/resolve/scopes/StaticScopeForKotlinEnum$$Lambda+0x00000001004db6c0
instanceKlass  @bci org/jetbrains/kotlin/resolve/scopes/StaticScopeForKotlinEnum <init> (Lorg/jetbrains/kotlin/storage/StorageManager;Lorg/jetbrains/kotlin/descriptors/ClassDescriptor;Z)V 101 <appendix> member <vmtarget> ; # org/jetbrains/kotlin/resolve/scopes/StaticScopeForKotlinEnum$$Lambda+0x00000001004db468
instanceKlass  @bci org/jetbrains/kotlin/serialization/deserialization/descriptors/DeserializedClassDescriptor <init> (Lorg/jetbrains/kotlin/serialization/deserialization/DeserializationContext;Lorg/jetbrains/kotlin/metadata/ProtoBuf$Class;Lorg/jetbrains/kotlin/metadata/deserialization/NameResolver;Lorg/jetbrains/kotlin/metadata/deserialization/BinaryVersion;Lorg/jetbrains/kotlin/descriptors/SourceElement;)V 657 <appendix> member <vmtarget> ; # org/jetbrains/kotlin/serialization/deserialization/descriptors/DeserializedClassDescriptor$$Lambda+0x00000001004daef0
instanceKlass org/jetbrains/kotlin/builtins/functions/FunctionTypeKindExtractor$Companion
instanceKlass org/jetbrains/kotlin/builtins/functions/FunctionTypeKindExtractor
instanceKlass  @bci org/jetbrains/kotlin/serialization/deserialization/descriptors/DeserializedTypeParameterDescriptor <init> (Lorg/jetbrains/kotlin/serialization/deserialization/DeserializationContext;Lorg/jetbrains/kotlin/metadata/ProtoBuf$TypeParameter;I)V 94 <appendix> member <vmtarget> ; # org/jetbrains/kotlin/serialization/deserialization/descriptors/DeserializedTypeParameterDescriptor$$Lambda+0x00000001004d99a0
instanceKlass org/jetbrains/kotlin/serialization/deserialization/descriptors/DeserializedAnnotations
instanceKlass org/jetbrains/kotlin/descriptors/impl/AbstractTypeParameterDescriptor$2
instanceKlass org/jetbrains/kotlin/descriptors/impl/AbstractTypeParameterDescriptor$1
instanceKlass org/jetbrains/kotlin/descriptors/SupertypeLoopChecker$EMPTY
instanceKlass  @bci org/jetbrains/kotlin/serialization/deserialization/descriptors/DeserializedClassDescriptor <init> (Lorg/jetbrains/kotlin/serialization/deserialization/DeserializationContext;Lorg/jetbrains/kotlin/metadata/ProtoBuf$Class;Lorg/jetbrains/kotlin/metadata/deserialization/NameResolver;Lorg/jetbrains/kotlin/metadata/deserialization/BinaryVersion;Lorg/jetbrains/kotlin/descriptors/SourceElement;)V 535 <appendix> member <vmtarget> ; # org/jetbrains/kotlin/serialization/deserialization/descriptors/DeserializedClassDescriptor$$Lambda+0x00000001004d2400
instanceKlass org/jetbrains/kotlin/descriptors/ValueClassRepresentation
instanceKlass  @bci org/jetbrains/kotlin/serialization/deserialization/descriptors/DeserializedClassDescriptor <init> (Lorg/jetbrains/kotlin/serialization/deserialization/DeserializationContext;Lorg/jetbrains/kotlin/metadata/ProtoBuf$Class;Lorg/jetbrains/kotlin/metadata/deserialization/NameResolver;Lorg/jetbrains/kotlin/metadata/deserialization/BinaryVersion;Lorg/jetbrains/kotlin/descriptors/SourceElement;)V 513 <appendix> member <vmtarget> ; # org/jetbrains/kotlin/serialization/deserialization/descriptors/DeserializedClassDescriptor$$Lambda+0x00000001004d2a58
instanceKlass  @bci org/jetbrains/kotlin/serialization/deserialization/descriptors/DeserializedClassDescriptor <init> (Lorg/jetbrains/kotlin/serialization/deserialization/DeserializationContext;Lorg/jetbrains/kotlin/metadata/ProtoBuf$Class;Lorg/jetbrains/kotlin/metadata/deserialization/NameResolver;Lorg/jetbrains/kotlin/metadata/deserialization/BinaryVersion;Lorg/jetbrains/kotlin/descriptors/SourceElement;)V 491 <appendix> member <vmtarget> ; # org/jetbrains/kotlin/serialization/deserialization/descriptors/DeserializedClassDescriptor$$Lambda+0x00000001004d2800
instanceKlass  @bci org/jetbrains/kotlin/serialization/deserialization/descriptors/DeserializedClassDescriptor <init> (Lorg/jetbrains/kotlin/serialization/deserialization/DeserializationContext;Lorg/jetbrains/kotlin/metadata/ProtoBuf$Class;Lorg/jetbrains/kotlin/metadata/deserialization/NameResolver;Lorg/jetbrains/kotlin/metadata/deserialization/BinaryVersion;Lorg/jetbrains/kotlin/descriptors/SourceElement;)V 469 <appendix> member <vmtarget> ; # org/jetbrains/kotlin/serialization/deserialization/descriptors/DeserializedClassDescriptor$$Lambda+0x00000001004d3d10
instanceKlass  @bci org/jetbrains/kotlin/serialization/deserialization/descriptors/DeserializedClassDescriptor <init> (Lorg/jetbrains/kotlin/serialization/deserialization/DeserializationContext;Lorg/jetbrains/kotlin/metadata/ProtoBuf$Class;Lorg/jetbrains/kotlin/metadata/deserialization/NameResolver;Lorg/jetbrains/kotlin/metadata/deserialization/BinaryVersion;Lorg/jetbrains/kotlin/descriptors/SourceElement;)V 447 <appendix> member <vmtarget> ; # org/jetbrains/kotlin/serialization/deserialization/descriptors/DeserializedClassDescriptor$$Lambda+0x00000001004d3ab8
instanceKlass  @bci org/jetbrains/kotlin/descriptors/ScopesHolderForClass <init> (Lorg/jetbrains/kotlin/descriptors/ClassDescriptor;Lorg/jetbrains/kotlin/storage/StorageManager;Lkotlin/jvm/functions/Function1;Lorg/jetbrains/kotlin/types/checker/KotlinTypeRefiner;)V 23 <appendix> member <vmtarget> ; # org/jetbrains/kotlin/descriptors/ScopesHolderForClass$$Lambda+0x00000001004d3860
instanceKlass org/jetbrains/kotlin/descriptors/ScopesHolderForClass$Companion
instanceKlass org/jetbrains/kotlin/descriptors/ScopesHolderForClass
instanceKlass  @bci org/jetbrains/kotlin/serialization/deserialization/descriptors/DeserializedClassDescriptor$DeserializedClassTypeConstructor <init> (Lorg/jetbrains/kotlin/serialization/deserialization/descriptors/DeserializedClassDescriptor;)V 31 <appendix> member <vmtarget> ; # org/jetbrains/kotlin/serialization/deserialization/descriptors/DeserializedClassDescriptor$DeserializedClassTypeConstructor$$Lambda+0x00000001004d7c28
instanceKlass org/jetbrains/kotlin/serialization/deserialization/ProtoEnumFlagsUtilsKt$WhenMappings
instanceKlass org/jetbrains/kotlin/serialization/deserialization/ProtoEnumFlagsUtilsKt
instanceKlass org/jetbrains/kotlin/serialization/deserialization/ProtoEnumFlags$WhenMappings
instanceKlass org/jetbrains/kotlin/metadata/ProtoBuf$MemberKind$1
instanceKlass org/jetbrains/kotlin/metadata/ProtoBuf$Class$Kind$1
instanceKlass org/jetbrains/kotlin/metadata/ProtoBuf$Modality$1
instanceKlass org/jetbrains/kotlin/metadata/ProtoBuf$Visibility$1
instanceKlass org/jetbrains/kotlin/metadata/deserialization/Flags$FlagField
instanceKlass org/jetbrains/kotlin/metadata/deserialization/Flags
instanceKlass org/jetbrains/kotlin/serialization/deserialization/ProtoEnumFlags
instanceKlass org/jetbrains/kotlin/descriptors/DeserializedDescriptor
instanceKlass org/jetbrains/kotlin/resolve/scopes/ChainedMemberScope$Companion
instanceKlass org/jetbrains/kotlin/resolve/scopes/ChainedMemberScope
instanceKlass org/jetbrains/kotlin/descriptors/PackageFragmentProviderKt
instanceKlass  @bci org/jetbrains/kotlin/resolve/scopes/MemberScope$Companion <clinit> ()V 10 <appendix> argL0 ; # org/jetbrains/kotlin/resolve/scopes/MemberScope$Companion$$Lambda+0x00000001004ce588
instanceKlass org/jetbrains/kotlin/resolve/scopes/MemberScope$Companion
instanceKlass org/jetbrains/kotlin/resolve/scopes/DescriptorKindFilter$Companion$MaskToName
instanceKlass org/jetbrains/kotlin/resolve/scopes/DescriptorKindFilter$Companion
instanceKlass org/jetbrains/kotlin/resolve/scopes/DescriptorKindFilter
instanceKlass  @bci org/jetbrains/kotlin/resolve/scopes/LazyScopeAdapter <init> (Lorg/jetbrains/kotlin/storage/StorageManager;Lkotlin/jvm/functions/Function0;)V 19 <appendix> member <vmtarget> ; # org/jetbrains/kotlin/resolve/scopes/LazyScopeAdapter$$Lambda+0x00000001004cda40
instanceKlass  @bci org/jetbrains/kotlin/descriptors/impl/LazyPackageViewDescriptorImpl <init> (Lorg/jetbrains/kotlin/descriptors/impl/ModuleDescriptorImpl;Lorg/jetbrains/kotlin/name/FqName;Lorg/jetbrains/kotlin/storage/StorageManager;)V 81 <appendix> member <vmtarget> ; # org/jetbrains/kotlin/descriptors/impl/LazyPackageViewDescriptorImpl$$Lambda+0x00000001004cd7e8
instanceKlass org/jetbrains/kotlin/resolve/scopes/AbstractScopeAdapter
instanceKlass  @bci org/jetbrains/kotlin/descriptors/impl/LazyPackageViewDescriptorImpl <init> (Lorg/jetbrains/kotlin/descriptors/impl/ModuleDescriptorImpl;Lorg/jetbrains/kotlin/name/FqName;Lorg/jetbrains/kotlin/storage/StorageManager;)V 61 <appendix> member <vmtarget> ; # org/jetbrains/kotlin/descriptors/impl/LazyPackageViewDescriptorImpl$$Lambda+0x00000001004ccf48
instanceKlass  @bci org/jetbrains/kotlin/descriptors/impl/LazyPackageViewDescriptorImpl <init> (Lorg/jetbrains/kotlin/descriptors/impl/ModuleDescriptorImpl;Lorg/jetbrains/kotlin/name/FqName;Lorg/jetbrains/kotlin/storage/StorageManager;)V 45 <appendix> member <vmtarget> ; # org/jetbrains/kotlin/descriptors/impl/LazyPackageViewDescriptorImpl$$Lambda+0x00000001004cccf0
# instanceKlass java/lang/invoke/LambdaForm$MH+0x00000001004d2000
# instanceKlass java/lang/invoke/LambdaForm$MH+0x00000001004d1c00
# instanceKlass java/lang/invoke/LambdaForm$MH+0x00000001004d1800
# instanceKlass java/lang/invoke/LambdaForm$MH+0x00000001004d1400
# instanceKlass java/lang/invoke/LambdaForm$MH+0x00000001004d1000
# instanceKlass java/lang/invoke/LambdaForm$MH+0x00000001004d0c00
# instanceKlass java/lang/invoke/LambdaForm$MH+0x00000001004d0800
# instanceKlass java/lang/invoke/LambdaForm$MH+0x00000001004d0400
# instanceKlass java/lang/invoke/LambdaForm$MH+0x00000001004d0000
# instanceKlass java/lang/invoke/LambdaForm$MH+0x00000001004cbc00
# instanceKlass java/lang/invoke/LambdaForm$MH+0x00000001004cb800
# instanceKlass java/lang/invoke/LambdaForm$MH+0x00000001004cb400
instanceKlass  @bci org/jetbrains/kotlin/resolve/jvm/multiplatform/OptionalAnnotationPackageFragmentProvider packages_delegate$lambda$7 (Lorg/jetbrains/kotlin/load/kotlin/PackagePartProvider;Lorg/jetbrains/kotlin/storage/StorageManager;Lorg/jetbrains/kotlin/descriptors/ModuleDescriptor;Lorg/jetbrains/kotlin/config/LanguageVersionSettings;Lorg/jetbrains/kotlin/descriptors/NotFoundClasses;Lorg/jetbrains/kotlin/resolve/jvm/multiplatform/OptionalAnnotationPackageFragmentProvider;)Ljava/util/Map; 69 <appendix> form vmentry <vmtarget> ; # java/lang/invoke/LambdaForm$DMH+0x00000001004cb000
instanceKlass org/jetbrains/kotlin/resolve/QualifiedExpressionResolver$Companion
# instanceKlass java/lang/invoke/LambdaForm$MH+0x00000001004cac00
# instanceKlass java/lang/invoke/LambdaForm$MH+0x00000001004ca800
# instanceKlass java/lang/invoke/LambdaForm$MH+0x00000001004ca400
# instanceKlass java/lang/invoke/LambdaForm$MH+0x00000001004ca000
# instanceKlass java/lang/invoke/LambdaForm$MH+0x00000001004c9c00
instanceKlass org/jetbrains/kotlin/container/MethodBinding
instanceKlass org/jetbrains/kotlin/resolve/extensions/SyntheticResolveExtension$Companion$getInstance$1
instanceKlass  @bci org/jetbrains/kotlin/resolve/lazy/ResolveSession <init> (Lorg/jetbrains/kotlin/com/intellij/openapi/project/Project;Lorg/jetbrains/kotlin/context/GlobalContext;Lorg/jetbrains/kotlin/descriptors/ModuleDescriptor;Lorg/jetbrains/kotlin/resolve/lazy/declarations/DeclarationProviderFactory;Lorg/jetbrains/kotlin/resolve/BindingTrace;Lorg/jetbrains/kotlin/types/checker/NewKotlinTypeChecker;)V 166 <appendix> member <vmtarget> ; # org/jetbrains/kotlin/resolve/lazy/ResolveSession$$Lambda+0x00000001004c7b80
instanceKlass  @bci org/jetbrains/kotlin/resolve/lazy/ResolveSession <init> (Lorg/jetbrains/kotlin/com/intellij/openapi/project/Project;Lorg/jetbrains/kotlin/context/GlobalContext;Lorg/jetbrains/kotlin/descriptors/ModuleDescriptor;Lorg/jetbrains/kotlin/resolve/lazy/declarations/DeclarationProviderFactory;Lorg/jetbrains/kotlin/resolve/BindingTrace;Lorg/jetbrains/kotlin/types/checker/NewKotlinTypeChecker;)V 147 <appendix> member <vmtarget> ; # org/jetbrains/kotlin/resolve/lazy/ResolveSession$$Lambda+0x00000001004c7928
instanceKlass org/jetbrains/kotlin/resolve/lazy/descriptors/LazyAnnotations
instanceKlass org/jetbrains/kotlin/resolve/lazy/ResolveSession$1
instanceKlass org/jetbrains/kotlin/storage/LockBasedLazyResolveStorageManager$LockProtectedContext
instanceKlass org/jetbrains/kotlin/storage/LockBasedLazyResolveStorageManager$LockProtectedTrace
instanceKlass org/jetbrains/kotlin/storage/LockBasedLazyResolveStorageManager
# instanceKlass java/lang/invoke/LambdaForm$MH+0x00000001004c9800
# instanceKlass java/lang/invoke/LambdaForm$MH+0x00000001004c9400
# instanceKlass java/lang/invoke/LambdaForm$MH+0x00000001004c9000
# instanceKlass java/lang/invoke/LambdaForm$MH+0x00000001004c8c00
# instanceKlass java/lang/invoke/LambdaForm$MH+0x00000001004c8800
# instanceKlass java/lang/invoke/LambdaForm$MH+0x00000001004c8400
# instanceKlass java/lang/invoke/LambdaForm$MH+0x00000001004c8000
instanceKlass  @bci org/jetbrains/kotlin/resolve/QualifiedExpressionResolver processSingleImport (Lorg/jetbrains/kotlin/descriptors/ModuleDescriptor;Lorg/jetbrains/kotlin/resolve/BindingTrace;Lorg/jetbrains/kotlin/psi/KtImportInfo;Ljava/util/List;Lorg/jetbrains/kotlin/resolve/QualifiedExpressionResolver$QualifierPart;Lorg/jetbrains/kotlin/descriptors/PackageFragmentDescriptor;)Lorg/jetbrains/kotlin/resolve/scopes/ImportingScope; 165 <appendix> form vmentry <vmtarget> ; # java/lang/invoke/LambdaForm$DMH+0x00000001004c5c00
instanceKlass  @bci org/jetbrains/kotlin/resolve/checkers/OptInUsageChecker$Companion getDefaultDiagnosticMessage$frontend (Ljava/lang/String;)Lkotlin/jvm/functions/Function1; 7 <appendix> member <vmtarget> ; # org/jetbrains/kotlin/resolve/checkers/OptInUsageChecker$Companion$$Lambda+0x00000001004c68f8
instanceKlass org/jetbrains/kotlin/resolve/checkers/OptInNames
instanceKlass org/jetbrains/kotlin/resolve/checkers/OptInUsageChecker$OptInFactoryBasedReporter
instanceKlass org/jetbrains/kotlin/resolve/checkers/OptInUsageChecker$OptInDiagnosticReporter
instanceKlass org/jetbrains/kotlin/resolve/checkers/OptInUsageChecker$Companion
# instanceKlass java/lang/invoke/LambdaForm$MH+0x00000001004c5800
# instanceKlass java/lang/invoke/LambdaForm$MH+0x00000001004c5400
# instanceKlass java/lang/invoke/LambdaForm$MH+0x00000001004c5000
# instanceKlass java/lang/invoke/LambdaForm$MH+0x00000001004c4c00
# instanceKlass java/lang/invoke/LambdaForm$MH+0x00000001004c4800
# instanceKlass java/lang/invoke/LambdaForm$MH+0x00000001004c4400
# instanceKlass java/lang/invoke/LambdaForm$MH+0x00000001004c4000
# instanceKlass java/lang/invoke/LambdaForm$MH+0x00000001004bdc00
instanceKlass org/jetbrains/kotlin/resolve/checkers/ExpectedActualDeclarationChecker$Companion
instanceKlass org/jetbrains/kotlin/resolve/jvm/checkers/InlinePlatformCompatibilityChecker$Companion
instanceKlass org/jetbrains/kotlin/resolve/LanguageVersionSettingsProvider$Companion
instanceKlass org/jetbrains/kotlin/resolve/LanguageVersionSettingsProvider
instanceKlass  @bci org/jetbrains/kotlin/resolve/scopes/synthetic/FunInterfaceConstructorsSyntheticScope <init> (Lorg/jetbrains/kotlin/storage/StorageManager;Lorg/jetbrains/kotlin/incremental/components/LookupTracker;Lorg/jetbrains/kotlin/resolve/sam/SamConversionResolver;Lorg/jetbrains/kotlin/resolve/sam/SamConversionOracle;)V 48 <appendix> member <vmtarget> ; # org/jetbrains/kotlin/resolve/scopes/synthetic/FunInterfaceConstructorsSyntheticScope$$Lambda+0x00000001004c2ee8
instanceKlass  @bci org/jetbrains/kotlin/synthetic/SamAdapterFunctionsScope <init> (Lorg/jetbrains/kotlin/storage/StorageManager;Lorg/jetbrains/kotlin/resolve/sam/SamConversionResolver;Lorg/jetbrains/kotlin/resolve/sam/SamConversionOracle;Lorg/jetbrains/kotlin/resolve/deprecation/DeprecationResolver;Lorg/jetbrains/kotlin/incremental/components/LookupTracker;ZZ)V 137 <appendix> member <vmtarget> ; # org/jetbrains/kotlin/synthetic/SamAdapterFunctionsScope$$Lambda+0x00000001004c29b0
instanceKlass org/jetbrains/kotlin/descriptors/impl/TypeAliasConstructorDescriptor
instanceKlass org/jetbrains/kotlin/descriptors/impl/DescriptorDerivedFromTypeAlias
instanceKlass  @bci org/jetbrains/kotlin/synthetic/SamAdapterFunctionsScope <init> (Lorg/jetbrains/kotlin/storage/StorageManager;Lorg/jetbrains/kotlin/resolve/sam/SamConversionResolver;Lorg/jetbrains/kotlin/resolve/sam/SamConversionOracle;Lorg/jetbrains/kotlin/resolve/deprecation/DeprecationResolver;Lorg/jetbrains/kotlin/incremental/components/LookupTracker;ZZ)V 121 <appendix> member <vmtarget> ; # org/jetbrains/kotlin/synthetic/SamAdapterFunctionsScope$$Lambda+0x00000001004c22f8
instanceKlass  @bci org/jetbrains/kotlin/synthetic/SamAdapterFunctionsScope <init> (Lorg/jetbrains/kotlin/storage/StorageManager;Lorg/jetbrains/kotlin/resolve/sam/SamConversionResolver;Lorg/jetbrains/kotlin/resolve/sam/SamConversionOracle;Lorg/jetbrains/kotlin/resolve/deprecation/DeprecationResolver;Lorg/jetbrains/kotlin/incremental/components/LookupTracker;ZZ)V 105 <appendix> member <vmtarget> ; # org/jetbrains/kotlin/synthetic/SamAdapterFunctionsScope$$Lambda+0x00000001004c12d0
instanceKlass org/jetbrains/kotlin/resolve/sam/SamConstructorDescriptor
instanceKlass org/jetbrains/kotlin/descriptors/synthetic/FunctionInterfaceConstructorDescriptor
instanceKlass  @bci org/jetbrains/kotlin/synthetic/SamAdapterFunctionsScope <init> (Lorg/jetbrains/kotlin/storage/StorageManager;Lorg/jetbrains/kotlin/resolve/sam/SamConversionResolver;Lorg/jetbrains/kotlin/resolve/sam/SamConversionOracle;Lorg/jetbrains/kotlin/resolve/deprecation/DeprecationResolver;Lorg/jetbrains/kotlin/incremental/components/LookupTracker;ZZ)V 89 <appendix> member <vmtarget> ; # org/jetbrains/kotlin/synthetic/SamAdapterFunctionsScope$$Lambda+0x00000001004c0c18
instanceKlass org/jetbrains/kotlin/load/java/sam/SamAdapterDescriptor
instanceKlass org/jetbrains/kotlin/descriptors/synthetic/FunctionInterfaceAdapterDescriptor
instanceKlass org/jetbrains/kotlin/descriptors/synthetic/SyntheticMemberDescriptor
instanceKlass org/jetbrains/kotlin/load/java/descriptors/JavaCallableMemberDescriptor
instanceKlass  @bci org/jetbrains/kotlin/synthetic/SamAdapterFunctionsScope <init> (Lorg/jetbrains/kotlin/storage/StorageManager;Lorg/jetbrains/kotlin/resolve/sam/SamConversionResolver;Lorg/jetbrains/kotlin/resolve/sam/SamConversionOracle;Lorg/jetbrains/kotlin/resolve/deprecation/DeprecationResolver;Lorg/jetbrains/kotlin/incremental/components/LookupTracker;ZZ)V 73 <appendix> member <vmtarget> ; # org/jetbrains/kotlin/synthetic/SamAdapterFunctionsScope$$Lambda+0x00000001004bf3d0
instanceKlass org/jetbrains/kotlin/synthetic/SyntheticScopeProviderExtension
instanceKlass  @bci org/jetbrains/kotlin/synthetic/JavaSyntheticPropertiesScope <init> (Lorg/jetbrains/kotlin/storage/StorageManager;Lorg/jetbrains/kotlin/incremental/components/LookupTracker;Lorg/jetbrains/kotlin/types/checker/KotlinTypeRefiner;Z)V 41 <appendix> member <vmtarget> ; # org/jetbrains/kotlin/synthetic/JavaSyntheticPropertiesScope$$Lambda+0x00000001004bea28
instanceKlass org/jetbrains/kotlin/synthetic/JavaSyntheticPropertiesScope$SyntheticPropertyHolder
instanceKlass org/jetbrains/kotlin/resolve/scopes/SyntheticScope$Default
instanceKlass org/jetbrains/kotlin/resolve/scopes/SyntheticScope
# instanceKlass java/lang/invoke/LambdaForm$MH+0x00000001004bd800
instanceKlass java/lang/invoke/MethodHandleImpl$ArrayAccessor
instanceKlass java/lang/invoke/MethodHandleImpl$LoopClauses
instanceKlass java/lang/invoke/MethodHandleImpl$CasesHolder
# instanceKlass java/lang/invoke/LambdaForm$MH+0x00000001004bd400
# instanceKlass java/lang/invoke/LambdaForm$DMH+0x00000001004bd000
# instanceKlass java/lang/invoke/LambdaForm$MH+0x00000001004bcc00
# instanceKlass java/lang/invoke/LambdaForm$MH+0x00000001004bc800
# instanceKlass java/lang/invoke/LambdaForm$MH+0x00000001004bc400
# instanceKlass java/lang/invoke/LambdaForm$MH+0x00000001004bc000
# instanceKlass java/lang/invoke/LambdaForm$MH+0x00000001004bbc00
# instanceKlass java/lang/invoke/LambdaForm$MH+0x00000001004bb800
# instanceKlass java/lang/invoke/LambdaForm$MH+0x00000001004bb400
# instanceKlass java/lang/invoke/LambdaForm$MH+0x00000001004bb000
# instanceKlass java/lang/invoke/LambdaForm$DMH+0x00000001004bac00
instanceKlass  @bci org/jetbrains/kotlin/resolve/deprecation/DeprecationResolver <init> (Lorg/jetbrains/kotlin/storage/StorageManager;Lorg/jetbrains/kotlin/config/LanguageVersionSettings;Lorg/jetbrains/kotlin/resolve/deprecation/DeprecationSettings;)V 51 <appendix> member <vmtarget> ; # org/jetbrains/kotlin/resolve/deprecation/DeprecationResolver$$Lambda+0x00000001004b7bc8
instanceKlass org/jetbrains/kotlin/resolve/SinceKotlinAccessibility
instanceKlass  @bci org/jetbrains/kotlin/resolve/deprecation/DeprecationResolver <init> (Lorg/jetbrains/kotlin/storage/StorageManager;Lorg/jetbrains/kotlin/config/LanguageVersionSettings;Lorg/jetbrains/kotlin/resolve/deprecation/DeprecationSettings;)V 35 <appendix> member <vmtarget> ; # org/jetbrains/kotlin/resolve/deprecation/DeprecationResolver$$Lambda+0x00000001004b7738
instanceKlass org/jetbrains/kotlin/resolve/deprecation/DeprecationResolver$DeprecationInfo
# instanceKlass java/lang/invoke/LambdaForm$MH+0x00000001004ba800
# instanceKlass java/lang/invoke/LambdaForm$MH+0x00000001004ba400
# instanceKlass java/lang/invoke/LambdaForm$MH+0x00000001004ba000
instanceKlass org/jetbrains/kotlin/resolve/deprecation/DeprecationResolver$Companion
instanceKlass org/jetbrains/kotlin/container/IterableDescriptor
instanceKlass  @bci org/jetbrains/kotlin/resolve/jvm/checkers/JvmReflectionAPICallChecker <init> (Lorg/jetbrains/kotlin/descriptors/ModuleDescriptor;Lorg/jetbrains/kotlin/builtins/ReflectionTypes;Lorg/jetbrains/kotlin/storage/StorageManager;)V 32 <appendix> member <vmtarget> ; # org/jetbrains/kotlin/resolve/jvm/checkers/JvmReflectionAPICallChecker$$Lambda+0x00000001004b6e10
instanceKlass  @bci org/jetbrains/kotlin/resolve/calls/checkers/AbstractReflectionApiCallChecker <init> (Lorg/jetbrains/kotlin/builtins/ReflectionTypes;Lorg/jetbrains/kotlin/storage/StorageManager;)V 40 <appendix> member <vmtarget> ; # org/jetbrains/kotlin/resolve/calls/checkers/AbstractReflectionApiCallChecker$$Lambda+0x00000001004b6bb8
instanceKlass  @bci org/jetbrains/kotlin/resolve/calls/checkers/AbstractReflectionApiCallChecker <init> (Lorg/jetbrains/kotlin/builtins/ReflectionTypes;Lorg/jetbrains/kotlin/storage/StorageManager;)V 24 <appendix> member <vmtarget> ; # org/jetbrains/kotlin/resolve/calls/checkers/AbstractReflectionApiCallChecker$$Lambda+0x00000001004b6960
instanceKlass  @bci jdk/internal/reflect/DirectConstructorHandleAccessor invokeImpl ([Ljava/lang/Object;)Ljava/lang/Object; 88 <adapter> ; # java/lang/invoke/LambdaForm$MH+0x00000001004b9c00
# instanceKlass java/lang/invoke/LambdaForm$MH+0x00000001004b9800
# instanceKlass java/lang/invoke/LambdaForm$MH+0x00000001004b9400
# instanceKlass java/lang/invoke/LambdaForm$MH+0x00000001004b9000
instanceKlass org/jetbrains/kotlin/builtins/ReflectionTypes$ClassLookup
instanceKlass  @bci org/jetbrains/kotlin/builtins/ReflectionTypes <init> (Lorg/jetbrains/kotlin/descriptors/ModuleDescriptor;Lorg/jetbrains/kotlin/descriptors/NotFoundClasses;)V 26 <appendix> member <vmtarget> ; # org/jetbrains/kotlin/builtins/ReflectionTypes$$Lambda+0x00000001004b64d0
# instanceKlass java/lang/invoke/LambdaForm$MH+0x00000001004b8c00
# instanceKlass java/lang/invoke/LambdaForm$MH+0x00000001004b8800
instanceKlass org/jetbrains/kotlin/builtins/ReflectionTypes$Companion
instanceKlass org/jetbrains/kotlin/resolve/jvm/checkers/JavaNullabilityChecker$Companion
# instanceKlass java/lang/invoke/LambdaForm$MH+0x00000001004b8400
# instanceKlass java/lang/invoke/LambdaForm$MH+0x00000001004b8000
instanceKlass org/jetbrains/kotlin/container/ConstructorBinding
instanceKlass org/jetbrains/kotlin/container/ResolveKt
instanceKlass org/jetbrains/kotlin/container/SingletonDescriptor$WhenMappings
instanceKlass org/jetbrains/kotlin/load/kotlin/MemberSignature
instanceKlass org/jetbrains/kotlin/serialization/deserialization/ProtoContainer
instanceKlass org/jetbrains/kotlin/load/kotlin/AbstractBinaryClassAnnotationLoader$AnnotationsContainer
instanceKlass org/jetbrains/kotlin/load/java/typeEnhancement/JavaTypeEnhancement
instanceKlass org/jetbrains/kotlin/load/java/JavaTypeQualifiersByElementType
instanceKlass org/jetbrains/kotlin/load/java/typeEnhancement/NullabilityQualifierWithMigrationStatus
instanceKlass org/jetbrains/kotlin/serialization/deserialization/ClassData
instanceKlass org/jetbrains/kotlin/load/kotlin/KotlinJvmBinaryClass
instanceKlass org/jetbrains/kotlin/load/java/typeEnhancement/SignatureEnhancement
instanceKlass org/jetbrains/kotlin/load/kotlin/DeserializedDescriptorResolver
instanceKlass org/jetbrains/kotlin/load/java/lazy/JavaResolverComponents
instanceKlass org/jetbrains/kotlin/resolve/inline/ReasonableInlineRule
instanceKlass org/jetbrains/kotlin/resolve/AnalyzerExtensions
instanceKlass org/jetbrains/kotlin/resolve/ControlFlowAnalyzer
instanceKlass org/jetbrains/kotlin/resolve/ConflictingOverloadsDispatcher$Default
instanceKlass org/jetbrains/kotlin/resolve/ConflictingOverloadsDispatcher
instanceKlass org/jetbrains/kotlin/com/intellij/psi/templateLanguages/OuterLanguageElement
instanceKlass org/jetbrains/kotlin/com/intellij/psi/PsiPlainTextFile
instanceKlass org/jetbrains/kotlin/com/intellij/psi/PsiErrorElement
instanceKlass org/jetbrains/kotlin/resolve/calls/context/CallPosition
instanceKlass org/jetbrains/kotlin/builtins/PlatformSpecificCastChecker$Default
instanceKlass org/jetbrains/kotlin/resolve/checkers/PlatformDiagnosticSuppressor$Default
instanceKlass org/jetbrains/kotlin/resolve/DeclarationsChecker
instanceKlass org/jetbrains/kotlin/resolve/ModifiersChecker$ModifiersCheckingProcedure
instanceKlass org/jetbrains/kotlin/resolve/calls/inference/components/TypeVariableDependencyInformationProvider
instanceKlass org/jetbrains/kotlin/resolve/calls/inference/components/VariableFixationFinder$VariableForFixation
instanceKlass org/jetbrains/kotlin/resolve/calls/inference/model/VariableWithConstraints
instanceKlass org/jetbrains/kotlin/resolve/calls/inference/components/ConstraintSystemCompletionContext
instanceKlass org/jetbrains/kotlin/resolve/calls/inference/components/VariableFixationFinder$Context
instanceKlass org/jetbrains/kotlin/resolve/calls/inference/components/ResultTypeResolver$Context
instanceKlass org/jetbrains/kotlin/resolve/calls/inference/components/PostponedArgumentInputTypesResolver
instanceKlass org/jetbrains/kotlin/resolve/calls/inference/components/VariableFixationFinder
instanceKlass org/jetbrains/kotlin/resolve/calls/components/PostponedArgumentsAnalyzer$SubstitutorAndStubsForLambdaAnalysis
instanceKlass org/jetbrains/kotlin/resolve/calls/components/ReturnArgumentsAnalysisResult
instanceKlass org/jetbrains/kotlin/resolve/calls/components/PostponedArgumentsAnalyzerContext
instanceKlass org/jetbrains/kotlin/resolve/calls/tower/CandidateFactory
instanceKlass org/jetbrains/kotlin/resolve/calls/model/KotlinDiagnosticsHolder$SimpleHolder
instanceKlass org/jetbrains/kotlin/resolve/calls/inference/model/ConstraintStorage
instanceKlass org/jetbrains/kotlin/resolve/calls/components/KotlinCallCompleter
instanceKlass org/jetbrains/kotlin/resolve/calls/tower/NewAbstractResolvedCall
instanceKlass org/jetbrains/kotlin/resolve/calls/components/AdditionalDiagnosticReporter
instanceKlass org/jetbrains/kotlin/resolve/calls/tower/PSIKotlinCallArgument
instanceKlass org/jetbrains/kotlin/resolve/calls/tower/KotlinResolutionCallbacksImpl
instanceKlass org/jetbrains/kotlin/resolve/calls/inference/components/ResultTypeResolver
instanceKlass org/jetbrains/kotlin/resolve/calls/inference/components/KotlinConstraintSystemCompleter
instanceKlass org/jetbrains/kotlin/resolve/calls/components/PostponedArgumentsAnalyzer
instanceKlass org/jetbrains/kotlin/resolve/calls/KotlinCallResolver
instanceKlass org/jetbrains/kotlin/resolve/calls/tower/KotlinToResolvedCallTransformer
instanceKlass org/jetbrains/kotlin/resolve/scopes/receivers/ReceiverValueWithSmartCastInfo
instanceKlass org/jetbrains/kotlin/resolve/calls/inference/components/NewTypeSubstitutor
instanceKlass org/jetbrains/kotlin/resolve/calls/tower/ImplicitsExtensionsResolutionFilter$Default
instanceKlass org/jetbrains/kotlin/resolve/calls/tower/TowerData
instanceKlass org/jetbrains/kotlin/resolve/calls/tower/TowerResolver$ResultCollector
instanceKlass org/jetbrains/kotlin/resolve/calls/tower/ScopeTowerProcessor
instanceKlass org/jetbrains/kotlin/resolve/calls/model/ResolvedAtom
instanceKlass org/jetbrains/kotlin/resolve/calls/model/ResolvedCallableReferenceAtom
instanceKlass org/jetbrains/kotlin/resolve/calls/inference/ConstraintSystemBuilder
instanceKlass org/jetbrains/kotlin/resolve/calls/inference/ConstraintSystemOperation
instanceKlass org/jetbrains/kotlin/resolve/calls/results/OverloadingConflictResolver
instanceKlass org/jetbrains/kotlin/types/TypeApproximatorConfiguration
instanceKlass org/jetbrains/kotlin/resolve/calls/inference/model/Constraint
instanceKlass org/jetbrains/kotlin/resolve/calls/inference/components/ConstraintIncorporator$Context
instanceKlass org/jetbrains/kotlin/resolve/calls/inference/components/TrivialConstraintTypeInferenceOracle
instanceKlass org/jetbrains/kotlin/resolve/calls/inference/components/ConstraintInjector$Context
instanceKlass org/jetbrains/kotlin/resolve/calls/inference/components/ConstraintIncorporator
instanceKlass org/jetbrains/kotlin/resolve/calls/components/TypeArgumentsToParametersMapper$TypeArgumentsMapping
instanceKlass org/jetbrains/kotlin/resolve/calls/components/ArgumentsToParametersMapper$ArgumentMapping
instanceKlass org/jetbrains/kotlin/resolve/calls/components/CallableReferenceArgumentResolver
instanceKlass org/jetbrains/kotlin/resolve/calls/components/TypeArgumentsToParametersMapper
instanceKlass org/jetbrains/kotlin/resolve/calls/components/ArgumentsToParametersMapper
instanceKlass org/jetbrains/kotlin/resolve/calls/inference/ConstraintSystem$Builder
instanceKlass org/jetbrains/kotlin/resolve/calls/CandidateResolver$ValueArgumentsCheckingResult
instanceKlass org/jetbrains/kotlin/resolve/calls/results/OverloadResolutionResultsImpl
instanceKlass org/jetbrains/kotlin/resolve/calls/inference/BuilderInferenceSupport
instanceKlass org/jetbrains/kotlin/resolve/calls/results/ResolutionResultsHandler
instanceKlass org/jetbrains/kotlin/resolve/calls/tower/TowerResolver
instanceKlass org/jetbrains/kotlin/resolve/calls/CandidateResolver
instanceKlass org/jetbrains/kotlin/types/expressions/ClassLiteralChecker
instanceKlass org/jetbrains/kotlin/resolve/calls/smartcasts/ConditionalDataFlowInfo
instanceKlass org/jetbrains/kotlin/resolve/calls/smartcasts/SmartCastResult
instanceKlass org/jetbrains/kotlin/com/intellij/openapi/util/Ref
instanceKlass org/jetbrains/kotlin/resolve/calls/smartcasts/SmartCastManager
instanceKlass org/jetbrains/kotlin/types/expressions/DoubleColonExpressionResolver$ResolutionResultsAndTraceCommitCallback
instanceKlass org/jetbrains/kotlin/types/expressions/DoubleColonLHS
instanceKlass org/jetbrains/kotlin/resolve/constants/CompileTimeConstant
instanceKlass org/jetbrains/kotlin/types/FunctionPlaceholders
instanceKlass org/jetbrains/kotlin/resolve/calls/tower/PSICallResolver
instanceKlass org/jetbrains/kotlin/resolve/calls/CallCompleter
instanceKlass org/jetbrains/kotlin/resolve/scopes/receivers/ExpressionReceiver
instanceKlass org/jetbrains/kotlin/resolve/calls/model/MutableDataFlowInfoForArguments
instanceKlass org/jetbrains/kotlin/resolve/calls/model/DataFlowInfoForArguments
instanceKlass org/jetbrains/kotlin/resolve/calls/tasks/OldResolutionCandidate
instanceKlass org/jetbrains/kotlin/resolve/calls/GenericCandidateResolver
instanceKlass org/jetbrains/kotlin/resolve/calls/tower/NewResolutionOldInference
instanceKlass org/jetbrains/kotlin/resolve/calls/ArgumentTypeResolver
instanceKlass org/jetbrains/kotlin/resolve/DelegatingBindingTrace
instanceKlass org/jetbrains/kotlin/resolve/calls/tasks/TracingStrategy
instanceKlass org/jetbrains/kotlin/resolve/calls/tower/NewResolutionOldInference$ResolutionKind
instanceKlass org/jetbrains/kotlin/types/expressions/FakeCallResolver$RealExpression
instanceKlass org/jetbrains/kotlin/resolve/calls/checkers/RttiExpressionChecker
instanceKlass org/jetbrains/kotlin/builtins/PlatformSpecificCastChecker
instanceKlass org/jetbrains/kotlin/resolve/CollectionLiteralResolver
instanceKlass org/jetbrains/kotlin/types/expressions/ControlStructureTypingUtils
instanceKlass org/jetbrains/kotlin/resolve/MissingSupertypesResolver
instanceKlass org/jetbrains/kotlin/resolve/DeclarationsCheckerBuilder
instanceKlass org/jetbrains/kotlin/types/expressions/DoubleColonExpressionResolver
instanceKlass org/jetbrains/kotlin/types/expressions/ForLoopConventionsChecker
instanceKlass org/jetbrains/kotlin/resolve/calls/model/KotlinCallComponents
instanceKlass org/jetbrains/kotlin/contracts/EffectSystem
instanceKlass org/jetbrains/kotlin/types/expressions/FakeCallResolver
instanceKlass org/jetbrains/kotlin/types/expressions/DataFlowAnalyzer
instanceKlass org/jetbrains/kotlin/types/expressions/LocalClassifierAnalyzer
instanceKlass org/jetbrains/kotlin/resolve/calls/CallExpressionResolver
instanceKlass org/jetbrains/kotlin/resolve/LocalVariableResolver
instanceKlass org/jetbrains/kotlin/types/expressions/ValueParameterResolver
instanceKlass org/jetbrains/kotlin/resolve/calls/tower/KotlinResolutionCallbacksImpl$LambdaInfo
instanceKlass org/jetbrains/kotlin/types/expressions/KotlinTypeInfo
instanceKlass org/jetbrains/kotlin/resolve/StatementFilter
instanceKlass org/jetbrains/kotlin/resolve/AnnotationChecker
instanceKlass org/jetbrains/kotlin/types/expressions/ExpressionTypingComponents
instanceKlass org/jetbrains/kotlin/types/expressions/ExpressionTypingInternals
instanceKlass org/jetbrains/kotlin/types/expressions/ExpressionTypingFacade
instanceKlass org/jetbrains/kotlin/resolve/DelegatedPropertyResolver
instanceKlass org/jetbrains/kotlin/resolve/scopes/LexicalScopeStorage
instanceKlass org/jetbrains/kotlin/resolve/DeclarationSignatureAnonymousTypeTransformer
instanceKlass org/jetbrains/kotlin/types/AbstractTypeApproximator
instanceKlass org/jetbrains/kotlin/types/expressions/DestructuringDeclarationResolver
instanceKlass org/jetbrains/kotlin/resolve/VariableTypeAndInitializerResolver
instanceKlass org/jetbrains/kotlin/resolve/scopes/LocalRedeclarationChecker
instanceKlass org/jetbrains/kotlin/types/SubtypingRepresentatives
instanceKlass org/jetbrains/kotlin/resolve/PossiblyBareType
instanceKlass org/jetbrains/kotlin/resolve/TypeResolutionContext
instanceKlass org/jetbrains/kotlin/resolve/calls/tasks/DynamicCallableDescriptors
instanceKlass org/jetbrains/kotlin/types/expressions/ExpressionTypingServices
instanceKlass org/jetbrains/kotlin/contracts/parsing/ContractParsingServices
instanceKlass org/jetbrains/kotlin/resolve/OverloadChecker
instanceKlass org/jetbrains/kotlin/resolve/ModifiersChecker
instanceKlass org/jetbrains/kotlin/resolve/scopes/optimization/OptimizingOptions$Default
instanceKlass org/jetbrains/kotlin/resolve/QualifiedExpressionResolver$QualifiedExpressionResolveResult
instanceKlass org/jetbrains/kotlin/incremental/KotlinLookupLocation
instanceKlass org/jetbrains/kotlin/resolve/scopes/receivers/Qualifier
instanceKlass org/jetbrains/kotlin/resolve/scopes/receivers/QualifierReceiver
instanceKlass org/jetbrains/kotlin/resolve/scopes/receivers/DetailedReceiver
instanceKlass org/jetbrains/kotlin/resolve/QualifiedExpressionResolver$TypeQualifierResolutionResult
instanceKlass org/jetbrains/kotlin/resolve/QualifiedExpressionResolver$QualifierPart
instanceKlass org/jetbrains/kotlin/resolve/lazy/FileScopeFactory$DefaultImportResolvers
instanceKlass org/jetbrains/kotlin/resolve/scopes/ImportingScope
instanceKlass org/jetbrains/kotlin/resolve/lazy/FileScopeFactory$DummyContainerDescriptor
instanceKlass org/jetbrains/kotlin/resolve/lazy/ImportResolutionComponents
instanceKlass org/jetbrains/kotlin/resolve/lazy/FileScopeFactory
instanceKlass org/jetbrains/kotlin/resolve/lazy/FileScopeProviderImpl
instanceKlass org/jetbrains/kotlin/resolve/lazy/FileScopes
instanceKlass org/jetbrains/kotlin/resolve/lazy/ImportForceResolver
instanceKlass org/jetbrains/kotlin/resolve/ModuleStructureOracle$SingleModule
instanceKlass org/jetbrains/kotlin/resolve/sam/SamWithReceiverResolver
instanceKlass org/jetbrains/kotlin/psi/Call
instanceKlass org/jetbrains/kotlin/cfg/ControlFlowInformationProvider
instanceKlass org/jetbrains/kotlin/idea/MainFunctionDetector
instanceKlass org/jetbrains/kotlin/load/java/AbstractAnnotationTypeQualifierResolver
instanceKlass org/jetbrains/kotlin/resolve/jvm/modules/JavaModuleResolver$AccessError
instanceKlass org/jetbrains/kotlin/resolve/jvm/modules/JavaModule$Explicit
instanceKlass org/jetbrains/kotlin/resolve/jvm/modules/JavaModule
instanceKlass org/jetbrains/kotlin/load/java/descriptors/JavaClassDescriptor
instanceKlass org/jetbrains/kotlin/mpp/MppJavaImplicitActualizatorMarker
instanceKlass org/jetbrains/kotlin/load/java/sources/JavaSourceElement
instanceKlass org/jetbrains/kotlin/descriptors/SimpleFunctionDescriptor
instanceKlass org/jetbrains/kotlin/mpp/SimpleFunctionSymbolMarker
instanceKlass org/jetbrains/kotlin/load/java/structure/JavaPackage
instanceKlass org/jetbrains/kotlin/load/java/JavaClassFinder$Request
instanceKlass org/jetbrains/kotlin/load/java/lazy/LazyJavaResolverContext
instanceKlass org/jetbrains/kotlin/load/java/components/SignaturePropagator$PropagatedSignature
instanceKlass org/jetbrains/kotlin/load/java/structure/JavaMethod
instanceKlass org/jetbrains/kotlin/load/java/structure/JavaField
instanceKlass org/jetbrains/kotlin/load/java/structure/JavaMember
instanceKlass org/jetbrains/kotlin/load/kotlin/AbstractBinaryClassAnnotationLoader
instanceKlass org/jetbrains/kotlin/load/kotlin/JavaClassDataFinder
instanceKlass org/jetbrains/kotlin/load/java/lazy/LazyJavaPackageFragmentProvider
instanceKlass org/jetbrains/kotlin/load/kotlin/KotlinClassFinder$Result
instanceKlass org/jetbrains/kotlin/resolve/lazy/data/KtClassLikeInfo
instanceKlass org/jetbrains/kotlin/com/intellij/openapi/module/Module
instanceKlass org/jetbrains/kotlin/resolve/calls/model/ResolvedValueArgument
instanceKlass org/jetbrains/kotlin/resolve/calls/results/OverloadResolutionResults
instanceKlass org/jetbrains/kotlin/resolve/scopes/LexicalScope
instanceKlass org/jetbrains/kotlin/resolve/scopes/HierarchicalScope
instanceKlass org/jetbrains/kotlin/resolve/constants/evaluate/ConstantExpressionEvaluator
instanceKlass org/jetbrains/kotlin/resolve/calls/CallResolver
instanceKlass org/jetbrains/kotlin/resolve/TopDownAnalysisContext
instanceKlass org/jetbrains/kotlin/resolve/BodiesResolveContext
instanceKlass org/jetbrains/kotlin/resolve/calls/smartcasts/DataFlowInfo
instanceKlass org/jetbrains/kotlin/resolve/FilePreprocessor
instanceKlass org/jetbrains/kotlin/resolve/QualifiedExpressionResolver
instanceKlass org/jetbrains/kotlin/resolve/BodyResolver
instanceKlass org/jetbrains/kotlin/resolve/VarianceChecker
instanceKlass org/jetbrains/kotlin/resolve/OverloadResolver
instanceKlass org/jetbrains/kotlin/resolve/OverrideResolver
instanceKlass org/jetbrains/kotlin/resolve/DeclarationResolver
instanceKlass org/jetbrains/kotlin/container/SetterInfo
instanceKlass org/jetbrains/kotlin/javax/inject/Inject
instanceKlass org/jetbrains/kotlin/resolve/TypeResolver
instanceKlass org/jetbrains/kotlin/resolve/calls/components/InferenceSession
instanceKlass org/jetbrains/kotlin/resolve/lazy/LazyDeclarationResolver
instanceKlass org/jetbrains/kotlin/resolve/DescriptorResolver
instanceKlass org/jetbrains/kotlin/descriptors/ClassDescriptorWithResolutionScopes
instanceKlass org/jetbrains/kotlin/resolve/lazy/FileScopeProvider
instanceKlass org/jetbrains/kotlin/resolve/FunctionDescriptorResolver
instanceKlass org/jetbrains/kotlin/resolve/lazy/DeclarationScopeProviderImpl
instanceKlass org/jetbrains/kotlin/resolve/lazy/LazyEntity
instanceKlass org/jetbrains/kotlin/resolve/lazy/descriptors/LazyAnnotationsContext
instanceKlass org/jetbrains/kotlin/resolve/lazy/DeclarationScopeProvider
instanceKlass org/jetbrains/kotlin/storage/LazyResolveStorageManager
instanceKlass org/jetbrains/kotlin/incremental/components/Position
instanceKlass org/jetbrains/kotlin/resolve/calls/inference/model/ConstraintPosition
instanceKlass org/jetbrains/kotlin/resolve/calls/inference/model/OnlyInputTypeConstraintPosition
instanceKlass org/jetbrains/kotlin/resolve/calls/model/PostponedAtomWithRevisableExpectedType
instanceKlass org/jetbrains/kotlin/resolve/calls/model/PostponedResolvedAtomMarker
instanceKlass org/jetbrains/kotlin/types/model/K2Only
instanceKlass org/jetbrains/kotlin/types/model/ObsoleteTypeKind
instanceKlass org/jetbrains/kotlin/resolve/checkers/EmptyIntersectionTypeInfo
instanceKlass org/jetbrains/kotlin/types/model/DynamicTypeMarker
instanceKlass org/jetbrains/kotlin/builtins/functions/FunctionTypeKind
instanceKlass org/jetbrains/kotlin/types/TypeCheckerState$SupertypesPolicy
instanceKlass org/jetbrains/kotlin/types/model/TypeVariableMarker
instanceKlass org/jetbrains/kotlin/types/model/TypeVariableTypeConstructorMarker
instanceKlass org/jetbrains/kotlin/types/model/StubTypeMarker
instanceKlass org/jetbrains/kotlin/types/model/CapturedTypeConstructorMarker
instanceKlass org/jetbrains/kotlin/types/model/CapturedTypeMarker
instanceKlass org/jetbrains/kotlin/types/model/FlexibleTypeMarker
instanceKlass org/jetbrains/kotlin/types/model/DefinitelyNotNullTypeMarker
instanceKlass org/jetbrains/kotlin/resolve/checkers/OptInUsageChecker$OptInReporterMultiplexer
instanceKlass org/jetbrains/kotlin/resolve/calls/smartcasts/DataFlowValue
instanceKlass org/jetbrains/kotlin/resolve/calls/model/SimpleKotlinCallArgument
instanceKlass org/jetbrains/kotlin/resolve/calls/model/ReceiverKotlinCallArgument
instanceKlass org/jetbrains/kotlin/resolve/calls/components/KotlinResolutionCallbacks
instanceKlass org/jetbrains/kotlin/resolve/calls/tower/ImplicitScopeTower
instanceKlass org/jetbrains/kotlin/resolve/calls/model/CallableReferenceKotlinCallArgument
instanceKlass org/jetbrains/kotlin/resolve/calls/model/PostponableKotlinCallArgument
instanceKlass org/jetbrains/kotlin/resolve/calls/model/KotlinCallArgument
instanceKlass org/jetbrains/kotlin/resolve/calls/model/CallableReferenceResolutionAtom
instanceKlass org/jetbrains/kotlin/resolve/calls/components/candidate/ResolutionCandidate
instanceKlass org/jetbrains/kotlin/resolve/calls/tower/Candidate
instanceKlass org/jetbrains/kotlin/resolve/calls/model/KotlinDiagnosticsHolder
instanceKlass org/jetbrains/kotlin/resolve/calls/model/KotlinCall
instanceKlass org/jetbrains/kotlin/resolve/calls/model/ResolutionAtom
instanceKlass org/jetbrains/kotlin/resolve/calls/results/SimpleConstraintSystem
instanceKlass org/jetbrains/kotlin/resolve/calls/inference/components/ConstraintInjector
instanceKlass org/jetbrains/kotlin/types/TypeCheckerState
instanceKlass org/jetbrains/kotlin/resolve/ModuleStructureOracle
instanceKlass org/jetbrains/kotlin/resolve/deprecation/DeprecationResolver
instanceKlass org/jetbrains/kotlin/builtins/ReflectionTypes
instanceKlass org/jetbrains/kotlin/resolve/UpperBoundViolatedReporter
instanceKlass org/jetbrains/kotlin/types/TypeSubstitutor
instanceKlass org/jetbrains/kotlin/types/model/TypeSubstitutorMarker
instanceKlass org/jetbrains/kotlin/descriptors/TypeParameterDescriptor
instanceKlass org/jetbrains/kotlin/types/model/TypeParameterMarker
instanceKlass org/jetbrains/kotlin/mpp/TypeParameterSymbolMarker
instanceKlass java/lang/reflect/WildcardType
instanceKlass sun/reflect/generics/tree/MethodTypeSignature
instanceKlass sun/reflect/generics/tree/VoidDescriptor
instanceKlass sun/reflect/generics/tree/Wildcard
instanceKlass sun/reflect/generics/tree/BottomSignature
instanceKlass org/jetbrains/kotlin/diagnostics/DiagnosticSink$DiagnosticsCallback
instanceKlass org/jetbrains/kotlin/com/intellij/util/xmlb/annotations/Transient
instanceKlass java/lang/Deprecated
instanceKlass org/jetbrains/kotlin/com/intellij/util/messages/ListenerDescriptor
instanceKlass kotlin/ReplaceWith
instanceKlass kotlin/Deprecated
instanceKlass org/jetbrains/kotlin/cfg/ControlFlowInformationProviderImpl$Factory
instanceKlass org/jetbrains/kotlin/cfg/ControlFlowInformationProvider$Factory
instanceKlass org/jetbrains/kotlin/idea/MainFunctionDetector$Factory$Ordinary
instanceKlass org/jetbrains/kotlin/idea/MainFunctionDetector$Factory
instanceKlass org/jetbrains/kotlin/resolve/lazy/BasicAbsentDescriptorHandler
instanceKlass org/jetbrains/kotlin/resolve/lazy/CompilerLocalDescriptorResolver
instanceKlass org/jetbrains/kotlin/resolve/lazy/LocalDescriptorResolver
instanceKlass org/jetbrains/kotlin/resolve/BodyResolveCache$ThrowException
instanceKlass org/jetbrains/kotlin/resolve/BodyResolveCache
instanceKlass org/jetbrains/kotlin/resolve/jvm/JvmDiagnosticComponents
instanceKlass org/jetbrains/kotlin/platform/PlatformSpecificDiagnosticComponents
instanceKlass org/jetbrains/kotlin/load/java/components/FilesByFacadeFqNameIndexer
instanceKlass org/jetbrains/kotlin/resolve/FilePreprocessorExtension
instanceKlass org/jetbrains/kotlin/resolve/jvm/modules/JavaModuleResolver$SERVICE
instanceKlass org/jetbrains/kotlin/load/java/lazy/JavaResolverSettings$Companion$create$1
instanceKlass org/jetbrains/kotlin/load/java/lazy/JavaResolverSettings$Companion
instanceKlass org/jetbrains/kotlin/load/java/lazy/JavaResolverSettings
instanceKlass org/jetbrains/kotlin/load/java/JavaClassesTracker$Default
instanceKlass org/jetbrains/kotlin/resolve/jvm/multiplatform/OptionalAnnotationPackageFragmentProvider
instanceKlass org/jetbrains/kotlin/serialization/deserialization/AbstractDeserializedPackageFragmentProvider
instanceKlass org/jetbrains/kotlin/load/java/components/JavaSourceElementFactoryImpl
instanceKlass org/jetbrains/kotlin/load/java/sources/JavaSourceElementFactory
instanceKlass org/jetbrains/kotlin/load/java/components/AbstractJavaResolverCache
instanceKlass org/jetbrains/kotlin/load/java/components/JavaResolverCache
instanceKlass org/jetbrains/kotlin/load/java/AbstractJavaClassFinder
instanceKlass org/jetbrains/kotlin/load/java/JavaClassFinder
instanceKlass org/jetbrains/kotlin/resolve/jvm/CompositeSyntheticJavaPartsProvider
instanceKlass org/jetbrains/kotlin/resolve/jvm/SyntheticJavaPartsProvider$Companion
instanceKlass org/jetbrains/kotlin/resolve/jvm/SyntheticJavaPartsProvider
instanceKlass org/jetbrains/kotlin/load/java/components/JavaDeprecationSettings
instanceKlass org/jetbrains/kotlin/resolve/deprecation/DeprecationSettings
instanceKlass org/jetbrains/kotlin/resolve/TypeResolver$TypeTransformerForTests
instanceKlass org/jetbrains/kotlin/load/java/components/TraceBasedErrorReporter
instanceKlass org/jetbrains/kotlin/load/java/components/SignaturePropagatorImpl
instanceKlass org/jetbrains/kotlin/load/java/components/SignaturePropagator
instanceKlass org/jetbrains/kotlin/load/java/components/JavaPropertyInitializerEvaluatorImpl
instanceKlass org/jetbrains/kotlin/load/java/components/JavaPropertyInitializerEvaluator
instanceKlass org/jetbrains/kotlin/load/kotlin/DeserializationComponentsForJava
instanceKlass org/jetbrains/kotlin/resolve/jvm/JavaDescriptorResolver
instanceKlass org/jetbrains/kotlin/load/kotlin/VirtualFileFinder$SERVICE
instanceKlass org/jetbrains/kotlin/load/kotlin/VirtualFileFinderFactory$SERVICE
instanceKlass org/jetbrains/kotlin/resolve/AnnotationResolver
instanceKlass org/jetbrains/kotlin/resolve/LazyTopDownAnalyzer
instanceKlass org/jetbrains/kotlin/resolve/lazy/ResolveSession
instanceKlass org/jetbrains/kotlin/resolve/lazy/LazyClassContext
instanceKlass org/jetbrains/kotlin/resolve/lazy/KotlinCodeAnalyzer
instanceKlass org/jetbrains/kotlin/resolve/lazy/TopLevelDescriptorProvider
instanceKlass org/jetbrains/kotlin/util/ProgressManagerBasedCancellationChecker
instanceKlass org/jetbrains/kotlin/util/CancellationChecker
instanceKlass org/jetbrains/kotlin/resolve/calls/inference/components/ClassicConstraintSystemUtilContext
instanceKlass org/jetbrains/kotlin/resolve/calls/inference/components/ConstraintSystemUtilContext
instanceKlass org/jetbrains/kotlin/resolve/calls/components/ClassicTypeSystemContextForCS
instanceKlass org/jetbrains/kotlin/types/model/TypeSystemInferenceExtensionContextDelegate
instanceKlass org/jetbrains/kotlin/types/checker/ClassicTypeSystemContext
instanceKlass org/jetbrains/kotlin/types/model/TypeSystemInferenceExtensionContext
instanceKlass org/jetbrains/kotlin/types/model/TypeSystemCommonSuperTypesContext
instanceKlass org/jetbrains/kotlin/types/model/TypeSystemTypeFactoryContext
instanceKlass org/jetbrains/kotlin/types/model/TypeCheckerProviderContext
instanceKlass org/jetbrains/kotlin/types/model/TypeSystemBuiltInsContext
instanceKlass org/jetbrains/kotlin/types/TypeSystemCommonBackendContext
instanceKlass org/jetbrains/kotlin/types/model/TypeSystemContext
instanceKlass org/jetbrains/kotlin/types/model/TypeSystemOptimizationContext
instanceKlass org/jetbrains/kotlin/resolve/calls/components/BuiltInsProvider
instanceKlass org/jetbrains/kotlin/contracts/ContractDeserializerImpl
instanceKlass org/jetbrains/kotlin/resolve/checkers/OptInUsageChecker$ClassifierUsage
instanceKlass org/jetbrains/kotlin/resolve/checkers/OptInUsageChecker$Overrides
instanceKlass org/jetbrains/kotlin/resolve/checkers/OptInUsageChecker
instanceKlass org/jetbrains/kotlin/resolve/calls/smartcasts/DataFlowValueFactoryImpl
instanceKlass org/jetbrains/kotlin/resolve/calls/smartcasts/DataFlowValueFactory
instanceKlass org/jetbrains/kotlin/resolve/calls/tower/KotlinResolutionStatelessCallbacksImpl
instanceKlass org/jetbrains/kotlin/resolve/calls/components/KotlinResolutionStatelessCallbacks
instanceKlass org/jetbrains/kotlin/resolve/SupertypeLoopCheckerImpl
instanceKlass org/jetbrains/kotlin/resolve/jvm/checkers/RepeatableAnnotationChecker
instanceKlass org/jetbrains/kotlin/resolve/checkers/ExpectedActualDeclarationChecker
instanceKlass org/jetbrains/kotlin/resolve/checkers/OptInMarkerDeclarationAnnotationChecker
instanceKlass org/jetbrains/kotlin/resolve/jvm/checkers/JvmSerializableLambdaAnnotationChecker
instanceKlass org/jetbrains/kotlin/resolve/jvm/multiplatform/JavaActualAnnotationArgumentExtractor
instanceKlass org/jetbrains/kotlin/resolve/checkers/ExpectedActualDeclarationChecker$ActualAnnotationArgumentExtractor
instanceKlass org/jetbrains/kotlin/types/expressions/GenericArrayClassLiteralSupport$Enabled
instanceKlass org/jetbrains/kotlin/types/expressions/GenericArrayClassLiteralSupport
instanceKlass org/jetbrains/kotlin/types/expressions/FunctionWithBigAritySupport$LanguageVersionDependent
instanceKlass org/jetbrains/kotlin/types/expressions/FunctionWithBigAritySupport
instanceKlass org/jetbrains/kotlin/resolve/jvm/JvmPlatformAnnotationFeaturesSupport
instanceKlass org/jetbrains/kotlin/resolve/PlatformAnnotationFeaturesSupport
instanceKlass org/jetbrains/kotlin/resolve/jvm/checkers/JvmRecordApplicabilityChecker
instanceKlass org/jetbrains/kotlin/resolve/jvm/JvmAdditionalClassPartsProvider
instanceKlass org/jetbrains/kotlin/resolve/AdditionalClassPartsProvider
instanceKlass org/jetbrains/kotlin/load/java/sam/JvmSamConversionOracle
instanceKlass org/jetbrains/kotlin/resolve/sam/SamConversionOracle
instanceKlass org/jetbrains/kotlin/resolve/jvm/JvmPlatformOverloadsSpecificityComparator
instanceKlass org/jetbrains/kotlin/resolve/calls/results/PlatformOverloadsSpecificityComparator
instanceKlass org/jetbrains/kotlin/resolve/jvm/JvmTypeSpecificityComparator
instanceKlass org/jetbrains/kotlin/resolve/jvm/checkers/JvmModuleAccessibilityChecker$ClassifierUsage
instanceKlass org/jetbrains/kotlin/resolve/jvm/checkers/JvmModuleAccessibilityChecker
instanceKlass org/jetbrains/kotlin/resolve/jvm/checkers/InlinePlatformCompatibilityChecker
instanceKlass org/jetbrains/kotlin/resolve/jvm/checkers/JvmDefaultChecker
instanceKlass org/jetbrains/kotlin/resolve/jvm/checkers/InterfaceDefaultMethodCallChecker
instanceKlass org/jetbrains/kotlin/synthetic/JavaSyntheticScopes
instanceKlass org/jetbrains/kotlin/resolve/scopes/SyntheticScopes
instanceKlass org/jetbrains/kotlin/resolve/calls/checkers/AbstractReflectionApiCallChecker
instanceKlass org/jetbrains/kotlin/resolve/jvm/checkers/JvmStaticChecker
instanceKlass org/jetbrains/kotlin/resolve/jvm/checkers/JavaNullabilityChecker
instanceKlass  @bci org/jetbrains/kotlin/container/SingletonDescriptor <init> (Lorg/jetbrains/kotlin/container/ComponentContainer;)V 23 <appendix> argL0 ; # org/jetbrains/kotlin/container/SingletonDescriptor$$Lambda+0x0000000100461c80
instanceKlass org/jetbrains/kotlin/container/SingletonDescriptor
instanceKlass org/jetbrains/kotlin/resolve/UpperBoundChecker
instanceKlass org/jetbrains/kotlin/frontend/di/InjectionKt
instanceKlass  @bci org/jetbrains/kotlin/frontend/java/di/InjectionKt createContainerForLazyResolveWithJava (Lorg/jetbrains/kotlin/platform/TargetPlatform;Lorg/jetbrains/kotlin/context/ModuleContext;Lorg/jetbrains/kotlin/resolve/BindingTrace;Lorg/jetbrains/kotlin/resolve/lazy/declarations/DeclarationProviderFactory;Lorg/jetbrains/kotlin/com/intellij/psi/search/GlobalSearchScope;Lorg/jetbrains/kotlin/load/java/lazy/ModuleClassResolver;Lorg/jetbrains/kotlin/resolve/TargetEnvironment;Lorg/jetbrains/kotlin/incremental/components/LookupTracker;Lorg/jetbrains/kotlin/incremental/components/ExpectActualTracker;Lorg/jetbrains/kotlin/incremental/components/InlineConstTracker;Lorg/jetbrains/kotlin/incremental/components/EnumWhenTracker;Lorg/jetbrains/kotlin/load/kotlin/PackagePartProvider;Lorg/jetbrains/kotlin/config/LanguageVersionSettings;ZLkotlin/jvm/functions/Function1;Lorg/jetbrains/kotlin/load/java/JavaClassesTracker;Lorg/jetbrains/kotlin/resolve/calls/tower/ImplicitsExtensionsResolutionFilter;Lorg/jetbrains/kotlin/resolve/Sea ; # java/lang/invoke/LambdaForm$MH+0x0000000100464c00
# instanceKlass java/lang/invoke/LambdaForm$DMH+0x0000000100464800
instanceKlass  @bci org/jetbrains/kotlin/frontend/java/di/InjectionKt createContainerForLazyResolveWithJava (Lorg/jetbrains/kotlin/platform/TargetPlatform;Lorg/jetbrains/kotlin/context/ModuleContext;Lorg/jetbrains/kotlin/resolve/BindingTrace;Lorg/jetbrains/kotlin/resolve/lazy/declarations/DeclarationProviderFactory;Lorg/jetbrains/kotlin/com/intellij/psi/search/GlobalSearchScope;Lorg/jetbrains/kotlin/load/java/lazy/ModuleClassResolver;Lorg/jetbrains/kotlin/resolve/TargetEnvironment;Lorg/jetbrains/kotlin/incremental/components/LookupTracker;Lorg/jetbrains/kotlin/incremental/components/ExpectActualTracker;Lorg/jetbrains/kotlin/incremental/components/InlineConstTracker;Lorg/jetbrains/kotlin/incremental/components/EnumWhenTracker;Lorg/jetbrains/kotlin/load/kotlin/PackagePartProvider;Lorg/jetbrains/kotlin/config/LanguageVersionSettings;ZLkotlin/jvm/functions/Function1;Lorg/jetbrains/kotlin/load/java/JavaClassesTracker;Lorg/jetbrains/kotlin/resolve/calls/tower/ImplicitsExtensionsResolutionFilter;Lorg/jetbrains/kotlin/resolve/Sea ; # java/lang/invoke/LambdaForm$DMH+0x0000000100464400
instanceKlass  @bci org/jetbrains/kotlin/frontend/java/di/InjectionKt createContainerForLazyResolveWithJava (Lorg/jetbrains/kotlin/platform/TargetPlatform;Lorg/jetbrains/kotlin/context/ModuleContext;Lorg/jetbrains/kotlin/resolve/BindingTrace;Lorg/jetbrains/kotlin/resolve/lazy/declarations/DeclarationProviderFactory;Lorg/jetbrains/kotlin/com/intellij/psi/search/GlobalSearchScope;Lorg/jetbrains/kotlin/load/java/lazy/ModuleClassResolver;Lorg/jetbrains/kotlin/resolve/TargetEnvironment;Lorg/jetbrains/kotlin/incremental/components/LookupTracker;Lorg/jetbrains/kotlin/incremental/components/ExpectActualTracker;Lorg/jetbrains/kotlin/incremental/components/InlineConstTracker;Lorg/jetbrains/kotlin/incremental/components/EnumWhenTracker;Lorg/jetbrains/kotlin/load/kotlin/PackagePartProvider;Lorg/jetbrains/kotlin/config/LanguageVersionSettings;ZLkotlin/jvm/functions/Function1;Lorg/jetbrains/kotlin/load/java/JavaClassesTracker;Lorg/jetbrains/kotlin/resolve/calls/tower/ImplicitsExtensionsResolutionFilter;Lorg/jetbrains/kotlin/resolve/Sea ; # org/jetbrains/kotlin/frontend/java/di/InjectionKt$$Lambda+0x00000001004608e0
instanceKlass  @cpi org/jetbrains/kotlin/frontend/java/di/InjectionKt 135 form vmentry <vmtarget> ; # java/lang/invoke/LambdaForm$DMH+0x0000000100464000
instanceKlass org/jetbrains/kotlin/load/java/JavaClassesTracker
instanceKlass org/jetbrains/kotlin/resolve/calls/tower/ImplicitsExtensionsResolutionFilter
instanceKlass org/jetbrains/kotlin/resolve/scopes/optimization/OptimizingOptions
instanceKlass org/jetbrains/kotlin/types/WrappedTypeFactory
instanceKlass org/jetbrains/kotlin/resolve/checkers/ClassifierUsageCheckerContext
instanceKlass org/jetbrains/kotlin/resolve/calls/context/ResolutionContext
instanceKlass java/lang/annotation/Documented
instanceKlass kotlin/annotation/MustBeDocumented
instanceKlass kotlin/jvm/JvmStatic
instanceKlass org/jetbrains/kotlin/resolve/calls/checkers/CallCheckerContext
instanceKlass org/jetbrains/kotlin/resolve/calls/model/ResolvedCall
instanceKlass org/jetbrains/kotlin/descriptors/annotations/AnnotationDescriptor
instanceKlass org/jetbrains/kotlin/types/model/AnnotationMarker
instanceKlass org/jetbrains/kotlin/container/ConstructorInfo
instanceKlass org/jetbrains/kotlin/com/intellij/util/ObjectUtilsRt
instanceKlass org/jetbrains/kotlin/container/DefaultImplementation
instanceKlass  @bci org/jetbrains/kotlin/container/CacheKt getRegistrations (Ljava/lang/Class;)Ljava/util/List; 9 <appendix> argL0 ; # org/jetbrains/kotlin/container/CacheKt$$Lambda+0x000000010045d6d8
instanceKlass jdk/internal/vm/annotation/IntrinsicCandidate
instanceKlass org/jetbrains/kotlin/resolve/checkers/DeclarationCheckerContext
instanceKlass org/jetbrains/kotlin/resolve/checkers/CheckerContext
instanceKlass org/jetbrains/kotlin/container/ClassInfo
instanceKlass org/jetbrains/kotlin/container/ClassTraversalCache
instanceKlass org/jetbrains/kotlin/container/CacheKt
instanceKlass org/jetbrains/kotlin/container/DynamicComponentDescriptor
instanceKlass org/jetbrains/kotlin/container/InstanceComponentDescriptor
instanceKlass org/jetbrains/kotlin/container/ComponentDescriptor
instanceKlass org/jetbrains/kotlin/container/ValueDescriptor
instanceKlass org/jetbrains/kotlin/container/ContainerKt
instanceKlass org/jetbrains/kotlin/resolve/checkers/PlatformDiagnosticSuppressor
instanceKlass org/jetbrains/kotlin/resolve/lazy/AbsentDescriptorHandler
instanceKlass org/jetbrains/kotlin/types/DynamicTypesSettings
instanceKlass org/jetbrains/kotlin/resolve/calls/results/TypeSpecificityComparator$NONE
instanceKlass org/jetbrains/kotlin/resolve/calls/results/TypeSpecificityComparator
instanceKlass org/jetbrains/kotlin/resolve/checkers/OptionalExpectationUsageChecker
instanceKlass org/jetbrains/kotlin/resolve/checkers/MissingDependencyClassChecker$ClassifierUsage
instanceKlass org/jetbrains/kotlin/resolve/checkers/ApiVersionClassifierUsageChecker
instanceKlass org/jetbrains/kotlin/resolve/checkers/DeprecatedClassifierUsageChecker
instanceKlass org/jetbrains/kotlin/resolve/calls/checkers/EnumEntriesUnsupportedChecker
instanceKlass org/jetbrains/kotlin/resolve/calls/checkers/CustomEnumEntriesMigrationCallChecker
instanceKlass org/jetbrains/kotlin/resolve/calls/checkers/CompanionIncorrectlyUnboundedWhenUsedAsLHSCallChecker
instanceKlass org/jetbrains/kotlin/resolve/calls/checkers/IncorrectCapturedApproximationCallChecker
instanceKlass org/jetbrains/kotlin/resolve/calls/checkers/BuilderInferenceAssignmentChecker
instanceKlass org/jetbrains/kotlin/resolve/calls/checkers/UnsupportedUntilOperatorChecker
instanceKlass org/jetbrains/kotlin/resolve/calls/checkers/EqualityCallChecker
instanceKlass org/jetbrains/kotlin/resolve/calls/checkers/ResolutionToPrivateConstructorOfSealedClassChecker
instanceKlass org/jetbrains/kotlin/resolve/calls/checkers/CompanionInParenthesesLHSCallChecker
instanceKlass org/jetbrains/kotlin/resolve/calls/checkers/EnumEntryVsCompanionPriorityCallChecker
instanceKlass org/jetbrains/kotlin/utils/StringsKt
instanceKlass org/jetbrains/kotlin/resolve/calls/checkers/NewSchemeOfIntegerOperatorResolutionChecker
instanceKlass org/jetbrains/kotlin/resolve/calls/checkers/SelfCallInNestedObjectConstructorChecker
instanceKlass org/jetbrains/kotlin/resolve/calls/checkers/VarargWrongExecutionOrderChecker
instanceKlass org/jetbrains/kotlin/resolve/calls/checkers/ReferencingToUnderscoreNamedParameterOfCatchBlockChecker
instanceKlass org/jetbrains/kotlin/resolve/checkers/NullableExtensionOperatorWithSafeCallChecker
instanceKlass org/jetbrains/kotlin/resolve/calls/checkers/FunInterfaceConstructorReferenceChecker
instanceKlass org/jetbrains/kotlin/resolve/calls/checkers/UnitConversionCallChecker
instanceKlass org/jetbrains/kotlin/resolve/calls/checkers/SuspendConversionCallChecker
instanceKlass org/jetbrains/kotlin/resolve/calls/checkers/AbstractClassInstantiationChecker
instanceKlass org/jetbrains/kotlin/resolve/checkers/MissingDependencySupertypeChecker$ForCalls
instanceKlass org/jetbrains/kotlin/resolve/calls/checkers/ReifiedTypeParameterSubstitutionChecker
instanceKlass org/jetbrains/kotlin/resolve/calls/checkers/ContractNotAllowedCallChecker
instanceKlass org/jetbrains/kotlin/resolve/calls/checkers/NamedFunAsExpressionChecker
instanceKlass org/jetbrains/kotlin/resolve/calls/checkers/NullableVarargArgumentCallChecker
instanceKlass org/jetbrains/kotlin/resolve/calls/checkers/ResultTypeWithNullableOperatorsChecker
instanceKlass org/jetbrains/kotlin/resolve/calls/checkers/UselessElvisCallChecker
instanceKlass org/jetbrains/kotlin/resolve/calls/checkers/LambdaWithSuspendModifierCallChecker
instanceKlass org/jetbrains/kotlin/resolve/checkers/PrimitiveNumericComparisonCallChecker
instanceKlass org/jetbrains/kotlin/resolve/calls/checkers/ImplicitNothingAsTypeParameterCallChecker
instanceKlass org/jetbrains/kotlin/resolve/calls/checkers/AssigningNamedArgumentToVarargChecker
instanceKlass org/jetbrains/kotlin/resolve/calls/checkers/UnderscoreUsageChecker
instanceKlass org/jetbrains/kotlin/resolve/calls/checkers/CallableReferenceCompatibilityChecker
instanceKlass org/jetbrains/kotlin/resolve/checkers/MissingDependencyClassChecker
instanceKlass org/jetbrains/kotlin/resolve/calls/checkers/DslScopeViolationCallChecker
instanceKlass org/jetbrains/kotlin/resolve/calls/checkers/BuilderFunctionsCallChecker
instanceKlass org/jetbrains/kotlin/resolve/calls/checkers/CoroutineSuspendCallChecker
instanceKlass org/jetbrains/kotlin/resolve/calls/checkers/ApiVersionCallChecker
instanceKlass org/jetbrains/kotlin/resolve/calls/checkers/ProtectedConstructorCallChecker
instanceKlass org/jetbrains/kotlin/resolve/calls/checkers/ConstructorHeaderCallChecker
instanceKlass org/jetbrains/kotlin/resolve/calls/checkers/OperatorCallChecker$Companion
instanceKlass org/jetbrains/kotlin/resolve/calls/checkers/OperatorCallChecker
instanceKlass org/jetbrains/kotlin/resolve/calls/checkers/InfixCallChecker
instanceKlass org/jetbrains/kotlin/resolve/calls/checkers/CallReturnsArrayOfNothingChecker
instanceKlass org/jetbrains/kotlin/resolve/calls/checkers/DeprecatedCallChecker
instanceKlass org/jetbrains/kotlin/resolve/checkers/TrailingCommaCallChecker
instanceKlass org/jetbrains/kotlin/resolve/calls/checkers/SafeCallChecker
instanceKlass org/jetbrains/kotlin/resolve/calls/checkers/SynchronizedByValueChecker
instanceKlass org/jetbrains/kotlin/resolve/calls/checkers/InlineCheckerWrapper
instanceKlass org/jetbrains/kotlin/resolve/calls/checkers/CapturingInClosureChecker
instanceKlass org/jetbrains/kotlin/resolve/checkers/StubForBuilderInferenceParameterTypeChecker
instanceKlass org/jetbrains/kotlin/resolve/checkers/ActualTypealiasToSpecialAnnotationChecker
instanceKlass org/jetbrains/kotlin/resolve/checkers/VolatileAnnotationChecker
instanceKlass org/jetbrains/kotlin/resolve/checkers/EnumEntriesRedeclarationChecker
instanceKlass org/jetbrains/kotlin/resolve/checkers/DataObjectContentChecker
instanceKlass org/jetbrains/kotlin/resolve/calls/checkers/UnsupportedUntilRangeDeclarationChecker
instanceKlass org/jetbrains/kotlin/resolve/checkers/CyclicAnnotationsChecker
instanceKlass org/jetbrains/kotlin/resolve/checkers/ValueParameterUsageInDefaultArgumentChecker
instanceKlass org/jetbrains/kotlin/resolve/checkers/SubtypingBetweenContextReceiversChecker
instanceKlass org/jetbrains/kotlin/resolve/checkers/ContextualDeclarationChecker
instanceKlass org/jetbrains/kotlin/resolve/checkers/EnumCompanionInEnumConstructorCallChecker
instanceKlass org/jetbrains/kotlin/resolve/checkers/SuspendFunctionAsSupertypeChecker
instanceKlass org/jetbrains/kotlin/resolve/checkers/SealedInterfaceAllowedChecker
instanceKlass org/jetbrains/kotlin/resolve/checkers/SealedInheritorInSameModuleChecker
instanceKlass org/jetbrains/kotlin/resolve/checkers/SealedInheritorInSamePackageChecker
instanceKlass org/jetbrains/kotlin/resolve/checkers/PrivateInlineFunctionsReturningAnonymousObjectsChecker
instanceKlass org/jetbrains/kotlin/resolve/checkers/ContractDescriptionBlockChecker
instanceKlass org/jetbrains/kotlin/resolve/checkers/DeprecatedSinceKotlinAnnotationChecker
instanceKlass org/jetbrains/kotlin/resolve/checkers/DeprecationInheritanceChecker
instanceKlass org/jetbrains/kotlin/resolve/checkers/FunInterfaceDeclarationChecker
instanceKlass org/jetbrains/kotlin/resolve/checkers/MissingDependencySupertypeChecker$ForDeclarations
instanceKlass org/jetbrains/kotlin/resolve/checkers/TrailingCommaDeclarationChecker
instanceKlass org/jetbrains/kotlin/resolve/checkers/TailrecFunctionChecker
instanceKlass org/jetbrains/kotlin/resolve/checkers/ExplicitApiDeclarationChecker$Companion
instanceKlass org/jetbrains/kotlin/resolve/checkers/ExplicitApiDeclarationChecker
instanceKlass org/jetbrains/kotlin/resolve/checkers/LocalVariableTypeParametersChecker
instanceKlass org/jetbrains/kotlin/resolve/checkers/ResultClassInReturnTypeChecker
instanceKlass org/jetbrains/kotlin/resolve/checkers/ReservedMembersAndConstructsForValueClass$Companion
instanceKlass org/jetbrains/kotlin/resolve/checkers/ReservedMembersAndConstructsForValueClass
instanceKlass org/jetbrains/kotlin/resolve/checkers/AnnotationClassTargetAndRetentionChecker
instanceKlass org/jetbrains/kotlin/resolve/checkers/InnerClassInsideValueClass
instanceKlass org/jetbrains/kotlin/resolve/checkers/PropertiesWithBackingFieldsInsideValueClass
instanceKlass org/jetbrains/kotlin/resolve/checkers/MultiFieldValueClassAnnotationsChecker
instanceKlass org/jetbrains/kotlin/resolve/checkers/ValueClassDeclarationChecker
instanceKlass org/jetbrains/kotlin/util/OperatorNameConventions
instanceKlass org/jetbrains/kotlin/resolve/checkers/SuspendLimitationsChecker
instanceKlass org/jetbrains/kotlin/resolve/checkers/KClassWithIncorrectTypeArgumentChecker
instanceKlass org/jetbrains/kotlin/resolve/checkers/DelegationChecker
instanceKlass org/jetbrains/kotlin/resolve/checkers/DynamicReceiverChecker
instanceKlass org/jetbrains/kotlin/resolve/checkers/ReifiedTypeParameterAnnotationChecker
instanceKlass org/jetbrains/kotlin/resolve/RequireKotlinConstants
instanceKlass org/jetbrains/kotlin/resolve/AnnotationsKt
instanceKlass org/jetbrains/kotlin/resolve/checkers/KotlinVersionStringAnnotationValueChecker
instanceKlass org/jetbrains/kotlin/resolve/checkers/InfixModifierChecker
instanceKlass org/jetbrains/kotlin/resolve/checkers/InlineParameterChecker
instanceKlass org/jetbrains/kotlin/resolve/checkers/UnderscoreChecker
instanceKlass org/jetbrains/kotlin/resolve/checkers/ConstModifierChecker
instanceKlass org/jetbrains/kotlin/resolve/checkers/DataClassDeclarationChecker
instanceKlass org/jetbrains/kotlin/resolve/checkers/ExpectActualClassifiersAreInBetaChecker
instanceKlass org/jetbrains/kotlin/resolve/checkers/ActualClassifierMustHasTheSameMembersAsNonFinalExpectClassifierChecker
instanceKlass org/jetbrains/kotlin/resolve/checkers/ExpectActualInTheSameModuleChecker
instanceKlass org/jetbrains/kotlin/resolve/PlatformConfiguratorBaseKt
instanceKlass org/jetbrains/kotlin/container/ComponentRegistry
instanceKlass org/jetbrains/kotlin/container/ComponentStorage
instanceKlass org/jetbrains/kotlin/container/ValueResolver
instanceKlass  @bci org/jetbrains/kotlin/container/StorageComponentContainer <init> (Ljava/lang/String;Lorg/jetbrains/kotlin/container/StorageComponentContainer;)V 18 <appendix> member <vmtarget> ; # org/jetbrains/kotlin/container/StorageComponentContainer$$Lambda+0x000000010044b358
instanceKlass org/jetbrains/kotlin/container/ComponentResolveContext
instanceKlass org/jetbrains/kotlin/container/ValueResolveContext
instanceKlass org/jetbrains/kotlin/container/DslKt
instanceKlass  @bci org/jetbrains/kotlin/resolve/PlatformConfiguratorBase <init> (Lorg/jetbrains/kotlin/types/DynamicTypesSettings;Ljava/util/List;Ljava/util/List;Ljava/util/List;Ljava/util/List;Ljava/util/List;Ljava/util/List;Ljava/util/List;Lorg/jetbrains/kotlin/resolve/IdentifierChecker;Lorg/jetbrains/kotlin/resolve/OverloadFilter;Lorg/jetbrains/kotlin/builtins/PlatformToKotlinClassMapper;Lorg/jetbrains/kotlin/builtins/PlatformSpecificCastChecker;Lorg/jetbrains/kotlin/resolve/lazy/DelegationFilter;Lorg/jetbrains/kotlin/resolve/OverridesBackwardCompatibilityHelper;Lorg/jetbrains/kotlin/resolve/DeclarationReturnTypeSanitizer;)V 154 <appendix> member <vmtarget> ; # org/jetbrains/kotlin/resolve/PlatformConfiguratorBase$$Lambda+0x000000010044a7b0
instanceKlass org/jetbrains/kotlin/container/StorageComponentContainer
instanceKlass org/jetbrains/kotlin/container/ComponentProvider
instanceKlass org/jetbrains/kotlin/container/ComponentContainer
instanceKlass org/jetbrains/kotlin/resolve/jvm/JvmDeclarationReturnTypeSanitizer
instanceKlass org/jetbrains/kotlin/resolve/DeclarationReturnTypeSanitizer
instanceKlass org/jetbrains/kotlin/resolve/jvm/JvmOverridesBackwardCompatibilityHelper
instanceKlass org/jetbrains/kotlin/resolve/OverridesBackwardCompatibilityHelper
instanceKlass org/jetbrains/kotlin/resolve/jvm/JvmDelegationFilter
instanceKlass org/jetbrains/kotlin/resolve/lazy/DelegationFilter
instanceKlass org/jetbrains/kotlin/resolve/jvm/JvmOverloadFilter
instanceKlass org/jetbrains/kotlin/resolve/OverloadFilter
instanceKlass org/jetbrains/kotlin/resolve/jvm/checkers/JvmSimpleNameBacktickChecker
instanceKlass org/jetbrains/kotlin/resolve/IdentifierChecker
instanceKlass org/jetbrains/kotlin/resolve/sam/SamConversionResolver$Empty
instanceKlass org/jetbrains/kotlin/container/PlatformExtensionsClashResolver
instanceKlass org/jetbrains/kotlin/resolve/jvm/checkers/SynchronizedAnnotationOnLambdaChecker
instanceKlass org/jetbrains/kotlin/resolve/jvm/checkers/ExplicitMetadataChecker
instanceKlass org/jetbrains/kotlin/name/StandardClassIdsKt
instanceKlass org/jetbrains/kotlin/name/StandardClassIds
instanceKlass org/jetbrains/kotlin/name/JvmStandardClassIds
instanceKlass org/jetbrains/kotlin/resolve/jvm/checkers/FileClassAnnotationsChecker
instanceKlass org/jetbrains/kotlin/resolve/AdditionalAnnotationChecker
instanceKlass org/jetbrains/kotlin/resolve/jvm/checkers/MissingBuiltInDeclarationChecker$ClassifierUsage
instanceKlass org/jetbrains/kotlin/resolve/checkers/BigFunctionTypeAvailabilityChecker
instanceKlass org/jetbrains/kotlin/resolve/checkers/ClassifierUsageChecker
instanceKlass org/jetbrains/kotlin/resolve/jvm/checkers/JvmArrayVariableInLoopAssignmentChecker
instanceKlass org/jetbrains/kotlin/resolve/jvm/checkers/JavaTypeAccessibilityChecker
instanceKlass org/jetbrains/kotlin/resolve/jvm/platform/JavaGenericVarianceViolationTypeChecker
instanceKlass org/jetbrains/kotlin/resolve/jvm/RuntimeAssertionsTypeChecker
instanceKlass org/jetbrains/kotlin/resolve/calls/checkers/AdditionalTypeChecker
# instanceKlass java/lang/invoke/LambdaForm$MH+0x0000000100444000
instanceKlass  @bci org/jetbrains/kotlin/diagnostics/Errors$Initializer initializeFactoryNames (Ljava/lang/Class;)V 9 <appendix> argL0 ; # org/jetbrains/kotlin/diagnostics/Errors$Initializer$$Lambda+0x00000001004418e0
instanceKlass org/jetbrains/kotlin/diagnostics/rendering/DiagnosticFactoryToRendererMap
instanceKlass org/jetbrains/kotlin/diagnostics/rendering/DefaultErrorMessages$Extension
instanceKlass org/jetbrains/kotlin/diagnostics/Errors$Initializer
instanceKlass org/jetbrains/kotlin/com/google/common/collect/Hashing
instanceKlass org/jetbrains/kotlin/com/google/common/math/IntMath$1
instanceKlass org/jetbrains/kotlin/com/google/common/math/MathPreconditions
instanceKlass org/jetbrains/kotlin/com/google/common/math/IntMath
instanceKlass org/jetbrains/kotlin/com/google/common/collect/ImmutableSet$SetBuilderImpl
instanceKlass org/jetbrains/kotlin/diagnostics/DiagnosticFactoryForDeprecation4$Companion
instanceKlass org/jetbrains/kotlin/diagnostics/ClassicPositioningStrategies
instanceKlass org/jetbrains/kotlin/diagnostics/DiagnosticFactoryForDeprecation2$Companion
instanceKlass org/jetbrains/kotlin/diagnostics/DiagnosticFactoryForDeprecation0$Companion
instanceKlass org/jetbrains/kotlin/diagnostics/DiagnosticFactoryForDeprecation1$Companion
instanceKlass org/jetbrains/kotlin/diagnostics/DiagnosticFactoryForDeprecation3$Companion
instanceKlass org/jetbrains/kotlin/diagnostics/DiagnosticFactoryForDeprecation
instanceKlass org/jetbrains/kotlin/diagnostics/ParametrizedDiagnostic
instanceKlass org/jetbrains/kotlin/diagnostics/Errors
instanceKlass org/jetbrains/kotlin/resolve/jvm/checkers/JvmSyntheticAssignmentChecker
instanceKlass org/jetbrains/kotlin/resolve/calls/checkers/AssignmentChecker
instanceKlass org/jetbrains/kotlin/resolve/jvm/checkers/JvmPropertyVsFieldAmbiguityCallChecker
instanceKlass org/jetbrains/kotlin/resolve/calls/checkers/LateinitIntrinsicApplicabilityChecker
instanceKlass org/jetbrains/kotlin/resolve/jvm/checkers/UpperBoundViolatedInTypealiasConstructorChecker
instanceKlass org/jetbrains/kotlin/resolve/jvm/checkers/EnumDeclaringClassDeprecationChecker
instanceKlass org/jetbrains/kotlin/resolve/jvm/checkers/SamInterfaceConstructorReferenceCallChecker
instanceKlass org/jetbrains/kotlin/resolve/jvm/checkers/PolymorphicSignatureCallChecker
instanceKlass org/jetbrains/kotlin/resolve/jvm/checkers/InconsistentOperatorFromJavaCallChecker
instanceKlass org/jetbrains/kotlin/resolve/jvm/checkers/ApiVersionIsAtLeastArgumentsChecker
instanceKlass org/jetbrains/kotlin/resolve/jvm/RuntimeAssertionsOnExtensionReceiverCallChecker
instanceKlass org/jetbrains/kotlin/resolve/jvm/checkers/ProtectedSyntheticExtensionCallChecker
instanceKlass org/jetbrains/kotlin/resolve/jvm/checkers/SuperCallWithDefaultArgumentsChecker
instanceKlass org/jetbrains/kotlin/resolve/jvm/checkers/UnsupportedSyntheticCallableReferenceChecker
instanceKlass org/jetbrains/kotlin/resolve/jvm/checkers/ProtectedInSuperClassCompanionCallChecker
instanceKlass org/jetbrains/kotlin/resolve/jvm/checkers/JavaClassOnCompanionChecker
instanceKlass org/jetbrains/kotlin/resolve/jvm/checkers/SuspensionPointInsideMutexLockChecker
instanceKlass org/jetbrains/kotlin/resolve/jvm/checkers/JavaAnnotationCallChecker$Companion
instanceKlass org/jetbrains/kotlin/resolve/jvm/checkers/JavaAnnotationCallChecker
instanceKlass org/jetbrains/kotlin/resolve/jvm/checkers/MissingBuiltInDeclarationChecker
instanceKlass org/jetbrains/kotlin/resolve/calls/checkers/CallChecker
instanceKlass org/jetbrains/kotlin/resolve/jvm/checkers/JavaOverrideWithWrongNullabilityOverrideChecker
instanceKlass org/jetbrains/kotlin/resolve/jvm/checkers/ClassInheritsJavaSealedClassChecker
instanceKlass org/jetbrains/kotlin/resolve/jvm/checkers/FunctionDelegateMemberNameClashChecker
instanceKlass org/jetbrains/kotlin/resolve/jvm/checkers/DefaultCheckerInTailrec
instanceKlass org/jetbrains/kotlin/resolve/jvm/checkers/JvmMultifileClassStateChecker
instanceKlass org/jetbrains/kotlin/resolve/jvm/checkers/BadInheritedJavaSignaturesChecker
instanceKlass org/jetbrains/kotlin/resolve/jvm/checkers/SuspendInFunInterfaceChecker
instanceKlass org/jetbrains/kotlin/resolve/jvm/checkers/JvmAnnotationsTargetNonExistentAccessorChecker$Companion
instanceKlass org/jetbrains/kotlin/resolve/jvm/checkers/JvmAnnotationsTargetNonExistentAccessorChecker
instanceKlass org/jetbrains/kotlin/resolve/jvm/checkers/StrictfpApplicabilityChecker
instanceKlass org/jetbrains/kotlin/resolve/jvm/checkers/JvmInlineApplicabilityChecker
instanceKlass org/jetbrains/kotlin/resolve/jvm/checkers/JvmSyntheticApplicabilityChecker
instanceKlass org/jetbrains/kotlin/resolve/jvm/checkers/TypeParameterBoundIsNotArrayChecker
instanceKlass org/jetbrains/kotlin/resolve/jvm/checkers/JvmFieldApplicabilityChecker
instanceKlass org/jetbrains/kotlin/resolve/jvm/checkers/OverloadsAnnotationChecker
instanceKlass org/jetbrains/kotlin/resolve/jvm/checkers/ExternalFunChecker
instanceKlass org/jetbrains/kotlin/resolve/jvm/checkers/LocalFunInlineChecker
instanceKlass org/jetbrains/kotlin/resolve/jvm/checkers/SynchronizedAnnotationChecker
instanceKlass org/jetbrains/kotlin/resolve/jvm/checkers/JvmNameAnnotationChecker
instanceKlass org/jetbrains/kotlin/resolve/checkers/DeclarationChecker
instanceKlass org/jetbrains/kotlin/resolve/PlatformConfiguratorBase
instanceKlass org/jetbrains/kotlin/resolve/PlatformConfigurator
instanceKlass org/jetbrains/kotlin/resolve/ImportPath$Companion
instanceKlass org/jetbrains/kotlin/resolve/ImportPath
instanceKlass  @bci org/jetbrains/kotlin/resolve/DefaultImportProvider <init> ()V 21 <appendix> member <vmtarget> ; # org/jetbrains/kotlin/resolve/DefaultImportProvider$$Lambda+0x0000000100432810
instanceKlass org/jetbrains/kotlin/resolve/DefaultImportProvider$DefaultImportsKey
instanceKlass org/jetbrains/kotlin/resolve/DefaultImportProvider
instanceKlass org/jetbrains/kotlin/resolve/SealedClassInheritorsProvider
instanceKlass org/jetbrains/kotlin/load/kotlin/JvmPackagePartProviderBase$ModuleMappingInfo
instanceKlass org/jetbrains/kotlin/metadata/jvm/deserialization/ModuleMappingKt
instanceKlass org/jetbrains/kotlin/protobuf/UnmodifiableLazyStringList$2
instanceKlass org/jetbrains/kotlin/metadata/jvm/deserialization/PackageParts
instanceKlass org/jetbrains/kotlin/metadata/jvm/JvmModuleProtoBuf$PackagePartsOrBuilder
instanceKlass org/jetbrains/kotlin/metadata/jvm/JvmModuleProtoBuf$ModuleOrBuilder
instanceKlass org/jetbrains/kotlin/metadata/deserialization/VersionSpecificBehaviorKt
instanceKlass kotlin/collections/MapWithDefault
instanceKlass org/jetbrains/kotlin/utils/MetadataHelpersKt
instanceKlass org/jetbrains/kotlin/utils/DeserializationHelpersKt
instanceKlass org/jetbrains/kotlin/load/kotlin/ModuleMappingUtilKt
instanceKlass  @bci org/jetbrains/kotlin/cli/jvm/compiler/JvmPackagePartProviderKt tryLoadModuleMapping (Lkotlin/jvm/functions/Function0;Ljava/lang/String;Ljava/lang/String;Lorg/jetbrains/kotlin/resolve/CompilerDeserializationConfiguration;Lorg/jetbrains/kotlin/cli/common/messages/MessageCollector;)Lorg/jetbrains/kotlin/metadata/jvm/deserialization/ModuleMapping; 52 <appendix> member <vmtarget> ; # org/jetbrains/kotlin/cli/jvm/compiler/JvmPackagePartProviderKt$$Lambda+0x000000010042d478
instanceKlass org/jetbrains/kotlin/metadata/jvm/deserialization/BinaryModuleData
instanceKlass org/jetbrains/kotlin/metadata/jvm/deserialization/JvmMetadataVersion$Companion
instanceKlass org/jetbrains/kotlin/metadata/jvm/deserialization/ModuleMapping$Companion
instanceKlass org/jetbrains/kotlin/metadata/jvm/deserialization/ModuleMapping
instanceKlass org/jetbrains/kotlin/cli/jvm/compiler/JvmPackagePartProviderKt
instanceKlass  @bci org/jetbrains/kotlin/cli/jvm/compiler/JvmPackagePartProvider addRoots (Ljava/util/List;Lorg/jetbrains/kotlin/cli/common/messages/MessageCollector;)V 146 <appendix> member <vmtarget> ; # org/jetbrains/kotlin/cli/jvm/compiler/JvmPackagePartProvider$$Lambda+0x000000010042f480
instanceKlass  @bci org/jetbrains/kotlin/com/intellij/psi/search/GlobalSearchScope$UnionScope contains (Lorg/jetbrains/kotlin/com/intellij/openapi/vfs/VirtualFile;)Z 14 <appendix> member <vmtarget> ; # org/jetbrains/kotlin/com/intellij/psi/search/GlobalSearchScope$UnionScope$$Lambda+0x000000010042f1d0
instanceKlass org/jetbrains/kotlin/resolve/CompilerDeserializationConfiguration
instanceKlass  @bci org/jetbrains/kotlin/load/kotlin/JvmPackagePartProviderBase <init> ()V 6 <appendix> member <vmtarget> ; # org/jetbrains/kotlin/load/kotlin/JvmPackagePartProviderBase$$Lambda+0x000000010042ea28
instanceKlass org/jetbrains/kotlin/load/kotlin/JvmPackagePartProviderBase$Companion
instanceKlass org/jetbrains/kotlin/load/kotlin/JvmPackagePartProviderBase
instanceKlass org/jetbrains/kotlin/load/kotlin/PackageAndMetadataPartProvider
instanceKlass org/jetbrains/kotlin/serialization/deserialization/MetadataPartProvider
instanceKlass org/jetbrains/kotlin/load/kotlin/PackagePartProvider
instanceKlass  @bci org/jetbrains/kotlin/resolve/lazy/declarations/FileBasedDeclarationProviderFactory <init> (Lorg/jetbrains/kotlin/storage/StorageManager;Ljava/util/Collection;)V 29 <appendix> member <vmtarget> ; # org/jetbrains/kotlin/resolve/lazy/declarations/FileBasedDeclarationProviderFactory$$Lambda+0x000000010042b8d8
instanceKlass org/jetbrains/kotlin/resolve/lazy/declarations/FileBasedDeclarationProviderFactory$Index
instanceKlass  @bci org/jetbrains/kotlin/resolve/lazy/declarations/AbstractDeclarationProviderFactory <init> (Lorg/jetbrains/kotlin/storage/StorageManager;)V 15 <appendix> member <vmtarget> ; # org/jetbrains/kotlin/resolve/lazy/declarations/AbstractDeclarationProviderFactory$$Lambda+0x000000010042b440
instanceKlass  @cpi org/jetbrains/kotlin/resolve/lazy/declarations/AbstractDeclarationProviderFactory 32 form vmentry <vmtarget> ; # java/lang/invoke/LambdaForm$DMH+0x000000010042c400
instanceKlass org/jetbrains/kotlin/resolve/lazy/declarations/ClassMemberDeclarationProvider
instanceKlass org/jetbrains/kotlin/resolve/lazy/declarations/PackageMemberDeclarationProvider
instanceKlass org/jetbrains/kotlin/resolve/lazy/declarations/DeclarationProvider
instanceKlass org/jetbrains/kotlin/resolve/lazy/declarations/AbstractDeclarationProviderFactory
instanceKlass org/jetbrains/kotlin/resolve/lazy/declarations/DeclarationProviderFactory
instanceKlass  @bci org/sqlite/jdbc3/JDBC3ResultSet getColumnDeclType (I)Ljava/lang/String; 9 <appendix> form vmentry <vmtarget> ; # java/lang/invoke/LambdaForm$DMH+0x000000010042c000
instanceKlass  @bci org/jetbrains/kotlin/builtins/jvm/JvmBuiltIns initialize (Lorg/jetbrains/kotlin/descriptors/ModuleDescriptor;Z)V 9 <appendix> member <vmtarget> ; # org/jetbrains/kotlin/builtins/jvm/JvmBuiltIns$$Lambda+0x000000010042a400
instanceKlass org/jetbrains/kotlin/config/LanguageFeature$Companion
instanceKlass org/jetbrains/kotlin/frontend/java/di/InjectionKt
instanceKlass org/jetbrains/kotlin/descriptors/impl/ModuleDependenciesImpl
instanceKlass org/jetbrains/kotlin/descriptors/impl/ModuleDependencies
instanceKlass  @bci org/jetbrains/kotlin/serialization/deserialization/descriptors/DeserializedMemberScope <init> (Lorg/jetbrains/kotlin/serialization/deserialization/DeserializationContext;Ljava/util/List;Ljava/util/List;Ljava/util/List;Lkotlin/jvm/functions/Function0;)V 85 <appendix> member <vmtarget> ; # org/jetbrains/kotlin/serialization/deserialization/descriptors/DeserializedMemberScope$$Lambda+0x00000001004276b8
instanceKlass  @bci org/jetbrains/kotlin/serialization/deserialization/descriptors/DeserializedMemberScope <init> (Lorg/jetbrains/kotlin/serialization/deserialization/DeserializationContext;Ljava/util/List;Ljava/util/List;Ljava/util/List;Lkotlin/jvm/functions/Function0;)V 63 <appendix> member <vmtarget> ; # org/jetbrains/kotlin/serialization/deserialization/descriptors/DeserializedMemberScope$$Lambda+0x0000000100427460
instanceKlass  @bci org/jetbrains/kotlin/serialization/deserialization/descriptors/DeserializedMemberScope$OptimizedImplementation <init> (Lorg/jetbrains/kotlin/serialization/deserialization/descriptors/DeserializedMemberScope;Ljava/util/List;Ljava/util/List;Ljava/util/List;)V 842 <appendix> member <vmtarget> ; # org/jetbrains/kotlin/serialization/deserialization/descriptors/DeserializedMemberScope$OptimizedImplementation$$Lambda+0x0000000100427208
instanceKlass  @bci org/jetbrains/kotlin/serialization/deserialization/descriptors/DeserializedMemberScope$OptimizedImplementation <init> (Lorg/jetbrains/kotlin/serialization/deserialization/descriptors/DeserializedMemberScope;Ljava/util/List;Ljava/util/List;Ljava/util/List;)V 813 <appendix> member <vmtarget> ; # org/jetbrains/kotlin/serialization/deserialization/descriptors/DeserializedMemberScope$OptimizedImplementation$$Lambda+0x0000000100426fb0
instanceKlass  @bci org/jetbrains/kotlin/serialization/deserialization/descriptors/DeserializedMemberScope$OptimizedImplementation <init> (Lorg/jetbrains/kotlin/serialization/deserialization/descriptors/DeserializedMemberScope;Ljava/util/List;Ljava/util/List;Ljava/util/List;)V 784 <appendix> member <vmtarget> ; # org/jetbrains/kotlin/serialization/deserialization/descriptors/DeserializedMemberScope$OptimizedImplementation$$Lambda+0x0000000100426d58
instanceKlass org/jetbrains/kotlin/descriptors/TypeAliasDescriptor
instanceKlass org/jetbrains/kotlin/mpp/TypeAliasSymbolMarker
instanceKlass  @bci org/jetbrains/kotlin/serialization/deserialization/descriptors/DeserializedMemberScope$OptimizedImplementation <init> (Lorg/jetbrains/kotlin/serialization/deserialization/descriptors/DeserializedMemberScope;Ljava/util/List;Ljava/util/List;Ljava/util/List;)V 759 <appendix> member <vmtarget> ; # org/jetbrains/kotlin/serialization/deserialization/descriptors/DeserializedMemberScope$OptimizedImplementation$$Lambda+0x00000001004266a0
instanceKlass  @bci org/jetbrains/kotlin/serialization/deserialization/descriptors/DeserializedMemberScope$OptimizedImplementation <init> (Lorg/jetbrains/kotlin/serialization/deserialization/descriptors/DeserializedMemberScope;Ljava/util/List;Ljava/util/List;Ljava/util/List;)V 734 <appendix> member <vmtarget> ; # org/jetbrains/kotlin/serialization/deserialization/descriptors/DeserializedMemberScope$OptimizedImplementation$$Lambda+0x0000000100426448
instanceKlass org/jetbrains/kotlin/protobuf/SmallSortedMap$EntryIterator
instanceKlass org/jetbrains/kotlin/protobuf/GeneratedMessageLite$ExtendableMessage$ExtensionWriter
instanceKlass org/jetbrains/kotlin/serialization/deserialization/descriptors/DeserializedMemberScope$OptimizedImplementation
instanceKlass org/jetbrains/kotlin/serialization/deserialization/descriptors/DeserializedMemberScope$Implementation
instanceKlass org/jetbrains/kotlin/serialization/deserialization/MemberDeserializer
instanceKlass  @bci org/jetbrains/kotlin/serialization/deserialization/TypeDeserializer <init> (Lorg/jetbrains/kotlin/serialization/deserialization/DeserializationContext;Lorg/jetbrains/kotlin/serialization/deserialization/TypeDeserializer;Ljava/util/List;Ljava/lang/String;Ljava/lang/String;)V 86 <appendix> member <vmtarget> ; # org/jetbrains/kotlin/serialization/deserialization/TypeDeserializer$$Lambda+0x00000001004251d0
instanceKlass  @bci org/jetbrains/kotlin/serialization/deserialization/TypeDeserializer <init> (Lorg/jetbrains/kotlin/serialization/deserialization/DeserializationContext;Lorg/jetbrains/kotlin/serialization/deserialization/TypeDeserializer;Ljava/util/List;Ljava/lang/String;Ljava/lang/String;)V 61 <appendix> member <vmtarget> ; # org/jetbrains/kotlin/serialization/deserialization/TypeDeserializer$$Lambda+0x0000000100424f78
instanceKlass org/jetbrains/kotlin/serialization/deserialization/TypeDeserializer
instanceKlass org/jetbrains/kotlin/serialization/deserialization/DeserializationContext
instanceKlass org/jetbrains/kotlin/metadata/deserialization/VersionRequirementTable$Companion
instanceKlass org/jetbrains/kotlin/metadata/deserialization/VersionRequirementTable
instanceKlass org/jetbrains/kotlin/metadata/deserialization/TypeTable
instanceKlass  @bci org/jetbrains/kotlin/serialization/deserialization/DeserializedPackageFragmentImpl initialize (Lorg/jetbrains/kotlin/serialization/deserialization/DeserializationComponents;)V 89 <appendix> member <vmtarget> ; # org/jetbrains/kotlin/serialization/deserialization/DeserializedPackageFragmentImpl$$Lambda+0x00000001004241e8
instanceKlass  @bci org/jetbrains/kotlin/serialization/deserialization/ClassDeserializer <init> (Lorg/jetbrains/kotlin/serialization/deserialization/DeserializationComponents;)V 24 <appendix> member <vmtarget> ; # org/jetbrains/kotlin/serialization/deserialization/ClassDeserializer$$Lambda+0x00000001004238b8
instanceKlass org/jetbrains/kotlin/serialization/deserialization/ClassDeserializer$ClassKey
instanceKlass org/jetbrains/kotlin/serialization/deserialization/ClassDeserializer$Companion
instanceKlass org/jetbrains/kotlin/serialization/deserialization/ClassDeserializer
instanceKlass org/jetbrains/kotlin/serialization/deserialization/EnumEntriesDeserializationSupport$Default
instanceKlass org/jetbrains/kotlin/serialization/deserialization/EnumEntriesDeserializationSupport
instanceKlass org/jetbrains/kotlin/resolve/OverridingUtil$1
instanceKlass org/jetbrains/kotlin/load/java/JavaIncompatibilityRulesOverridabilityCondition$Companion
instanceKlass org/jetbrains/kotlin/load/java/JavaIncompatibilityRulesOverridabilityCondition
instanceKlass org/jetbrains/kotlin/load/java/ErasedOverridabilityCondition
instanceKlass org/jetbrains/kotlin/load/java/FieldOverridabilityCondition
instanceKlass org/jetbrains/kotlin/resolve/ExternalOverridabilityCondition
instanceKlass org/jetbrains/kotlin/types/checker/KotlinTypeChecker$TypeConstructorEquality
instanceKlass org/jetbrains/kotlin/resolve/OverridingUtil
instanceKlass org/jetbrains/kotlin/types/AbstractTypePreparator
instanceKlass org/jetbrains/kotlin/types/checker/NewKotlinTypeCheckerImpl
instanceKlass org/jetbrains/kotlin/types/checker/NewKotlinTypeChecker$Companion
instanceKlass org/jetbrains/kotlin/types/checker/NewKotlinTypeChecker
instanceKlass org/jetbrains/kotlin/types/checker/KotlinTypeChecker
instanceKlass org/jetbrains/kotlin/resolve/sam/SamConversionResolverImpl
instanceKlass org/jetbrains/kotlin/resolve/sam/SamConversionResolver
instanceKlass org/jetbrains/kotlin/container/PlatformSpecificExtension
instanceKlass org/jetbrains/kotlin/serialization/deserialization/ContractDeserializer$Companion$DEFAULT$1
instanceKlass org/jetbrains/kotlin/serialization/deserialization/ContractDeserializer$Companion
instanceKlass org/jetbrains/kotlin/serialization/deserialization/ContractDeserializer
instanceKlass org/jetbrains/kotlin/serialization/deserialization/FlexibleTypeDeserializer$ThrowException
instanceKlass org/jetbrains/kotlin/serialization/deserialization/FlexibleTypeDeserializer
instanceKlass org/jetbrains/kotlin/serialization/deserialization/ErrorReporter$1
instanceKlass org/jetbrains/kotlin/serialization/deserialization/ErrorReporter
instanceKlass org/jetbrains/kotlin/serialization/deserialization/LocalClassifierTypeSettings$Default
instanceKlass org/jetbrains/kotlin/serialization/deserialization/LocalClassifierTypeSettings
instanceKlass org/jetbrains/kotlin/resolve/constants/ConstantValue
instanceKlass org/jetbrains/kotlin/serialization/deserialization/AnnotationDeserializer
instanceKlass org/jetbrains/kotlin/serialization/deserialization/AbstractAnnotationLoader
instanceKlass org/jetbrains/kotlin/serialization/deserialization/AnnotationAndConstantLoader
instanceKlass org/jetbrains/kotlin/serialization/deserialization/AnnotationLoader
instanceKlass org/jetbrains/kotlin/serialization/deserialization/DeserializedClassDataFinder
instanceKlass org/jetbrains/kotlin/serialization/deserialization/DeserializationConfiguration$Default
instanceKlass org/jetbrains/kotlin/serialization/deserialization/DeserializationConfiguration
instanceKlass org/jetbrains/kotlin/serialization/deserialization/DeserializationComponents
instanceKlass  @bci org/jetbrains/kotlin/descriptors/NotFoundClasses <init> (Lorg/jetbrains/kotlin/storage/StorageManager;Lorg/jetbrains/kotlin/descriptors/ModuleDescriptor;)V 51 <appendix> member <vmtarget> ; # org/jetbrains/kotlin/descriptors/NotFoundClasses$$Lambda+0x000000010041bb90
instanceKlass org/jetbrains/kotlin/descriptors/NotFoundClasses$ClassRequest
instanceKlass  @bci org/jetbrains/kotlin/descriptors/NotFoundClasses <init> (Lorg/jetbrains/kotlin/storage/StorageManager;Lorg/jetbrains/kotlin/descriptors/ModuleDescriptor;)V 32 <appendix> member <vmtarget> ; # org/jetbrains/kotlin/descriptors/NotFoundClasses$$Lambda+0x000000010041b6f8
instanceKlass org/jetbrains/kotlin/descriptors/NotFoundClasses
instanceKlass org/jetbrains/kotlin/descriptors/PackageFragmentProviderImpl
instanceKlass java/util/LinkedList$ListItr
instanceKlass kotlin/Triple
instanceKlass java/util/LinkedList$Node
instanceKlass org/jetbrains/kotlin/metadata/deserialization/NameResolverImpl$WhenMappings
instanceKlass org/jetbrains/kotlin/protobuf/Utf8
instanceKlass org/jetbrains/kotlin/serialization/deserialization/NameResolverUtilKt
instanceKlass  @bci org/jetbrains/kotlin/serialization/deserialization/DeserializedPackageFragmentImpl <init> (Lorg/jetbrains/kotlin/name/FqName;Lorg/jetbrains/kotlin/storage/StorageManager;Lorg/jetbrains/kotlin/descriptors/ModuleDescriptor;Lorg/jetbrains/kotlin/metadata/ProtoBuf$PackageFragment;Lorg/jetbrains/kotlin/metadata/deserialization/BinaryVersion;Lorg/jetbrains/kotlin/serialization/deserialization/descriptors/DeserializedContainerSource;)V 103 <appendix> member <vmtarget> ; # org/jetbrains/kotlin/serialization/deserialization/DeserializedPackageFragmentImpl$$Lambda+0x000000010041a6f8
instanceKlass org/jetbrains/kotlin/serialization/deserialization/ProtoBasedClassDataFinder
instanceKlass org/jetbrains/kotlin/serialization/deserialization/ClassDataFinder
instanceKlass org/jetbrains/kotlin/metadata/deserialization/NameResolverImpl
instanceKlass org/jetbrains/kotlin/metadata/deserialization/NameResolver
instanceKlass org/jetbrains/kotlin/metadata/ProtoBuf$Type$Argument$Projection$1
instanceKlass org/jetbrains/kotlin/metadata/ProtoBuf$Type$ArgumentOrBuilder
instanceKlass org/jetbrains/kotlin/metadata/ProtoBuf$Annotation$ArgumentOrBuilder
instanceKlass org/jetbrains/kotlin/protobuf/SmallSortedMap$Entry
instanceKlass org/jetbrains/kotlin/protobuf/FieldSet$1
instanceKlass org/jetbrains/kotlin/protobuf/AbstractMessageLite$Builder
instanceKlass org/jetbrains/kotlin/protobuf/GeneratedMessageLite$1
instanceKlass org/jetbrains/kotlin/metadata/ProtoBuf$QualifiedNameTable$QualifiedName$Kind$1
instanceKlass org/jetbrains/kotlin/metadata/ProtoBuf$QualifiedNameTable$QualifiedNameOrBuilder
instanceKlass org/jetbrains/kotlin/protobuf/WireFormat
instanceKlass org/jetbrains/kotlin/protobuf/CodedOutputStream
instanceKlass org/jetbrains/kotlin/protobuf/CodedInputStream
instanceKlass org/jetbrains/kotlin/metadata/ProtoBuf$QualifiedNameTableOrBuilder
instanceKlass org/jetbrains/kotlin/protobuf/LazyStringList
instanceKlass org/jetbrains/kotlin/protobuf/ProtocolStringList
instanceKlass org/jetbrains/kotlin/metadata/ProtoBuf$StringTableOrBuilder
instanceKlass org/jetbrains/kotlin/metadata/ProtoBuf$PackageFragmentOrBuilder
instanceKlass kotlin/collections/IntIterator
instanceKlass jdk/internal/util/ByteArray
instanceKlass org/jetbrains/kotlin/metadata/builtins/BuiltInsBinaryVersion$Companion
instanceKlass org/jetbrains/kotlin/metadata/deserialization/BinaryVersion$Companion
instanceKlass org/jetbrains/kotlin/metadata/deserialization/BinaryVersion
instanceKlass org/jetbrains/kotlin/metadata/builtins/ReadPackageFragmentKt
instanceKlass org/jetbrains/kotlin/serialization/deserialization/builtins/BuiltInsPackageFragmentImpl$Companion
instanceKlass org/jetbrains/kotlin/protobuf/ExtensionRegistryLite$ObjectIntPair
instanceKlass org/jetbrains/kotlin/metadata/ProtoBuf$TypeParameter$Variance$1
instanceKlass org/jetbrains/kotlin/metadata/ProtoBuf$TypeParameterOrBuilder
instanceKlass org/jetbrains/kotlin/metadata/ProtoBuf$EnumEntryOrBuilder
instanceKlass org/jetbrains/kotlin/metadata/ProtoBuf$Annotation$Argument$Value$Type$1
instanceKlass org/jetbrains/kotlin/protobuf/Internal$EnumLiteMap
instanceKlass org/jetbrains/kotlin/metadata/ProtoBuf$Annotation$Argument$ValueOrBuilder
instanceKlass org/jetbrains/kotlin/metadata/ProtoBuf$ValueParameterOrBuilder
instanceKlass org/jetbrains/kotlin/metadata/ProtoBuf$PropertyOrBuilder
instanceKlass org/jetbrains/kotlin/metadata/ProtoBuf$ContractOrBuilder
instanceKlass org/jetbrains/kotlin/metadata/ProtoBuf$FunctionOrBuilder
instanceKlass org/jetbrains/kotlin/metadata/ProtoBuf$ConstructorOrBuilder
instanceKlass org/jetbrains/kotlin/metadata/ProtoBuf$AnnotationOrBuilder
instanceKlass org/jetbrains/kotlin/metadata/ProtoBuf$TypeOrBuilder
instanceKlass org/jetbrains/kotlin/metadata/ProtoBuf$ClassOrBuilder
instanceKlass org/jetbrains/kotlin/protobuf/Internal$EnumLite
instanceKlass org/jetbrains/kotlin/protobuf/GeneratedMessageLite$ExtensionDescriptor
instanceKlass org/jetbrains/kotlin/protobuf/GeneratedMessageLite$GeneratedExtension
instanceKlass java/lang/Long$LongCache
instanceKlass org/jetbrains/kotlin/metadata/ProtoBuf$VersionRequirementTableOrBuilder
instanceKlass org/jetbrains/kotlin/metadata/ProtoBuf$TypeTableOrBuilder
instanceKlass org/jetbrains/kotlin/protobuf/ByteString$ByteIterator
instanceKlass org/jetbrains/kotlin/protobuf/ByteString
instanceKlass org/jetbrains/kotlin/protobuf/SmallSortedMap$EmptySet$2
instanceKlass org/jetbrains/kotlin/protobuf/SmallSortedMap$EmptySet$1
instanceKlass org/jetbrains/kotlin/protobuf/SmallSortedMap$EmptySet
instanceKlass org/jetbrains/kotlin/protobuf/LazyFieldLite
instanceKlass org/jetbrains/kotlin/protobuf/FieldSet
instanceKlass org/jetbrains/kotlin/protobuf/AbstractParser
instanceKlass org/jetbrains/kotlin/protobuf/MessageLite$Builder
instanceKlass org/jetbrains/kotlin/protobuf/Parser
instanceKlass org/jetbrains/kotlin/protobuf/FieldSet$FieldDescriptorLite
instanceKlass org/jetbrains/kotlin/protobuf/AbstractMessageLite
instanceKlass org/jetbrains/kotlin/metadata/ProtoBuf$PackageOrBuilder
instanceKlass org/jetbrains/kotlin/protobuf/GeneratedMessageLite$ExtendableMessageOrBuilder
instanceKlass org/jetbrains/kotlin/protobuf/MessageLite
instanceKlass org/jetbrains/kotlin/protobuf/MessageLiteOrBuilder
instanceKlass org/jetbrains/kotlin/metadata/builtins/BuiltInsProtoBuf
instanceKlass org/jetbrains/kotlin/protobuf/ExtensionRegistryLite
instanceKlass org/jetbrains/kotlin/serialization/SerializerExtensionProtocol
instanceKlass  @bci org/jetbrains/kotlin/builtins/jvm/JvmBuiltInsCustomizer <init> (Lorg/jetbrains/kotlin/descriptors/ModuleDescriptor;Lorg/jetbrains/kotlin/storage/StorageManager;Lkotlin/jvm/functions/Function0;)V 100 <appendix> member <vmtarget> ; # org/jetbrains/kotlin/builtins/jvm/JvmBuiltInsCustomizer$$Lambda+0x00000001003fd088
instanceKlass  @bci org/jetbrains/kotlin/builtins/jvm/JvmBuiltInsCustomizer <init> (Lorg/jetbrains/kotlin/descriptors/ModuleDescriptor;Lorg/jetbrains/kotlin/storage/StorageManager;Lkotlin/jvm/functions/Function0;)V 84 <appendix> member <vmtarget> ; # org/jetbrains/kotlin/builtins/jvm/JvmBuiltInsCustomizer$$Lambda+0x00000001003fce30
instanceKlass org/jetbrains/kotlin/storage/LockBasedStorageManager$CacheWithNullableValuesBasedOnMemoizedFunction$1
instanceKlass  @bci org/jetbrains/kotlin/builtins/jvm/JvmBuiltInsCustomizer <init> (Lorg/jetbrains/kotlin/descriptors/ModuleDescriptor;Lorg/jetbrains/kotlin/storage/StorageManager;Lkotlin/jvm/functions/Function0;)V 58 <appendix> member <vmtarget> ; # org/jetbrains/kotlin/builtins/jvm/JvmBuiltInsCustomizer$$Lambda+0x00000001003fc400
instanceKlass org/jetbrains/kotlin/types/KotlinTypeFactory$EMPTY_REFINED_TYPE_FACTORY$1
instanceKlass org/jetbrains/kotlin/types/KotlinTypeFactory
instanceKlass org/jetbrains/kotlin/util/ArrayMap
instanceKlass org/jetbrains/kotlin/util/TypeRegistry
instanceKlass org/jetbrains/kotlin/util/AbstractArrayMapOwner
instanceKlass org/jetbrains/kotlin/descriptors/FieldDescriptor
instanceKlass org/jetbrains/kotlin/descriptors/PropertySetterDescriptor
instanceKlass org/jetbrains/kotlin/descriptors/PropertyGetterDescriptor
instanceKlass org/jetbrains/kotlin/descriptors/PropertyAccessorDescriptor
instanceKlass org/jetbrains/kotlin/descriptors/VariableAccessorDescriptor
instanceKlass org/jetbrains/kotlin/types/error/ErrorPropertyDescriptor
instanceKlass org/jetbrains/kotlin/descriptors/PropertyDescriptor
instanceKlass org/jetbrains/kotlin/mpp/PropertySymbolMarker
instanceKlass org/jetbrains/kotlin/descriptors/VariableDescriptorWithAccessors
instanceKlass kotlin/jvm/internal/StringCompanionObject
instanceKlass org/jetbrains/kotlin/types/error/ErrorTypeConstructor
instanceKlass org/jetbrains/kotlin/types/error/ErrorScope
instanceKlass org/jetbrains/kotlin/cli/common/ModuleVisibilityHelperImpl
instanceKlass org/jetbrains/kotlin/descriptors/DescriptorVisibilities$12
instanceKlass org/jetbrains/kotlin/descriptors/DescriptorVisibilities$11
instanceKlass org/jetbrains/kotlin/descriptors/DescriptorVisibilities$10
instanceKlass org/jetbrains/kotlin/util/ModuleVisibilityHelper
instanceKlass org/jetbrains/kotlin/descriptors/DescriptorVisibility
instanceKlass org/jetbrains/kotlin/descriptors/Visibility
instanceKlass org/jetbrains/kotlin/descriptors/DescriptorVisibilities
instanceKlass org/jetbrains/kotlin/name/SpecialNames
instanceKlass org/jetbrains/kotlin/resolve/scopes/receivers/ReceiverValue
instanceKlass org/jetbrains/kotlin/resolve/scopes/receivers/Receiver
instanceKlass org/jetbrains/kotlin/descriptors/FunctionDescriptor$CopyBuilder
instanceKlass org/jetbrains/kotlin/descriptors/CallableMemberDescriptor$CopyBuilder
instanceKlass org/jetbrains/kotlin/descriptors/ClassConstructorDescriptor
instanceKlass org/jetbrains/kotlin/mpp/ConstructorSymbolMarker
instanceKlass org/jetbrains/kotlin/descriptors/ConstructorDescriptor
instanceKlass java/util/Formatter$Flags
instanceKlass java/util/Formattable
instanceKlass java/util/Formatter$FormatSpecifier
instanceKlass java/util/Formatter$Conversion
instanceKlass java/util/Formatter$FixedString
instanceKlass java/util/Formatter$FormatString
instanceKlass java/util/Formatter
instanceKlass  @bci org/jetbrains/kotlin/types/error/ErrorModuleDescriptor <clinit> ()V 46 <appendix> argL0 ; # org/jetbrains/kotlin/types/error/ErrorModuleDescriptor$$Lambda+0x00000001003eec30
instanceKlass org/jetbrains/kotlin/types/error/ErrorModuleDescriptor
instanceKlass org/jetbrains/kotlin/types/error/ErrorUtils
instanceKlass org/jetbrains/kotlin/types/TypeProjection
instanceKlass org/jetbrains/kotlin/types/model/TypeArgumentMarker
instanceKlass org/jetbrains/kotlin/types/TypeUtils
instanceKlass org/jetbrains/kotlin/descriptors/impl/AbstractClassDescriptor$1$1
instanceKlass org/jetbrains/kotlin/types/AbstractTypeRefiner
instanceKlass org/jetbrains/kotlin/types/checker/KotlinTypeRefinerKt
instanceKlass org/jetbrains/kotlin/resolve/descriptorUtil/DescriptorUtilsKt
instanceKlass org/jetbrains/kotlin/descriptors/FunctionDescriptor
instanceKlass org/jetbrains/kotlin/mpp/FunctionSymbolMarker
instanceKlass org/jetbrains/kotlin/descriptors/CallableMemberDescriptor
instanceKlass org/jetbrains/kotlin/resolve/DescriptorUtils
instanceKlass org/jetbrains/kotlin/resolve/scopes/MemberScopeImpl
instanceKlass  @bci org/jetbrains/kotlin/types/AbstractTypeConstructor <init> (Lorg/jetbrains/kotlin/storage/StorageManager;)V 24 <appendix> member <vmtarget> ; # org/jetbrains/kotlin/types/AbstractTypeConstructor$$Lambda+0x00000001003e9e80
instanceKlass  @bci org/jetbrains/kotlin/types/AbstractTypeConstructor <init> (Lorg/jetbrains/kotlin/storage/StorageManager;)V 18 <appendix> argL0 ; # org/jetbrains/kotlin/types/AbstractTypeConstructor$$Lambda+0x00000001003e9c30
instanceKlass  @bci org/jetbrains/kotlin/types/AbstractTypeConstructor <init> (Lorg/jetbrains/kotlin/storage/StorageManager;)V 13 <appendix> member <vmtarget> ; # org/jetbrains/kotlin/types/AbstractTypeConstructor$$Lambda+0x00000001003e99d8
instanceKlass org/jetbrains/kotlin/types/AbstractTypeConstructor$Supertypes
instanceKlass org/jetbrains/kotlin/descriptors/SupertypeLoopChecker
instanceKlass org/jetbrains/kotlin/types/ClassifierBasedTypeConstructor
instanceKlass org/jetbrains/kotlin/descriptors/ReceiverParameterDescriptor
instanceKlass org/jetbrains/kotlin/descriptors/impl/AbstractClassDescriptor$3
instanceKlass org/jetbrains/kotlin/descriptors/impl/AbstractClassDescriptor$2
instanceKlass org/jetbrains/kotlin/descriptors/impl/AbstractClassDescriptor$1
instanceKlass org/jetbrains/kotlin/descriptors/Modality$Companion
instanceKlass org/jetbrains/kotlin/descriptors/impl/ModuleAwareClassDescriptor$Companion
instanceKlass org/jetbrains/kotlin/types/TypeConstructor
instanceKlass org/jetbrains/kotlin/types/model/TypeConstructorMarker
instanceKlass org/jetbrains/kotlin/resolve/scopes/MemberScope
instanceKlass org/jetbrains/kotlin/resolve/scopes/ResolutionScope
instanceKlass  @bci org/jetbrains/kotlin/builtins/jvm/JvmBuiltInsCustomizer createMockJavaIoSerializableType (Lorg/jetbrains/kotlin/storage/StorageManager;)Lorg/jetbrains/kotlin/types/KotlinType; 34 <appendix> member <vmtarget> ; # org/jetbrains/kotlin/builtins/jvm/JvmBuiltInsCustomizer$$Lambda+0x00000001003e6528
instanceKlass org/jetbrains/kotlin/renderer/KeywordStringsGenerated
instanceKlass org/jetbrains/kotlin/renderer/RenderingUtilsKt
instanceKlass org/jetbrains/kotlin/descriptors/ModuleDescriptor$DefaultImpls
instanceKlass org/jetbrains/kotlin/renderer/DescriptorRendererImpl$RenderDeclarationDescriptorVisitor
instanceKlass org/jetbrains/kotlin/descriptors/DeclarationDescriptorVisitor
instanceKlass  @bci org/jetbrains/kotlin/renderer/DescriptorRenderer <clinit> ()V 154 <appendix> argL0 ; # org/jetbrains/kotlin/renderer/DescriptorRenderer$$Lambda+0x00000001003e51e0
instanceKlass org/jetbrains/kotlin/renderer/ClassifierNamePolicy$FULLY_QUALIFIED
instanceKlass  @bci org/jetbrains/kotlin/renderer/DescriptorRenderer <clinit> ()V 140 <appendix> argL0 ; # org/jetbrains/kotlin/renderer/DescriptorRenderer$$Lambda+0x00000001003e4d40
instanceKlass  @bci org/jetbrains/kotlin/renderer/DescriptorRenderer <clinit> ()V 126 <appendix> argL0 ; # org/jetbrains/kotlin/renderer/DescriptorRenderer$$Lambda+0x00000001003e4af0
instanceKlass  @bci org/jetbrains/kotlin/renderer/DescriptorRenderer <clinit> ()V 112 <appendix> argL0 ; # org/jetbrains/kotlin/renderer/DescriptorRenderer$$Lambda+0x00000001003e48a0
instanceKlass  @bci org/jetbrains/kotlin/renderer/DescriptorRenderer <clinit> ()V 98 <appendix> argL0 ; # org/jetbrains/kotlin/renderer/DescriptorRenderer$$Lambda+0x00000001003e4650
instanceKlass  @bci org/jetbrains/kotlin/renderer/DescriptorRenderer <clinit> ()V 84 <appendix> argL0 ; # org/jetbrains/kotlin/renderer/DescriptorRenderer$$Lambda+0x00000001003e4400
instanceKlass org/jetbrains/kotlin/renderer/ClassifierNamePolicy$SHORT
instanceKlass  @bci org/jetbrains/kotlin/renderer/DescriptorRenderer <clinit> ()V 70 <appendix> argL0 ; # org/jetbrains/kotlin/renderer/DescriptorRenderer$$Lambda+0x00000001003e3f60
instanceKlass  @bci org/jetbrains/kotlin/renderer/DescriptorRenderer <clinit> ()V 56 <appendix> argL0 ; # org/jetbrains/kotlin/renderer/DescriptorRenderer$$Lambda+0x00000001003e3d10
instanceKlass  @bci org/jetbrains/kotlin/renderer/DescriptorRenderer <clinit> ()V 42 <appendix> argL0 ; # org/jetbrains/kotlin/renderer/DescriptorRenderer$$Lambda+0x00000001003e3ac0
instanceKlass  @bci org/jetbrains/kotlin/renderer/DescriptorRenderer <clinit> ()V 28 <appendix> argL0 ; # org/jetbrains/kotlin/renderer/DescriptorRenderer$$Lambda+0x00000001003e3870
instanceKlass  @bci org/jetbrains/kotlin/renderer/DescriptorRendererImpl <init> (Lorg/jetbrains/kotlin/renderer/DescriptorRendererOptionsImpl;)V 51 <appendix> member <vmtarget> ; # org/jetbrains/kotlin/renderer/DescriptorRendererImpl$$Lambda+0x00000001003e3618
instanceKlass org/jetbrains/kotlin/renderer/ExcludedTypeAnnotations
instanceKlass org/jetbrains/kotlin/renderer/DescriptorRenderer$ValueParametersHandler$DEFAULT
instanceKlass org/jetbrains/kotlin/renderer/DescriptorRenderer$ValueParametersHandler
instanceKlass  @bci org/jetbrains/kotlin/renderer/DescriptorRendererOptionsImpl <init> ()V 290 <appendix> argL0 ; # org/jetbrains/kotlin/renderer/DescriptorRendererOptionsImpl$$Lambda+0x00000001003e0af0
instanceKlass org/jetbrains/kotlin/descriptors/ValueParameterDescriptor
instanceKlass org/jetbrains/kotlin/mpp/ValueParameterSymbolMarker
instanceKlass org/jetbrains/kotlin/descriptors/VariableDescriptor
instanceKlass org/jetbrains/kotlin/descriptors/ParameterDescriptor
instanceKlass org/jetbrains/kotlin/descriptors/ValueDescriptor
instanceKlass org/jetbrains/kotlin/descriptors/CallableDescriptor
instanceKlass org/jetbrains/kotlin/mpp/CallableSymbolMarker
instanceKlass  @bci org/jetbrains/kotlin/renderer/DescriptorRendererOptionsImpl <init> ()V 277 <appendix> argL0 ; # org/jetbrains/kotlin/renderer/DescriptorRendererOptionsImpl$$Lambda+0x00000001003df7a0
instanceKlass org/jetbrains/kotlin/renderer/DescriptorRendererModifier$Companion
instanceKlass kotlin/properties/ObservableProperty
instanceKlass kotlin/properties/ReadWriteProperty
instanceKlass kotlin/properties/Delegates
instanceKlass org/jetbrains/kotlin/renderer/ClassifierNamePolicy$SOURCE_CODE_QUALIFIED
instanceKlass org/jetbrains/kotlin/renderer/ClassifierNamePolicy
instanceKlass org/jetbrains/kotlin/renderer/DescriptorRendererOptionsImpl
instanceKlass  @bci org/jetbrains/kotlin/renderer/DescriptorRenderer <clinit> ()V 14 <appendix> argL0 ; # org/jetbrains/kotlin/renderer/DescriptorRenderer$$Lambda+0x00000001003ddae0
instanceKlass org/jetbrains/kotlin/renderer/DescriptorRendererOptions
instanceKlass org/jetbrains/kotlin/renderer/DescriptorRenderer$Companion
instanceKlass org/jetbrains/kotlin/renderer/DescriptorRenderer
instanceKlass org/jetbrains/kotlin/descriptors/SourceElement$1
instanceKlass org/jetbrains/kotlin/descriptors/SourceElement
instanceKlass org/jetbrains/kotlin/builtins/jvm/JavaToKotlinClassMapper
instanceKlass org/jetbrains/kotlin/builtins/PlatformToKotlinClassMapper
instanceKlass  @bci org/jetbrains/kotlin/builtins/jvm/JvmBuiltIns customizer_delegate$lambda$5 (Lorg/jetbrains/kotlin/builtins/jvm/JvmBuiltIns;Lorg/jetbrains/kotlin/storage/StorageManager;)Lorg/jetbrains/kotlin/builtins/jvm/JvmBuiltInsCustomizer; 19 <appendix> member <vmtarget> ; # org/jetbrains/kotlin/builtins/jvm/JvmBuiltIns$$Lambda+0x00000001003dbc20
instanceKlass org/jetbrains/kotlin/builtins/jvm/JvmBuiltIns$Settings
instanceKlass org/jetbrains/kotlin/storage/StorageKt
instanceKlass  @bci org/jetbrains/kotlin/builtins/jvm/JvmBuiltInClassDescriptorFactory <init> (Lorg/jetbrains/kotlin/storage/StorageManager;Lorg/jetbrains/kotlin/descriptors/ModuleDescriptor;Lkotlin/jvm/functions/Function1;)V 36 <appendix> member <vmtarget> ; # org/jetbrains/kotlin/builtins/jvm/JvmBuiltInClassDescriptorFactory$$Lambda+0x00000001003db550
instanceKlass org/jetbrains/kotlin/descriptors/impl/ModuleAwareClassDescriptor
instanceKlass org/jetbrains/kotlin/descriptors/ClassDescriptor
instanceKlass org/jetbrains/kotlin/mpp/RegularClassSymbolMarker
instanceKlass org/jetbrains/kotlin/descriptors/ClassifierDescriptorWithTypeParameters
instanceKlass org/jetbrains/kotlin/mpp/ClassLikeSymbolMarker
instanceKlass org/jetbrains/kotlin/descriptors/Substitutable
instanceKlass org/jetbrains/kotlin/descriptors/MemberDescriptor
instanceKlass org/jetbrains/kotlin/descriptors/DeclarationDescriptorWithVisibility
instanceKlass  @bci org/jetbrains/kotlin/builtins/jvm/JvmBuiltInClassDescriptorFactory <init> (Lorg/jetbrains/kotlin/storage/StorageManager;Lorg/jetbrains/kotlin/descriptors/ModuleDescriptor;Lkotlin/jvm/functions/Function1;ILkotlin/jvm/internal/DefaultConstructorMarker;)V 7 <appendix> argL0 ; # org/jetbrains/kotlin/builtins/jvm/JvmBuiltInClassDescriptorFactory$$Lambda+0x00000001003d8230
instanceKlass org/jetbrains/kotlin/builtins/BuiltInsPackageFragment
instanceKlass org/jetbrains/kotlin/descriptors/PackageFragmentDescriptor
instanceKlass org/jetbrains/kotlin/descriptors/ClassOrPackageFragmentDescriptor
instanceKlass org/jetbrains/kotlin/utils/CollectionsKt
instanceKlass org/jetbrains/kotlin/builtins/PrimitiveType$Companion
instanceKlass  @bci org/jetbrains/kotlin/builtins/PrimitiveType <init> (Ljava/lang/String;ILjava/lang/String;)V 73 <appendix> member <vmtarget> ; # org/jetbrains/kotlin/builtins/PrimitiveType$$Lambda+0x00000001003d70f8
instanceKlass  @bci org/jetbrains/kotlin/builtins/PrimitiveType <init> (Ljava/lang/String;ILjava/lang/String;)V 57 <appendix> member <vmtarget> ; # org/jetbrains/kotlin/builtins/PrimitiveType$$Lambda+0x00000001003d6ea0
instanceKlass org/jetbrains/kotlin/builtins/StandardNames$FqNames
instanceKlass org/jetbrains/kotlin/builtins/StandardNames
instanceKlass org/jetbrains/kotlin/builtins/jvm/JvmBuiltInClassDescriptorFactory$Companion
instanceKlass org/jetbrains/kotlin/builtins/jvm/JvmBuiltInClassDescriptorFactory
instanceKlass org/jetbrains/kotlin/builtins/functions/BuiltInFictitiousFunctionClassFactory
instanceKlass org/jetbrains/kotlin/descriptors/deserialization/ClassDescriptorFactory
instanceKlass org/jetbrains/kotlin/serialization/deserialization/builtins/BuiltInsResourceLoader
instanceKlass java/util/ServiceLoader$ProviderImpl
instanceKlass java/util/ServiceLoader$Provider
instanceKlass java/util/ServiceLoader$1
instanceKlass org/jetbrains/kotlin/serialization/deserialization/builtins/BuiltInsLoaderImpl
instanceKlass jdk/internal/loader/URLClassPath$1
instanceKlass java/lang/CompoundEnumeration
instanceKlass jdk/internal/loader/BuiltinClassLoader$1
instanceKlass java/util/Collections$EmptyEnumeration
instanceKlass java/util/ServiceLoader$3
instanceKlass java/util/ServiceLoader$2
instanceKlass java/util/ServiceLoader$LazyClassPathLookupIterator
instanceKlass java/util/Spliterators$1Adapter
instanceKlass java/util/Spliterators$ArraySpliterator
instanceKlass java/util/ServiceLoader$ModuleServicesLookupIterator
instanceKlass java/util/ServiceLoader
instanceKlass  @bci org/jetbrains/kotlin/builtins/BuiltInsLoader$Companion <clinit> ()V 13 <appendix> argL0 ; # org/jetbrains/kotlin/builtins/BuiltInsLoader$Companion$$Lambda+0x00000001003d57a0
instanceKlass org/jetbrains/kotlin/builtins/BuiltInsLoader$Companion
instanceKlass org/jetbrains/kotlin/builtins/BuiltInsLoader
instanceKlass org/jetbrains/kotlin/cli/jvm/compiler/TopDownAnalyzerFacadeForJVM$SourceOrBinaryModuleClassResolver
instanceKlass org/jetbrains/kotlin/load/java/lazy/ModuleClassResolver
instanceKlass org/jetbrains/kotlin/modules/TargetId
instanceKlass org/jetbrains/kotlin/modules/TargetIdKt
instanceKlass org/jetbrains/kotlin/incremental/components/EnumWhenTracker$DoNothing
instanceKlass org/jetbrains/kotlin/incremental/components/EnumWhenTracker
instanceKlass org/jetbrains/kotlin/incremental/components/InlineConstTracker$DoNothing
instanceKlass org/jetbrains/kotlin/incremental/components/InlineConstTracker
instanceKlass org/jetbrains/kotlin/incremental/components/ExpectActualTracker$DoNothing
instanceKlass org/jetbrains/kotlin/incremental/components/ExpectActualTracker
instanceKlass org/jetbrains/kotlin/builtins/KotlinBuiltIns$4
instanceKlass org/jetbrains/kotlin/context/MutableModuleContextImpl
instanceKlass org/jetbrains/kotlin/context/MutableModuleContext
instanceKlass org/jetbrains/kotlin/context/ModuleContext
instanceKlass  @bci org/jetbrains/kotlin/descriptors/impl/ModuleDescriptorImpl <init> (Lorg/jetbrains/kotlin/name/Name;Lorg/jetbrains/kotlin/storage/StorageManager;Lorg/jetbrains/kotlin/builtins/KotlinBuiltIns;Lorg/jetbrains/kotlin/platform/TargetPlatform;Ljava/util/Map;Lorg/jetbrains/kotlin/name/Name;)V 154 <appendix> member <vmtarget> ; # org/jetbrains/kotlin/descriptors/impl/ModuleDescriptorImpl$$Lambda+0x00000001003d30a0
instanceKlass org/jetbrains/kotlin/descriptors/impl/CompositePackageFragmentProvider
instanceKlass org/jetbrains/kotlin/descriptors/PackageFragmentProviderOptimized
instanceKlass org/jetbrains/kotlin/descriptors/PackageFragmentProvider
instanceKlass  @bci org/jetbrains/kotlin/descriptors/impl/ModuleDescriptorImpl <init> (Lorg/jetbrains/kotlin/name/Name;Lorg/jetbrains/kotlin/storage/StorageManager;Lorg/jetbrains/kotlin/builtins/KotlinBuiltIns;Lorg/jetbrains/kotlin/platform/TargetPlatform;Ljava/util/Map;Lorg/jetbrains/kotlin/name/Name;)V 139 <appendix> member <vmtarget> ; # org/jetbrains/kotlin/descriptors/impl/ModuleDescriptorImpl$$Lambda+0x00000001003d2768
instanceKlass org/jetbrains/kotlin/descriptors/PackageViewDescriptor
instanceKlass org/jetbrains/kotlin/descriptors/impl/PackageViewDescriptorFactory$Default
instanceKlass org/jetbrains/kotlin/descriptors/ModuleCapability
instanceKlass org/jetbrains/kotlin/descriptors/impl/PackageViewDescriptorFactory$Companion
instanceKlass org/jetbrains/kotlin/descriptors/impl/PackageViewDescriptorFactory
instanceKlass org/jetbrains/kotlin/descriptors/annotations/Annotations$Companion$EMPTY$1
instanceKlass org/jetbrains/kotlin/descriptors/annotations/Annotations$Companion
instanceKlass org/jetbrains/kotlin/descriptors/annotations/Annotations
instanceKlass org/jetbrains/kotlin/descriptors/annotations/AnnotatedImpl
instanceKlass org/jetbrains/kotlin/builtins/jvm/JvmBuiltIns$WhenMappings
instanceKlass  @bci org/jetbrains/kotlin/builtins/jvm/JvmBuiltIns <init> (Lorg/jetbrains/kotlin/storage/StorageManager;Lorg/jetbrains/kotlin/builtins/jvm/JvmBuiltIns$Kind;)V 26 <appendix> member <vmtarget> ; # org/jetbrains/kotlin/builtins/jvm/JvmBuiltIns$$Lambda+0x00000001003d0798
instanceKlass org/jetbrains/kotlin/builtins/jvm/JvmBuiltInsCustomizer
instanceKlass org/jetbrains/kotlin/builtins/KotlinBuiltIns$3
instanceKlass org/jetbrains/kotlin/builtins/KotlinBuiltIns$2
instanceKlass org/jetbrains/kotlin/storage/LockBasedStorageManager$LockBasedLazyValue
instanceKlass org/jetbrains/kotlin/builtins/KotlinBuiltIns$1
instanceKlass org/jetbrains/kotlin/descriptors/deserialization/AdditionalClassPartsProvider
instanceKlass org/jetbrains/kotlin/types/model/TypeArgumentListMarker
instanceKlass org/jetbrains/kotlin/types/model/SimpleTypeMarker
instanceKlass org/jetbrains/kotlin/types/KotlinType
instanceKlass org/jetbrains/kotlin/incremental/components/LookupLocation
instanceKlass org/jetbrains/kotlin/descriptors/ModuleDescriptor
instanceKlass org/jetbrains/kotlin/descriptors/deserialization/PlatformDependentDeclarationFilter
instanceKlass org/jetbrains/kotlin/descriptors/ClassifierDescriptor
instanceKlass org/jetbrains/kotlin/mpp/ClassifierSymbolMarker
instanceKlass org/jetbrains/kotlin/descriptors/DeclarationDescriptorNonRoot
instanceKlass org/jetbrains/kotlin/descriptors/DeclarationDescriptorWithSource
instanceKlass org/jetbrains/kotlin/descriptors/DeclarationDescriptor
instanceKlass org/jetbrains/kotlin/mpp/DeclarationSymbolMarker
instanceKlass org/jetbrains/kotlin/descriptors/annotations/Annotated
instanceKlass org/jetbrains/kotlin/descriptors/ValidateableDescriptor
instanceKlass org/jetbrains/kotlin/descriptors/Named
instanceKlass org/jetbrains/kotlin/builtins/KotlinBuiltIns
instanceKlass  @bci org/jetbrains/kotlin/context/ContextKt GlobalContext (Ljava/lang/String;)Lorg/jetbrains/kotlin/context/GlobalContextImpl; 28 <appendix> argL0 ; # org/jetbrains/kotlin/context/ContextKt$$Lambda+0x00000001003cb7a0
instanceKlass  @bci org/jetbrains/kotlin/context/ContextKt GlobalContext (Ljava/lang/String;)Lorg/jetbrains/kotlin/context/GlobalContextImpl; 23 <appendix> argL0 ; # org/jetbrains/kotlin/context/ContextKt$$Lambda+0x00000001003cb550
instanceKlass org/jetbrains/kotlin/context/SimpleGlobalContext
instanceKlass org/jetbrains/kotlin/storage/ExceptionTracker
instanceKlass org/jetbrains/kotlin/context/ProjectContextImpl
instanceKlass org/jetbrains/kotlin/context/ProjectContext
instanceKlass org/jetbrains/kotlin/context/GlobalContext
instanceKlass org/jetbrains/kotlin/context/ContextKt
instanceKlass org/jetbrains/kotlin/platform/TargetPlatform
instanceKlass org/jetbrains/kotlin/platform/TargetPlatformKt
instanceKlass org/jetbrains/kotlin/platform/TargetPlatformVersion$NoVersion
instanceKlass org/jetbrains/kotlin/platform/SimplePlatform
instanceKlass org/jetbrains/kotlin/platform/jvm/JvmPlatforms
instanceKlass org/jetbrains/kotlin/resolve/TargetEnvironment$Companion
instanceKlass org/jetbrains/kotlin/resolve/TargetEnvironment
instanceKlass  @bci org/jetbrains/kotlin/resolve/diagnostics/MutableDiagnosticsWithSuppression <init> (Lorg/jetbrains/kotlin/resolve/diagnostics/KotlinSuppressCache;Lorg/jetbrains/kotlin/resolve/diagnostics/Diagnostics;)V 43 <appendix> member <vmtarget> ; # org/jetbrains/kotlin/resolve/diagnostics/MutableDiagnosticsWithSuppression$$Lambda+0x00000001003c8000
instanceKlass org/jetbrains/kotlin/com/intellij/psi/util/CachedValueProvider$Result
instanceKlass org/jetbrains/kotlin/com/intellij/openapi/util/Getter
instanceKlass org/jetbrains/kotlin/com/intellij/util/CachedValueBase
instanceKlass  @bci org/jetbrains/kotlin/resolve/diagnostics/KotlinSuppressCache <init> (Lorg/jetbrains/kotlin/com/intellij/openapi/project/Project;)V 39 <appendix> member <vmtarget> ; # org/jetbrains/kotlin/resolve/diagnostics/KotlinSuppressCache$$Lambda+0x00000001003c73b8
instanceKlass org/jetbrains/kotlin/diagnostics/Diagnostic
instanceKlass org/jetbrains/kotlin/resolve/diagnostics/KotlinSuppressCache$Companion
instanceKlass org/jetbrains/kotlin/diagnostics/AbstractKotlinSuppressCache$Companion
instanceKlass org/jetbrains/kotlin/resolve/diagnostics/Diagnostics$Companion$EMPTY$1
instanceKlass org/jetbrains/kotlin/resolve/diagnostics/Diagnostics$Companion
instanceKlass org/jetbrains/kotlin/resolve/diagnostics/MutableDiagnosticsWithSuppression
instanceKlass org/jetbrains/kotlin/resolve/diagnostics/Diagnostics
instanceKlass org/jetbrains/kotlin/diagnostics/GenericDiagnostics
instanceKlass org/jetbrains/kotlin/util/slicedMap/WritableSlice
instanceKlass org/jetbrains/kotlin/resolve/BindingTraceContext$1
instanceKlass org/jetbrains/kotlin/resolve/CleanableBindingContext
instanceKlass org/jetbrains/kotlin/util/slicedMap/SlicedMapImpl
instanceKlass org/jetbrains/kotlin/resolve/BindingTraceFilter$Companion
instanceKlass org/jetbrains/kotlin/resolve/BindingTraceFilter
instanceKlass org/jetbrains/kotlin/diagnostics/DiagnosticSink$2
instanceKlass org/jetbrains/kotlin/diagnostics/DiagnosticSink$1
instanceKlass org/jetbrains/kotlin/util/slicedMap/ReadOnlySlice
instanceKlass org/jetbrains/kotlin/util/slicedMap/MutableSlicedMap
instanceKlass org/jetbrains/kotlin/util/slicedMap/SlicedMap
instanceKlass org/jetbrains/kotlin/diagnostics/AbstractKotlinSuppressCache
instanceKlass org/jetbrains/kotlin/resolve/BindingContext
instanceKlass org/jetbrains/kotlin/resolve/BindingTraceContext
instanceKlass org/jetbrains/kotlin/resolve/BindingTrace
instanceKlass org/jetbrains/kotlin/diagnostics/DiagnosticSink
instanceKlass org/jetbrains/kotlin/com/intellij/openapi/vfs/VirtualFileWithId
instanceKlass org/jetbrains/kotlin/it/unimi/dsi/fastutil/ints/IntList
instanceKlass org/jetbrains/kotlin/com/intellij/openapi/vfs/VirtualFileSetEx
instanceKlass  @bci org/jetbrains/kotlin/com/intellij/openapi/vfs/VfsUtilCore <clinit> ()V 8 <appendix> argL0 ; # org/jetbrains/kotlin/com/intellij/openapi/vfs/VfsUtilCore$$Lambda+0x00000001003c1278
instanceKlass org/jetbrains/kotlin/com/intellij/openapi/vfs/VirtualFileVisitor
instanceKlass org/jetbrains/kotlin/com/intellij/openapi/vfs/VfsUtilCore
instanceKlass org/jetbrains/kotlin/cli/jvm/compiler/TopDownAnalyzerFacadeForJVM
instanceKlass  @bci org/jetbrains/kotlin/cli/jvm/compiler/KotlinToJVMBytecodeCompiler analyze (Lorg/jetbrains/kotlin/cli/jvm/compiler/KotlinCoreEnvironment;)Lorg/jetbrains/kotlin/analyzer/AnalysisResult; 153 <appendix> member <vmtarget> ; # org/jetbrains/kotlin/cli/jvm/compiler/KotlinToJVMBytecodeCompiler$$Lambda+0x00000001003c0490
instanceKlass org/jetbrains/kotlin/analyzer/AnalysisResult
instanceKlass org/jetbrains/kotlin/psi/KtOperationExpression
instanceKlass org/jetbrains/kotlin/BlockExpressionElementType$Companion
instanceKlass org/jetbrains/kotlin/com/intellij/psi/tree/IReparseableElementTypeBase
instanceKlass org/jetbrains/kotlin/com/intellij/psi/tree/ICompositeElementType
instanceKlass org/jetbrains/kotlin/KtNodeTypes
instanceKlass org/jetbrains/kotlin/com/intellij/lang/PsiParser
instanceKlass org/jetbrains/kotlin/kdoc/lexer/KDocTokens
instanceKlass org/jetbrains/kotlin/lexer/KtTokens
instanceKlass org/jetbrains/kotlin/diagnostics/PositioningStrategy
instanceKlass org/jetbrains/kotlin/diagnostics/PositioningStrategies
instanceKlass org/jetbrains/kotlin/diagnostics/DiagnosticFactory$Companion
instanceKlass org/jetbrains/kotlin/diagnostics/DiagnosticMarker
instanceKlass org/jetbrains/kotlin/diagnostics/UnboundDiagnostic
instanceKlass org/jetbrains/kotlin/diagnostics/DiagnosticFactory
instanceKlass org/jetbrains/kotlin/cli/common/messages/AnalyzerWithCompilerReport$Companion
instanceKlass org/jetbrains/kotlin/cli/common/messages/AnalyzerWithCompilerReport
instanceKlass org/jetbrains/kotlin/analyzer/AbstractAnalyzerWithCompilerReport
instanceKlass org/jetbrains/kotlin/load/kotlin/ModuleVisibilityManager$SERVICE
instanceKlass org/jetbrains/kotlin/cli/jvm/compiler/KotlinToJVMBytecodeCompiler
instanceKlass org/jetbrains/kotlin/com/intellij/injected/editor/DocumentWindow
instanceKlass org/jetbrains/kotlin/com/intellij/openapi/editor/impl/FrozenDocument
instanceKlass org/jetbrains/kotlin/com/intellij/openapi/editor/impl/DocumentImpl$1
instanceKlass java/beans/PropertyChangeListener
instanceKlass java/beans/ChangeListenerMap
instanceKlass java/beans/PropertyChangeSupport
instanceKlass org/jetbrains/kotlin/it/unimi/dsi/fastutil/longs/LongSet
instanceKlass org/jetbrains/kotlin/it/unimi/dsi/fastutil/longs/LongCollection
instanceKlass org/jetbrains/kotlin/it/unimi/dsi/fastutil/longs/LongIterable
instanceKlass org/jetbrains/kotlin/com/intellij/openapi/editor/impl/RedBlackTree$Node
instanceKlass org/jetbrains/kotlin/com/intellij/openapi/editor/ex/PrioritizedDocumentListener$1
instanceKlass org/jetbrains/kotlin/com/intellij/openapi/editor/ex/PrioritizedDocumentListener
instanceKlass org/jetbrains/kotlin/com/intellij/openapi/editor/ex/DocumentEx$1
instanceKlass org/jetbrains/kotlin/com/intellij/util/keyFMap/ArrayBackedFMap
instanceKlass org/jetbrains/kotlin/com/intellij/openapi/fileEditor/impl/LoadTextUtil$ConvertResult
instanceKlass org/jetbrains/kotlin/com/intellij/util/text/ByteArrayCharSequence
instanceKlass org/jetbrains/kotlin/com/intellij/util/BitUtil
instanceKlass org/jetbrains/kotlin/com/intellij/openapi/fileEditor/impl/LoadTextUtil$DetectResult
instanceKlass java/nio/channels/NetworkChannel
instanceKlass sun/nio/ch/SelChImpl
instanceKlass sun/nio/ch/Streams
instanceKlass java/nio/channels/Channels
instanceKlass sun/nio/ch/FileChannelImpl$Closer
instanceKlass org/jetbrains/kotlin/com/intellij/openapi/vfs/CharsetToolkit
instanceKlass org/jetbrains/kotlin/com/intellij/openapi/fileEditor/impl/LoadTextUtil
instanceKlass org/jetbrains/kotlin/com/intellij/openapi/application/AccessToken
instanceKlass  @bci org/jetbrains/kotlin/com/intellij/openapi/project/ProjectLocatorKt <clinit> ()V 0 <appendix> argL0 ; # org/jetbrains/kotlin/com/intellij/openapi/project/ProjectLocatorKt$$Lambda+0x0000000100370000
instanceKlass org/jetbrains/kotlin/com/intellij/openapi/project/ProjectLocatorKt
instanceKlass  @bci org/jetbrains/kotlin/com/intellij/openapi/project/ProjectLocator <clinit> ()V 11 <appendix> argL0 ; # org/jetbrains/kotlin/com/intellij/openapi/project/ProjectLocator$$Lambda+0x0000000100368c70
instanceKlass org/jetbrains/kotlin/com/intellij/openapi/project/ProjectLocator$Companion
instanceKlass org/jetbrains/kotlin/com/intellij/openapi/project/ProjectLocator
instanceKlass org/jetbrains/kotlin/cli/jvm/compiler/JavaLanguageLevelKt$EntriesMappings
instanceKlass org/jetbrains/kotlin/cli/jvm/compiler/JavaLanguageLevelKt
instanceKlass  @bci org/jetbrains/kotlin/cli/jvm/compiler/KotlinCoreEnvironment <init> (Lorg/jetbrains/kotlin/cli/jvm/compiler/KotlinCoreEnvironment$ProjectEnvironment;Lorg/jetbrains/kotlin/config/CompilerConfiguration;Lorg/jetbrains/kotlin/cli/jvm/compiler/EnvironmentConfigFiles;)V 1048 <appendix> member <vmtarget> ; # org/jetbrains/kotlin/cli/jvm/compiler/KotlinCoreEnvironment$$Lambda+0x00000001003696e8
instanceKlass org/jetbrains/kotlin/config/AppendJavaSourceRootsHandlerKeyKt
instanceKlass org/jetbrains/kotlin/cli/jvm/compiler/CliVirtualFileFinderFactory
instanceKlass org/jetbrains/kotlin/load/kotlin/VirtualFileFinderFactory
instanceKlass org/jetbrains/kotlin/load/kotlin/MetadataFinderFactory
instanceKlass  @bci org/jetbrains/kotlin/cli/jvm/modules/CliJavaModuleResolver <init> (Lorg/jetbrains/kotlin/cli/jvm/modules/JavaModuleGraph;Ljava/util/List;Ljava/util/List;Lorg/jetbrains/kotlin/com/intellij/openapi/project/Project;)V 217 <appendix> member <vmtarget> ; # org/jetbrains/kotlin/cli/jvm/modules/CliJavaModuleResolver$$Lambda+0x000000010036ba28
instanceKlass org/jetbrains/kotlin/load/kotlin/VirtualFileFinder
instanceKlass org/jetbrains/kotlin/load/kotlin/KotlinClassFinder
instanceKlass org/jetbrains/kotlin/serialization/deserialization/KotlinMetadataFinder
instanceKlass org/jetbrains/kotlin/cli/jvm/modules/CliJavaModuleResolver$Companion
instanceKlass org/jetbrains/kotlin/cli/jvm/modules/CliJavaModuleResolver
instanceKlass org/jetbrains/kotlin/resolve/jvm/modules/JavaModuleResolver
instanceKlass org/jetbrains/kotlin/load/java/JavaModuleAnnotationsProvider
instanceKlass org/jetbrains/kotlin/cli/jvm/index/SingleJavaFileRootsIndex
instanceKlass  @bci org/jetbrains/kotlin/cli/jvm/index/JvmDependenciesDynamicCompoundIndex getIndexedRoots ()Lkotlin/sequences/Sequence; 10 <appendix> argL0 ; # org/jetbrains/kotlin/cli/jvm/index/JvmDependenciesDynamicCompoundIndex$$Lambda+0x000000010036fd48
instanceKlass  @bci org/jetbrains/kotlin/cli/jvm/index/JvmDependenciesIndexImpl <init> (Ljava/util/List;)V 62 <appendix> member <vmtarget> ; # org/jetbrains/kotlin/cli/jvm/index/JvmDependenciesIndexImpl$$Lambda+0x000000010036faf0
instanceKlass  @bci org/jetbrains/kotlin/cli/jvm/index/JvmDependenciesIndexImpl <init> (Ljava/util/List;)V 49 <appendix> member <vmtarget> ; # org/jetbrains/kotlin/cli/jvm/index/JvmDependenciesIndexImpl$$Lambda+0x000000010036e980
instanceKlass  @bci org/jetbrains/kotlin/cli/jvm/index/JvmDependenciesIndexImpl <init> (Ljava/util/List;)V 36 <appendix> member <vmtarget> ; # org/jetbrains/kotlin/cli/jvm/index/JvmDependenciesIndexImpl$$Lambda+0x000000010036e728
instanceKlass org/jetbrains/kotlin/cli/jvm/index/JvmDependenciesIndexImpl$Cache
instanceKlass  @bci org/jetbrains/kotlin/cli/jvm/index/JvmDependenciesIndexImpl <init> (Ljava/util/List;)V 23 <appendix> member <vmtarget> ; # org/jetbrains/kotlin/cli/jvm/index/JvmDependenciesIndexImpl$$Lambda+0x000000010036e290
instanceKlass org/jetbrains/kotlin/cli/jvm/index/JvmDependenciesIndexImpl
instanceKlass java/util/concurrent/locks/ReentrantReadWriteLock$WriteLock
instanceKlass java/util/concurrent/locks/ReentrantReadWriteLock$ReadLock
instanceKlass java/util/concurrent/locks/ReentrantReadWriteLock
instanceKlass java/util/concurrent/locks/ReadWriteLock
instanceKlass org/jetbrains/kotlin/cli/jvm/index/JvmDependenciesDynamicCompoundIndex
instanceKlass org/jetbrains/kotlin/cli/jvm/index/JvmDependenciesIndex
instanceKlass org/jetbrains/kotlin/cli/jvm/compiler/ClasspathRootsResolver$RootsAndModules
instanceKlass kotlin/sequences/FlatteningSequence$iterator$1
instanceKlass kotlin/sequences/FlatteningSequence
instanceKlass kotlin/collections/ArraysKt___ArraysKt$asSequence$$inlined$Sequence$1
instanceKlass kotlin/collections/CollectionsKt___CollectionsKt$asSequence$$inlined$Sequence$1
instanceKlass kotlin/sequences/EmptySequence
instanceKlass kotlin/sequences/DropTakeSequence
instanceKlass org/jetbrains/kotlin/cli/jvm/index/JavaRoot$RootTypes
instanceKlass org/jetbrains/kotlin/cli/jvm/index/JavaRoot
instanceKlass java/util/AbstractMap$SimpleEntry
instanceKlass  @bci org/jetbrains/kotlin/com/intellij/util/containers/FactoryMap entrySet ()Ljava/util/Set; 9 <appendix> argL0 ; # org/jetbrains/kotlin/com/intellij/util/containers/FactoryMap$$Lambda+0x00000001003670d0
instanceKlass org/jetbrains/kotlin/com/intellij/util/containers/FactoryMap
instanceKlass  @bci org/jetbrains/kotlin/com/intellij/openapi/vfs/impl/jar/CoreJarHandler <init> (Lorg/jetbrains/kotlin/com/intellij/openapi/vfs/impl/jar/CoreJarFileSystem;Ljava/lang/String;)V 40 <appendix> argL0 ; # org/jetbrains/kotlin/com/intellij/openapi/vfs/impl/jar/CoreJarHandler$$Lambda+0x00000001003660c8
instanceKlass org/jetbrains/kotlin/com/intellij/util/text/CharArrayExternalizable
instanceKlass org/jetbrains/kotlin/com/intellij/util/text/ImmutableCharSequence
instanceKlass org/jetbrains/kotlin/com/intellij/util/text/CharArrayUtil
instanceKlass  @bci org/jetbrains/kotlin/com/intellij/openapi/vfs/impl/ZipHandlerBase buildEntryMapForZipFile (Ljava/util/zip/ZipFile;)Ljava/util/Map; 70 <appendix> member <vmtarget> ; # org/jetbrains/kotlin/com/intellij/openapi/vfs/impl/ZipHandlerBase$$Lambda+0x00000001003653f8
instanceKlass java/util/zip/ZipFile$ZipEntryIterator
instanceKlass org/jetbrains/kotlin/com/intellij/openapi/vfs/impl/ArchiveHandler$EntryInfo
instanceKlass org/jetbrains/kotlin/com/intellij/util/containers/ShareableKey
instanceKlass  @bci org/jetbrains/kotlin/com/intellij/util/containers/SLRUMap <init> (IILorg/jetbrains/kotlin/com/intellij/util/containers/hash/EqualityPolicy;)V 55 <appendix> member <vmtarget> ; # org/jetbrains/kotlin/com/intellij/util/containers/SLRUMap$$Lambda+0x0000000100364730
instanceKlass org/jetbrains/kotlin/com/intellij/util/containers/LinkedCustomHashMap$Entry
instanceKlass  @bci org/jetbrains/kotlin/com/intellij/util/containers/SLRUMap <init> (IILorg/jetbrains/kotlin/com/intellij/util/containers/hash/EqualityPolicy;)V 37 <appendix> member <vmtarget> ; # org/jetbrains/kotlin/com/intellij/util/containers/SLRUMap$$Lambda+0x0000000100364038
instanceKlass  @cpi org/jetbrains/kotlin/com/intellij/util/containers/SLRUMap 67 form vmentry <vmtarget> ; # java/lang/invoke/LambdaForm$DMH+0x0000000100368000
instanceKlass org/jetbrains/kotlin/com/intellij/util/containers/LinkedCustomHashMap$RemoveCallback
instanceKlass org/jetbrains/kotlin/com/intellij/util/containers/LinkedCustomHashMap
instanceKlass org/jetbrains/kotlin/com/intellij/util/containers/SLRUMap
instanceKlass org/jetbrains/kotlin/com/intellij/openapi/util/io/FileAttributes
instanceKlass org/jetbrains/kotlin/com/intellij/util/io/ResourceHandle
instanceKlass org/jetbrains/kotlin/com/intellij/util/io/FileAccessorCache
instanceKlass org/jetbrains/kotlin/com/intellij/util/containers/hash/EqualityPolicy
instanceKlass org/jetbrains/kotlin/com/intellij/openapi/vfs/impl/AddonlyKeylessHash$KeyValueMapper
instanceKlass org/jetbrains/kotlin/com/intellij/openapi/util/Pair
instanceKlass org/jetbrains/kotlin/cli/jvm/modules/JavaModuleGraph
instanceKlass org/jetbrains/kotlin/cli/jvm/compiler/ClasspathRootsResolver$Companion
instanceKlass org/jetbrains/kotlin/cli/jvm/compiler/ClasspathRootsResolver
instanceKlass  @bci org/jetbrains/kotlin/cli/jvm/modules/CliJavaModuleFinder <init> (Ljava/io/File;Lorg/jetbrains/kotlin/cli/common/messages/MessageCollector;Lorg/jetbrains/kotlin/resolve/jvm/KotlinCliJavaFileManager;Lorg/jetbrains/kotlin/com/intellij/openapi/project/Project;Ljava/lang/Integer;)V 241 <appendix> member <vmtarget> ; # org/jetbrains/kotlin/cli/jvm/modules/CliJavaModuleFinder$$Lambda+0x00000001003606f0
instanceKlass  @bci org/jetbrains/kotlin/cli/jvm/modules/CliJavaModuleFinder <init> (Ljava/io/File;Lorg/jetbrains/kotlin/cli/common/messages/MessageCollector;Lorg/jetbrains/kotlin/resolve/jvm/KotlinCliJavaFileManager;Lorg/jetbrains/kotlin/com/intellij/openapi/project/Project;Ljava/lang/Integer;)V 228 <appendix> member <vmtarget> ; # org/jetbrains/kotlin/cli/jvm/modules/CliJavaModuleFinder$$Lambda+0x0000000100360498
instanceKlass org/jetbrains/kotlin/resolve/jvm/modules/JavaModule$Root
instanceKlass  @bci org/jetbrains/kotlin/cli/jvm/modules/CliJavaModuleFinder <init> (Ljava/io/File;Lorg/jetbrains/kotlin/cli/common/messages/MessageCollector;Lorg/jetbrains/kotlin/resolve/jvm/KotlinCliJavaFileManager;Lorg/jetbrains/kotlin/com/intellij/openapi/project/Project;Ljava/lang/Integer;)V 201 <appendix> member <vmtarget> ; # org/jetbrains/kotlin/cli/jvm/modules/CliJavaModuleFinder$$Lambda+0x0000000100360000
instanceKlass  @bci org/jetbrains/kotlin/cli/jvm/modules/CliJavaModuleFinder <init> (Ljava/io/File;Lorg/jetbrains/kotlin/cli/common/messages/MessageCollector;Lorg/jetbrains/kotlin/resolve/jvm/KotlinCliJavaFileManager;Lorg/jetbrains/kotlin/com/intellij/openapi/project/Project;Ljava/lang/Integer;)V 188 <appendix> member <vmtarget> ; # org/jetbrains/kotlin/cli/jvm/modules/CliJavaModuleFinder$$Lambda+0x000000010035fd60
instanceKlass  @bci org/jetbrains/kotlin/cli/jvm/modules/CliJavaModuleFinder <init> (Ljava/io/File;Lorg/jetbrains/kotlin/cli/common/messages/MessageCollector;Lorg/jetbrains/kotlin/resolve/jvm/KotlinCliJavaFileManager;Lorg/jetbrains/kotlin/com/intellij/openapi/project/Project;Ljava/lang/Integer;)V 175 <appendix> member <vmtarget> ; # org/jetbrains/kotlin/cli/jvm/modules/CliJavaModuleFinder$$Lambda+0x000000010035fb08
instanceKlass  @bci org/jetbrains/kotlin/cli/jvm/modules/CliJavaModuleFinder <init> (Ljava/io/File;Lorg/jetbrains/kotlin/cli/common/messages/MessageCollector;Lorg/jetbrains/kotlin/resolve/jvm/KotlinCliJavaFileManager;Lorg/jetbrains/kotlin/com/intellij/openapi/project/Project;Ljava/lang/Integer;)V 162 <appendix> member <vmtarget> ; # org/jetbrains/kotlin/cli/jvm/modules/CliJavaModuleFinder$$Lambda+0x000000010035f8b0
instanceKlass org/jetbrains/kotlin/cli/jvm/modules/CliJavaModuleFinder
instanceKlass org/jetbrains/kotlin/resolve/jvm/modules/JavaModuleFinder
instanceKlass kotlin/comparisons/ComparisonsKt__ComparisonsKt
instanceKlass org/jetbrains/kotlin/com/intellij/openapi/util/io/FileUtil$2
instanceKlass org/jetbrains/kotlin/com/intellij/openapi/util/io/FileUtil$1
instanceKlass org/jetbrains/kotlin/com/intellij/openapi/util/io/FileUtilRt$SymlinkResolver
instanceKlass gnu/trove/TObjectHashingStrategy
instanceKlass gnu/trove/Equality
instanceKlass org/jetbrains/kotlin/com/intellij/util/indexing/IndexingDataKeys
instanceKlass org/jetbrains/kotlin/cli/jvm/compiler/KotlinCoreEnvironment$special$$inlined$sortBy$1
instanceKlass org/jetbrains/kotlin/psi/UserDataProperty
instanceKlass kotlin/reflect/KMutableProperty$Setter
instanceKlass org/jetbrains/kotlin/resolve/multiplatform/IsCommonSourceKt
instanceKlass org/jetbrains/kotlin/com/intellij/psi/util/PsiUtilCore$NullPsiElement
instanceKlass org/jetbrains/kotlin/com/intellij/psi/util/PsiUtilCore
instanceKlass org/jetbrains/kotlin/com/intellij/psi/impl/source/FileTrees
instanceKlass org/jetbrains/kotlin/psi/stubs/KotlinScriptStub
instanceKlass org/jetbrains/kotlin/psi/stubs/KotlinPlaceHolderWithTextStub
instanceKlass org/jetbrains/kotlin/com/intellij/psi/tree/IReparseableLeafElementType
instanceKlass org/jetbrains/kotlin/com/intellij/psi/TokenType
instanceKlass org/jetbrains/kotlin/com/intellij/psi/LiteralTextEscaper
instanceKlass org/jetbrains/kotlin/com/intellij/psi/ContributedReferenceHost
instanceKlass org/jetbrains/kotlin/psi/stubs/KotlinCollectionLiteralExpressionStub
instanceKlass org/jetbrains/kotlin/psi/stubs/KotlinClassLiteralExpressionStub
instanceKlass org/jetbrains/kotlin/psi/KtDoubleColonExpression
instanceKlass org/jetbrains/kotlin/psi/stubs/KotlinConstantExpressionStub
instanceKlass org/jetbrains/kotlin/psi/stubs/elements/KtConstantExpressionElementType$Companion
instanceKlass org/jetbrains/kotlin/psi/stubs/KotlinContextReceiverStub
instanceKlass org/jetbrains/kotlin/psi/LambdaArgument
instanceKlass org/jetbrains/kotlin/psi/stubs/KotlinContractEffectStub
instanceKlass org/jetbrains/kotlin/psi/ValueArgumentName
instanceKlass org/jetbrains/kotlin/psi/stubs/KotlinValueArgumentStub
instanceKlass org/jetbrains/kotlin/psi/ValueArgument
instanceKlass org/jetbrains/kotlin/psi/stubs/KotlinEnumEntrySuperclassReferenceExpressionStub
instanceKlass org/jetbrains/kotlin/psi/KtQualifiedExpression
instanceKlass org/jetbrains/kotlin/psi/stubs/KotlinNameReferenceExpressionStub
instanceKlass org/jetbrains/kotlin/psi/stubs/KotlinTypeProjectionStub
instanceKlass org/jetbrains/kotlin/psi/KtSimpleNameExpression
instanceKlass org/jetbrains/kotlin/psi/KtReferenceExpression
instanceKlass org/jetbrains/kotlin/psi/stubs/KotlinUserTypeStub
instanceKlass org/jetbrains/kotlin/psi/stubs/impl/KotlinTypeBean
instanceKlass org/jetbrains/kotlin/types/model/KotlinTypeMarker
instanceKlass org/jetbrains/kotlin/psi/KtTypeElement
instanceKlass org/jetbrains/kotlin/psi/stubs/KotlinModifierListStub
instanceKlass org/jetbrains/kotlin/psi/stubs/KotlinImportAliasStub
instanceKlass org/jetbrains/kotlin/psi/KtImportInfo$ImportContent
instanceKlass org/jetbrains/kotlin/psi/KtImportInfo
instanceKlass org/jetbrains/kotlin/psi/stubs/KotlinImportDirectiveStub
instanceKlass org/jetbrains/kotlin/psi/KtAnnotationsContainer
instanceKlass org/jetbrains/kotlin/psi/stubs/KotlinAnnotationUseSiteTargetStub
instanceKlass org/jetbrains/kotlin/psi/KtCallElement
instanceKlass org/jetbrains/kotlin/psi/stubs/KotlinAnnotationEntryStub
instanceKlass org/jetbrains/kotlin/psi/stubs/KotlinTypeParameterStub
instanceKlass org/jetbrains/kotlin/psi/stubs/KotlinParameterStub
instanceKlass org/jetbrains/kotlin/psi/stubs/KotlinConstructorStub
instanceKlass org/jetbrains/kotlin/psi/KtAnonymousInitializer
instanceKlass org/jetbrains/kotlin/psi/stubs/KotlinPlaceHolderStub
instanceKlass org/jetbrains/kotlin/psi/stubs/KotlinObjectStub
instanceKlass org/jetbrains/kotlin/psi/stubs/KotlinTypeAliasStub
instanceKlass org/jetbrains/kotlin/psi/stubs/KotlinBackingFieldStub
instanceKlass org/jetbrains/kotlin/psi/stubs/KotlinPropertyAccessorStub
instanceKlass org/jetbrains/kotlin/psi/KtVariableDeclaration
instanceKlass org/jetbrains/kotlin/psi/KtValVarKeywordOwner
instanceKlass org/jetbrains/kotlin/psi/stubs/KotlinPropertyStub
instanceKlass org/jetbrains/kotlin/psi/KtFunction
instanceKlass org/jetbrains/kotlin/psi/KtDeclarationWithBody
instanceKlass org/jetbrains/kotlin/psi/KtCallableDeclaration
instanceKlass org/jetbrains/kotlin/psi/KtDeclarationWithInitializer
instanceKlass org/jetbrains/kotlin/psi/stubs/KotlinFunctionStub
instanceKlass org/jetbrains/kotlin/psi/stubs/KotlinCallableStubBase
instanceKlass  @bci org/jetbrains/kotlin/psi/stubs/elements/KtStubElementType <init> (Ljava/lang/String;Ljava/lang/Class;Ljava/lang/Class;)V 125 <appendix> member <vmtarget> ; # org/jetbrains/kotlin/psi/stubs/elements/KtStubElementType$$Lambda+0x00000001002f0228
instanceKlass org/jetbrains/kotlin/com/intellij/psi/impl/source/SubstrateRef
instanceKlass org/jetbrains/kotlin/psi/stubs/KotlinClassStub
instanceKlass org/jetbrains/kotlin/psi/stubs/KotlinClassOrObjectStub
instanceKlass org/jetbrains/kotlin/psi/stubs/KotlinStubWithFqName
instanceKlass org/jetbrains/kotlin/com/intellij/psi/stubs/NamedStub
instanceKlass org/jetbrains/kotlin/psi/stubs/KotlinClassifierStub
instanceKlass org/jetbrains/kotlin/com/intellij/psi/StubBasedPsiElement
instanceKlass org/jetbrains/kotlin/psi/KtTypeParameterListOwner
instanceKlass org/jetbrains/kotlin/psi/KtPureClassOrObject
instanceKlass org/jetbrains/kotlin/psi/KtClassLikeDeclaration
instanceKlass org/jetbrains/kotlin/psi/KtNamedDeclaration
instanceKlass org/jetbrains/kotlin/psi/KtStatementExpression
instanceKlass org/jetbrains/kotlin/psi/KtNamed
instanceKlass org/jetbrains/kotlin/psi/KtDeclaration
instanceKlass org/jetbrains/kotlin/psi/KtModifierListOwner
instanceKlass org/jetbrains/kotlin/psi/KtExpression
instanceKlass org/jetbrains/kotlin/psi/stubs/elements/KtStubElementTypes
instanceKlass org/jetbrains/kotlin/psi/stubs/elements/KtTokenSets
instanceKlass org/jetbrains/kotlin/com/intellij/psi/tree/TokenSet
instanceKlass org/jetbrains/kotlin/psi/KtFile$Companion
instanceKlass  @bci java/util/Comparator comparing (Ljava/util/function/Function;)Ljava/util/Comparator; 6 <appendix> member <vmtarget> ; # java/util/Comparator$$Lambda+0x0000000100162180
instanceKlass  @bci java/lang/invoke/BootstrapMethodInvoker invoke (Ljava/lang/Class;Ljava/lang/invoke/MethodHandle;Ljava/lang/String;Ljava/lang/Object;Ljava/lang/Object;Ljava/lang/Class;)Ljava/lang/Object; 462 <adapter> ; # java/lang/invoke/LambdaForm$MH+0x00000001002c8400
instanceKlass  @bci org/jetbrains/kotlin/com/intellij/psi/impl/source/PsiFileImpl <clinit> ()V 37 <appendix> argL0 ; # org/jetbrains/kotlin/com/intellij/psi/impl/source/PsiFileImpl$$Lambda+0x00000001002d9ff8
instanceKlass org/jetbrains/kotlin/com/intellij/psi/impl/source/StubbedSpine
instanceKlass org/jetbrains/kotlin/psi/KtDeclarationContainer
instanceKlass org/jetbrains/kotlin/psi/KtAnnotated
instanceKlass org/jetbrains/kotlin/psi/KtElement
instanceKlass org/jetbrains/kotlin/psi/KtPureElement
instanceKlass org/jetbrains/kotlin/com/intellij/psi/PsiClassOwner
instanceKlass org/jetbrains/kotlin/com/intellij/util/keyFMap/PairElementsFMap
instanceKlass org/jetbrains/kotlin/com/intellij/openapi/vfs/local/CoreLocalVirtualFile$IncompleteDirectoryAttributes
instanceKlass  @bci org/jetbrains/kotlin/com/intellij/util/ConcurrencyUtil cacheOrGet (Ljava/util/concurrent/atomic/AtomicReference;Ljava/lang/Object;)Ljava/lang/Object; 40 <appendix> member <vmtarget> ; # org/jetbrains/kotlin/com/intellij/util/ConcurrencyUtil$$Lambda+0x00000001002cf770
instanceKlass java/util/concurrent/BlockingQueue
instanceKlass java/util/concurrent/ExecutorService
instanceKlass org/jetbrains/kotlin/com/intellij/util/ConcurrencyUtil
instanceKlass org/jetbrains/kotlin/com/intellij/psi/AbstractFileViewProvider$VirtualFileContent
instanceKlass org/jetbrains/kotlin/com/intellij/psi/PsiLock
instanceKlass org/jetbrains/kotlin/com/intellij/psi/PsiLargeBinaryFile
instanceKlass org/jetbrains/kotlin/com/intellij/psi/PsiLargeFile
instanceKlass org/jetbrains/kotlin/com/intellij/psi/PsiBinaryFile
instanceKlass org/jetbrains/kotlin/com/intellij/psi/AbstractFileViewProvider$Content
instanceKlass org/jetbrains/kotlin/com/intellij/injected/editor/VirtualFileWindow
instanceKlass kotlin/io/FileTreeWalk$WalkState
instanceKlass kotlin/collections/AbstractIterator
instanceKlass kotlin/io/FileTreeWalk
instanceKlass org/jetbrains/kotlin/com/intellij/openapi/util/io/NioFiles$1
instanceKlass org/jetbrains/kotlin/com/intellij/openapi/util/io/NioFiles
instanceKlass kotlin/io/FilePathComponents
instanceKlass kotlin/jvm/internal/Ref$BooleanRef
instanceKlass  @bci org/jetbrains/kotlin/extensions/PreprocessedFileCreator <init> (Lorg/jetbrains/kotlin/com/intellij/openapi/project/Project;)V 17 <appendix> member <vmtarget> ; # org/jetbrains/kotlin/extensions/PreprocessedFileCreator$$Lambda+0x00000001002c7d68
instanceKlass org/jetbrains/kotlin/extensions/PreprocessedFileCreator
instanceKlass  @bci org/jetbrains/kotlin/com/intellij/openapi/util/KeyedExtensionCollector buildExtensions (Ljava/lang/String;Ljava/lang/Object;)Lorg/jetbrains/kotlin/kotlinx/collections/immutable/PersistentList; 48 <appendix> member <vmtarget> ; # org/jetbrains/kotlin/com/intellij/openapi/util/KeyedExtensionCollector$$Lambda+0x00000001002c7678
instanceKlass org/jetbrains/kotlin/com/intellij/openapi/util/KeyedExtensionCollector$MyExtensionPointListener
instanceKlass  @bci org/jetbrains/kotlin/cli/jvm/compiler/CoreEnvironmentUtilsKt createSourceFilesFromSourceRoots (Lorg/jetbrains/kotlin/config/CompilerConfiguration;Lorg/jetbrains/kotlin/com/intellij/openapi/project/Project;Ljava/util/List;Lorg/jetbrains/kotlin/cli/common/messages/CompilerMessageLocation;)Ljava/util/List; 52 <appendix> member <vmtarget> ; # org/jetbrains/kotlin/cli/jvm/compiler/CoreEnvironmentUtilsKt$$Lambda+0x00000001002c66e0
instanceKlass  @cpi org/jetbrains/kotlin/types/KotlinTypeFactory 246 form vmentry <vmtarget> ; # java/lang/invoke/LambdaForm$DMH+0x00000001002c8000
instanceKlass org/jetbrains/kotlin/cli/jvm/compiler/CoreEnvironmentUtilsKt
instanceKlass org/jetbrains/kotlin/resolve/lazy/declarations/DeclarationProviderFactoryService$Companion
instanceKlass org/jetbrains/kotlin/resolve/lazy/declarations/DeclarationProviderFactoryService
instanceKlass org/jetbrains/kotlin/resolve/jvm/KotlinJavaPsiFacade$2
instanceKlass org/jetbrains/kotlin/resolve/jvm/KotlinJavaPsiFacade$1
instanceKlass  @bci org/jetbrains/kotlin/resolve/jvm/KotlinJavaPsiFacade <init> (Lorg/jetbrains/kotlin/com/intellij/openapi/project/Project;)V 47 <appendix> member <vmtarget> ; # org/jetbrains/kotlin/resolve/jvm/KotlinJavaPsiFacade$$Lambda+0x00000001002c5490
instanceKlass org/jetbrains/kotlin/com/intellij/psi/PsiModifierList
instanceKlass org/jetbrains/kotlin/resolve/jvm/NotFoundPackagesCachingStrategy$Default
instanceKlass  @bci org/jetbrains/kotlin/com/intellij/psi/PsiElement <clinit> ()V 7 <appendix> argL0 ; # org/jetbrains/kotlin/com/intellij/psi/PsiElement$$Lambda+0x00000001002c1ce0
instanceKlass  @bci org/jetbrains/kotlin/com/intellij/psi/impl/ElementBase <clinit> ()V 16 <appendix> argL0 ; # org/jetbrains/kotlin/com/intellij/psi/impl/ElementBase$$Lambda+0x00000001002c1828
instanceKlass  @bci org/jetbrains/kotlin/com/intellij/psi/impl/ElementBase <clinit> ()V 8 <appendix> argL0 ; # org/jetbrains/kotlin/com/intellij/psi/impl/ElementBase$$Lambda+0x00000001002bdd20
instanceKlass org/jetbrains/kotlin/com/intellij/psi/impl/ElementBase$ElementIconRequest
instanceKlass org/jetbrains/kotlin/load/java/structure/JavaClass
instanceKlass org/jetbrains/kotlin/load/java/structure/JavaTypeParameterListOwner
instanceKlass org/jetbrains/kotlin/load/java/structure/JavaModifierListOwner
instanceKlass org/jetbrains/kotlin/load/java/structure/JavaClassifier
instanceKlass org/jetbrains/kotlin/load/java/structure/JavaNamedElement
instanceKlass org/jetbrains/kotlin/load/java/structure/JavaAnnotationOwner
instanceKlass org/jetbrains/kotlin/load/java/structure/JavaElement
instanceKlass org/jetbrains/kotlin/resolve/jvm/KotlinJavaPsiFacade$KotlinPsiElementFinderWrapperImpl
instanceKlass org/jetbrains/kotlin/resolve/jvm/KotlinJavaPsiFacade$KotlinPsiElementFinderWrapper
instanceKlass org/jetbrains/kotlin/resolve/jvm/NotFoundPackagesCachingStrategy
instanceKlass org/jetbrains/kotlin/resolve/jvm/KotlinJavaPsiFacade
instanceKlass org/jetbrains/kotlin/load/java/structure/impl/source/JavaElementSourceFactory
instanceKlass org/jetbrains/kotlin/cli/common/CliModuleVisibilityManagerImpl
instanceKlass org/jetbrains/kotlin/load/kotlin/ModuleVisibilityManager
instanceKlass org/jetbrains/kotlin/compiler/plugin/CompilerPluginRegistrarKt
instanceKlass  @bci org/jetbrains/kotlin/cli/jvm/compiler/KotlinCoreEnvironment$Companion registerExtensionsFromPlugins$cli_base (Lorg/jetbrains/kotlin/com/intellij/mock/MockProject;Lorg/jetbrains/kotlin/config/CompilerConfiguration;)V 292 <appendix> argL0 ; # org/jetbrains/kotlin/cli/jvm/compiler/KotlinCoreEnvironment$Companion$$Lambda+0x00000001002ba980
instanceKlass org/jetbrains/kotlin/compiler/plugin/CompilerPluginRegistrar$ExtensionStorage
instanceKlass org/jetbrains/kotlin/com/intellij/psi/PsiTreeChangeAdapter
instanceKlass org/jetbrains/kotlin/com/intellij/psi/PsiTreeChangeListener
instanceKlass org/jetbrains/kotlin/incremental/components/LookupTracker$DO_NOTHING
instanceKlass org/jetbrains/kotlin/incremental/LookupTrackerImpl
instanceKlass com/google/devtools/ksp/DualLookupTracker
instanceKlass org/jetbrains/kotlin/incremental/components/LookupTracker
instanceKlass com/google/devtools/ksp/AbstractKotlinSymbolProcessingExtension$Companion
instanceKlass com/google/devtools/ksp/AbstractKotlinSymbolProcessingExtension
instanceKlass com/google/devtools/ksp/processing/impl/MessageCollectorBasedKSPLogger$Companion
instanceKlass com/google/devtools/ksp/processing/impl/MessageCollectorBasedKSPLogger
instanceKlass com/google/devtools/ksp/processing/KSPLogger
instanceKlass com/google/devtools/ksp/KspOptions
instanceKlass sun/net/www/protocol/jar/JarFileFactory
instanceKlass sun/net/www/protocol/jar/URLJarFile$URLJarFileCloseController
instanceKlass org/jetbrains/kotlin/config/KotlinCompilerVersion
instanceKlass org/jetbrains/kotlin/cli/jvm/config/JavaSourceRoot
instanceKlass java/util/Collections$UnmodifiableCollection$1
instanceKlass org/jetbrains/kotlin/resolve/diagnostics/DiagnosticSuppressor
instanceKlass org/jetbrains/kotlin/fir/extensions/FirAnalysisHandlerExtension
instanceKlass org/jetbrains/kotlin/resolve/extensions/AssignResolutionAltererExtension
instanceKlass org/jetbrains/kotlin/extensions/AnnotationBasedExtension
instanceKlass org/jetbrains/kotlin/types/DefaultTypeAttributeTranslator
instanceKlass org/jetbrains/kotlin/types/extensions/TypeAttributeTranslators
instanceKlass org/jetbrains/kotlin/extensions/TypeAttributeTranslatorExtension
instanceKlass org/jetbrains/kotlin/types/TypeAttributeTranslator
instanceKlass org/jetbrains/kotlin/fir/extensions/FirExtensionRegistrarAdapter
instanceKlass org/jetbrains/kotlin/serialization/DescriptorSerializerPlugin
instanceKlass org/jetbrains/kotlin/extensions/internal/CallResolutionInterceptorExtension
instanceKlass org/jetbrains/kotlin/extensions/internal/CandidateInterceptor
instanceKlass org/jetbrains/kotlin/extensions/internal/TypeResolutionInterceptorExtension
instanceKlass org/jetbrains/kotlin/extensions/internal/TypeResolutionInterceptor
instanceKlass org/jetbrains/kotlin/cli/common/extensions/ShellExtension
instanceKlass org/jetbrains/kotlin/cli/common/extensions/ScriptEvaluationExtension
instanceKlass org/jetbrains/kotlin/backend/common/extensions/IrGenerationExtension
instanceKlass org/jetbrains/kotlin/ir/linkage/IrDeserializer$IrLinkerExtension
instanceKlass org/jetbrains/kotlin/resolve/extensions/ExtraImportsProviderExtension
instanceKlass org/jetbrains/kotlin/extensions/ProcessSourcesBeforeCompilingExtension
instanceKlass org/jetbrains/kotlin/extensions/CollectAdditionalSourcesExtension
instanceKlass org/jetbrains/kotlin/extensions/CompilerConfigurationExtension
instanceKlass org/jetbrains/kotlin/js/translate/extensions/JsSyntheticTranslateExtension
instanceKlass org/jetbrains/kotlin/extensions/PreprocessedVirtualFileFactoryExtension
instanceKlass org/jetbrains/kotlin/extensions/DeclarationAttributeAltererExtension
instanceKlass org/jetbrains/kotlin/extensions/StorageComponentContainerContributor
instanceKlass org/jetbrains/kotlin/resolve/jvm/extensions/PackageFragmentProviderExtension
instanceKlass org/jetbrains/kotlin/resolve/jvm/extensions/AnalysisHandlerExtension
instanceKlass org/jetbrains/kotlin/resolve/extensions/AnalysisHandlerExtension
instanceKlass org/jetbrains/kotlin/codegen/extensions/ClassFileFactoryFinalizerExtension
instanceKlass org/jetbrains/kotlin/backend/jvm/extensions/ClassGeneratorExtension
instanceKlass org/jetbrains/kotlin/codegen/extensions/ClassBuilderInterceptorExtension
instanceKlass org/jetbrains/kotlin/resolve/jvm/extensions/SyntheticJavaResolveExtension
instanceKlass org/jetbrains/kotlin/resolve/extensions/SyntheticResolveExtension
instanceKlass org/jetbrains/kotlin/extensions/ProjectExtensionDescriptor
instanceKlass org/jetbrains/kotlin/codegen/extensions/ExpressionCodegenExtension
instanceKlass  @bci jdk/internal/reflect/MethodHandleIntegerFieldAccessorImpl setInt (Ljava/lang/Object;I)V 29 <adapter> ; # java/lang/invoke/LambdaForm$MH+0x00000001002a8400
instanceKlass java/util/Random
instanceKlass java/util/random/RandomGenerator
instanceKlass java/nio/file/DirectoryStream$Filter
instanceKlass java/nio/file/FileVisitor
instanceKlass org/jetbrains/kotlin/com/intellij/openapi/util/io/FileUtilRt
instanceKlass org/jetbrains/kotlin/com/intellij/openapi/vfs/PersistentFSConstants
instanceKlass  @bci org/jetbrains/kotlin/com/intellij/lang/jvm/facade/JvmFacadeImpl <init> (Lorg/jetbrains/kotlin/com/intellij/openapi/project/Project;)V 53 <appendix> member <vmtarget> ; # org/jetbrains/kotlin/com/intellij/lang/jvm/facade/JvmFacadeImpl$$Lambda+0x00000001002abb88
instanceKlass org/jetbrains/kotlin/com/intellij/psi/impl/source/DummyHolderFactory$DefaultFactory
instanceKlass org/jetbrains/kotlin/com/intellij/psi/impl/source/DummyHolderFactory
instanceKlass org/jetbrains/kotlin/com/intellij/psi/PsiImportHolder
instanceKlass org/jetbrains/kotlin/com/intellij/psi/impl/source/PsiFileWithStubSupport
instanceKlass org/jetbrains/kotlin/com/intellij/psi/impl/PsiFileEx
instanceKlass org/jetbrains/kotlin/com/intellij/openapi/ui/Queryable
instanceKlass org/jetbrains/kotlin/com/intellij/psi/impl/source/JavaDummyHolderFactory
instanceKlass  @bci org/jetbrains/kotlin/com/intellij/psi/impl/JavaPsiFacadeImpl <init> (Lorg/jetbrains/kotlin/com/intellij/openapi/project/Project;)V 92 <appendix> member <vmtarget> ; # org/jetbrains/kotlin/com/intellij/psi/impl/JavaPsiFacadeImpl$$Lambda+0x00000001002adb30
instanceKlass  @bci org/jetbrains/kotlin/com/intellij/psi/impl/JavaPsiFacadeImpl <init> (Lorg/jetbrains/kotlin/com/intellij/openapi/project/Project;)V 55 <appendix> member <vmtarget> ; # org/jetbrains/kotlin/com/intellij/psi/impl/JavaPsiFacadeImpl$$Lambda+0x00000001002ad8d8
instanceKlass org/jetbrains/kotlin/com/intellij/lang/jvm/facade/JvmFacadeImpl
instanceKlass org/jetbrains/kotlin/com/intellij/lang/jvm/facade/JvmFacade
instanceKlass org/jetbrains/kotlin/com/intellij/util/containers/ConcurrentRefValueHashMap$ValueReference
instanceKlass org/jetbrains/kotlin/com/intellij/util/containers/ConcurrentRefValueHashMap
instanceKlass org/jetbrains/kotlin/com/intellij/psi/impl/source/HolderFactory
instanceKlass org/jetbrains/kotlin/com/intellij/psi/PsiConstantEvaluationHelper
instanceKlass org/jetbrains/kotlin/com/intellij/psi/JavaPsiFacade
instanceKlass org/jetbrains/kotlin/cli/jvm/compiler/MockInferredAnnotationsManager$Companion
instanceKlass org/jetbrains/kotlin/com/intellij/codeInsight/InferredAnnotationsManager
instanceKlass org/jetbrains/kotlin/com/intellij/codeInsight/ExternalAnnotationsListener
instanceKlass org/jetbrains/kotlin/com/intellij/codeInsight/ExternalAnnotationsManager
instanceKlass org/jetbrains/kotlin/com/intellij/util/Processor
instanceKlass org/jetbrains/kotlin/asJava/finder/JavaElementFinder$Companion
instanceKlass org/jetbrains/kotlin/resolve/jvm/KotlinFinderMarker
instanceKlass org/jetbrains/kotlin/asJava/KotlinAsJavaSupport$Companion
instanceKlass org/jetbrains/kotlin/asJava/KotlinAsJavaSupport
instanceKlass  @bci org/jetbrains/kotlin/asJava/classes/ImplUtilsKt <clinit> ()V 0 <appendix> argL0 ; # org/jetbrains/kotlin/asJava/classes/ImplUtilsKt$$Lambda+0x00000001002a45b0
instanceKlass  @bci org/sqlite/jdbc3/JDBC3ResultSet getColumnDeclType (I)Ljava/lang/String; 9 <bsm> form vmentry <vmtarget> ; # java/lang/invoke/LambdaForm$DMH+0x00000001002a8000
instanceKlass org/jetbrains/kotlin/asJava/classes/ImplUtilsKt
instanceKlass  @bci org/jetbrains/kotlin/cli/jvm/compiler/CliLightClassGenerationSupport <init> (Lorg/jetbrains/kotlin/cli/jvm/compiler/CliTraceHolder;Lorg/jetbrains/kotlin/com/intellij/openapi/project/Project;)V 28 <appendix> member <vmtarget> ; # org/jetbrains/kotlin/cli/jvm/compiler/CliLightClassGenerationSupport$$Lambda+0x00000001002a4120
instanceKlass org/jetbrains/kotlin/cli/jvm/compiler/CliLightClassGenerationSupport$CliLightClassSupport
instanceKlass org/jetbrains/kotlin/asJava/classes/KtUltraLightSupport
instanceKlass org/jetbrains/kotlin/asJava/LightClassGenerationSupport$Companion
instanceKlass org/jetbrains/kotlin/asJava/LightClassGenerationSupport
instanceKlass org/jetbrains/kotlin/resolve/jvm/JvmCodeAnalyzerInitializer
instanceKlass org/jetbrains/kotlin/resolve/CodeAnalyzerInitializer
instanceKlass org/jetbrains/kotlin/com/intellij/psi/impl/JvmPsiConversionHelperImpl
instanceKlass org/jetbrains/kotlin/com/intellij/psi/JvmPsiConversionHelper
instanceKlass  @bci java/util/stream/Collectors castingIdentity ()Ljava/util/function/Function; 0 <appendix> argL0 ; # java/util/stream/Collectors$$Lambda+0x000000010015d6c8
instanceKlass java/util/stream/Collectors
instanceKlass java/util/stream/Collector
instanceKlass  @bci org/jetbrains/kotlin/it/unimi/dsi/fastutil/objects/ObjectOpenHashSet <clinit> ()V 10 <appendix> argL0 ; # org/jetbrains/kotlin/it/unimi/dsi/fastutil/objects/ObjectOpenHashSet$$Lambda+0x00000001002a2730
instanceKlass java/util/function/BinaryOperator
instanceKlass  @bci org/jetbrains/kotlin/it/unimi/dsi/fastutil/objects/ObjectOpenHashSet <clinit> ()V 5 <appendix> argL0 ; # org/jetbrains/kotlin/it/unimi/dsi/fastutil/objects/ObjectOpenHashSet$$Lambda+0x00000001002a24d0
instanceKlass java/util/function/BiConsumer
instanceKlass  @bci org/jetbrains/kotlin/it/unimi/dsi/fastutil/objects/ObjectOpenHashSet <clinit> ()V 0 <appendix> argL0 ; # org/jetbrains/kotlin/it/unimi/dsi/fastutil/objects/ObjectOpenHashSet$$Lambda+0x00000001002a2280
instanceKlass org/jetbrains/kotlin/it/unimi/dsi/fastutil/objects/ObjectSpliterator
instanceKlass org/jetbrains/kotlin/it/unimi/dsi/fastutil/objects/ObjectIterator
instanceKlass org/jetbrains/kotlin/com/intellij/util/containers/Interner
instanceKlass org/jetbrains/kotlin/utils/PlatformUtilsKt
instanceKlass org/jetbrains/kotlin/load/java/structure/impl/classFiles/BinaryClassSignatureParser
instanceKlass org/jetbrains/kotlin/com/intellij/openapi/util/RecursionManager$2
instanceKlass org/jetbrains/kotlin/com/intellij/util/containers/SoftKeySoftValueHashMap
instanceKlass  @bci org/jetbrains/kotlin/com/intellij/psi/search/ProjectScope <clinit> ()V 54 <appendix> argL0 ; # org/jetbrains/kotlin/com/intellij/psi/search/ProjectScope$$Lambda+0x000000010029ef00
instanceKlass  @bci org/jetbrains/kotlin/com/intellij/psi/search/ProjectScope <clinit> ()V 41 <appendix> argL0 ; # org/jetbrains/kotlin/com/intellij/psi/search/ProjectScope$$Lambda+0x000000010029ec90
instanceKlass  @bci org/jetbrains/kotlin/com/intellij/psi/search/ProjectScope <clinit> ()V 28 <appendix> argL0 ; # org/jetbrains/kotlin/com/intellij/psi/search/ProjectScope$$Lambda+0x000000010029ea20
instanceKlass  @bci org/jetbrains/kotlin/com/intellij/psi/search/ProjectScope <clinit> ()V 15 <appendix> argL0 ; # org/jetbrains/kotlin/com/intellij/psi/search/ProjectScope$$Lambda+0x000000010029e7b0
instanceKlass  @bci org/jetbrains/kotlin/com/intellij/psi/search/ProjectScope <clinit> ()V 2 <appendix> argL0 ; # org/jetbrains/kotlin/com/intellij/psi/search/ProjectScope$$Lambda+0x000000010029e2d8
instanceKlass org/jetbrains/kotlin/com/intellij/psi/search/ProjectScope
instanceKlass org/jetbrains/kotlin/cli/jvm/compiler/KotlinCliJavaFileManagerImpl$Companion
instanceKlass org/jetbrains/kotlin/com/intellij/core/CoreJavaFileManager
instanceKlass org/jetbrains/kotlin/resolve/jvm/KotlinCliJavaFileManager
instanceKlass org/jetbrains/kotlin/com/intellij/psi/controlFlow/ControlFlowFactory$1
instanceKlass  @bci org/jetbrains/kotlin/com/intellij/util/containers/ConcurrentWeakKeySoftValueHashMap <clinit> ()V 0 <appendix> argL0 ; # org/jetbrains/kotlin/com/intellij/util/containers/ConcurrentWeakKeySoftValueHashMap$$Lambda+0x000000010029cfa8
instanceKlass org/jetbrains/kotlin/com/intellij/util/containers/ConcurrentWeakKeySoftValueHashMap$HardKey
instanceKlass org/jetbrains/kotlin/com/intellij/util/containers/ConcurrentWeakKeySoftValueHashMap$KeyReference
instanceKlass org/jetbrains/kotlin/com/intellij/util/containers/ConcurrentWeakKeySoftValueHashMap
instanceKlass org/jetbrains/kotlin/com/intellij/psi/controlFlow/ControlFlow
instanceKlass org/jetbrains/kotlin/com/intellij/psi/controlFlow/ControlFlowFactory
instanceKlass org/jetbrains/kotlin/com/intellij/psi/codeStyle/SuggestedNameInfo
instanceKlass org/jetbrains/kotlin/com/intellij/psi/codeStyle/JavaCodeStyleManager
instanceKlass org/jetbrains/kotlin/com/intellij/core/CoreJavaFileCodeStyleFacade
instanceKlass org/jetbrains/kotlin/com/intellij/psi/codeStyle/JavaFileCodeStyleFacade
instanceKlass org/jetbrains/kotlin/com/intellij/psi/codeStyle/CodeStyleSettingsFacade
instanceKlass org/jetbrains/kotlin/com/intellij/psi/codeStyle/JavaCodeStyleSettingsFacade
instanceKlass org/jetbrains/kotlin/com/intellij/psi/impl/source/resolve/JavaResolveCache$1
instanceKlass org/jetbrains/kotlin/com/intellij/psi/impl/source/resolve/JavaResolveCache
instanceKlass org/jetbrains/kotlin/com/intellij/util/lang/JavaVersion
instanceKlass  @bci org/jetbrains/kotlin/com/intellij/AbstractBundle getLazyMessage (Ljava/lang/String;[Ljava/lang/Object;)Ljava/util/function/Supplier; 34 <appendix> member <vmtarget> ; # org/jetbrains/kotlin/com/intellij/AbstractBundle$$Lambda+0x0000000100298990
instanceKlass sun/util/locale/LanguageTag
instanceKlass java/util/ResourceBundle$Control
instanceKlass org/jetbrains/kotlin/com/intellij/AbstractBundle
instanceKlass org/jetbrains/kotlin/com/intellij/core/JavaPsiBundle
instanceKlass org/jetbrains/kotlin/com/intellij/openapi/roots/LanguageLevelProjectExtension$LanguageLevelChangeListener
instanceKlass org/jetbrains/kotlin/com/intellij/openapi/roots/LanguageLevelProjectExtension
instanceKlass  @bci org/jetbrains/kotlin/com/intellij/openapi/util/RecursionManager <clinit> ()V 8 <appendix> argL0 ; # org/jetbrains/kotlin/com/intellij/openapi/util/RecursionManager$$Lambda+0x00000001002971c0
instanceKlass org/jetbrains/kotlin/com/intellij/openapi/util/RecursionManager$CalculationStack
instanceKlass org/jetbrains/kotlin/com/intellij/openapi/util/RecursionGuard$StackStamp
instanceKlass org/jetbrains/kotlin/com/intellij/openapi/util/RecursionGuard
instanceKlass org/jetbrains/kotlin/com/intellij/openapi/util/RecursionManager
instanceKlass org/jetbrains/kotlin/com/intellij/psi/PsiInferenceHelper
instanceKlass org/jetbrains/kotlin/com/intellij/psi/scope/processor/FilterScopeProcessor
instanceKlass org/jetbrains/kotlin/com/intellij/psi/scope/PsiScopeProcessor
instanceKlass org/jetbrains/kotlin/com/intellij/psi/scope/NameHint
instanceKlass org/jetbrains/kotlin/com/intellij/psi/scope/ElementClassHint
instanceKlass org/jetbrains/kotlin/com/intellij/psi/impl/source/resolve/PsiResolveHelperImpl
instanceKlass org/jetbrains/kotlin/com/intellij/psi/PsiResolveHelper
instanceKlass org/jetbrains/kotlin/com/intellij/psi/impl/JavaPsiImplementationHelper
instanceKlass org/jetbrains/kotlin/com/intellij/psi/impl/PsiElementFactoryImpl$1
instanceKlass  @bci org/jetbrains/kotlin/com/intellij/psi/impl/PsiElementFactoryImpl <clinit> ()V 25 <appendix> argL0 ; # org/jetbrains/kotlin/com/intellij/psi/impl/PsiElementFactoryImpl$$Lambda+0x00000001002933a0
instanceKlass  @bci org/jetbrains/kotlin/com/intellij/psi/PsiType <clinit> ()V 135 <appendix> argL0 ; # org/jetbrains/kotlin/com/intellij/psi/PsiType$$Lambda+0x0000000100293150
instanceKlass org/jetbrains/kotlin/com/intellij/psi/TypeAnnotationProvider$1
instanceKlass org/jetbrains/kotlin/com/intellij/psi/TypeAnnotationProvider$Static
instanceKlass org/jetbrains/kotlin/com/intellij/psi/TypeAnnotationProvider
instanceKlass  @bci org/jetbrains/kotlin/com/intellij/psi/PsiAnnotation <clinit> ()V 7 <appendix> argL0 ; # org/jetbrains/kotlin/com/intellij/psi/PsiAnnotation$$Lambda+0x00000001002921a8
instanceKlass org/jetbrains/kotlin/com/intellij/psi/PsiAnnotation
instanceKlass org/jetbrains/kotlin/com/intellij/lang/jvm/types/JvmPrimitiveTypeKind
instanceKlass org/jetbrains/kotlin/com/intellij/lang/jvm/JvmAnnotation
instanceKlass org/jetbrains/kotlin/com/intellij/psi/PsiTypes
instanceKlass  @bci org/jetbrains/kotlin/com/intellij/psi/impl/PsiJavaParserFacadeImpl <clinit> ()V 132 <appendix> argL0 ; # org/jetbrains/kotlin/com/intellij/psi/impl/PsiJavaParserFacadeImpl$$Lambda+0x0000000100290980
instanceKlass  @bci org/jetbrains/kotlin/com/intellij/psi/impl/PsiJavaParserFacadeImpl <clinit> ()V 124 <appendix> argL0 ; # org/jetbrains/kotlin/com/intellij/psi/impl/PsiJavaParserFacadeImpl$$Lambda+0x0000000100290720
instanceKlass  @bci org/jetbrains/kotlin/com/intellij/psi/impl/PsiJavaParserFacadeImpl <clinit> ()V 116 <appendix> argL0 ; # org/jetbrains/kotlin/com/intellij/psi/impl/PsiJavaParserFacadeImpl$$Lambda+0x00000001002904c0
instanceKlass  @bci org/jetbrains/kotlin/com/intellij/psi/impl/PsiJavaParserFacadeImpl <clinit> ()V 108 <appendix> argL0 ; # org/jetbrains/kotlin/com/intellij/psi/impl/PsiJavaParserFacadeImpl$$Lambda+0x0000000100290260
instanceKlass  @bci org/jetbrains/kotlin/com/intellij/psi/impl/PsiJavaParserFacadeImpl <clinit> ()V 100 <appendix> argL0 ; # org/jetbrains/kotlin/com/intellij/psi/impl/PsiJavaParserFacadeImpl$$Lambda+0x0000000100290000
instanceKlass  @bci org/jetbrains/kotlin/com/intellij/psi/impl/PsiJavaParserFacadeImpl <clinit> ()V 92 <appendix> argL0 ; # org/jetbrains/kotlin/com/intellij/psi/impl/PsiJavaParserFacadeImpl$$Lambda+0x000000010028fd18
instanceKlass  @bci org/jetbrains/kotlin/com/intellij/psi/impl/PsiJavaParserFacadeImpl <clinit> ()V 84 <appendix> argL0 ; # org/jetbrains/kotlin/com/intellij/psi/impl/PsiJavaParserFacadeImpl$$Lambda+0x000000010028fab8
instanceKlass  @bci org/jetbrains/kotlin/com/intellij/psi/impl/PsiJavaParserFacadeImpl <clinit> ()V 76 <appendix> argL0 ; # org/jetbrains/kotlin/com/intellij/psi/impl/PsiJavaParserFacadeImpl$$Lambda+0x000000010028f858
instanceKlass  @bci org/jetbrains/kotlin/com/intellij/psi/impl/PsiJavaParserFacadeImpl <clinit> ()V 68 <appendix> argL0 ; # org/jetbrains/kotlin/com/intellij/psi/impl/PsiJavaParserFacadeImpl$$Lambda+0x000000010028f5f8
instanceKlass  @bci org/jetbrains/kotlin/com/intellij/psi/impl/PsiJavaParserFacadeImpl <clinit> ()V 60 <appendix> argL0 ; # org/jetbrains/kotlin/com/intellij/psi/impl/PsiJavaParserFacadeImpl$$Lambda+0x000000010028f398
instanceKlass  @bci org/jetbrains/kotlin/com/intellij/psi/impl/PsiJavaParserFacadeImpl <clinit> ()V 52 <appendix> argL0 ; # org/jetbrains/kotlin/com/intellij/psi/impl/PsiJavaParserFacadeImpl$$Lambda+0x000000010028f138
instanceKlass  @bci org/jetbrains/kotlin/com/intellij/psi/impl/PsiJavaParserFacadeImpl <clinit> ()V 44 <appendix> argL0 ; # org/jetbrains/kotlin/com/intellij/psi/impl/PsiJavaParserFacadeImpl$$Lambda+0x000000010028eed8
instanceKlass  @bci org/jetbrains/kotlin/com/intellij/psi/impl/PsiJavaParserFacadeImpl <clinit> ()V 36 <appendix> argL0 ; # org/jetbrains/kotlin/com/intellij/psi/impl/PsiJavaParserFacadeImpl$$Lambda+0x000000010028ec78
instanceKlass  @bci org/jetbrains/kotlin/com/intellij/psi/impl/PsiJavaParserFacadeImpl <clinit> ()V 28 <appendix> argL0 ; # org/jetbrains/kotlin/com/intellij/psi/impl/PsiJavaParserFacadeImpl$$Lambda+0x000000010028ea18
instanceKlass org/jetbrains/kotlin/com/intellij/lang/java/parser/JavaParserUtil$ParserWrapper
instanceKlass org/jetbrains/kotlin/com/intellij/psi/PsiReferenceExpression
instanceKlass org/jetbrains/kotlin/com/intellij/psi/PsiExpression
instanceKlass org/jetbrains/kotlin/com/intellij/psi/PsiCaseLabelElement
instanceKlass org/jetbrains/kotlin/com/intellij/psi/PsiAnnotationMemberValue
instanceKlass org/jetbrains/kotlin/com/intellij/psi/PsiImportStatementBase
instanceKlass org/jetbrains/kotlin/com/intellij/psi/PsiTypeElement
instanceKlass org/jetbrains/kotlin/com/intellij/lang/jvm/types/JvmReferenceType
instanceKlass org/jetbrains/kotlin/com/intellij/psi/PsiJavaCodeReferenceElement
instanceKlass org/jetbrains/kotlin/com/intellij/psi/PsiQualifiedReferenceElement
instanceKlass org/jetbrains/kotlin/com/intellij/psi/PsiQualifiedReference
instanceKlass org/jetbrains/kotlin/com/intellij/psi/PsiJavaReference
instanceKlass org/jetbrains/kotlin/com/intellij/psi/PsiPolyVariantReference
instanceKlass org/jetbrains/kotlin/com/intellij/lang/jvm/types/JvmPrimitiveType
instanceKlass org/jetbrains/kotlin/com/intellij/psi/PsiType
instanceKlass org/jetbrains/kotlin/com/intellij/psi/PsiAnnotationOwner
instanceKlass org/jetbrains/kotlin/com/intellij/lang/jvm/types/JvmType
instanceKlass org/jetbrains/kotlin/com/intellij/lang/java/parser/BasicJavaParserUtil$ParserWrapper
instanceKlass org/jetbrains/kotlin/com/intellij/psi/impl/PsiJavaParserFacadeImpl
instanceKlass org/jetbrains/kotlin/com/intellij/psi/PsiElementFactory
instanceKlass org/jetbrains/kotlin/com/intellij/psi/PsiJavaParserFacade
instanceKlass org/jetbrains/kotlin/com/intellij/psi/JVMElementFactory
instanceKlass org/jetbrains/kotlin/com/intellij/lang/injection/InjectedLanguageManager
instanceKlass org/jetbrains/kotlin/com/intellij/mock/MockDumbUtil
instanceKlass org/jetbrains/kotlin/com/intellij/openapi/project/DumbUtil
instanceKlass org/jetbrains/kotlin/com/intellij/psi/search/impl/VirtualFileEnumeration
instanceKlass org/jetbrains/kotlin/com/intellij/psi/search/impl/VirtualFileEnumerationAware
instanceKlass org/jetbrains/kotlin/com/intellij/psi/search/SearchScope
instanceKlass org/jetbrains/kotlin/com/intellij/psi/search/ProjectAwareFileFilter
instanceKlass org/jetbrains/kotlin/com/intellij/psi/PsiDirectory
instanceKlass org/jetbrains/kotlin/com/intellij/psi/impl/file/PsiDirectoryFactory
instanceKlass org/jetbrains/kotlin/com/intellij/psi/util/CachedValue
instanceKlass org/jetbrains/kotlin/com/intellij/psi/util/ParameterizedCachedValue
instanceKlass org/jetbrains/kotlin/com/intellij/psi/impl/PsiCachedValuesFactory
instanceKlass org/jetbrains/kotlin/com/intellij/psi/util/CachedValueProvider
instanceKlass org/jetbrains/kotlin/com/intellij/psi/util/CachedValuesManager
instanceKlass org/jetbrains/kotlin/com/intellij/psi/impl/source/tree/TreeElementVisitor
instanceKlass org/jetbrains/kotlin/com/intellij/psi/PsiFileFactory
instanceKlass org/jetbrains/kotlin/com/intellij/psi/impl/PsiToDocumentSynchronizer
instanceKlass  @bci org/jetbrains/kotlin/com/intellij/openapi/editor/event/DocumentListener <clinit> ()V 7 <appendix> argL0 ; # org/jetbrains/kotlin/com/intellij/openapi/editor/event/DocumentListener$$Lambda+0x0000000100281048
instanceKlass org/jetbrains/kotlin/com/intellij/psi/PsiRecursiveVisitor
instanceKlass org/jetbrains/kotlin/com/intellij/psi/PsiElementVisitor
instanceKlass org/jetbrains/kotlin/com/intellij/openapi/editor/event/DocumentListener
instanceKlass org/jetbrains/kotlin/com/intellij/psi/PsiDocumentManager
instanceKlass org/jetbrains/kotlin/com/intellij/core/MockDocumentCommitProcessor
instanceKlass org/jetbrains/kotlin/com/intellij/psi/impl/DocumentCommitProcessor
instanceKlass org/jetbrains/kotlin/com/intellij/psi/SmartPointerManager
instanceKlass org/jetbrains/kotlin/com/intellij/psi/impl/file/impl/FileManagerImpl$1
instanceKlass  @bci org/jetbrains/kotlin/com/intellij/psi/impl/file/impl/FileManagerImpl <init> (Lorg/jetbrains/kotlin/com/intellij/psi/impl/PsiManagerImpl;Lorg/jetbrains/kotlin/com/intellij/openapi/util/NotNullLazyValue;)V 93 <appendix> member <vmtarget> ; # org/jetbrains/kotlin/com/intellij/psi/impl/file/impl/FileManagerImpl$$Lambda+0x000000010027e6d0
instanceKlass  @bci org/jetbrains/kotlin/com/intellij/psi/impl/file/impl/FileManagerImpl <init> (Lorg/jetbrains/kotlin/com/intellij/psi/impl/PsiManagerImpl;Lorg/jetbrains/kotlin/com/intellij/openapi/util/NotNullLazyValue;)V 52 <appendix> argL0 ; # org/jetbrains/kotlin/com/intellij/psi/impl/file/impl/FileManagerImpl$$Lambda+0x000000010027e480
instanceKlass org/jetbrains/kotlin/com/intellij/openapi/util/Comparing
instanceKlass org/jetbrains/kotlin/com/intellij/openapi/fileTypes/CharsetUtil
instanceKlass org/jetbrains/kotlin/com/intellij/util/LocalTimeCounter
instanceKlass  @bci org/jetbrains/kotlin/com/intellij/openapi/extensions/impl/ExtensionPointImpl addExtensionPointListener (Lorg/jetbrains/kotlin/com/intellij/openapi/extensions/ExtensionPointListener;ZLorg/jetbrains/kotlin/com/intellij/openapi/Disposable;)V 50 <appendix> member <vmtarget> ; # org/jetbrains/kotlin/com/intellij/openapi/extensions/impl/ExtensionPointImpl$$Lambda+0x000000010027db80
instanceKlass org/jetbrains/kotlin/com/intellij/openapi/extensions/ExtensionPointPriorityListener
instanceKlass org/jetbrains/kotlin/com/intellij/openapi/extensions/ExtensionPointUtil$1
instanceKlass org/jetbrains/kotlin/com/intellij/openapi/extensions/ExtensionPointUtil
instanceKlass  @bci org/jetbrains/kotlin/com/intellij/openapi/vfs/DeprecatedVirtualFileSystem startEventPropagation ()V 33 <appendix> member <vmtarget> ; # org/jetbrains/kotlin/com/intellij/openapi/vfs/DeprecatedVirtualFileSystem$$Lambda+0x000000010027d220
instanceKlass  @bci org/jetbrains/kotlin/com/intellij/openapi/vfs/VirtualFile <clinit> ()V 7 <appendix> argL0 ; # org/jetbrains/kotlin/com/intellij/openapi/vfs/VirtualFile$$Lambda+0x000000010027cfd0
instanceKlass org/jetbrains/kotlin/com/intellij/openapi/vfs/NonPhysicalFileSystem
instanceKlass org/jetbrains/kotlin/com/intellij/openapi/vfs/VirtualFileWithAssignedFileType
instanceKlass org/jetbrains/kotlin/com/intellij/psi/impl/file/impl/FileManagerImpl
instanceKlass  @bci org/jetbrains/kotlin/com/intellij/openapi/util/NotNullLazyValue createValue (Lorg/jetbrains/kotlin/com/intellij/openapi/util/NotNullFactory;)Lorg/jetbrains/kotlin/com/intellij/openapi/util/NotNullLazyValue; 14 <appendix> member <vmtarget> ; # org/jetbrains/kotlin/com/intellij/openapi/util/NotNullLazyValue$$Lambda+0x000000010027ac18
instanceKlass  @bci org/jetbrains/kotlin/com/intellij/psi/impl/PsiManagerImpl <init> (Lorg/jetbrains/kotlin/com/intellij/openapi/project/Project;)V 56 <appendix> member <vmtarget> ; # org/jetbrains/kotlin/com/intellij/psi/impl/PsiManagerImpl$$Lambda+0x000000010027a980
instanceKlass org/jetbrains/kotlin/com/intellij/openapi/util/NotNullFactory
instanceKlass org/jetbrains/kotlin/com/intellij/openapi/util/Factory
instanceKlass org/jetbrains/kotlin/com/intellij/openapi/vfs/VirtualFileFilter$2
instanceKlass org/jetbrains/kotlin/com/intellij/openapi/vfs/VirtualFileFilter$1
instanceKlass org/jetbrains/kotlin/com/intellij/openapi/vfs/VirtualFileFilter
instanceKlass  @bci org/jetbrains/kotlin/com/intellij/openapi/util/LowMemoryWatcher register (Ljava/lang/Runnable;Lorg/jetbrains/kotlin/com/intellij/openapi/util/LowMemoryWatcher$LowMemoryWatcherType;Lorg/jetbrains/kotlin/com/intellij/openapi/Disposable;)V 36 <appendix> member <vmtarget> ; # org/jetbrains/kotlin/com/intellij/openapi/util/LowMemoryWatcher$$Lambda+0x0000000100279be8
instanceKlass org/jetbrains/kotlin/com/intellij/openapi/util/LowMemoryWatcher
instanceKlass  @bci org/jetbrains/kotlin/com/intellij/psi/impl/source/resolve/ResolveCache <init> (Lorg/jetbrains/kotlin/com/intellij/openapi/project/Project;)V 47 <appendix> member <vmtarget> ; # org/jetbrains/kotlin/com/intellij/psi/impl/source/resolve/ResolveCache$$Lambda+0x00000001002792b0
instanceKlass org/jetbrains/kotlin/com/intellij/psi/impl/source/resolve/ResolveCache$1
instanceKlass org/jetbrains/kotlin/com/intellij/psi/impl/AnyPsiChangeListener
instanceKlass org/jetbrains/kotlin/com/intellij/openapi/wm/ex/ProgressIndicatorEx
instanceKlass org/jetbrains/kotlin/com/intellij/psi/impl/file/impl/FileManager
instanceKlass org/jetbrains/kotlin/com/intellij/psi/ResolveResult
instanceKlass org/jetbrains/kotlin/com/intellij/psi/impl/source/resolve/ResolveCache$StrongValueReference
instanceKlass org/jetbrains/kotlin/com/intellij/util/containers/ConcurrentWeakKeySoftValueHashMap$ValueReference
instanceKlass org/jetbrains/kotlin/com/intellij/psi/impl/source/resolve/ResolveCache$AbstractResolver
instanceKlass org/jetbrains/kotlin/com/intellij/psi/PsiReference
instanceKlass org/jetbrains/kotlin/com/intellij/psi/impl/source/resolve/ResolveCache
instanceKlass org/jetbrains/kotlin/com/intellij/psi/impl/PsiModificationTrackerImpl$1
instanceKlass org/jetbrains/kotlin/com/intellij/openapi/project/DumbService$DumbModeListener
instanceKlass org/jetbrains/kotlin/com/intellij/openapi/project/DumbService$Companion
instanceKlass org/jetbrains/kotlin/com/intellij/openapi/project/DumbService
instanceKlass org/jetbrains/kotlin/com/intellij/psi/util/PsiModificationTracker$Listener
instanceKlass  @bci org/jetbrains/kotlin/com/intellij/util/containers/ConcurrentFactoryMap createWeakMap (Lorg/jetbrains/kotlin/com/intellij/util/Function;)Ljava/util/concurrent/ConcurrentMap; 10 <appendix> argL0 ; # org/jetbrains/kotlin/com/intellij/util/containers/ConcurrentFactoryMap$$Lambda+0x0000000100273568
instanceKlass  @bci org/jetbrains/kotlin/com/intellij/psi/impl/PsiModificationTrackerImpl <init> (Lorg/jetbrains/kotlin/com/intellij/openapi/project/Project;)V 35 <appendix> argL0 ; # org/jetbrains/kotlin/com/intellij/psi/impl/PsiModificationTrackerImpl$$Lambda+0x00000001002732d0
instanceKlass org/jetbrains/kotlin/com/intellij/psi/impl/PsiModificationTrackerImpl
instanceKlass org/jetbrains/kotlin/com/intellij/psi/util/PsiModificationTracker
instanceKlass org/jetbrains/kotlin/com/intellij/lang/jvm/facade/JvmElementProvider
instanceKlass org/jetbrains/kotlin/com/intellij/psi/PsiElementFinder
instanceKlass org/jetbrains/kotlin/com/intellij/psi/impl/PsiTreeChangePreprocessor
instanceKlass org/jetbrains/kotlin/com/intellij/psi/impl/file/impl/JavaFileManager
instanceKlass org/jetbrains/kotlin/com/intellij/openapi/roots/PackageIndex
instanceKlass org/jetbrains/kotlin/com/intellij/psi/search/ProjectScopeBuilder
instanceKlass org/jetbrains/kotlin/com/intellij/openapi/roots/FileIndexFacade
instanceKlass org/jetbrains/kotlin/com/intellij/psi/impl/ResolveScopeManager
instanceKlass org/jetbrains/kotlin/com/intellij/util/CachedValuesFactory
instanceKlass org/jetbrains/kotlin/com/intellij/openapi/project/Project
instanceKlass org/jetbrains/kotlin/com/intellij/core/CoreProjectEnvironment
instanceKlass org/jetbrains/kotlin/cli/jvm/compiler/KotlinCoreEnvironment$Companion$getOrCreateApplicationEnvironment$1$2
instanceKlass  @bci org/jetbrains/kotlin/cli/jvm/compiler/KotlinCoreEnvironment$Companion getOrCreateApplicationEnvironment (Lorg/jetbrains/kotlin/com/intellij/openapi/Disposable;Lorg/jetbrains/kotlin/config/CompilerConfiguration;Lorg/jetbrains/kotlin/cli/jvm/compiler/KotlinCoreApplicationEnvironmentMode;)Lorg/jetbrains/kotlin/cli/jvm/compiler/KotlinCoreApplicationEnvironment; 82 <appendix> argL0 ; # org/jetbrains/kotlin/cli/jvm/compiler/KotlinCoreEnvironment$Companion$$Lambda+0x00000001002746e0
instanceKlass org/jetbrains/kotlin/com/intellij/pom/java/InternalPersistentJavaLanguageLevelReaderService$DefaultImpl
instanceKlass org/jetbrains/kotlin/com/intellij/pom/java/InternalPersistentJavaLanguageLevelReaderService
instanceKlass org/jetbrains/kotlin/com/intellij/openapi/vfs/VirtualFileSet
instanceKlass org/jetbrains/kotlin/com/intellij/openapi/vfs/CompactVirtualFileSetFactory
instanceKlass org/jetbrains/kotlin/com/intellij/openapi/vfs/VirtualFileSetFactoryKt
instanceKlass org/jetbrains/kotlin/com/intellij/openapi/vfs/VirtualFileSetFactory
instanceKlass org/jetbrains/kotlin/com/intellij/openapi/application/TransactionGuard
instanceKlass org/jetbrains/kotlin/com/intellij/psi/util/JavaClassSupers
instanceKlass org/jetbrains/kotlin/load/kotlin/KotlinBinaryClassCache$Companion
instanceKlass org/jetbrains/kotlin/load/kotlin/KotlinBinaryClassCache
instanceKlass org/jetbrains/kotlin/psi/stubs/KotlinFileStub
instanceKlass org/jetbrains/kotlin/parsing/KotlinParserDefinition$Companion
instanceKlass org/jetbrains/kotlin/parsing/KotlinCommonParserDefinition
instanceKlass  @bci org/jetbrains/kotlin/idea/KotlinFileType <init> ()V 8 <appendix> argL0 ; # org/jetbrains/kotlin/idea/KotlinFileType$$Lambda+0x000000010026d8d8
instanceKlass sun/invoke/util/VerifyAccess$1
instanceKlass javax/swing/Icon
instanceKlass org/jetbrains/kotlin/com/intellij/util/keyFMap/OneElementFMap
instanceKlass org/jetbrains/kotlin/com/intellij/openapi/extensions/impl/ExtensionProcessingHelper
instanceKlass  @bci org/jetbrains/kotlin/com/intellij/lang/LanguageUtil matchingMetaLanguages (Lorg/jetbrains/kotlin/com/intellij/lang/Language;)Ljava/util/List; 94 <appendix> member <vmtarget> ; # org/jetbrains/kotlin/com/intellij/lang/LanguageUtil$$Lambda+0x000000010026cb90
instanceKlass  @cpi org/jetbrains/kotlin/util/slicedMap/SlicedMapImpl 189 form vmentry <vmtarget> ; # java/lang/invoke/LambdaForm$DMH+0x0000000100270000
instanceKlass org/jetbrains/kotlin/com/intellij/openapi/extensions/impl/ExtensionsAreaImplKt
instanceKlass kotlinx/coroutines/IncompleteStateBox
instanceKlass kotlinx/coroutines/internal/LockFreeLinkedListNode
instanceKlass kotlin/coroutines/jvm/internal/CompletedContinuation
instanceKlass  @bci org/jetbrains/kotlin/com/intellij/openapi/util/BuildNumber <clinit> ()V 4 <appendix> argL0 ; # org/jetbrains/kotlin/com/intellij/openapi/util/BuildNumber$$Lambda+0x000000010026b508
instanceKlass org/jetbrains/kotlin/com/intellij/openapi/util/BuildNumber
instanceKlass org/jetbrains/kotlin/com/intellij/ide/plugins/PluginManagerCore
instanceKlass org/jetbrains/kotlin/com/intellij/ide/plugins/PluginContentDescriptor$Companion
instanceKlass org/jetbrains/kotlin/com/intellij/ide/plugins/PluginContentDescriptor
instanceKlass org/jetbrains/kotlin/com/intellij/ide/plugins/IdeaPluginDescriptorImpl
instanceKlass org/jetbrains/kotlin/com/intellij/ide/plugins/IdeaPluginDescriptor
instanceKlass org/jetbrains/kotlin/org/codehaus/stax2/ri/typed/ValueDecoderFactory
instanceKlass org/jetbrains/kotlin/com/fasterxml/aalto/in/ByteBasedPNameTable$Bucket
instanceKlass org/jetbrains/kotlin/com/intellij/openapi/extensions/ExtensionPointDescriptor
instanceKlass org/jetbrains/kotlin/com/fasterxml/aalto/util/DataUtil
instanceKlass org/jetbrains/kotlin/com/fasterxml/aalto/in/ElementScope
instanceKlass org/jetbrains/kotlin/com/fasterxml/aalto/in/ByteBasedPNameFactory
instanceKlass org/jetbrains/kotlin/com/intellij/ide/plugins/ModuleDependenciesDescriptor$Companion
instanceKlass org/jetbrains/kotlin/com/intellij/ide/plugins/ModuleDependenciesDescriptor
instanceKlass org/jetbrains/kotlin/com/intellij/ide/plugins/ContainerDescriptor
instanceKlass org/jetbrains/kotlin/com/intellij/ide/plugins/RawPluginDescriptor
instanceKlass org/jetbrains/kotlin/com/fasterxml/aalto/util/BufferRecycler
instanceKlass org/jetbrains/kotlin/com/fasterxml/aalto/util/NameTable
instanceKlass org/jetbrains/kotlin/com/fasterxml/aalto/util/XmlCharTypes
instanceKlass org/jetbrains/kotlin/com/fasterxml/aalto/in/AttributeCollector
instanceKlass org/jetbrains/kotlin/com/fasterxml/aalto/util/TextBuilder
instanceKlass org/jetbrains/kotlin/com/fasterxml/aalto/in/FixedNsContext
instanceKlass org/jetbrains/kotlin/com/fasterxml/aalto/in/NsBinding
instanceKlass org/jetbrains/kotlin/com/fasterxml/aalto/in/PName
instanceKlass org/jetbrains/kotlin/org/codehaus/stax2/XMLStreamLocation2
instanceKlass org/jetbrains/kotlin/org/codehaus/stax2/typed/TypedValueDecoder
instanceKlass org/jetbrains/kotlin/com/fasterxml/aalto/stax/StreamReaderImpl
instanceKlass org/jetbrains/kotlin/org/codehaus/stax2/XMLStreamReader2
instanceKlass org/jetbrains/kotlin/org/codehaus/stax2/typed/TypedXMLStreamReader
instanceKlass javax/xml/stream/XMLStreamReader
instanceKlass org/jetbrains/kotlin/org/codehaus/stax2/LocationInfo
instanceKlass org/jetbrains/kotlin/com/fasterxml/aalto/in/XmlScanner
instanceKlass javax/xml/stream/XMLStreamConstants
instanceKlass javax/xml/namespace/NamespaceContext
instanceKlass javax/xml/stream/Location
instanceKlass org/jetbrains/kotlin/com/fasterxml/aalto/in/InputBootstrapper
instanceKlass org/jetbrains/kotlin/com/fasterxml/aalto/util/UriCanonicalizer
instanceKlass org/jetbrains/kotlin/com/fasterxml/aalto/in/ReaderConfig$EncodingContext
instanceKlass org/jetbrains/kotlin/com/fasterxml/aalto/impl/CommonConfig
instanceKlass org/jetbrains/kotlin/com/intellij/util/xml/dom/StaxFactory
instanceKlass kotlin/jvm/internal/SpreadBuilder
instanceKlass org/jetbrains/kotlin/com/intellij/ide/plugins/XmlReader
instanceKlass org/jetbrains/kotlin/com/intellij/ide/plugins/JavaZipFileDataLoader
instanceKlass org/jetbrains/kotlin/com/intellij/ide/plugins/DataLoader
instanceKlass kotlin/ResultKt
instanceKlass kotlinx/coroutines/internal/OpDescriptor
instanceKlass kotlinx/coroutines/DispatchedTaskKt
instanceKlass kotlinx/coroutines/CompletedExceptionally
instanceKlass kotlinx/coroutines/EventLoop_commonKt
instanceKlass kotlinx/coroutines/AbstractTimeSourceKt
instanceKlass kotlin/Result$Failure
instanceKlass kotlinx/coroutines/CompletionStateKt
instanceKlass kotlin/Result$Companion
instanceKlass kotlin/Result
instanceKlass kotlinx/coroutines/internal/ThreadContextKt
instanceKlass kotlinx/coroutines/internal/DispatchedContinuationKt
instanceKlass kotlinx/coroutines/scheduling/Task
instanceKlass kotlin/coroutines/jvm/internal/DebugProbesKt
instanceKlass kotlin/coroutines/intrinsics/IntrinsicsKt__IntrinsicsJvmKt
instanceKlass kotlinx/coroutines/intrinsics/CancellableKt
instanceKlass kotlinx/coroutines/CoroutineStart$WhenMappings
instanceKlass kotlin/coroutines/CombinedContext
instanceKlass kotlinx/coroutines/Job$DefaultImpls
instanceKlass kotlin/coroutines/CoroutineContext$DefaultImpls
instanceKlass kotlinx/coroutines/NonDisposableHandle
instanceKlass kotlinx/coroutines/ChildHandle
instanceKlass kotlinx/coroutines/DisposableHandle
instanceKlass kotlinx/coroutines/Job$Key
instanceKlass kotlinx/coroutines/Empty
instanceKlass kotlinx/coroutines/Incomplete
instanceKlass kotlinx/coroutines/JobSupportKt
instanceKlass kotlinx/coroutines/JobSupport
instanceKlass kotlinx/coroutines/selects/SelectClause0
instanceKlass kotlinx/coroutines/ParentJob
instanceKlass kotlinx/coroutines/ChildJob
instanceKlass kotlinx/coroutines/Job
instanceKlass kotlin/coroutines/ContinuationInterceptor$DefaultImpls
instanceKlass kotlinx/coroutines/DefaultExecutorKt
instanceKlass kotlinx/coroutines/internal/LimitedDispatcherKt
instanceKlass java/util/concurrent/atomic/AtomicReferenceArray
instanceKlass kotlinx/coroutines/internal/LockFreeTaskQueueCore$Companion
instanceKlass kotlinx/coroutines/internal/LockFreeTaskQueueCore
instanceKlass java/util/concurrent/atomic/AtomicIntegerFieldUpdater$AtomicIntegerFieldUpdaterImpl$1
instanceKlass java/util/concurrent/atomic/AtomicIntegerFieldUpdater
instanceKlass kotlinx/coroutines/internal/ResizableAtomicArray
instanceKlass kotlinx/coroutines/internal/LockFreeTaskQueue
instanceKlass kotlinx/coroutines/internal/Symbol
instanceKlass kotlinx/coroutines/scheduling/CoroutineScheduler$Companion
instanceKlass kotlinx/coroutines/scheduling/CoroutineScheduler
instanceKlass java/util/concurrent/Executor
instanceKlass kotlinx/coroutines/scheduling/TaskContextImpl
instanceKlass kotlinx/coroutines/scheduling/TaskContext
instanceKlass kotlinx/coroutines/scheduling/SchedulerTimeSource
instanceKlass kotlinx/coroutines/internal/SystemPropsKt__SystemProps_commonKt
instanceKlass kotlinx/coroutines/scheduling/TasksKt
instanceKlass kotlinx/coroutines/Dispatchers
instanceKlass kotlinx/coroutines/internal/SystemPropsKt__SystemPropsKt
instanceKlass kotlinx/coroutines/internal/SystemPropsKt
instanceKlass kotlinx/coroutines/DebugKt
instanceKlass kotlinx/coroutines/CopyableThreadContextElement
instanceKlass kotlinx/coroutines/ThreadContextElement
instanceKlass kotlin/coroutines/CoroutineContext$Element$DefaultImpls
instanceKlass kotlinx/coroutines/CoroutineContextKt
instanceKlass kotlinx/coroutines/GlobalScope
instanceKlass kotlin/coroutines/AbstractCoroutineContextKey
instanceKlass kotlin/coroutines/AbstractCoroutineContextElement
instanceKlass kotlinx/coroutines/Delay
instanceKlass kotlinx/coroutines/EventLoopKt
instanceKlass kotlinx/coroutines/ThreadLocalEventLoop
instanceKlass kotlin/coroutines/ContinuationInterceptor$Key
instanceKlass kotlin/coroutines/CoroutineContext$Key
instanceKlass kotlin/coroutines/ContinuationInterceptor
instanceKlass kotlin/coroutines/CoroutineContext$Element
instanceKlass kotlin/coroutines/EmptyCoroutineContext
instanceKlass kotlin/coroutines/CoroutineContext
instanceKlass kotlinx/coroutines/BuildersKt__BuildersKt
instanceKlass kotlinx/coroutines/BuildersKt
instanceKlass kotlin/coroutines/jvm/internal/BaseContinuationImpl
instanceKlass kotlin/coroutines/jvm/internal/CoroutineStackFrame
instanceKlass kotlin/coroutines/Continuation
instanceKlass kotlin/coroutines/jvm/internal/SuspendFunction
instanceKlass  @bci org/jetbrains/kotlin/com/intellij/ide/plugins/DescriptorListLoadingContext <init> (Ljava/util/Set;Ljava/util/Set;Ljava/util/Map;Lkotlin/jvm/functions/Function0;ZZZZ)V 128 <appendix> member <vmtarget> ; # org/jetbrains/kotlin/com/intellij/ide/plugins/DescriptorListLoadingContext$$Lambda+0x000000010024ebc0
instanceKlass org/jetbrains/kotlin/com/intellij/ide/plugins/MyXmlInterner
instanceKlass org/jetbrains/kotlin/com/intellij/util/xml/dom/XmlInterner
instanceKlass org/jetbrains/kotlin/com/intellij/ide/plugins/DescriptorListLoadingContext
instanceKlass org/jetbrains/kotlin/com/intellij/ide/plugins/ReadModuleContext
instanceKlass org/jetbrains/kotlin/com/intellij/ide/plugins/PluginXmlPathResolver$Companion
instanceKlass org/jetbrains/kotlin/com/intellij/ide/plugins/PluginXmlPathResolver
instanceKlass org/jetbrains/kotlin/com/intellij/ide/plugins/PathResolver
instanceKlass org/jetbrains/kotlin/com/intellij/ide/plugins/PluginDescriptorLoader
instanceKlass org/jetbrains/kotlin/com/intellij/psi/JavaModuleSystem
instanceKlass org/jetbrains/kotlin/com/intellij/psi/impl/compiled/ClsCustomNavigationPolicy
instanceKlass org/jetbrains/kotlin/cli/jvm/compiler/IdeaExtensionPoints
instanceKlass org/jetbrains/kotlin/com/intellij/psi/impl/smartPointers/SmartPointerAnchorProvider
instanceKlass org/jetbrains/kotlin/com/intellij/codeInsight/runner/JavaMainMethodProvider
instanceKlass org/jetbrains/kotlin/com/intellij/openapi/util/NotNullLazyValue
instanceKlass  @bci org/jetbrains/kotlin/com/intellij/psi/augment/PsiAugmentProvider <clinit> ()V 17 <appendix> argL0 ; # org/jetbrains/kotlin/com/intellij/psi/augment/PsiAugmentProvider$$Lambda+0x000000010024b1e0
instanceKlass org/jetbrains/kotlin/com/intellij/psi/augment/PsiAugmentProvider
instanceKlass org/jetbrains/kotlin/com/intellij/psi/meta/MetaDataContributor
instanceKlass org/jetbrains/kotlin/com/intellij/psi/FileContextProvider
instanceKlass org/jetbrains/kotlin/cli/jvm/compiler/DummyJavaFileCodeStyleFacadeFactory
instanceKlass org/jetbrains/kotlin/com/intellij/psi/codeStyle/JavaFileCodeStyleFacadeFactory
instanceKlass  @bci org/jetbrains/kotlin/com/intellij/openapi/fileTypes/BinaryFileTypeDecompilers notifyDecompilerSetChange ()V 3 <appendix> argL0 ; # org/jetbrains/kotlin/com/intellij/openapi/fileTypes/BinaryFileTypeDecompilers$$Lambda+0x00000001002497b8
instanceKlass  @bci org/jetbrains/kotlin/com/intellij/openapi/fileTypes/BinaryFileTypeDecompilers <init> ()V 11 <appendix> member <vmtarget> ; # org/jetbrains/kotlin/com/intellij/openapi/fileTypes/BinaryFileTypeDecompilers$$Lambda+0x0000000100249560
instanceKlass org/jetbrains/kotlin/com/intellij/psi/FileViewProvider
instanceKlass org/jetbrains/kotlin/com/intellij/psi/compiled/ClsStubBuilder
instanceKlass org/jetbrains/kotlin/com/intellij/psi/compiled/ClassFileDecompilers$Full
instanceKlass  @bci org/jetbrains/kotlin/com/intellij/psi/compiled/ClassFileDecompilers <init> ()V 21 <appendix> argL0 ; # org/jetbrains/kotlin/com/intellij/psi/compiled/ClassFileDecompilers$$Lambda+0x0000000100248778
instanceKlass java/util/TimSort
instanceKlass java/util/Arrays$LegacyMergeSort
instanceKlass  @bci org/jetbrains/kotlin/com/intellij/util/pico/CachingConstructorInjectionComponentAdapter getGreediestSatisfiableConstructor (Lorg/jetbrains/kotlin/org/picocontainer/ComponentAdapter;Lorg/jetbrains/kotlin/com/intellij/util/pico/DefaultPicoContainer;Ljava/lang/Class;)Ljava/lang/reflect/Constructor; 43 <appendix> argL0 ; # org/jetbrains/kotlin/com/intellij/util/pico/CachingConstructorInjectionComponentAdapter$$Lambda+0x00000001002484b0
instanceKlass org/jetbrains/kotlin/com/intellij/openapi/components/Service
instanceKlass org/jetbrains/kotlin/com/intellij/psi/compiled/ClassFileDecompilers
instanceKlass org/jetbrains/kotlin/com/intellij/psi/compiled/ClassFileDecompilers$Decompiler
instanceKlass org/jetbrains/kotlin/com/intellij/psi/util/MethodSignature
instanceKlass org/jetbrains/kotlin/com/intellij/openapi/application/QueryExecutorBase
instanceKlass org/jetbrains/kotlin/com/intellij/util/QueryExecutor
instanceKlass org/jetbrains/kotlin/com/intellij/psi/search/searches/SuperMethodsSearch$1
instanceKlass org/jetbrains/kotlin/com/intellij/openapi/extensions/SmartExtensionPoint$1
instanceKlass org/jetbrains/kotlin/com/intellij/openapi/extensions/ExtensionPointAndAreaListener
instanceKlass org/jetbrains/kotlin/com/intellij/openapi/extensions/SmartExtensionPoint
instanceKlass org/jetbrains/kotlin/com/intellij/util/Query
instanceKlass org/jetbrains/kotlin/com/intellij/util/QueryFactory
instanceKlass  @bci org/jetbrains/kotlin/com/intellij/openapi/util/registry/Registry doGet (Ljava/lang/String;)Lorg/jetbrains/kotlin/com/intellij/openapi/util/registry/RegistryValue; 14 <appendix> member <vmtarget> ; # org/jetbrains/kotlin/com/intellij/openapi/util/registry/Registry$$Lambda+0x0000000100244e98
instanceKlass org/jetbrains/kotlin/com/intellij/openapi/util/registry/RegistryValue
instanceKlass org/jetbrains/kotlin/com/intellij/openapi/util/registry/Registry$1
instanceKlass org/jetbrains/kotlin/com/intellij/openapi/util/registry/RegistryValueListener
instanceKlass org/jetbrains/kotlin/com/intellij/openapi/util/registry/Registry
instanceKlass org/jetbrains/kotlin/com/intellij/lang/folding/FoldingBuilderEx
instanceKlass org/jetbrains/kotlin/com/intellij/openapi/project/PossiblyDumbAware
instanceKlass org/jetbrains/kotlin/com/intellij/openapi/project/DumbAware
instanceKlass org/jetbrains/kotlin/com/intellij/lang/folding/FoldingBuilder
instanceKlass org/jetbrains/kotlin/com/intellij/codeInsight/folding/JavaCodeFoldingSettings
instanceKlass org/jetbrains/kotlin/com/intellij/psi/PsiParameter
instanceKlass org/jetbrains/kotlin/com/intellij/lang/jvm/JvmParameter
instanceKlass org/jetbrains/kotlin/com/intellij/psi/presentation/java/VariablePresentationProvider
instanceKlass org/jetbrains/kotlin/com/intellij/psi/PsiLocalVariable
instanceKlass org/jetbrains/kotlin/com/intellij/psi/presentation/java/FieldPresentationProvider
instanceKlass org/jetbrains/kotlin/com/intellij/psi/PsiField
instanceKlass org/jetbrains/kotlin/com/intellij/psi/PsiVariable
instanceKlass org/jetbrains/kotlin/com/intellij/lang/jvm/JvmField
instanceKlass org/jetbrains/kotlin/com/intellij/psi/presentation/java/MethodPresentationProvider
instanceKlass org/jetbrains/kotlin/com/intellij/psi/PsiMethod
instanceKlass org/jetbrains/kotlin/com/intellij/psi/PsiParameterListOwner
instanceKlass org/jetbrains/kotlin/com/intellij/lang/jvm/JvmMethod
instanceKlass org/jetbrains/kotlin/com/intellij/psi/presentation/java/ClassPresentationProvider
instanceKlass org/jetbrains/kotlin/com/intellij/psi/PsiClass
instanceKlass org/jetbrains/kotlin/com/intellij/psi/PsiTypeParameterListOwner
instanceKlass org/jetbrains/kotlin/com/intellij/psi/PsiJvmMember
instanceKlass org/jetbrains/kotlin/com/intellij/psi/PsiTarget
instanceKlass org/jetbrains/kotlin/com/intellij/psi/PsiNameIdentifierOwner
instanceKlass org/jetbrains/kotlin/com/intellij/psi/PsiDocCommentOwner
instanceKlass org/jetbrains/kotlin/com/intellij/psi/PsiMember
instanceKlass org/jetbrains/kotlin/com/intellij/psi/PsiJavaDocumentedElement
instanceKlass org/jetbrains/kotlin/com/intellij/pom/PomRenameableTarget
instanceKlass org/jetbrains/kotlin/com/intellij/pom/PomNamedTarget
instanceKlass org/jetbrains/kotlin/com/intellij/pom/PomTarget
instanceKlass org/jetbrains/kotlin/com/intellij/lang/jvm/JvmClass
instanceKlass org/jetbrains/kotlin/com/intellij/lang/jvm/JvmTypeParametersOwner
instanceKlass org/jetbrains/kotlin/com/intellij/lang/jvm/JvmMember
instanceKlass org/jetbrains/kotlin/com/intellij/lang/jvm/JvmTypeDeclaration
instanceKlass org/jetbrains/kotlin/com/intellij/navigation/ItemPresentation
instanceKlass org/jetbrains/kotlin/com/intellij/psi/presentation/java/PackagePresentationProvider
instanceKlass org/jetbrains/kotlin/com/intellij/navigation/ItemPresentationProvider
instanceKlass org/jetbrains/kotlin/com/intellij/psi/PsiPackage
instanceKlass org/jetbrains/kotlin/com/intellij/psi/PsiQualifiedNamedElement
instanceKlass org/jetbrains/kotlin/com/intellij/psi/PsiJvmModifiersOwner
instanceKlass org/jetbrains/kotlin/com/intellij/psi/PsiModifierListOwner
instanceKlass org/jetbrains/kotlin/com/intellij/lang/jvm/JvmModifiersOwner
instanceKlass org/jetbrains/kotlin/com/intellij/psi/PsiDirectoryContainer
instanceKlass org/jetbrains/kotlin/com/intellij/lang/jvm/JvmPackage
instanceKlass org/jetbrains/kotlin/com/intellij/lang/jvm/JvmNamedElement
instanceKlass org/jetbrains/kotlin/com/intellij/lang/jvm/JvmAnnotatedElement
instanceKlass org/jetbrains/kotlin/com/intellij/lang/jvm/JvmElement
instanceKlass org/jetbrains/kotlin/com/intellij/openapi/projectRoots/JavaVersionService
instanceKlass org/jetbrains/kotlin/com/intellij/psi/JavaDirectoryService
instanceKlass org/jetbrains/kotlin/com/intellij/psi/PsiSubstitutor
instanceKlass org/jetbrains/kotlin/com/intellij/psi/PsiSubstitutorFactory
instanceKlass  @bci org/jetbrains/kotlin/com/intellij/openapi/util/ModificationTracker <clinit> ()V 10 <appendix> argL0 ; # org/jetbrains/kotlin/com/intellij/openapi/util/ModificationTracker$$Lambda+0x000000010023f948
instanceKlass org/jetbrains/kotlin/com/intellij/openapi/util/ModificationTracker$1
instanceKlass org/jetbrains/kotlin/com/intellij/psi/impl/file/PsiPackageImplementationHelper
instanceKlass  @bci org/jetbrains/kotlin/com/intellij/openapi/extensions/impl/ExtensionPointImpl doRegisterExtension (Ljava/lang/Object;Lorg/jetbrains/kotlin/com/intellij/openapi/extensions/LoadingOrder;Lorg/jetbrains/kotlin/com/intellij/openapi/extensions/PluginDescriptor;Lorg/jetbrains/kotlin/com/intellij/openapi/Disposable;)V 166 <appendix> member <vmtarget> ; # org/jetbrains/kotlin/com/intellij/openapi/extensions/impl/ExtensionPointImpl$$Lambda+0x000000010023eda0
instanceKlass  @bci org/jetbrains/kotlin/com/intellij/openapi/extensions/impl/ExtensionPointImpl$ObjectComponentAdapter <init> (Ljava/lang/Object;Lorg/jetbrains/kotlin/com/intellij/openapi/extensions/PluginDescriptor;Lorg/jetbrains/kotlin/com/intellij/openapi/extensions/LoadingOrder;)V 36 <appendix> member <vmtarget> ; # org/jetbrains/kotlin/com/intellij/openapi/extensions/impl/ExtensionPointImpl$ObjectComponentAdapter$$Lambda+0x000000010023eb48
instanceKlass kotlin/internal/ProgressionUtilKt
instanceKlass kotlin/ranges/IntRange$Companion
instanceKlass kotlin/ranges/IntProgression$Companion
instanceKlass kotlin/ranges/IntProgression
instanceKlass kotlin/ranges/OpenEndRange
instanceKlass kotlin/ranges/ClosedRange
instanceKlass kotlin/text/DelimitedRangesSequence$iterator$1
instanceKlass kotlin/sequences/TransformingSequence$iterator$1
instanceKlass kotlin/sequences/FilteringSequence$iterator$1
instanceKlass kotlin/sequences/FilteringSequence
instanceKlass kotlin/sequences/TransformingSequence
instanceKlass kotlin/text/DelimitedRangesSequence
instanceKlass org/jetbrains/kotlin/com/intellij/openapi/extensions/LoadingOrder$Companion
instanceKlass org/jetbrains/kotlin/com/intellij/openapi/extensions/LoadingOrder
instanceKlass org/jetbrains/kotlin/com/intellij/codeInsight/JavaContainerProvider
instanceKlass org/jetbrains/kotlin/com/intellij/codeInsight/ContainerProvider
instanceKlass org/jetbrains/kotlin/com/intellij/psi/impl/PsiExpressionEvaluator
instanceKlass org/jetbrains/kotlin/com/intellij/psi/impl/ConstantExpressionEvaluator
instanceKlass org/jetbrains/kotlin/com/intellij/util/diff/FlyweightCapableTreeStructure
instanceKlass org/jetbrains/kotlin/com/intellij/psi/stubs/IndexSink
instanceKlass  @bci org/jetbrains/kotlin/com/intellij/psi/tree/IStubFileElementType <clinit> ()V 4 <appendix> argL0 ; # org/jetbrains/kotlin/com/intellij/psi/tree/IStubFileElementType$$Lambda+0x0000000100236190
instanceKlass  @cpi org/jetbrains/kotlin/com/intellij/psi/tree/IStubFileElementType 233 form vmentry <vmtarget> ; # java/lang/invoke/LambdaForm$DMH+0x0000000100238400
# instanceKlass java/lang/invoke/LambdaForm$DMH+0x0000000100238000
instanceKlass org/jetbrains/kotlin/com/intellij/psi/impl/java/stubs/PsiJavaFileStub
instanceKlass org/jetbrains/kotlin/com/intellij/psi/stubs/PsiClassHolderFileStub
instanceKlass org/jetbrains/kotlin/com/intellij/psi/stubs/LightStubBuilder
instanceKlass org/jetbrains/kotlin/com/intellij/psi/stubs/PsiFileStub
instanceKlass org/jetbrains/kotlin/com/intellij/psi/stubs/StubElement
instanceKlass org/jetbrains/kotlin/com/intellij/psi/stubs/Stub
instanceKlass org/jetbrains/kotlin/com/intellij/psi/StubBuilder
instanceKlass org/jetbrains/kotlin/com/intellij/psi/stubs/StubSerializer
instanceKlass org/jetbrains/kotlin/com/intellij/psi/stubs/ObjectStubSerializer
instanceKlass org/jetbrains/kotlin/com/intellij/lang/java/JavaParserDefinition
instanceKlass org/jetbrains/kotlin/com/intellij/psi/javadoc/PsiDocTagValue
instanceKlass org/jetbrains/kotlin/com/intellij/psi/javadoc/PsiDocToken
instanceKlass org/jetbrains/kotlin/com/intellij/psi/javadoc/PsiSnippetAttributeValue
instanceKlass org/jetbrains/kotlin/com/intellij/psi/PsiFragment
instanceKlass org/jetbrains/kotlin/com/intellij/psi/PsiLiteralValue
instanceKlass org/jetbrains/kotlin/com/intellij/psi/PsiKeyword
instanceKlass org/jetbrains/kotlin/com/intellij/psi/PsiIdentifier
instanceKlass org/jetbrains/kotlin/com/intellij/psi/PsiJavaToken
instanceKlass org/jetbrains/kotlin/com/intellij/psi/impl/compiled/ClassFileStubBuilder
instanceKlass org/jetbrains/kotlin/com/intellij/psi/stubs/BinaryFileStubBuilder$CompositeBinaryFileStubBuilder
instanceKlass org/jetbrains/kotlin/com/intellij/psi/stubs/BinaryFileStubBuilder
instanceKlass org/jetbrains/kotlin/com/intellij/psi/ClassFileViewProviderFactory
instanceKlass org/jetbrains/kotlin/com/intellij/psi/FileViewProviderFactory
instanceKlass org/jetbrains/kotlin/com/intellij/openapi/util/Condition$3
instanceKlass org/jetbrains/kotlin/com/intellij/openapi/util/Condition$2
instanceKlass org/jetbrains/kotlin/com/intellij/openapi/util/Condition$1
instanceKlass org/jetbrains/kotlin/com/intellij/openapi/util/Condition
instanceKlass org/jetbrains/kotlin/com/intellij/openapi/util/Conditions
instanceKlass  @bci org/jetbrains/kotlin/com/intellij/psi/tree/IElementType <clinit> ()V 15 <appendix> argL0 ; # org/jetbrains/kotlin/com/intellij/psi/tree/IElementType$$Lambda+0x0000000100228e80
instanceKlass org/jetbrains/kotlin/com/intellij/psi/tree/IElementType$Predicate
instanceKlass  @bci org/jetbrains/kotlin/com/intellij/psi/tree/IElementType <clinit> ()V 7 <appendix> argL0 ; # org/jetbrains/kotlin/com/intellij/psi/tree/IElementType$$Lambda+0x0000000100228a00
instanceKlass org/jetbrains/kotlin/com/intellij/lexer/Lexer
instanceKlass org/jetbrains/kotlin/com/intellij/openapi/fileTypes/PlainTextParserDefinition
instanceKlass  @bci org/jetbrains/kotlin/com/intellij/openapi/util/KeyedExtensionCollector addExplicitExtension (Ljava/lang/Object;Ljava/lang/Object;Lorg/jetbrains/kotlin/com/intellij/openapi/Disposable;)V 36 <appendix> member <vmtarget> ; # org/jetbrains/kotlin/com/intellij/openapi/util/KeyedExtensionCollector$$Lambda+0x00000001002272d0
instanceKlass org/jetbrains/kotlin/kotlinx/collections/immutable/implementations/immutableList/AbstractListIterator
instanceKlass org/jetbrains/kotlin/kotlinx/collections/immutable/internal/ListImplementation
instanceKlass  @bci org/jetbrains/kotlin/com/intellij/lang/LanguageUtil <clinit> ()V 0 <appendix> argL0 ; # org/jetbrains/kotlin/com/intellij/lang/LanguageUtil$$Lambda+0x0000000100226538
instanceKlass org/jetbrains/kotlin/com/intellij/lang/LanguageUtil
instanceKlass org/jetbrains/kotlin/kotlinx/collections/immutable/implementations/immutableSet/TrieNodeIterator
instanceKlass org/jetbrains/kotlin/kotlinx/collections/immutable/implementations/immutableSet/PersistentHashSetIterator
instanceKlass org/jetbrains/kotlin/com/intellij/util/containers/ContainerUtil$9$1
instanceKlass org/jetbrains/kotlin/com/intellij/util/containers/ContainerUtil$9
instanceKlass org/jetbrains/kotlin/com/intellij/psi/PsiPlainText
instanceKlass org/jetbrains/kotlin/com/intellij/lang/ASTFactory$DefaultFactoryHolder
instanceKlass org/jetbrains/kotlin/com/intellij/ide/highlighter/ArchiveFileType
instanceKlass org/jetbrains/kotlin/kotlinx/collections/immutable/implementations/immutableSet/TrieNode$Companion
instanceKlass org/jetbrains/kotlin/kotlinx/collections/immutable/implementations/immutableSet/TrieNode
instanceKlass org/jetbrains/kotlin/kotlinx/collections/immutable/implementations/immutableSet/PersistentHashSet$Companion
instanceKlass kotlin/collections/AbstractSet$Companion
instanceKlass org/jetbrains/kotlin/kotlinx/collections/immutable/PersistentSet
instanceKlass org/jetbrains/kotlin/kotlinx/collections/immutable/ImmutableSet
instanceKlass org/jetbrains/kotlin/com/intellij/openapi/fileTypes/LanguageFileType
instanceKlass org/jetbrains/kotlin/com/intellij/ide/highlighter/JavaClassFileType
instanceKlass org/jetbrains/kotlin/com/intellij/DynamicBundle$LanguageBundleEP
instanceKlass org/jetbrains/kotlin/com/intellij/util/pico/CachingConstructorInjectionComponentAdapter
instanceKlass org/jetbrains/kotlin/com/intellij/openapi/application/ApplicationInfo
instanceKlass org/jetbrains/kotlin/com/intellij/util/graph/GraphAlgorithms
instanceKlass org/jetbrains/kotlin/com/intellij/util/messages/impl/MessagePublisher
instanceKlass org/jetbrains/kotlin/com/intellij/util/messages/impl/CompositeMessageBus$WhenMappings
instanceKlass  @bci org/jetbrains/kotlin/com/intellij/util/messages/impl/MessageBusImpl syncPublisher (Lorg/jetbrains/kotlin/com/intellij/util/messages/Topic;)Ljava/lang/Object; 60 <appendix> member <vmtarget> ; # org/jetbrains/kotlin/com/intellij/util/messages/impl/MessageBusImpl$$Lambda+0x000000010021e0b8
instanceKlass org/jetbrains/kotlin/com/intellij/openapi/command/impl/CoreCommandProcessor$1
instanceKlass org/jetbrains/kotlin/com/intellij/openapi/command/CommandListener
instanceKlass org/jetbrains/kotlin/com/intellij/openapi/command/CommandToken
instanceKlass org/jetbrains/kotlin/com/intellij/openapi/command/CommandProcessor
instanceKlass org/jetbrains/kotlin/com/intellij/codeInsight/folding/CodeFoldingSettings
instanceKlass  @bci org/jetbrains/kotlin/com/intellij/util/containers/Unsafe arrayBaseOffset (Ljava/lang/Class;)I 4 <adapter> ; # java/lang/invoke/LambdaForm$MH+0x000000010021bc00
instanceKlass  @bci org/jetbrains/kotlin/com/intellij/util/containers/Unsafe objectFieldOffset (Ljava/lang/reflect/Field;)J 4 <adapter> ; # java/lang/invoke/LambdaForm$MH+0x000000010021b800
# instanceKlass java/lang/invoke/LambdaForm$MH+0x000000010021b400
# instanceKlass java/lang/invoke/LambdaForm$BMH+0x000000010021b000
# instanceKlass java/lang/invoke/LambdaForm$DMH+0x000000010021ac00
# instanceKlass java/lang/invoke/LambdaForm$DMH+0x000000010021a800
# instanceKlass java/lang/invoke/LambdaForm$MH+0x000000010021a400
# instanceKlass java/lang/invoke/LambdaForm$DMH+0x000000010021a000
# instanceKlass java/lang/invoke/LambdaForm$MH+0x0000000100219c00
# instanceKlass java/lang/invoke/LambdaForm$MH+0x0000000100219800
# instanceKlass java/lang/invoke/LambdaForm$BMH+0x0000000100219400
# instanceKlass java/lang/invoke/LambdaForm$DMH+0x0000000100219000
# instanceKlass java/lang/invoke/LambdaForm$DMH+0x0000000100218c00
# instanceKlass java/lang/invoke/LambdaForm$MH+0x0000000100218800
# instanceKlass java/lang/invoke/LambdaForm$BMH+0x0000000100218400
# instanceKlass java/lang/invoke/LambdaForm$DMH+0x0000000100218000
# instanceKlass java/lang/invoke/LambdaForm$DMH+0x0000000100217c00
# instanceKlass java/lang/invoke/LambdaForm$MH+0x0000000100217800
# instanceKlass java/lang/invoke/LambdaForm$BMH+0x0000000100217400
# instanceKlass java/lang/invoke/LambdaForm$DMH+0x0000000100217000
# instanceKlass java/lang/invoke/LambdaForm$DMH+0x0000000100216c00
# instanceKlass java/lang/invoke/LambdaForm$MH+0x0000000100216800
# instanceKlass java/lang/invoke/LambdaForm$BMH+0x0000000100216400
# instanceKlass java/lang/invoke/LambdaForm$DMH+0x0000000100216000
# instanceKlass java/lang/invoke/LambdaForm$DMH+0x0000000100215c00
# instanceKlass java/lang/invoke/LambdaForm$MH+0x0000000100215800
# instanceKlass java/lang/invoke/LambdaForm$DMH+0x0000000100215400
# instanceKlass java/lang/invoke/LambdaForm$MH+0x0000000100215000
# instanceKlass java/lang/invoke/LambdaForm$BMH+0x0000000100214c00
# instanceKlass java/lang/invoke/LambdaForm$DMH+0x0000000100214800
# instanceKlass java/lang/invoke/LambdaForm$DMH+0x0000000100214400
instanceKlass org/jetbrains/kotlin/com/intellij/util/containers/Unsafe
instanceKlass org/jetbrains/kotlin/com/intellij/util/ConcurrentLongObjectHashMap$CounterCell
instanceKlass org/jetbrains/kotlin/com/intellij/util/ConcurrentLongObjectHashMap$Node
instanceKlass org/jetbrains/kotlin/com/intellij/util/containers/ConcurrentLongObjectMap$LongEntry
instanceKlass org/jetbrains/kotlin/com/intellij/util/ConcurrentLongObjectHashMap
instanceKlass org/jetbrains/kotlin/com/intellij/util/containers/ConcurrentLongObjectMap
instanceKlass org/jetbrains/kotlin/com/intellij/util/Java11Shim$Companion$INSTANCE$1
instanceKlass org/jetbrains/kotlin/com/intellij/util/Java11Shim$Companion
instanceKlass org/jetbrains/kotlin/com/intellij/util/Java11Shim
instanceKlass  @bci org/jetbrains/kotlin/com/intellij/openapi/progress/ProgressManager <clinit> ()V 0 <appendix> argL0 ; # org/jetbrains/kotlin/com/intellij/openapi/progress/ProgressManager$$Lambda+0x0000000100211948
instanceKlass  @cpi org/jetbrains/kotlin/com/intellij/openapi/project/ProjectLocator 62 form vmentry <vmtarget> ; # java/lang/invoke/LambdaForm$DMH+0x0000000100214000
instanceKlass java/util/concurrent/Future
instanceKlass org/jetbrains/kotlin/com/intellij/openapi/progress/PerformInBackgroundOption
instanceKlass org/jetbrains/kotlin/com/intellij/openapi/progress/ProgressIndicator
instanceKlass org/jetbrains/kotlin/com/intellij/openapi/progress/Task
instanceKlass org/jetbrains/kotlin/com/intellij/openapi/progress/TaskInfo
instanceKlass org/jetbrains/kotlin/com/intellij/openapi/progress/Progressive
instanceKlass org/jetbrains/kotlin/com/intellij/psi/PsiReferenceService
instanceKlass org/jetbrains/kotlin/com/intellij/psi/stubs/ObjectStubTree
instanceKlass org/jetbrains/kotlin/com/intellij/psi/PsiFile
instanceKlass org/jetbrains/kotlin/com/intellij/psi/PsiFileSystemItem
instanceKlass org/jetbrains/kotlin/com/intellij/psi/PsiCheckedRenameElement
instanceKlass org/jetbrains/kotlin/com/intellij/psi/PsiNamedElement
instanceKlass org/jetbrains/kotlin/com/intellij/psi/NavigatablePsiElement
instanceKlass org/jetbrains/kotlin/com/intellij/psi/stubs/StubTreeLoader
instanceKlass org/jetbrains/kotlin/com/intellij/psi/PsiReferenceProviderBean
instanceKlass org/jetbrains/kotlin/com/intellij/psi/PsiReferenceContributor
instanceKlass org/jetbrains/kotlin/com/intellij/codeInsight/highlighting/PassRunningAssert
instanceKlass org/jetbrains/kotlin/it/unimi/dsi/fastutil/doubles/Double2ObjectMap
instanceKlass org/jetbrains/kotlin/it/unimi/dsi/fastutil/doubles/Double2ObjectFunction
instanceKlass java/util/function/DoubleFunction
instanceKlass org/jetbrains/kotlin/com/intellij/psi/PsiReferenceRegistrar
instanceKlass org/jetbrains/kotlin/com/intellij/psi/PsiReferenceProvider
instanceKlass org/jetbrains/kotlin/com/intellij/psi/impl/source/resolve/reference/ReferenceProvidersRegistry
instanceKlass org/jetbrains/kotlin/com/intellij/lang/PsiBuilder
instanceKlass org/jetbrains/kotlin/com/intellij/openapi/util/UserDataHolderUnprotected
instanceKlass org/jetbrains/kotlin/com/intellij/lang/SyntaxTreeBuilder
instanceKlass org/jetbrains/kotlin/com/intellij/lang/PsiBuilderFactory
instanceKlass  @bci java/util/regex/Pattern Range (II)Ljava/util/regex/Pattern$CharPredicate; 23 <appendix> member <vmtarget> ; # java/util/regex/Pattern$$Lambda+0x00000001001561f8
instanceKlass  @bci org/jetbrains/kotlin/com/intellij/openapi/util/text/StringUtil <clinit> ()V 24 <appendix> argL0 ; # org/jetbrains/kotlin/com/intellij/openapi/util/text/StringUtil$$Lambda+0x000000010020a5d8
instanceKlass  @bci org/jetbrains/kotlin/com/intellij/openapi/util/text/StringUtil <clinit> ()V 16 <appendix> argL0 ; # org/jetbrains/kotlin/com/intellij/openapi/util/text/StringUtil$$Lambda+0x000000010020a368
instanceKlass org/jetbrains/kotlin/com/intellij/openapi/util/text/StringUtilRt
instanceKlass org/jetbrains/kotlin/com/intellij/psi/impl/source/CharTableImpl
instanceKlass org/jetbrains/kotlin/com/intellij/psi/PsiLanguageInjectionHost
instanceKlass org/jetbrains/kotlin/com/intellij/psi/PsiComment
instanceKlass org/jetbrains/kotlin/com/intellij/model/psi/UrlReferenceHost
instanceKlass org/jetbrains/kotlin/com/intellij/model/psi/PsiExternalReferenceHost
instanceKlass org/jetbrains/kotlin/com/intellij/navigation/NavigationItem
instanceKlass org/jetbrains/kotlin/com/intellij/pom/Navigatable
instanceKlass org/jetbrains/kotlin/com/intellij/psi/PsiWhiteSpace
instanceKlass org/jetbrains/kotlin/com/intellij/psi/PsiElement
instanceKlass org/jetbrains/kotlin/com/intellij/psi/tree/ILazyParseableElementTypeBase
instanceKlass org/jetbrains/kotlin/com/intellij/psi/tree/IElementType
instanceKlass org/jetbrains/kotlin/com/intellij/lang/FileASTNode
instanceKlass org/jetbrains/kotlin/com/intellij/openapi/util/Iconable
instanceKlass org/jetbrains/kotlin/com/intellij/psi/impl/ReparseableASTNode
instanceKlass org/jetbrains/kotlin/com/intellij/lang/ASTNode
instanceKlass org/jetbrains/kotlin/com/intellij/util/CharTable
instanceKlass org/jetbrains/kotlin/com/intellij/lang/ASTFactory
instanceKlass org/jetbrains/kotlin/com/intellij/lang/DefaultASTFactory
instanceKlass org/jetbrains/kotlin/com/intellij/openapi/vfs/encoding/EncodingRegistry
instanceKlass java/util/Collections$UnmodifiableMap$UnmodifiableEntrySet$UnmodifiableEntry
instanceKlass java/util/Collections$UnmodifiableMap$UnmodifiableEntrySet$1
instanceKlass java/util/Collections$UnmodifiableCollection
instanceKlass org/jetbrains/kotlin/com/intellij/openapi/extensions/impl/ImplementationClassResolver
instanceKlass org/jetbrains/kotlin/com/intellij/serviceContainer/LazyExtensionInstance
instanceKlass org/jetbrains/kotlin/com/intellij/openapi/extensions/PluginAware
instanceKlass org/jetbrains/kotlin/com/intellij/util/KeyedLazyInstance
instanceKlass org/jetbrains/kotlin/com/intellij/openapi/vfs/impl/BulkVirtualFileListenerAdapter
instanceKlass org/jetbrains/kotlin/com/intellij/util/messages/impl/BaseBusConnection
instanceKlass org/jetbrains/kotlin/com/intellij/util/messages/impl/MessageBusImpl$MessageHandlerHolder
instanceKlass org/jetbrains/kotlin/com/intellij/util/messages/MessageBusConnection
instanceKlass org/jetbrains/kotlin/com/intellij/util/messages/SimpleMessageBusConnection
instanceKlass org/jetbrains/kotlin/com/intellij/openapi/vfs/impl/VirtualFileManagerImpl$LoggingListener
# instanceKlass java/lang/invoke/LambdaForm$MH+0x00000001001f8800
instanceKlass  @bci org/jetbrains/kotlin/com/intellij/util/ReflectionUtil findAssignableField (Ljava/lang/Class;Ljava/lang/Class;Ljava/lang/String;)Ljava/lang/reflect/Field; 20 <appendix> member <vmtarget> ; # org/jetbrains/kotlin/com/intellij/util/ReflectionUtil$$Lambda+0x00000001001ffd50
instanceKlass sun/misc/Unsafe
instanceKlass org/jetbrains/kotlin/com/intellij/util/ReflectionUtil
instanceKlass  @bci org/jetbrains/kotlin/com/intellij/util/EventDispatcher createMulticaster (Ljava/lang/Class;Ljava/util/Map;Ljava/util/function/Supplier;)Ljava/lang/Object; 54 <appendix> member <vmtarget> ; # org/jetbrains/kotlin/com/intellij/util/EventDispatcher$$Lambda+0x00000001001ff8c0
instanceKlass  @bci org/jetbrains/kotlin/com/intellij/util/EventDispatcher getMulticaster ()Ljava/util/EventListener; 19 <appendix> member <vmtarget> ; # org/jetbrains/kotlin/com/intellij/util/EventDispatcher$$Lambda+0x00000001001ff668
instanceKlass org/jetbrains/kotlin/com/intellij/openapi/vfs/newvfs/CachingVirtualFileSystem
instanceKlass org/jetbrains/kotlin/kotlinx/collections/immutable/implementations/immutableMap/TrieNode$ModificationResult
instanceKlass org/jetbrains/kotlin/kotlinx/collections/immutable/internal/CommonFunctionsKt
instanceKlass org/jetbrains/kotlin/kotlinx/collections/immutable/implementations/immutableList/SmallPersistentVector$Companion
instanceKlass org/jetbrains/kotlin/kotlinx/collections/immutable/PersistentList
instanceKlass org/jetbrains/kotlin/kotlinx/collections/immutable/PersistentCollection
instanceKlass org/jetbrains/kotlin/kotlinx/collections/immutable/ImmutableList
instanceKlass org/jetbrains/kotlin/kotlinx/collections/immutable/ImmutableCollection
instanceKlass org/jetbrains/kotlin/kotlinx/collections/immutable/implementations/immutableList/UtilsKt
instanceKlass org/jetbrains/kotlin/kotlinx/collections/immutable/implementations/immutableMap/TrieNodeKt
instanceKlass java/util/concurrent/atomic/AtomicBoolean
instanceKlass java/util/concurrent/atomic/AtomicLongFieldUpdater$CASUpdater$1
instanceKlass java/util/concurrent/atomic/AtomicLongFieldUpdater
instanceKlass org/jetbrains/kotlin/kotlinx/collections/immutable/implementations/immutableMap/TrieNode$Companion
instanceKlass org/jetbrains/kotlin/kotlinx/collections/immutable/implementations/immutableMap/TrieNode
instanceKlass org/jetbrains/kotlin/kotlinx/collections/immutable/implementations/immutableMap/PersistentHashMap$Companion
instanceKlass kotlin/collections/AbstractMap$Companion
instanceKlass kotlin/collections/AbstractMap
instanceKlass org/jetbrains/kotlin/kotlinx/collections/immutable/PersistentMap
instanceKlass org/jetbrains/kotlin/kotlinx/collections/immutable/ImmutableMap
instanceKlass org/jetbrains/kotlin/kotlinx/collections/immutable/ExtensionsKt
instanceKlass  @bci org/jetbrains/kotlin/com/intellij/openapi/application/CachedSingletonsRegistry lazy (Lkotlin/jvm/functions/Function0;)Ljava/util/function/Supplier; 16 <appendix> member <vmtarget> ; # org/jetbrains/kotlin/com/intellij/openapi/application/CachedSingletonsRegistry$$Lambda+0x00000001001f7298
instanceKlass org/jetbrains/kotlin/com/intellij/openapi/application/CachedSingletonsRegistry
instanceKlass  @bci org/jetbrains/kotlin/com/intellij/openapi/vfs/VirtualFileManager <clinit> ()V 24 <appendix> argL0 ; # org/jetbrains/kotlin/com/intellij/openapi/vfs/VirtualFileManager$$Lambda+0x00000001001f6e10
instanceKlass  @bci org/jetbrains/kotlin/com/intellij/openapi/vfs/VirtualFileManager <clinit> ()V 16 <appendix> argL0 ; # org/jetbrains/kotlin/com/intellij/openapi/vfs/VirtualFileManager$$Lambda+0x00000001001f6bc0
instanceKlass  @cpi org/jetbrains/kotlin/com/intellij/openapi/vfs/VirtualFileManager 135 form vmentry <vmtarget> ; # java/lang/invoke/LambdaForm$DMH+0x00000001001f8400
# instanceKlass java/lang/invoke/LambdaForm$DMH+0x00000001001f8000
instanceKlass org/jetbrains/kotlin/com/intellij/openapi/vfs/newvfs/BulkFileListener
instanceKlass org/jetbrains/kotlin/com/intellij/util/messages/Topic
instanceKlass org/jetbrains/kotlin/com/intellij/openapi/vfs/VirtualFileManager
instanceKlass org/jetbrains/kotlin/com/intellij/openapi/extensions/ExtensionPointListener$Companion
instanceKlass org/jetbrains/kotlin/com/intellij/openapi/util/EmptyRunnable
instanceKlass  @bci org/jetbrains/kotlin/com/intellij/openapi/extensions/impl/ExtensionPointImpl <clinit> ()V 24 <appendix> argL0 ; # org/jetbrains/kotlin/com/intellij/openapi/extensions/impl/ExtensionPointImpl$$Lambda+0x00000001001f5438
instanceKlass org/jetbrains/kotlin/com/intellij/openapi/extensions/ExtensionPointAdapter
instanceKlass org/jetbrains/kotlin/com/intellij/openapi/extensions/impl/ExtensionComponentAdapter
instanceKlass org/jetbrains/kotlin/com/intellij/openapi/extensions/LoadingOrder$Orderable
instanceKlass org/jetbrains/kotlin/com/intellij/openapi/extensions/ExtensionPointListener
instanceKlass org/jetbrains/kotlin/com/intellij/openapi/extensions/impl/ExtensionPointImpl
instanceKlass org/jetbrains/kotlin/com/intellij/openapi/extensions/ExtensionPoint
instanceKlass  @bci org/jetbrains/kotlin/com/intellij/openapi/extensions/PluginId getId (Ljava/lang/String;)Lorg/jetbrains/kotlin/com/intellij/openapi/extensions/PluginId; 12 <appendix> argL0 ; # org/jetbrains/kotlin/com/intellij/openapi/extensions/PluginId$$Lambda+0x00000001001f3998
instanceKlass org/jetbrains/kotlin/com/intellij/openapi/extensions/PluginId
instanceKlass org/jetbrains/kotlin/com/intellij/openapi/extensions/DefaultPluginDescriptor
instanceKlass org/jetbrains/kotlin/com/intellij/openapi/vfs/VirtualFileManagerListener
instanceKlass  @bci org/jetbrains/kotlin/com/intellij/core/CoreApplicationEnvironment <init> (Lorg/jetbrains/kotlin/com/intellij/openapi/Disposable;Z)V 103 <appendix> argL0 ; # org/jetbrains/kotlin/com/intellij/core/CoreApplicationEnvironment$$Lambda+0x00000001001f2908
instanceKlass java/util/EventObject
instanceKlass org/jetbrains/kotlin/com/intellij/openapi/editor/ex/DocumentEx
instanceKlass org/jetbrains/kotlin/com/intellij/openapi/editor/Document
instanceKlass org/jetbrains/kotlin/com/intellij/openapi/fileEditor/FileDocumentManager
instanceKlass  @bci org/jetbrains/kotlin/cli/jvm/modules/CoreJrtFileSystem <init> ()V 11 <appendix> member <vmtarget> ; # org/jetbrains/kotlin/cli/jvm/modules/CoreJrtFileSystem$$Lambda+0x00000001001f0e50
instanceKlass  @bci org/jetbrains/kotlin/cli/jvm/modules/CoreJrtFileSystem <init> ()V 6 <appendix> member <vmtarget> ; # org/jetbrains/kotlin/cli/jvm/modules/CoreJrtFileSystem$$Lambda+0x00000001001f0bf8
instanceKlass  @bci org/jetbrains/kotlin/cli/jvm/modules/CoreJrtFileSystem <clinit> ()V 16 <appendix> member <vmtarget> ; # org/jetbrains/kotlin/cli/jvm/modules/CoreJrtFileSystem$$Lambda+0x00000001001f0488
instanceKlass  @bci org/jetbrains/kotlin/cli/jvm/modules/CoreJrtFileSystem <clinit> ()V 11 <appendix> argL0 ; # org/jetbrains/kotlin/cli/jvm/modules/CoreJrtFileSystem$$Lambda+0x00000001001f0238
instanceKlass org/jetbrains/kotlin/cli/jvm/modules/CoreJrtFileSystem$Companion
instanceKlass org/jetbrains/kotlin/com/intellij/util/containers/ConcurrentFactoryMap
instanceKlass  @bci org/jetbrains/kotlin/com/intellij/openapi/vfs/impl/jar/CoreJarFileSystem <init> ()V 6 <appendix> member <vmtarget> ; # org/jetbrains/kotlin/com/intellij/openapi/vfs/impl/jar/CoreJarFileSystem$$Lambda+0x00000001001ef048
instanceKlass org/jetbrains/kotlin/com/intellij/openapi/vfs/impl/ArchiveHandler
instanceKlass org/jetbrains/kotlin/com/intellij/util/Function
instanceKlass org/jetbrains/kotlin/com/intellij/util/EventDispatcher
instanceKlass org/jetbrains/kotlin/com/intellij/openapi/vfs/VirtualFileListener
instanceKlass org/jetbrains/kotlin/com/intellij/openapi/extensions/ExtensionPointName$Companion
instanceKlass org/jetbrains/kotlin/com/intellij/openapi/extensions/BaseExtensionPointName
instanceKlass java/util/EventListener
instanceKlass  @bci org/jetbrains/kotlin/com/intellij/util/ArrayUtil <clinit> ()V 95 <appendix> argL0 ; # org/jetbrains/kotlin/com/intellij/util/ArrayUtil$$Lambda+0x00000001001ec0a8
instanceKlass  @bci org/jetbrains/kotlin/com/intellij/util/ArrayUtil <clinit> ()V 87 <appendix> argL0 ; # org/jetbrains/kotlin/com/intellij/util/ArrayUtil$$Lambda+0x00000001001ebe58
instanceKlass org/jetbrains/kotlin/com/intellij/util/ArrayUtil
instanceKlass  @bci org/jetbrains/kotlin/com/intellij/util/SmartList resizeIfNecessary (I)[Ljava/lang/Object; 32 <appendix> argL0 ; # org/jetbrains/kotlin/com/intellij/util/SmartList$$Lambda+0x00000001001eb9d0
instanceKlass org/jetbrains/kotlin/com/intellij/util/ArrayFactory
instanceKlass  @bci org/jetbrains/kotlin/com/intellij/openapi/application/ApplicationManager setApplication (Lorg/jetbrains/kotlin/com/intellij/openapi/application/Application;Ljava/util/function/Supplier;Lorg/jetbrains/kotlin/com/intellij/openapi/Disposable;)V 42 <appendix> member <vmtarget> ; # org/jetbrains/kotlin/com/intellij/openapi/application/ApplicationManager$$Lambda+0x00000001001eb548
instanceKlass  @bci org/jetbrains/kotlin/com/intellij/core/CoreApplicationEnvironment <init> (Lorg/jetbrains/kotlin/com/intellij/openapi/Disposable;Z)V 59 <appendix> member <vmtarget> ; # org/jetbrains/kotlin/com/intellij/core/CoreApplicationEnvironment$$Lambda+0x00000001001eb2f0
instanceKlass java/util/AbstractList$Itr
instanceKlass  @bci org/jetbrains/kotlin/com/intellij/openapi/extensions/Extensions setRootArea (Lorg/jetbrains/kotlin/com/intellij/openapi/extensions/impl/ExtensionsAreaImpl;Lorg/jetbrains/kotlin/com/intellij/openapi/Disposable;)V 26 <appendix> member <vmtarget> ; # org/jetbrains/kotlin/com/intellij/openapi/extensions/Extensions$$Lambda+0x00000001001eb098
instanceKlass org/jetbrains/kotlin/com/intellij/openapi/extensions/Extensions
instanceKlass org/jetbrains/kotlin/com/intellij/openapi/util/ObjectNode$ListNodeChildren
instanceKlass org/jetbrains/kotlin/com/intellij/openapi/util/Disposer$CheckedDisposableImpl
instanceKlass org/jetbrains/kotlin/com/intellij/openapi/util/CheckedDisposable
instanceKlass org/jetbrains/kotlin/com/intellij/openapi/extensions/impl/ExtensionsAreaImpl
instanceKlass org/jetbrains/kotlin/com/intellij/util/pico/DefaultPicoContainer$InstanceComponentAdapter
instanceKlass org/jetbrains/kotlin/com/intellij/util/pico/DefaultPicoContainer$LinkedHashSetWrapper
instanceKlass org/jetbrains/kotlin/org/picocontainer/ComponentAdapter
instanceKlass  @bci org/jetbrains/kotlin/com/intellij/util/messages/impl/RootBus <init> (Lorg/jetbrains/kotlin/com/intellij/util/messages/MessageBusOwner;)V 45 <appendix> argL0 ; # org/jetbrains/kotlin/com/intellij/util/messages/impl/RootBus$$Lambda+0x00000001001e8da8
instanceKlass org/jetbrains/kotlin/com/intellij/util/messages/impl/MessageQueue
instanceKlass org/jetbrains/kotlin/com/intellij/util/messages/impl/CompositeMessageBusKt
instanceKlass org/jetbrains/kotlin/com/intellij/openapi/util/Disposer$1
instanceKlass java/util/concurrent/ConcurrentLinkedQueue$Node
instanceKlass org/jetbrains/kotlin/com/intellij/util/messages/impl/MessageBusImpl$Companion
instanceKlass org/jetbrains/kotlin/com/intellij/util/messages/impl/MessageBusImpl
instanceKlass org/jetbrains/kotlin/com/intellij/util/messages/impl/MessageBusEx
instanceKlass org/jetbrains/kotlin/com/intellij/util/messages/MessageBusFactory
instanceKlass org/jetbrains/kotlin/com/intellij/util/keyFMap/DebugFMap
instanceKlass org/jetbrains/kotlin/com/intellij/util/keyFMap/EmptyFMap
instanceKlass org/jetbrains/kotlin/com/intellij/util/keyFMap/KeyFMap
instanceKlass org/jetbrains/kotlin/com/intellij/openapi/application/ModalityState
instanceKlass kotlinx/coroutines/CoroutineScope
instanceKlass org/jetbrains/kotlin/com/intellij/openapi/extensions/ExtensionsArea
instanceKlass org/jetbrains/kotlin/com/intellij/util/pico/DefaultPicoContainer
instanceKlass org/jetbrains/kotlin/com/intellij/util/messages/MessageBus
instanceKlass org/jetbrains/kotlin/com/intellij/openapi/fileTypes/UnknownFileType
instanceKlass org/jetbrains/kotlin/com/intellij/util/containers/FastUtilCaseInsensitiveStringHashingStrategy
instanceKlass org/jetbrains/kotlin/com/intellij/util/containers/FastUtilHashingStrategies$1
instanceKlass org/jetbrains/kotlin/com/intellij/util/containers/FastUtilHashingStrategies$SerializableHashStrategy
instanceKlass org/jetbrains/kotlin/com/intellij/util/containers/FastUtilCharSequenceHashingStrategy
instanceKlass org/jetbrains/kotlin/com/intellij/util/containers/FastUtilHashingStrategies
instanceKlass jdk/internal/math/FloatingDecimal$ASCIIToBinaryBuffer
instanceKlass jdk/internal/math/FloatingDecimal$PreparedASCIIToBinaryBuffer
instanceKlass jdk/internal/math/FloatingDecimal$ASCIIToBinaryConverter
instanceKlass jdk/internal/math/FloatingDecimal$BinaryToASCIIBuffer
instanceKlass jdk/internal/math/FloatingDecimal$ExceptionalBinaryToASCIIBuffer
instanceKlass jdk/internal/math/FloatingDecimal$BinaryToASCIIConverter
instanceKlass jdk/internal/math/FloatingDecimal
instanceKlass java/util/regex/ASCII
instanceKlass org/jetbrains/kotlin/com/intellij/openapi/util/SystemInfoRt
instanceKlass org/jetbrains/kotlin/com/intellij/util/text/CharArrayCharSequence
instanceKlass org/jetbrains/kotlin/com/intellij/util/text/CharSequenceBackedByArray
instanceKlass org/jetbrains/kotlin/com/intellij/openapi/util/text/CharSequenceWithStringHash
instanceKlass org/jetbrains/kotlin/com/intellij/openapi/util/text/Strings
instanceKlass org/jetbrains/kotlin/com/intellij/util/text/StringKt
instanceKlass java/nio/file/FileChannelLinesSpliterator
instanceKlass sun/nio/fs/WindowsPath$1
instanceKlass  @bci org/jetbrains/kotlin/com/intellij/util/concurrency/SynchronizedClearableLazy getValue ()Ljava/lang/Object; 30 <appendix> member <vmtarget> ; # org/jetbrains/kotlin/com/intellij/util/concurrency/SynchronizedClearableLazy$$Lambda+0x00000001001e2818
instanceKlass java/util/function/UnaryOperator
instanceKlass org/jetbrains/kotlin/com/intellij/util/ObjectUtils$Sentinel
instanceKlass org/jetbrains/kotlin/com/intellij/util/ObjectUtils
instanceKlass org/jetbrains/kotlin/com/intellij/util/concurrency/SynchronizedClearableLazy$Companion
instanceKlass org/jetbrains/kotlin/com/intellij/util/concurrency/SynchronizedClearableLazy
instanceKlass org/jetbrains/kotlin/com/intellij/openapi/util/registry/EarlyAccessRegistryManagerKt
instanceKlass org/jetbrains/kotlin/com/intellij/openapi/util/registry/EarlyAccessRegistryManager
instanceKlass org/jetbrains/kotlin/com/intellij/ide/plugins/DisabledPluginsState$Companion
instanceKlass org/jetbrains/kotlin/com/intellij/ide/plugins/DisabledPluginsState
instanceKlass org/jetbrains/kotlin/com/intellij/ide/plugins/PluginEnabler$Headless
instanceKlass org/jetbrains/kotlin/com/intellij/ide/plugins/PluginEnabler
instanceKlass org/jetbrains/kotlin/cli/jvm/compiler/KotlinCoreApplicationEnvironmentMode$UnitTest
instanceKlass org/jetbrains/kotlin/cli/jvm/compiler/KotlinCoreApplicationEnvironment$Companion
instanceKlass org/jetbrains/kotlin/com/intellij/lang/ParserDefinition
instanceKlass org/jetbrains/kotlin/com/intellij/openapi/fileTypes/FileType
instanceKlass org/jetbrains/kotlin/com/intellij/openapi/extensions/PluginDescriptor
instanceKlass org/jetbrains/kotlin/com/intellij/openapi/vfs/VirtualFileSystem
instanceKlass org/jetbrains/kotlin/com/intellij/openapi/util/KeyedExtensionCollector
instanceKlass org/jetbrains/kotlin/com/intellij/openapi/progress/ProgressIndicatorProvider
instanceKlass org/jetbrains/kotlin/com/intellij/openapi/util/SimpleModificationTracker
instanceKlass org/jetbrains/kotlin/com/intellij/openapi/util/ModificationTracker
instanceKlass org/jetbrains/kotlin/org/picocontainer/MutablePicoContainer
instanceKlass org/jetbrains/kotlin/org/picocontainer/PicoContainer
instanceKlass org/jetbrains/kotlin/com/intellij/openapi/util/UserDataHolderEx
instanceKlass org/jetbrains/kotlin/com/intellij/util/messages/MessageBusOwner
instanceKlass org/jetbrains/kotlin/com/intellij/openapi/application/ex/ApplicationEx
instanceKlass org/jetbrains/kotlin/com/intellij/concurrency/JobLauncher
instanceKlass org/jetbrains/kotlin/com/intellij/openapi/fileTypes/FileTypeRegistry
instanceKlass org/jetbrains/kotlin/com/intellij/openapi/application/Application
instanceKlass org/jetbrains/kotlin/com/intellij/openapi/components/ComponentManager
instanceKlass org/jetbrains/kotlin/com/intellij/openapi/util/UserDataHolder
instanceKlass org/jetbrains/kotlin/com/intellij/openapi/extensions/AreaInstance
instanceKlass org/jetbrains/kotlin/com/intellij/core/CoreApplicationEnvironment
instanceKlass org/jetbrains/kotlin/cli/jvm/compiler/KotlinCoreApplicationEnvironmentMode$Production
instanceKlass org/jetbrains/kotlin/cli/jvm/compiler/KotlinCoreApplicationEnvironmentMode
instanceKlass org/jetbrains/kotlin/cli/jvm/compiler/KotlinCoreEnvironment$Companion
instanceKlass org/jetbrains/kotlin/cli/jvm/compiler/KotlinCoreEnvironment
instanceKlass org/jetbrains/kotlin/cli/jvm/config/JvmContentRootsKt
instanceKlass org/jetbrains/kotlin/cli/jvm/config/JvmClasspathRoot
instanceKlass org/jetbrains/kotlin/cli/jvm/config/JvmContentRoot
instanceKlass org/jetbrains/kotlin/cli/jvm/config/JvmClasspathRootBase
instanceKlass org/jetbrains/kotlin/cli/jvm/config/JvmContentRootBase
instanceKlass  @bci org/jetbrains/kotlin/config/CompilerConfiguration add (Lorg/jetbrains/kotlin/config/CompilerConfigurationKey;Ljava/lang/Object;)V 32 <appendix> argL0 ; # org/jetbrains/kotlin/config/CompilerConfiguration$$Lambda+0x00000001001d6d60
instanceKlass org/jetbrains/kotlin/cli/common/config/KotlinSourceRoot
instanceKlass org/jetbrains/kotlin/cli/common/config/ContentRoot
instanceKlass org/jetbrains/kotlin/cli/common/config/ContentRootsKt
instanceKlass org/jetbrains/kotlin/cli/jvm/compiler/KotlinToJVMBytecodeCompilerKt
instanceKlass org/jetbrains/kotlin/cli/common/modules/ModuleChunk
instanceKlass org/jetbrains/kotlin/cli/jvm/compiler/CliCompilerUtilsKt
instanceKlass org/jetbrains/kotlin/cli/common/modules/ModuleBuilder
instanceKlass org/jetbrains/kotlin/modules/Module
instanceKlass org/jetbrains/kotlin/cli/jvm/K2JVMCompilerKt
instanceKlass org/jetbrains/kotlin/config/JvmSerializeIrMode$Companion
instanceKlass org/jetbrains/kotlin/config/JvmAbiStability$Companion
instanceKlass com/google/devtools/ksp/KspOptionsKt$WhenMappings
instanceKlass com/google/devtools/ksp/KspOptionsKt
instanceKlass com/google/devtools/ksp/KspOptions$Builder
instanceKlass com/google/devtools/ksp/KotlinSymbolProcessingPluginKt
instanceKlass  @bci org/jetbrains/kotlin/com/intellij/util/containers/MultiMap getModifiable (Ljava/lang/Object;)Ljava/util/Collection; 6 <appendix> member <vmtarget> ; # org/jetbrains/kotlin/com/intellij/util/containers/MultiMap$$Lambda+0x00000001001d18f0
instanceKlass org/jetbrains/kotlin/com/intellij/util/containers/MultiMap
instanceKlass org/jetbrains/kotlin/compiler/plugin/CliOptionValue
instanceKlass java/util/regex/IntHashSet
instanceKlass java/util/regex/Matcher
instanceKlass java/util/regex/MatchResult
instanceKlass  @bci java/util/regex/Pattern negate (Ljava/util/regex/Pattern$CharPredicate;)Ljava/util/regex/Pattern$CharPredicate; 1 <appendix> member <vmtarget> ; # java/util/regex/Pattern$$Lambda+0x000000010014ea48
instanceKlass org/jetbrains/kotlin/compiler/plugin/CliOptionsKt
instanceKlass org/jetbrains/kotlin/compiler/plugin/AbstractCliOption
instanceKlass com/google/devtools/ksp/KotlinSymbolProcessingCommandLineProcessor
instanceKlass org/jetbrains/kotlin/compiler/plugin/CommandLineProcessor
instanceKlass org/jetbrains/kotlin/compiler/plugin/CompilerPluginRegistrar$Companion
instanceKlass org/jetbrains/kotlin/compiler/plugin/CompilerPluginRegistrar
instanceKlass  @bci org/jetbrains/kotlin/config/CompilerConfiguration addAll (Lorg/jetbrains/kotlin/config/CompilerConfigurationKey;ILjava/util/Collection;)V 38 <appendix> argL0 ; # org/jetbrains/kotlin/config/CompilerConfiguration$$Lambda+0x00000001001cfd10
instanceKlass org/jetbrains/kotlin/compiler/plugin/ComponentRegistrar$Companion
instanceKlass com/google/devtools/ksp/KotlinSymbolProcessingComponentRegistrar
instanceKlass  @bci java/io/FilePermissionCollection add (Ljava/security/Permission;)V 68 <appendix> argL0 ; # java/io/FilePermissionCollection$$Lambda+0x000000010014e7e8
instanceKlass java/security/Security$1
instanceKlass jdk/internal/access/JavaSecurityPropertiesAccess
instanceKlass java/util/concurrent/ConcurrentHashMap$MapEntry
instanceKlass java/util/Properties$LineReader
instanceKlass  @bci java/security/Security <clinit> ()V 9 <appendix> argL0 ; # java/security/Security$$Lambda+0x000000010014d358
instanceKlass java/security/Security
instanceKlass sun/security/util/SecurityProperties
instanceKlass sun/security/util/FilePermCompat
instanceKlass java/io/FilePermission$1
instanceKlass jdk/internal/access/JavaIOFilePermissionAccess
instanceKlass sun/net/www/MessageHeader
instanceKlass java/net/URLClassLoader$1
instanceKlass java/io/RandomAccessFile$1
instanceKlass kotlin/io/LinesSequence$iterator$1
instanceKlass kotlin/io/LinesSequence
instanceKlass kotlin/io/TextStreamsKt
instanceKlass kotlin/io/FilesKt__FilePathComponentsKt
instanceKlass sun/nio/fs/WindowsUriSupport
instanceKlass org/jetbrains/kotlin/compiler/plugin/ComponentRegistrar
instanceKlass org/jetbrains/kotlin/util/ServiceLoaderLite
instanceKlass org/jetbrains/kotlin/cli/common/CLICompilerKt
instanceKlass com/jetbrains/internal/IoToNioErrorMessageHolder
instanceKlass org/jetbrains/kotlin/cli/jvm/plugins/PluginCliParser
instanceKlass org/jetbrains/kotlin/cli/plugins/PluginsOptionsParserKt
instanceKlass kotlin/collections/ArrayAsCollection
instanceKlass org/jetbrains/kotlin/backend/common/phaser/PhaseConfig
instanceKlass org/jetbrains/kotlin/backend/common/phaser/PhaseConfigKt
instanceKlass org/jetbrains/kotlin/cli/common/CreatePhaseConfigKt
instanceKlass org/jetbrains/kotlin/backend/jvm/lower/ResolveInlineCalls
instanceKlass org/jetbrains/kotlin/backend/jvm/lower/GenerateMultifileFacades
instanceKlass org/jetbrains/kotlin/backend/jvm/lower/InlinedClassReferencesBoxingLowering
instanceKlass org/jetbrains/kotlin/backend/jvm/lower/MarkNecessaryInlinedClassesAsRegeneratedLowering
instanceKlass org/jetbrains/kotlin/backend/jvm/lower/ApiVersionIsAtLeastEvaluationLowering
instanceKlass org/jetbrains/kotlin/backend/jvm/lower/RepeatedAnnotationLowering
instanceKlass org/jetbrains/kotlin/backend/jvm/lower/JvmStaticInObjectLowering
# instanceKlass java/lang/invoke/LambdaForm$MH+0x00000001001c0000
instanceKlass org/jetbrains/kotlin/backend/jvm/lower/FileClassLowering
instanceKlass org/jetbrains/kotlin/backend/jvm/lower/ScriptsToClassesLowering
instanceKlass org/jetbrains/kotlin/backend/jvm/lower/SerializeIrPhase
instanceKlass org/jetbrains/kotlin/backend/common/lower/ConstEvaluationLowering
instanceKlass org/jetbrains/kotlin/backend/common/ir/ExpectSymbolTransformer
instanceKlass org/jetbrains/kotlin/backend/jvm/lower/ProcessOptionalAnnotations
instanceKlass org/jetbrains/kotlin/backend/common/phaser/IrValidationPhase
instanceKlass org/jetbrains/kotlin/backend/jvm/lower/ExternalPackageParentPatcherLowering
instanceKlass org/jetbrains/kotlin/backend/jvm/lower/FakeLocalVariablesForIrInlinerLowering
instanceKlass org/jetbrains/kotlin/backend/jvm/ir/IrInlineReferenceLocator
instanceKlass org/jetbrains/kotlin/backend/jvm/lower/FakeInliningLocalVariables
instanceKlass org/jetbrains/kotlin/backend/jvm/lower/RenameFieldsLowering
instanceKlass org/jetbrains/kotlin/backend/jvm/lower/ReplaceNumberToCharCallSitesLowering
instanceKlass org/jetbrains/kotlin/backend/common/lower/KotlinNothingValueExceptionLowering
instanceKlass org/jetbrains/kotlin/backend/jvm/lower/ReplaceKFunctionInvokeWithFunctionInvoke
instanceKlass org/jetbrains/kotlin/backend/jvm/lower/RecordEnclosingMethodsLowering
instanceKlass org/jetbrains/kotlin/backend/jvm/lower/AdditionalClassAnnotationLowering
instanceKlass org/jetbrains/kotlin/backend/jvm/lower/JvmOptimizationLowering
instanceKlass org/jetbrains/kotlin/backend/jvm/lower/JvmSafeCallChainFoldingLowering
instanceKlass org/jetbrains/kotlin/backend/jvm/lower/ToArrayLowering
instanceKlass org/jetbrains/kotlin/backend/jvm/lower/JvmArgumentNullabilityAssertionsLowering
instanceKlass org/jetbrains/kotlin/backend/jvm/lower/SyntheticAccessorLowering
instanceKlass org/jetbrains/kotlin/backend/jvm/lower/BridgeLowering
instanceKlass org/jetbrains/kotlin/backend/jvm/lower/JvmStaticInCompanionLowering
instanceKlass org/jetbrains/kotlin/backend/common/lower/InitializersCleanupLowering
instanceKlass org/jetbrains/kotlin/backend/jvm/lower/UniqueLoopLabelsLowering
instanceKlass org/jetbrains/kotlin/backend/common/lower/InitializersLoweringBase
instanceKlass org/jetbrains/kotlin/backend/jvm/lower/ObjectClassLowering
instanceKlass org/jetbrains/kotlin/backend/jvm/lower/EnumClassLowering
instanceKlass org/jetbrains/kotlin/backend/common/lower/InnerClassConstructorCallsLowering
instanceKlass org/jetbrains/kotlin/backend/common/lower/InnerClassesMemberBodyLowering
instanceKlass org/jetbrains/kotlin/backend/common/lower/InnerClassesLowering
instanceKlass org/jetbrains/kotlin/backend/jvm/lower/TailCallOptimizationLowering
instanceKlass org/jetbrains/kotlin/backend/jvm/lower/InterfaceObjectCallsLowering
instanceKlass org/jetbrains/kotlin/ir/visitors/IrElementVisitorVoid
instanceKlass jdk/internal/foreign/MemorySessionImpl
instanceKlass java/lang/foreign/MemorySegment$Scope
instanceKlass org/jetbrains/kotlin/backend/jvm/lower/ReplaceDefaultImplsOverriddenSymbols
instanceKlass org/jetbrains/kotlin/backend/jvm/lower/InheritedDefaultMethodsOnClassesLowering
instanceKlass org/jetbrains/kotlin/backend/common/lower/DefaultParameterCleaner
instanceKlass org/jetbrains/kotlin/backend/common/lower/DefaultArgumentStubGenerator
instanceKlass org/jetbrains/kotlin/backend/common/DeclarationTransformer
instanceKlass org/jetbrains/kotlin/backend/jvm/lower/JvmDefaultConstructorLowering
instanceKlass org/jetbrains/kotlin/backend/common/lower/LocalClassPopupLowering
instanceKlass org/jetbrains/kotlin/backend/jvm/lower/RemoveDuplicatedInlinedLocalClassesLowering
instanceKlass org/jetbrains/kotlin/backend/common/lower/LocalDeclarationsLowering
instanceKlass org/jetbrains/kotlin/backend/common/lower/SharedVariablesLowering
instanceKlass org/jetbrains/kotlin/backend/common/lower/ReturnableBlockLowering
instanceKlass org/jetbrains/kotlin/backend/jvm/lower/AssertionLowering
instanceKlass org/jetbrains/kotlin/backend/common/lower/TailrecLowering
instanceKlass org/jetbrains/kotlin/backend/jvm/lower/CollectionStubMethodLowering
instanceKlass org/jetbrains/kotlin/backend/common/lower/loops/ForLoopsLowering
instanceKlass org/jetbrains/kotlin/backend/common/lower/RangeContainsLowering
instanceKlass org/jetbrains/kotlin/backend/jvm/lower/JvmBuiltInsLowering
instanceKlass org/jetbrains/kotlin/backend/jvm/lower/MoveOrCopyCompanionObjectFieldsLowering
instanceKlass org/jetbrains/kotlin/backend/common/lower/ArrayConstructorLowering
instanceKlass org/jetbrains/kotlin/backend/jvm/lower/SingletonOrConstantDelegationLowering
instanceKlass org/jetbrains/kotlin/backend/jvm/lower/PropertyReferenceDelegationLowering
instanceKlass org/jetbrains/kotlin/backend/jvm/lower/SuspendLoweringUtils
instanceKlass org/jetbrains/kotlin/ir/inline/InlineCallableReferenceToLambdaPhase
instanceKlass org/jetbrains/kotlin/backend/common/lower/InventNamesForLocalClasses
instanceKlass org/jetbrains/kotlin/backend/jvm/lower/JvmLateinitLowering
instanceKlass org/jetbrains/kotlin/ir/visitors/IrElementTransformerVoid
instanceKlass org/jetbrains/kotlin/backend/jvm/lower/PolymorphicSignatureLowering
instanceKlass org/jetbrains/kotlin/backend/common/lower/AnnotationImplementationLowering
instanceKlass org/jetbrains/kotlin/backend/jvm/lower/AnnotationLowering
instanceKlass org/jetbrains/kotlin/backend/jvm/lower/MainMethodGenerationLowering
instanceKlass org/jetbrains/kotlin/backend/jvm/lower/JvmOverloadsAnnotationLowering
instanceKlass org/jetbrains/kotlin/backend/common/lower/ProvisionalFunctionExpressionLowering
instanceKlass org/jetbrains/kotlin/ir/visitors/IrElementTransformer
instanceKlass org/jetbrains/kotlin/ir/visitors/IrElementVisitor
instanceKlass org/jetbrains/kotlin/backend/common/BodyLoweringPass
instanceKlass org/jetbrains/kotlin/backend/jvm/lower/TypeAliasAnnotationMethodsLowering
instanceKlass org/jetbrains/kotlin/backend/common/ClassLoweringPass
instanceKlass org/jetbrains/kotlin/backend/jvm/JvmLoweringPhasesKt
instanceKlass  @bci org/jetbrains/kotlin/backend/common/phaser/PhaseBuildersKt makeIrModulePhase (Lkotlin/jvm/functions/Function1;Ljava/lang/String;Ljava/lang/String;Ljava/util/Set;Ljava/util/Set;Ljava/util/Set;)Lorg/jetbrains/kotlin/backend/common/phaser/SimpleNamedCompilerPhase; 69 <appendix> member <vmtarget> ; # org/jetbrains/kotlin/backend/common/phaser/PhaseBuildersKt$$Lambda+0x0000000100129280
instanceKlass  @bci org/jetbrains/kotlin/backend/common/phaser/PhaseBuildersKt makeIrModulePhase (Lkotlin/jvm/functions/Function1;Ljava/lang/String;Ljava/lang/String;Ljava/util/Set;Ljava/util/Set;Ljava/util/Set;)Lorg/jetbrains/kotlin/backend/common/phaser/SimpleNamedCompilerPhase; 63 <appendix> argL0 ; # org/jetbrains/kotlin/backend/common/phaser/PhaseBuildersKt$$Lambda+0x0000000100129030
instanceKlass org/jetbrains/kotlin/backend/jvm/GenerateAdditionalClassesPhase
instanceKlass org/jetbrains/kotlin/backend/common/phaser/CompositePhase
instanceKlass org/jetbrains/kotlin/backend/common/phaser/PerformByIrFilePhase
instanceKlass org/jetbrains/kotlin/backend/common/phaser/SameTypeCompilerPhase
instanceKlass org/jetbrains/kotlin/backend/common/phaser/PerformByIrFileKt
instanceKlass org/jetbrains/kotlin/backend/common/phaser/AbstractNamedCompilerPhase
instanceKlass org/jetbrains/kotlin/backend/common/phaser/CompilerPhase
instanceKlass  @bci org/jetbrains/kotlin/backend/common/phaser/PhaseBuildersKt createSimpleNamedCompilerPhase (Ljava/lang/String;Ljava/lang/String;Ljava/util/Set;Ljava/util/Set;Ljava/util/Set;Lkotlin/jvm/functions/Function4;Lkotlin/jvm/functions/Function2;)Lorg/jetbrains/kotlin/backend/common/phaser/SimpleNamedCompilerPhase; 124 <appendix> member <vmtarget> ; # org/jetbrains/kotlin/backend/common/phaser/PhaseBuildersKt$$Lambda+0x00000001001276f8
instanceKlass org/jetbrains/kotlin/backend/common/phaser/PhaseBuildersKt
instanceKlass  @bci org/jetbrains/kotlin/backend/common/phaser/PhaseFactoriesKt createFilePhase (Ljava/lang/Class;Ljava/util/Set;Lkotlin/jvm/functions/Function1;)Lorg/jetbrains/kotlin/backend/common/phaser/SimpleNamedCompilerPhase; 33 <appendix> member <vmtarget> ; # org/jetbrains/kotlin/backend/common/phaser/PhaseFactoriesKt$$Lambda+0x0000000100127268
instanceKlass  @bci org/jetbrains/kotlin/backend/common/phaser/PhaseFactoriesKt createFilePhase (Ljava/lang/Class;Ljava/util/Set;Lkotlin/jvm/functions/Function1;)Lorg/jetbrains/kotlin/backend/common/phaser/SimpleNamedCompilerPhase; 27 <appendix> argL0 ; # org/jetbrains/kotlin/backend/common/phaser/PhaseFactoriesKt$$Lambda+0x0000000100127018
instanceKlass org/jetbrains/kotlin/ir/IrElementBase
instanceKlass org/jetbrains/kotlin/ir/declarations/IrSymbolOwner
instanceKlass org/jetbrains/kotlin/ir/declarations/IrDeclarationContainer
instanceKlass org/jetbrains/kotlin/ir/declarations/IrDeclarationParent
instanceKlass org/jetbrains/kotlin/ir/declarations/IrMutableAnnotationContainer
instanceKlass org/jetbrains/kotlin/ir/declarations/IrAnnotationContainer
instanceKlass org/jetbrains/kotlin/ir/declarations/IrMetadataSourceOwner
instanceKlass org/jetbrains/kotlin/ir/IrElement
instanceKlass org/jetbrains/kotlin/backend/common/phaser/PhaserState
instanceKlass org/jetbrains/kotlin/backend/common/phaser/PhaseConfigurationService
instanceKlass  @bci org/jetbrains/kotlin/backend/common/phaser/DumperVerifierKt getIrValidator (Z)Lkotlin/jvm/functions/Function3; 1 <appendix> member <vmtarget> ; # org/jetbrains/kotlin/backend/common/phaser/DumperVerifierKt$$Lambda+0x0000000100122f70
instanceKlass  @cpi org/jetbrains/kotlin/backend/common/phaser/DumperVerifierKt 247 form vmentry <vmtarget> ; # java/lang/invoke/LambdaForm$DMH+0x0000000100124800
# instanceKlass java/lang/invoke/LambdaForm$DMH+0x0000000100124400
instanceKlass  @bci org/jetbrains/kotlin/backend/common/phaser/DumperVerifierKt getIrDumper ()Lkotlin/jvm/functions/Function3; 0 <appendix> argL0 ; # org/jetbrains/kotlin/backend/common/phaser/DumperVerifierKt$$Lambda+0x0000000100122d20
instanceKlass  @cpi org/jetbrains/kotlin/load/java/typeEnhancement/PredefinedEnhancementInfoKt 336 form vmentry <vmtarget> ; # java/lang/invoke/LambdaForm$DMH+0x0000000100124000
instanceKlass kotlin/Unit
instanceKlass org/jetbrains/kotlin/backend/common/phaser/ActionState
instanceKlass org/jetbrains/kotlin/backend/common/phaser/DumperVerifierKt
instanceKlass java/util/Collections$EmptyIterator
instanceKlass java/lang/Class$AnnotationData
instanceKlass kotlin/annotation/Retention
instanceKlass  @bci sun/reflect/annotation/AnnotationParser parseClassArray (ILjava/nio/ByteBuffer;Ljdk/internal/reflect/ConstantPool;Ljava/lang/Class;)Ljava/lang/Object; 10 <appendix> member <vmtarget> ; # sun/reflect/annotation/AnnotationParser$$Lambda+0x0000000100148948
instanceKlass org/jetbrains/kotlin/backend/common/phaser/PhaseDescription
instanceKlass sun/reflect/generics/reflectiveObjects/LazyReflectiveObjectGenerator
instanceKlass sun/reflect/generics/tree/TypeVariableSignature
instanceKlass sun/reflect/generics/reflectiveObjects/ParameterizedTypeImpl
instanceKlass java/lang/reflect/ParameterizedType
instanceKlass org/jetbrains/kotlin/backend/jvm/FileCodegen
instanceKlass org/jetbrains/kotlin/backend/common/FileLoweringPass
instanceKlass org/jetbrains/kotlin/backend/common/ModuleLoweringPass
instanceKlass org/jetbrains/kotlin/backend/jvm/JvmBackendContext
instanceKlass org/jetbrains/kotlin/backend/common/CommonBackendContext
instanceKlass org/jetbrains/kotlin/backend/common/phaser/BackendContextHolder
instanceKlass org/jetbrains/kotlin/backend/common/LoggingContext
instanceKlass org/jetbrains/kotlin/backend/common/ErrorReportingContext
instanceKlass org/jetbrains/kotlin/backend/common/BackendContext
instanceKlass sun/reflect/generics/tree/ClassSignature
instanceKlass sun/reflect/generics/tree/Signature
instanceKlass sun/reflect/generics/tree/FormalTypeParameter
instanceKlass java/lang/reflect/TypeVariable
instanceKlass sun/reflect/generics/repository/AbstractRepository
instanceKlass org/jetbrains/kotlin/backend/common/phaser/PhaseFactoriesKt
instanceKlass org/jetbrains/kotlin/backend/jvm/JvmPhasesKt
instanceKlass org/jetbrains/kotlin/cli/common/environment/UtilKt
instanceKlass org/jetbrains/kotlin/com/intellij/util/containers/CanonicalHashingStrategy
instanceKlass  @bci org/jetbrains/kotlin/com/intellij/util/containers/ConcurrentRefHashMap <clinit> ()V 23 <appendix> argL0 ; # org/jetbrains/kotlin/com/intellij/util/containers/ConcurrentRefHashMap$$Lambda+0x000000010011ee98
instanceKlass org/jetbrains/kotlin/com/intellij/util/containers/ConcurrentRefHashMap$HardKey
instanceKlass org/jetbrains/kotlin/com/intellij/util/containers/ConcurrentRefHashMap$1
instanceKlass org/jetbrains/kotlin/com/intellij/util/containers/ConcurrentRefHashMap$KeyReference
instanceKlass org/jetbrains/kotlin/com/intellij/openapi/util/ObjectNode$1
instanceKlass org/jetbrains/kotlin/com/intellij/openapi/util/Disposer$2
instanceKlass org/jetbrains/kotlin/com/intellij/openapi/util/ObjectNode$NodeChildren
instanceKlass org/jetbrains/kotlin/com/intellij/openapi/util/ObjectNode
instanceKlass org/jetbrains/kotlin/it/unimi/dsi/fastutil/objects/Object2ObjectMap$FastEntrySet
instanceKlass org/jetbrains/kotlin/it/unimi/dsi/fastutil/objects/AbstractObject2ObjectFunction
instanceKlass org/jetbrains/kotlin/it/unimi/dsi/fastutil/objects/Object2ObjectMap
instanceKlass org/jetbrains/kotlin/it/unimi/dsi/fastutil/objects/Object2ObjectFunction
instanceKlass org/jetbrains/kotlin/com/intellij/util/containers/RefHashMap$HardKey
instanceKlass org/jetbrains/kotlin/com/intellij/util/containers/RefHashMap$Key
instanceKlass org/jetbrains/kotlin/com/intellij/util/containers/IdentityHashingStrategy
instanceKlass org/jetbrains/kotlin/com/intellij/util/containers/HashingStrategy
instanceKlass org/jetbrains/kotlin/it/unimi/dsi/fastutil/Hash$Strategy
instanceKlass org/jetbrains/kotlin/com/intellij/util/containers/CollectionFactory
instanceKlass org/jetbrains/kotlin/it/unimi/dsi/fastutil/objects/Reference2ObjectMap$FastEntrySet
instanceKlass org/jetbrains/kotlin/it/unimi/dsi/fastutil/objects/ReferenceSet
instanceKlass org/jetbrains/kotlin/it/unimi/dsi/fastutil/objects/ReferenceCollection
instanceKlass org/jetbrains/kotlin/it/unimi/dsi/fastutil/objects/AbstractReference2ObjectFunction
instanceKlass org/jetbrains/kotlin/it/unimi/dsi/fastutil/objects/Reference2ObjectMap
instanceKlass org/jetbrains/kotlin/it/unimi/dsi/fastutil/objects/Reference2ObjectFunction
instanceKlass org/jetbrains/kotlin/com/intellij/openapi/util/ObjectTree
instanceKlass org/jetbrains/kotlin/com/intellij/openapi/util/Disposer
instanceKlass kotlin/reflect/jvm/internal/impl/name/SpecialNames
instanceKlass kotlin/reflect/jvm/internal/impl/builtins/CompanionObjectMapping
instanceKlass kotlin/reflect/jvm/internal/impl/name/FqNamesUtilKt
instanceKlass kotlin/reflect/jvm/internal/impl/utils/CollectionsKt
instanceKlass kotlin/reflect/jvm/internal/impl/builtins/PrimitiveType$Companion
instanceKlass kotlin/reflect/jvm/internal/impl/builtins/StandardNames$FqNames
instanceKlass kotlin/reflect/jvm/internal/impl/builtins/jvm/JavaToKotlinClassMap$PlatformMutabilityMapping
instanceKlass kotlin/reflect/jvm/internal/impl/builtins/functions/FunctionClassKind$Companion
instanceKlass kotlin/collections/SetsKt__SetsJVMKt
instanceKlass kotlin/reflect/jvm/internal/impl/builtins/StandardNames
instanceKlass kotlin/reflect/jvm/internal/impl/builtins/jvm/JavaToKotlinClassMap
instanceKlass kotlin/jvm/functions/Function22
instanceKlass kotlin/jvm/functions/Function21
instanceKlass kotlin/jvm/functions/Function20
instanceKlass kotlin/jvm/functions/Function19
instanceKlass kotlin/jvm/functions/Function18
instanceKlass kotlin/jvm/functions/Function17
instanceKlass kotlin/jvm/functions/Function16
instanceKlass kotlin/jvm/functions/Function15
instanceKlass kotlin/jvm/functions/Function14
instanceKlass kotlin/jvm/functions/Function13
instanceKlass kotlin/jvm/functions/Function12
instanceKlass kotlin/jvm/functions/Function11
instanceKlass kotlin/jvm/functions/Function10
instanceKlass kotlin/jvm/functions/Function9
instanceKlass kotlin/jvm/functions/Function8
instanceKlass kotlin/jvm/functions/Function7
instanceKlass kotlin/jvm/functions/Function6
instanceKlass kotlin/jvm/functions/Function5
instanceKlass kotlin/jvm/functions/Function4
instanceKlass kotlin/jvm/functions/Function3
instanceKlass kotlin/reflect/jvm/internal/pcollections/ConsPStack$Itr
instanceKlass kotlin/reflect/jvm/internal/impl/descriptors/runtime/structure/ReflectClassUtilKt
instanceKlass kotlin/reflect/jvm/internal/impl/name/ClassId
instanceKlass kotlin/reflect/jvm/internal/impl/name/FqNameUnsafe$1
instanceKlass kotlin/reflect/jvm/internal/impl/name/Name
instanceKlass kotlin/reflect/jvm/internal/impl/name/FqNameUnsafe
instanceKlass kotlin/reflect/jvm/internal/impl/name/FqName
instanceKlass kotlin/reflect/jvm/internal/RuntimeTypeMapper
instanceKlass sun/reflect/misc/ReflectUtil
instanceKlass java/util/concurrent/atomic/AtomicReferenceFieldUpdater$AtomicReferenceFieldUpdaterImpl$1
instanceKlass java/util/concurrent/atomic/AtomicReferenceFieldUpdater
instanceKlass kotlin/SafePublicationLazyImpl$Companion
instanceKlass kotlin/SafePublicationLazyImpl
instanceKlass kotlin/LazyKt__LazyJVMKt$WhenMappings
instanceKlass kotlin/reflect/jvm/internal/KPropertyImpl$Companion
instanceKlass kotlin/reflect/jvm/internal/KCallableImpl
instanceKlass kotlin/reflect/jvm/internal/KDeclarationContainerImpl$Data
instanceKlass org/jetbrains/kotlin/progress/ProgressIndicatorAndCompilationCanceledStatus
instanceKlass org/jetbrains/kotlin/progress/CompilationCanceledStatus
instanceKlass org/jetbrains/kotlin/com/google/common/collect/LinkedHashMultimap$1
instanceKlass  @bci java/util/stream/MatchOps makeRef (Ljava/util/function/Predicate;Ljava/util/stream/MatchOps$MatchKind;)Ljava/util/stream/TerminalOp; 20 <appendix> member <vmtarget> ; # java/util/stream/MatchOps$$Lambda+0x00000001001440a0
instanceKlass java/util/stream/MatchOps$BooleanTerminalSink
instanceKlass java/util/stream/Sink
instanceKlass java/util/stream/MatchOps$MatchOp
instanceKlass java/util/stream/TerminalOp
instanceKlass java/util/stream/MatchOps
instanceKlass  @bci org/jetbrains/kotlin/cli/common/messages/GroupingMessageCollector hasExplicitErrors ()Z 14 <appendix> argL0 ; # org/jetbrains/kotlin/cli/common/messages/GroupingMessageCollector$$Lambda+0x000000010010d340
instanceKlass java/util/function/Predicate
instanceKlass java/util/EnumMap$1
instanceKlass java/util/stream/StreamOpFlag$MaskBuilder
instanceKlass java/util/stream/PipelineHelper
instanceKlass java/util/stream/Stream
instanceKlass java/util/stream/BaseStream
instanceKlass java/util/stream/StreamSupport
instanceKlass java/util/Spliterators$IteratorSpliterator
instanceKlass java/util/Spliterator$OfDouble
instanceKlass java/util/Spliterator$OfLong
instanceKlass java/util/Spliterator$OfInt
instanceKlass java/util/Spliterator$OfPrimitive
instanceKlass java/util/Spliterators$EmptySpliterator
instanceKlass java/util/Spliterator
instanceKlass java/util/Spliterators
instanceKlass  @bci org/jetbrains/kotlin/utils/KotlinPathsFromHomeDir <init> (Ljava/io/File;)V 26 <appendix> argL0 ; # org/jetbrains/kotlin/utils/KotlinPathsFromHomeDir$$Lambda+0x0000000100107c50
instanceKlass org/jetbrains/kotlin/utils/KotlinPathsFromBaseDirectory
instanceKlass org/jetbrains/kotlin/com/intellij/openapi/application/PathManager
instanceKlass  @bci java/util/regex/Pattern DOT ()Ljava/util/regex/Pattern$CharPredicate; 0 <appendix> argL0 ; # java/util/regex/Pattern$$Lambda+0x00000001000bd690
instanceKlass  @bci java/util/regex/Pattern union (Ljava/util/regex/Pattern$CharPredicate;Ljava/util/regex/Pattern$CharPredicate;Z)Ljava/util/regex/Pattern$CharPredicate; 6 <appendix> member <vmtarget> ; # java/util/regex/Pattern$$Lambda+0x00000001000bd3c8
instanceKlass java/util/regex/Pattern$BitClass
instanceKlass org/jetbrains/kotlin/utils/PathUtil
instanceKlass org/jetbrains/kotlin/config/JvmTarget$Companion
instanceKlass org/jetbrains/kotlin/platform/TargetPlatformVersion
instanceKlass org/jetbrains/kotlin/config/JVMConfigurationKeys
instanceKlass org/jetbrains/kotlin/cli/jvm/JvmArgumentsKt
instanceKlass  @bci org/jetbrains/kotlin/resolve/lazy/LazyImportScope getClassifier (Lorg/jetbrains/kotlin/resolve/lazy/LazyImportResolver;Lorg/jetbrains/kotlin/name/Name;Lorg/jetbrains/kotlin/incremental/components/LookupLocation;)Lorg/jetbrains/kotlin/descriptors/ClassifierDescriptor; 11 <appendix> form vmentry <vmtarget> ; # java/lang/invoke/LambdaForm$DMH+0x0000000100108000
instanceKlass  @bci org/jetbrains/kotlin/cli/common/arguments/JavaTypeEnhancementStateParser parse ([Ljava/lang/String;Ljava/lang/String;Ljava/lang/String;[Ljava/lang/String;)Lorg/jetbrains/kotlin/load/java/JavaTypeEnhancementState; 143 <appendix> member <vmtarget> ; # org/jetbrains/kotlin/cli/common/arguments/JavaTypeEnhancementStateParser$$Lambda+0x00000001001065c8
instanceKlass org/jetbrains/kotlin/utils/WrappedValues$ThrowableWrapper
instanceKlass org/jetbrains/kotlin/config/LanguageVersionSettingsKt
instanceKlass org/jetbrains/kotlin/cli/common/messages/MessageCollector$Companion$NONE$1
instanceKlass org/jetbrains/kotlin/cli/common/messages/MessageCollector$Companion
instanceKlass org/jetbrains/kotlin/cli/common/arguments/JavaTypeEnhancementStateParser$Companion
instanceKlass org/jetbrains/kotlin/cli/common/arguments/JavaTypeEnhancementStateParser
instanceKlass org/jetbrains/kotlin/config/JvmAnalysisFlags$Delegates$JvmDefaultModeDisabledByDefault
instanceKlass org/jetbrains/kotlin/utils/WrappedValues$1
instanceKlass org/jetbrains/kotlin/utils/WrappedValues
instanceKlass kotlin/collections/EmptyIterator
instanceKlass org/jetbrains/kotlin/name/FqNamesUtilKt
instanceKlass org/jetbrains/kotlin/load/java/NullabilityAnnotationStates$Companion
instanceKlass  @bci org/jetbrains/kotlin/load/java/Jsr305Settings <init> (Lorg/jetbrains/kotlin/load/java/ReportLevel;Lorg/jetbrains/kotlin/load/java/ReportLevel;Ljava/util/Map;)V 33 <appendix> member <vmtarget> ; # org/jetbrains/kotlin/load/java/Jsr305Settings$$Lambda+0x0000000100103cf0
instanceKlass org/jetbrains/kotlin/load/java/Jsr305Settings
instanceKlass org/jetbrains/kotlin/storage/LockBasedStorageManager$MapBasedMemoizedFunction
instanceKlass  @bci org/jetbrains/kotlin/load/java/NullabilityAnnotationStatesImpl <init> (Ljava/util/Map;)V 34 <appendix> member <vmtarget> ; # org/jetbrains/kotlin/load/java/NullabilityAnnotationStatesImpl$$Lambda+0x00000001001035c8
instanceKlass org/jetbrains/kotlin/storage/DefaultSimpleLock
instanceKlass org/jetbrains/kotlin/storage/SimpleLock$Companion
instanceKlass org/jetbrains/kotlin/storage/EmptySimpleLock
instanceKlass org/jetbrains/kotlin/storage/LockBasedStorageManager$ExceptionHandlingStrategy$1
instanceKlass org/jetbrains/kotlin/storage/LockBasedStorageManager$ExceptionHandlingStrategy
instanceKlass org/jetbrains/kotlin/storage/MemoizedFunctionToNotNull
instanceKlass org/jetbrains/kotlin/storage/NullableLazyValue
instanceKlass org/jetbrains/kotlin/storage/MemoizedFunctionToNullable
instanceKlass org/jetbrains/kotlin/storage/CacheWithNullableValues
instanceKlass org/jetbrains/kotlin/storage/CacheWithNotNullValues
instanceKlass org/jetbrains/kotlin/storage/NotNullLazyValue
instanceKlass org/jetbrains/kotlin/storage/SimpleLock
instanceKlass org/jetbrains/kotlin/storage/LockBasedStorageManager
instanceKlass org/jetbrains/kotlin/storage/StorageManager
instanceKlass kotlin/TuplesKt
instanceKlass kotlin/KotlinVersionCurrentValue
instanceKlass kotlin/KotlinVersion$Companion
instanceKlass kotlin/KotlinVersion
instanceKlass org/jetbrains/kotlin/load/java/ReportLevel$Companion
instanceKlass org/jetbrains/kotlin/load/java/JavaNullabilityAnnotationsStatus$Companion
instanceKlass org/jetbrains/kotlin/load/java/JavaNullabilityAnnotationsStatus
instanceKlass kotlin/Pair
instanceKlass org/jetbrains/kotlin/load/java/NullabilityAnnotationStatesImpl
instanceKlass org/jetbrains/kotlin/load/java/NullabilityAnnotationStates
instanceKlass org/jetbrains/kotlin/load/java/JavaNullabilityAnnotationSettingsKt
instanceKlass org/jetbrains/kotlin/load/java/JavaTypeEnhancementState$Companion
instanceKlass org/jetbrains/kotlin/load/java/JavaTypeEnhancementState
instanceKlass org/jetbrains/kotlin/config/JvmAnalysisFlags$Delegates$JavaTypeEnhancementStateWarnByDefault
instanceKlass org/jetbrains/kotlin/config/JvmAnalysisFlags
instanceKlass org/jetbrains/kotlin/config/AnalysisFlag$Delegates$ApiModeDisabledByDefault
instanceKlass org/jetbrains/kotlin/config/AnalysisFlag$Delegates$ListOfStrings
instanceKlass org/jetbrains/kotlin/config/AnalysisFlag
instanceKlass org/jetbrains/kotlin/config/AnalysisFlag$Delegate
instanceKlass kotlin/properties/ReadOnlyProperty
instanceKlass org/jetbrains/kotlin/config/AnalysisFlag$Delegates$Boolean
instanceKlass kotlin/reflect/KProperty$Getter
instanceKlass kotlin/reflect/KProperty$Accessor
instanceKlass org/jetbrains/kotlin/config/AnalysisFlags
instanceKlass org/jetbrains/kotlin/config/LanguageVersionSettingsImpl$Companion
instanceKlass org/jetbrains/kotlin/config/LanguageVersionSettings$Companion
instanceKlass org/jetbrains/kotlin/config/LanguageVersionSettingsImpl
instanceKlass java/math/MutableBigInteger
instanceKlass org/jetbrains/kotlin/config/MavenComparableVersion$IntegerItem
instanceKlass org/jetbrains/kotlin/config/MavenComparableVersion$Item
instanceKlass org/jetbrains/kotlin/config/MavenComparableVersion
instanceKlass org/jetbrains/kotlin/config/ApiVersion$Companion
instanceKlass org/jetbrains/kotlin/config/ApiVersion
instanceKlass kotlin/collections/AbstractList$IteratorImpl
instanceKlass org/jetbrains/kotlin/config/LanguageVersion$Companion
instanceKlass org/jetbrains/kotlin/config/IrVerificationMode$Companion
instanceKlass org/jetbrains/kotlin/config/IncrementalCompilation
instanceKlass org/jetbrains/kotlin/cli/common/UtilsKt
instanceKlass org/jetbrains/kotlin/config/CommonConfigurationKeysKt
instanceKlass org/jetbrains/kotlin/com/google/common/collect/AbstractMapEntry
instanceKlass org/jetbrains/kotlin/com/google/common/collect/LinkedHashMultimap$ValueSetLink
instanceKlass org/jetbrains/kotlin/com/google/common/collect/CollectPreconditions
instanceKlass org/jetbrains/kotlin/com/google/common/base/Preconditions
instanceKlass org/jetbrains/kotlin/com/google/common/collect/SortedMapDifference
instanceKlass org/jetbrains/kotlin/com/google/common/collect/MapDifference
instanceKlass org/jetbrains/kotlin/com/google/common/collect/ImmutableMap
instanceKlass org/jetbrains/kotlin/com/google/common/base/Converter
instanceKlass org/jetbrains/kotlin/com/google/common/collect/Maps$EntryTransformer
instanceKlass org/jetbrains/kotlin/com/google/common/collect/BiMap
instanceKlass org/jetbrains/kotlin/com/google/common/base/Function
instanceKlass org/jetbrains/kotlin/com/google/common/collect/UnmodifiableIterator
instanceKlass org/jetbrains/kotlin/com/google/common/collect/Maps
instanceKlass org/jetbrains/kotlin/com/google/common/collect/Platform
instanceKlass org/jetbrains/kotlin/com/google/common/collect/Multiset
instanceKlass org/jetbrains/kotlin/com/google/common/collect/AbstractMultimap
instanceKlass org/jetbrains/kotlin/com/google/common/collect/SetMultimap
instanceKlass org/jetbrains/kotlin/com/google/common/collect/Multimap
instanceKlass org/jetbrains/kotlin/cli/common/messages/GroupingMessageCollector
instanceKlass org/jetbrains/kotlin/config/CommonConfigurationKeys
instanceKlass org/jetbrains/kotlin/it/unimi/dsi/fastutil/HashCommon
instanceKlass org/jetbrains/kotlin/it/unimi/dsi/fastutil/ints/Int2ObjectMap$FastEntrySet
instanceKlass org/jetbrains/kotlin/it/unimi/dsi/fastutil/objects/ObjectSet
instanceKlass org/jetbrains/kotlin/it/unimi/dsi/fastutil/ints/IntSet
instanceKlass org/jetbrains/kotlin/it/unimi/dsi/fastutil/ints/IntCollection
instanceKlass org/jetbrains/kotlin/it/unimi/dsi/fastutil/ints/IntIterable
instanceKlass org/jetbrains/kotlin/it/unimi/dsi/fastutil/objects/ObjectCollection
instanceKlass org/jetbrains/kotlin/it/unimi/dsi/fastutil/objects/ObjectIterable
instanceKlass org/jetbrains/kotlin/it/unimi/dsi/fastutil/ints/AbstractInt2ObjectFunction
instanceKlass org/jetbrains/kotlin/it/unimi/dsi/fastutil/Hash
instanceKlass org/jetbrains/kotlin/it/unimi/dsi/fastutil/ints/Int2ObjectMap
instanceKlass org/jetbrains/kotlin/it/unimi/dsi/fastutil/ints/Int2ObjectFunction
instanceKlass java/util/function/IntFunction
instanceKlass org/jetbrains/kotlin/it/unimi/dsi/fastutil/Function
instanceKlass org/jetbrains/kotlin/com/intellij/util/containers/IntKeyWeakValueHashMap
instanceKlass org/jetbrains/kotlin/com/intellij/openapi/util/Key
instanceKlass org/jetbrains/kotlin/config/CompilerConfigurationKey
instanceKlass org/jetbrains/kotlin/cli/common/CLIConfigurationKeys
instanceKlass org/jetbrains/kotlin/utils/SmartList$EmptyIterator
instanceKlass org/jetbrains/kotlin/cli/common/ArgumentsKt
instanceKlass java/net/URLConnection
instanceKlass org/jetbrains/kotlin/cli/common/messages/PrintingMessageCollector
instanceKlass kotlin/jvm/internal/CollectionToArray
# instanceKlass java/lang/invoke/LambdaForm$MH+0x00000001000ea800
# instanceKlass java/lang/invoke/LambdaForm$MH+0x00000001000ea400
# instanceKlass java/lang/invoke/LambdaForm$MH+0x00000001000ea000
instanceKlass  @cpi org/jetbrains/kotlin/com/intellij/openapi/extensions/impl/ExtensionPointImpl 251 form vmentry <vmtarget> ; # java/lang/invoke/LambdaForm$DMH+0x00000001000e9c00
# instanceKlass java/lang/invoke/LambdaForm$MH+0x00000001000e9800
# instanceKlass java/lang/invoke/LambdaForm$MH+0x00000001000e9400
# instanceKlass java/lang/invoke/LambdaForm$MH+0x00000001000e9000
# instanceKlass java/lang/invoke/LambdaForm$BMH+0x00000001000e8c00
# instanceKlass java/lang/invoke/LambdaForm$MH+0x00000001000e8800
# instanceKlass java/lang/invoke/LambdaForm$DMH+0x00000001000e8400
instanceKlass java/lang/invoke/ClassSpecializer$Factory$1Var
instanceKlass java/lang/invoke/MethodHandles$1
# instanceKlass java/lang/invoke/LambdaForm$DMH+0x00000001000e8000
instanceKlass sun/invoke/util/ValueConversions$1
instanceKlass sun/invoke/util/ValueConversions$WrapperCache
# instanceKlass java/lang/invoke/LambdaForm$DMH+0x00000001000d8c00
instanceKlass kotlin/reflect/jvm/internal/pcollections/MapEntry
instanceKlass kotlin/reflect/jvm/internal/ReflectProperties$Val$1
instanceKlass kotlin/reflect/jvm/internal/ReflectProperties$Val
instanceKlass kotlin/reflect/jvm/internal/ReflectProperties
instanceKlass  @bci java/util/regex/CharPredicates ASCII_DIGIT ()Ljava/util/regex/Pattern$BmpCharPredicate; 0 <appendix> argL0 ; # java/util/regex/CharPredicates$$Lambda+0x00000001000b79f0
instanceKlass java/util/regex/CharPredicates
instanceKlass kotlin/text/Regex$Companion
instanceKlass kotlin/text/Regex
instanceKlass kotlin/jvm/internal/DefaultConstructorMarker
instanceKlass kotlin/reflect/jvm/internal/KDeclarationContainerImpl$Companion
instanceKlass kotlin/reflect/jvm/internal/KTypeParameterOwnerImpl
instanceKlass kotlin/reflect/jvm/internal/KClassifierImpl
instanceKlass kotlin/reflect/jvm/internal/pcollections/ConsPStack
instanceKlass kotlin/reflect/jvm/internal/pcollections/IntTree
instanceKlass kotlin/reflect/jvm/internal/pcollections/IntTreePMap
instanceKlass kotlin/reflect/jvm/internal/pcollections/HashPMap
instanceKlass kotlin/reflect/jvm/internal/KClassCacheKt
instanceKlass kotlin/reflect/jvm/internal/KDeclarationContainerImpl
instanceKlass kotlin/jvm/internal/ClassBasedDeclarationContainer
instanceKlass kotlin/reflect/KTypeParameter
instanceKlass kotlin/reflect/KMutableProperty0
instanceKlass kotlin/reflect/KProperty0
instanceKlass kotlin/reflect/KMutableProperty2
instanceKlass kotlin/reflect/KProperty2
instanceKlass kotlin/reflect/KMutableProperty1
instanceKlass kotlin/reflect/KMutableProperty
instanceKlass kotlin/reflect/KProperty1
instanceKlass kotlin/reflect/KProperty
instanceKlass kotlin/reflect/KType
instanceKlass kotlin/reflect/KClass
instanceKlass kotlin/jvm/internal/ReflectionFactory
instanceKlass kotlin/reflect/KClassifier
instanceKlass kotlin/jvm/internal/Reflection
instanceKlass kotlin/jvm/JvmClassMappingKt
# instanceKlass java/lang/invoke/LambdaForm$MH+0x00000001000d8800
instanceKlass java/lang/invoke/MethodHandle$1
instanceKlass org/jetbrains/kotlin/config/LanguageOrApiVersion
instanceKlass org/jetbrains/kotlin/utils/DescriptionAware
instanceKlass org/jetbrains/kotlin/config/LanguageVersionSettings
instanceKlass org/jetbrains/kotlin/cli/common/messages/MessageCollector
instanceKlass kotlin/collections/builders/MapBuilder$EntryRef
instanceKlass kotlin/jvm/internal/markers/KMutableMap$Entry
instanceKlass kotlin/collections/builders/MapBuilder$Itr
instanceKlass kotlin/jvm/internal/markers/KMutableIterator
instanceKlass org/jetbrains/kotlin/cli/common/arguments/ArgumentField
instanceKlass org/jetbrains/kotlin/util/capitalizeDecapitalize/CapitalizeDecapitalizeKt
instanceKlass kotlin/_Assertions
instanceKlass org/jetbrains/kotlin/name/ClassId$Companion
instanceKlass org/jetbrains/kotlin/name/ClassId
instanceKlass org/jetbrains/kotlin/name/FqNameUnsafe$1
instanceKlass java/util/regex/Pattern$TreeInfo
instanceKlass  @bci java/util/regex/Pattern Single (I)Ljava/util/regex/Pattern$BmpCharPredicate; 1 <appendix> member <vmtarget> ; # java/util/regex/Pattern$$Lambda+0x00000001000b5288
instanceKlass java/util/regex/Pattern$BmpCharPredicate
instanceKlass java/util/regex/Pattern$CharPredicate
instanceKlass java/util/regex/Pattern$Node
instanceKlass java/util/regex/Pattern
instanceKlass org/jetbrains/kotlin/name/Name
instanceKlass org/jetbrains/kotlin/name/FqNameUnsafe
instanceKlass org/jetbrains/kotlin/name/FqName
instanceKlass org/jetbrains/kotlin/load/java/JvmAbi
instanceKlass kotlin/Metadata
instanceKlass java/lang/annotation/Target
# instanceKlass java/lang/invoke/LambdaForm$MH+0x00000001000d8400
instanceKlass  @bci java/sql/DriverManager ensureDriversInitialized ()V 54 <appendix> form vmentry <vmtarget> ; # java/lang/invoke/LambdaForm$MH+0x00000001000d8000
instanceKlass java/lang/reflect/Proxy$ProxyBuilder$1
instanceKlass jdk/internal/org/objectweb/asm/Edge
instanceKlass  @bci java/lang/reflect/ProxyGenerator addProxyMethod (Ljava/lang/reflect/Method;Ljava/lang/Class;)V 23 <appendix> argL0 ; # java/lang/reflect/ProxyGenerator$$Lambda+0x00000001000b21c8
instanceKlass  @bci java/lang/reflect/ProxyGenerator addProxyMethod (Ljava/lang/reflect/ProxyGenerator$ProxyMethod;)V 10 <appendix> argL0 ; # java/lang/reflect/ProxyGenerator$$Lambda+0x00000001000b1f58
instanceKlass java/util/StringJoiner
instanceKlass java/lang/reflect/ProxyGenerator$ProxyMethod
instanceKlass  @bci java/lang/reflect/Proxy getLoader (Ljava/lang/Module;)Ljava/lang/ClassLoader; 6 <appendix> member <vmtarget> ; # java/lang/reflect/Proxy$$Lambda+0x00000001000b12a0
instanceKlass  @bci java/lang/WeakPairMap computeIfAbsent (Ljava/lang/Object;Ljava/lang/Object;Ljava/util/function/BiFunction;)Ljava/lang/Object; 18 <appendix> member <vmtarget> ; # java/lang/WeakPairMap$$Lambda+0x00000001000b0de8
instanceKlass  @bci java/lang/Module implAddExportsOrOpens (Ljava/lang/String;Ljava/lang/Module;ZZ)V 145 <appendix> argL0 ; # java/lang/Module$$Lambda+0x00000001000b0b88
instanceKlass  @bci java/lang/module/ModuleDescriptor$Builder packages (Ljava/util/Set;)Ljava/lang/module/ModuleDescriptor$Builder; 17 <appendix> argL0 ; # java/lang/module/ModuleDescriptor$Builder$$Lambda+0x00000001000afb48
instanceKlass java/lang/WeakPairMap$Pair$Lookup
instanceKlass java/lang/WeakPairMap$Pair
instanceKlass java/lang/WeakPairMap
instanceKlass java/lang/Module$ReflectionData
instanceKlass java/util/function/Consumer
instanceKlass jdk/internal/module/Checks
instanceKlass java/lang/module/ModuleDescriptor$Builder
instanceKlass  @bci java/lang/reflect/Proxy$ProxyBuilder getDynamicModule (Ljava/lang/ClassLoader;)Ljava/lang/Module; 4 <appendix> argL0 ; # java/lang/reflect/Proxy$ProxyBuilder$$Lambda+0x00000001000ae938
instanceKlass java/util/LinkedHashMap$LinkedHashIterator
instanceKlass java/lang/PublicMethods
instanceKlass java/util/Collections$1
instanceKlass java/lang/reflect/Proxy$ProxyBuilder
instanceKlass  @bci java/lang/reflect/Proxy getProxyConstructor (Ljava/lang/Class;Ljava/lang/ClassLoader;[Ljava/lang/Class;)Ljava/lang/reflect/Constructor; 35 <appendix> argL0 ; # java/lang/reflect/Proxy$$Lambda+0x00000001000ad078
instanceKlass java/lang/ClassValue$Version
instanceKlass java/lang/ClassValue$Identity
instanceKlass java/lang/ClassValue
instanceKlass java/lang/reflect/Proxy
instanceKlass sun/reflect/annotation/AnnotationInvocationHandler
instanceKlass java/lang/reflect/InvocationHandler
instanceKlass sun/reflect/annotation/AnnotationParser$1
instanceKlass kotlin/annotation/Target
instanceKlass java/lang/annotation/Inherited
instanceKlass java/lang/annotation/Retention
instanceKlass sun/reflect/annotation/ExceptionProxy
instanceKlass sun/reflect/annotation/AnnotationType$1
instanceKlass sun/reflect/annotation/AnnotationType
instanceKlass java/lang/reflect/GenericArrayType
instanceKlass sun/reflect/generics/visitor/Reifier
instanceKlass sun/reflect/generics/visitor/TypeTreeVisitor
instanceKlass sun/reflect/generics/factory/CoreReflectionFactory
instanceKlass sun/reflect/generics/factory/GenericsFactory
instanceKlass sun/reflect/generics/scope/AbstractScope
instanceKlass sun/reflect/generics/scope/Scope
instanceKlass sun/reflect/generics/tree/ClassTypeSignature
instanceKlass sun/reflect/generics/tree/SimpleClassTypeSignature
instanceKlass sun/reflect/generics/tree/FieldTypeSignature
instanceKlass sun/reflect/generics/tree/BaseType
instanceKlass sun/reflect/generics/tree/TypeSignature
instanceKlass sun/reflect/generics/tree/ReturnType
instanceKlass sun/reflect/generics/tree/TypeArgument
instanceKlass sun/reflect/generics/tree/TypeTree
instanceKlass sun/reflect/generics/tree/Tree
instanceKlass sun/reflect/generics/parser/SignatureParser
instanceKlass kotlin/jvm/internal/markers/KMutableSet
instanceKlass kotlin/jvm/internal/markers/KMutableCollection
instanceKlass kotlin/jvm/internal/markers/KMutableIterable
instanceKlass sun/reflect/annotation/AnnotationParser
instanceKlass org/jetbrains/kotlin/cli/common/arguments/Argument
instanceKlass kotlin/jvm/internal/ArrayIterator
instanceKlass kotlin/jvm/internal/ArrayIteratorKt
instanceKlass kotlin/collections/EmptySet
instanceKlass kotlin/collections/EmptyMap
instanceKlass kotlin/ranges/RangesKt__RangesKt
instanceKlass kotlin/collections/builders/ListBuilderKt
instanceKlass kotlin/collections/builders/MapBuilder$Companion
instanceKlass kotlin/collections/builders/MapBuilder
instanceKlass kotlin/jvm/internal/markers/KMutableMap
instanceKlass kotlin/collections/MapsKt__MapWithDefaultKt
instanceKlass java/io/FileInputStream$1
instanceKlass kotlin/io/CloseableKt
instanceKlass kotlin/text/CharsKt__CharJVMKt
instanceKlass java/nio/charset/CoderResult
instanceKlass kotlin/sequences/GeneratorSequence$iterator$1
instanceKlass java/lang/invoke/VarHandle$AccessDescriptor
instanceKlass kotlin/sequences/ConstrainedOnceSequence
instanceKlass kotlin/jvm/internal/Lambda
instanceKlass kotlin/sequences/GeneratorSequence
instanceKlass kotlin/sequences/Sequence
instanceKlass kotlin/sequences/SequencesKt__SequenceBuilderKt
instanceKlass  @bci org/jetbrains/kotlin/cli/common/arguments/PreprocessCommandLineArgumentsKt expand (Ljava/io/File;Lorg/jetbrains/kotlin/cli/common/arguments/ArgumentParseErrors;)Ljava/util/List; 85 <appendix> member <vmtarget> ; # org/jetbrains/kotlin/cli/common/arguments/PreprocessCommandLineArgumentsKt$$Lambda+0x00000001000d13b8
instanceKlass java/io/Reader
instanceKlass java/lang/Readable
instanceKlass kotlin/text/Charsets
instanceKlass java/util/Arrays$ArrayItr
instanceKlass org/jetbrains/kotlin/cli/common/arguments/PreprocessCommandLineArgumentsKt
instanceKlass kotlin/UNINITIALIZED_VALUE
instanceKlass kotlin/SynchronizedLazyImpl
instanceKlass kotlin/Lazy
instanceKlass kotlin/LazyKt__LazyJVMKt
instanceKlass  @bci org/jetbrains/kotlin/cli/common/arguments/ParseCommandLineArgumentsKt parseCommandLineArguments (Ljava/util/List;Lorg/jetbrains/kotlin/cli/common/arguments/CommonToolArguments;Z)V 13 <appendix> member <vmtarget> ; # org/jetbrains/kotlin/cli/common/arguments/ParseCommandLineArgumentsKt$$Lambda+0x00000001000cca40
instanceKlass org/jetbrains/kotlin/cli/common/arguments/ArgumentParseErrors
instanceKlass kotlin/jvm/functions/Function0
instanceKlass org/jetbrains/kotlin/cli/common/arguments/ParseCommandLineArgumentsKt
instanceKlass kotlin/collections/ArraysUtilJVM
instanceKlass kotlin/collections/ArraysKt__ArraysJVMKt
instanceKlass java/lang/ProcessEnvironment$CheckedEntry
instanceKlass java/lang/ProcessEnvironment$CheckedEntrySet$1
instanceKlass java/lang/ProcessEnvironment$EntryComparator
instanceKlass java/lang/ProcessEnvironment$NameComparator
instanceKlass org/jetbrains/kotlin/config/JvmDefaultMode$Companion
instanceKlass org/jetbrains/kotlin/config/JVMAssertionsMode$Companion
instanceKlass org/jetbrains/kotlin/config/ExplicitApiMode$Companion
instanceKlass kotlin/collections/EmptyList
instanceKlass kotlin/collections/CollectionsKt__CollectionsJVMKt
instanceKlass org/jetbrains/kotlin/cli/common/arguments/K2JVMCompilerArguments$Companion
instanceKlass org/jetbrains/kotlin/cli/common/arguments/CommonCompilerArguments$Companion
instanceKlass org/jetbrains/kotlin/cli/common/arguments/CommonToolArguments$Companion
instanceKlass org/jetbrains/kotlin/config/Services$Builder
instanceKlass org/jetbrains/kotlin/config/Services$Companion
instanceKlass org/jetbrains/kotlin/cli/common/messages/XcodeStyleMessageRenderer
instanceKlass org/jetbrains/kotlin/cli/common/messages/GradleStyleMessageRenderer
# instanceKlass java/lang/invoke/LambdaForm$MH+0x00000001000cc000
instanceKlass jdk/internal/reflect/MethodHandleAccessorFactory$LazyStaticHolder
instanceKlass java/lang/Class$3
instanceKlass org/jetbrains/kotlin/cli/common/messages/CompilerMessageSeverity$Companion
instanceKlass kotlin/text/StringsKt__AppendableKt
instanceKlass org/jetbrains/kotlin/cli/common/PropertiesKt
instanceKlass org/jetbrains/kotlin/cli/common/messages/PlainTextMessageRenderer
instanceKlass org/jetbrains/kotlin/cli/common/messages/XmlMessageRenderer
instanceKlass org/jetbrains/kotlin/cli/common/messages/MessageRenderer
instanceKlass org/jetbrains/kotlin/com/intellij/util/ArrayUtilRt
instanceKlass java/lang/invoke/VarForm
instanceKlass java/lang/invoke/VarHandleGuards
instanceKlass java/lang/invoke/VarHandles
instanceKlass java/util/concurrent/atomic/AtomicReference
instanceKlass org/jetbrains/kotlin/com/intellij/util/containers/ConcurrentIntObjectMap
instanceKlass org/jetbrains/kotlin/com/intellij/util/containers/IntObjectMap
instanceKlass org/jetbrains/kotlin/com/intellij/util/containers/ConcurrentList
instanceKlass org/jetbrains/kotlin/com/intellij/util/containers/ContainerUtil
instanceKlass org/jetbrains/kotlin/com/intellij/openapi/application/ApplicationManager
instanceKlass  @bci java/util/logging/Level$KnownLevel add (Ljava/util/logging/Level;)V 49 <appendix> argL0 ; # java/util/logging/Level$KnownLevel$$Lambda+0x000000010009e988
instanceKlass  @bci java/util/logging/Level$KnownLevel add (Ljava/util/logging/Level;)V 19 <appendix> argL0 ; # java/util/logging/Level$KnownLevel$$Lambda+0x000000010009e718
instanceKlass java/util/logging/Level
instanceKlass  @bci org/sqlite/core/CoreStatement exec ()Z 128 <appendix> form vmentry <vmtarget> ; # java/lang/invoke/LambdaForm$MH+0x00000001000c4000
instanceKlass java/util/ArrayList$Itr
instanceKlass java/lang/invoke/InvokerBytecodeGenerator$ClassData
instanceKlass jdk/internal/org/objectweb/asm/Frame
instanceKlass java/lang/invoke/LambdaFormBuffer
instanceKlass java/lang/invoke/LambdaFormEditor$TransformKey
instanceKlass java/lang/invoke/LambdaFormEditor
instanceKlass java/lang/invoke/DelegatingMethodHandle$Holder
instanceKlass java/lang/invoke/DirectMethodHandle$2
instanceKlass java/lang/invoke/ClassSpecializer$Factory
instanceKlass java/lang/invoke/ClassSpecializer$SpeciesData
instanceKlass java/lang/invoke/ClassSpecializer$1
instanceKlass java/lang/invoke/ClassSpecializer
instanceKlass  @bci org/jetbrains/kotlin/com/intellij/openapi/diagnostic/Logger <clinit> ()V 11 <appendix> argL0 ; # org/jetbrains/kotlin/com/intellij/openapi/diagnostic/Logger$$Lambda+0x00000001000c2de0
instanceKlass org/jetbrains/kotlin/com/intellij/openapi/diagnostic/Attachment
instanceKlass org/jetbrains/kotlin/com/intellij/openapi/diagnostic/Logger$DefaultFactory
instanceKlass org/jetbrains/kotlin/com/intellij/openapi/diagnostic/Logger$Factory
instanceKlass org/jetbrains/kotlin/com/intellij/openapi/diagnostic/Logger
instanceKlass org/jetbrains/kotlin/cli/jvm/compiler/IdeaStandaloneExecutionSetup
instanceKlass org/jetbrains/kotlin/cli/jvm/compiler/CompatKt
instanceKlass kotlin/jvm/functions/Function2
instanceKlass kotlin/jvm/internal/CallableReference$NoReceiver
instanceKlass kotlin/reflect/KDeclarationContainer
instanceKlass kotlin/jvm/internal/CallableReference
instanceKlass kotlin/reflect/KFunction
instanceKlass kotlin/reflect/KCallable
instanceKlass kotlin/reflect/KAnnotatedElement
instanceKlass kotlin/jvm/internal/FunctionBase
instanceKlass kotlin/jvm/functions/Function1
instanceKlass kotlin/Function
instanceKlass org/jetbrains/kotlin/cli/common/CompilerSystemProperties$Companion
instanceKlass kotlin/collections/AbstractList$Companion
instanceKlass kotlin/collections/AbstractCollection
instanceKlass kotlin/enums/EnumEntries
instanceKlass kotlin/jvm/internal/markers/KMappedMarker
instanceKlass kotlin/enums/EnumEntriesKt
instanceKlass org/jetbrains/kotlin/util/PerformanceCounter$Companion
instanceKlass org/jetbrains/kotlin/util/PerformanceCounter
instanceKlass sun/nio/ch/Util$BufferCache
instanceKlass sun/nio/ch/Util
instanceKlass sun/nio/ch/IOStatus
instanceKlass sun/nio/ch/NativeThread
instanceKlass java/io/ExternalChannelHolder
instanceKlass sun/nio/ch/NativeThreadSet
instanceKlass sun/nio/ch/IOUtil
instanceKlass sun/nio/ch/NativeDispatcher
instanceKlass java/nio/channels/spi/AbstractInterruptibleChannel
instanceKlass java/nio/channels/InterruptibleChannel
instanceKlass java/nio/channels/ScatteringByteChannel
instanceKlass java/nio/channels/GatheringByteChannel
instanceKlass java/nio/channels/SeekableByteChannel
instanceKlass java/nio/channels/ByteChannel
instanceKlass java/nio/channels/WritableByteChannel
instanceKlass java/nio/channels/ReadableByteChannel
instanceKlass java/nio/channels/Channel
instanceKlass sun/nio/fs/WindowsChannelFactory$2
instanceKlass sun/nio/fs/WindowsChannelFactory$Flags
instanceKlass sun/nio/fs/WindowsChannelFactory$1
instanceKlass sun/nio/fs/WindowsChannelFactory
instanceKlass sun/nio/fs/WindowsSecurityDescriptor
instanceKlass java/nio/file/attribute/FileAttribute
instanceKlass com/jetbrains/internal/IoOverNio$ParentForFileChannelImplHolder
instanceKlass sun/invoke/empty/Empty
instanceKlass sun/invoke/util/VerifyType
instanceKlass  @bci sun/nio/fs/ExtendedOptions$InternalOption registerInternal (Ljava/lang/Object;Ljava/lang/Object;)V 16 <appendix> member <vmtarget> ; # sun/nio/fs/ExtendedOptions$InternalOption$$Lambda+0x0000000100093df0
instanceKlass java/lang/invoke/MethodHandles$Lookup$ClassDefiner
instanceKlass java/lang/invoke/MethodHandles$Lookup$ClassFile
instanceKlass jdk/internal/org/objectweb/asm/Handler
instanceKlass jdk/internal/org/objectweb/asm/AnnotationVisitor
instanceKlass jdk/internal/org/objectweb/asm/Attribute
instanceKlass jdk/internal/org/objectweb/asm/Label
instanceKlass jdk/internal/org/objectweb/asm/MethodVisitor
instanceKlass jdk/internal/org/objectweb/asm/FieldVisitor
instanceKlass java/lang/invoke/LambdaProxyClassArchive
instanceKlass jdk/internal/org/objectweb/asm/ByteVector
instanceKlass jdk/internal/org/objectweb/asm/Symbol
instanceKlass jdk/internal/org/objectweb/asm/SymbolTable
instanceKlass jdk/internal/org/objectweb/asm/ClassVisitor
instanceKlass java/lang/invoke/InfoFromMemberName
instanceKlass java/lang/invoke/MethodHandleInfo
instanceKlass jdk/internal/org/objectweb/asm/ConstantDynamic
instanceKlass sun/invoke/util/BytecodeDescriptor
instanceKlass jdk/internal/org/objectweb/asm/Handle
instanceKlass sun/security/action/GetBooleanAction
instanceKlass jdk/internal/org/objectweb/asm/Type
instanceKlass java/lang/invoke/AbstractValidatingLambdaMetafactory
instanceKlass java/lang/invoke/MethodHandleImpl$1
instanceKlass jdk/internal/access/JavaLangInvokeAccess
instanceKlass java/lang/invoke/Invokers$Holder
instanceKlass java/lang/invoke/BootstrapMethodInvoker
instanceKlass java/lang/invoke/InvokerBytecodeGenerator$1
instanceKlass java/lang/invoke/InvokerBytecodeGenerator
instanceKlass java/lang/invoke/LambdaForm$Holder
instanceKlass java/lang/invoke/LambdaForm$Name
instanceKlass java/lang/invoke/Invokers
instanceKlass java/lang/invoke/MethodHandleImpl
instanceKlass sun/invoke/util/ValueConversions
instanceKlass java/lang/invoke/DirectMethodHandle$Holder
instanceKlass java/lang/invoke/LambdaForm$NamedFunction
instanceKlass sun/invoke/util/Wrapper$Format
instanceKlass java/lang/invoke/MethodTypeForm
instanceKlass jdk/internal/util/StrongReferenceKey
instanceKlass jdk/internal/util/ReferenceKey
instanceKlass jdk/internal/util/ReferencedKeyMap
instanceKlass java/lang/invoke/MethodType$1
instanceKlass java/lang/invoke/LambdaMetafactory
instanceKlass sun/nio/fs/ExtendedOptions$Wrapper
instanceKlass sun/nio/fs/ExtendedOptions$InternalOption
instanceKlass sun/nio/fs/ExtendedOptions
instanceKlass java/io/IoOverNioOsSpecific
instanceKlass java/nio/file/attribute/PosixFileAttributes
instanceKlass java/nio/file/attribute/DosFileAttributeView
instanceKlass jdk/internal/jimage/ImageLocation
instanceKlass jdk/internal/jimage/decompressor/Decompressor
instanceKlass jdk/internal/jimage/ImageStringsReader
instanceKlass jdk/internal/jimage/ImageStrings
instanceKlass jdk/internal/jimage/ImageHeader
instanceKlass jdk/internal/jimage/NativeImageBuffer$1
instanceKlass jdk/internal/jimage/NativeImageBuffer
instanceKlass jdk/internal/jimage/BasicImageReader$1
instanceKlass jdk/internal/jimage/BasicImageReader
instanceKlass jdk/internal/jimage/ImageReader
instanceKlass jdk/internal/jimage/ImageReaderFactory$1
instanceKlass java/net/URI$Parser
instanceKlass java/nio/file/FileSystems$DefaultFileSystemHolder$1
instanceKlass java/nio/file/FileSystems$DefaultFileSystemHolder
instanceKlass java/nio/file/FileSystems
instanceKlass java/nio/file/Paths
instanceKlass jdk/internal/jimage/ImageReaderFactory
instanceKlass jdk/internal/module/SystemModuleFinders$SystemImage
instanceKlass jdk/internal/module/SystemModuleFinders$SystemModuleReader
instanceKlass java/lang/module/ModuleReader
instanceKlass jdk/internal/loader/BuiltinClassLoader$5
instanceKlass jdk/internal/loader/BuiltinClassLoader$2
instanceKlass jdk/internal/module/Resources
instanceKlass kotlin/jvm/internal/Intrinsics
instanceKlass java/util/TreeMap$PrivateEntryIterator
instanceKlass java/util/TreeMap$Entry
instanceKlass java/util/NavigableMap
instanceKlass java/util/SortedMap
instanceKlass java/util/NavigableSet
instanceKlass java/util/SortedSet
instanceKlass java/util/SequencedSet
instanceKlass org/jetbrains/kotlin/cli/jvm/K2JVMCompiler$Companion
instanceKlass org/jetbrains/kotlin/cli/common/CLICompiler$Companion
instanceKlass org/jetbrains/kotlin/cli/common/CLITool$Companion
instanceKlass java/lang/Void
instanceKlass java/lang/PublicMethods$Key
instanceKlass java/lang/PublicMethods$MethodList
instanceKlass org/jetbrains/kotlin/utils/KotlinPaths
instanceKlass org/jetbrains/kotlin/com/intellij/openapi/Disposable
instanceKlass org/jetbrains/kotlin/config/CompilerConfiguration
instanceKlass org/jetbrains/kotlin/cli/common/CommonCompilerPerformanceManager
instanceKlass org/jetbrains/kotlin/config/Services
instanceKlass org/jetbrains/kotlin/cli/common/arguments/Freezable
instanceKlass org/jetbrains/kotlin/utils/exceptions/KotlinExceptionWithAttachments
instanceKlass org/jetbrains/kotlin/com/intellij/openapi/diagnostic/ExceptionWithAttachments
instanceKlass org/jetbrains/kotlin/com/intellij/openapi/diagnostic/ControlFlowException
instanceKlass jdk/internal/misc/PreviewFeatures
instanceKlass jdk/internal/misc/MainMethodFinder
instanceKlass org/jetbrains/kotlin/cli/common/CLITool
instanceKlass java/security/SecureClassLoader$DebugHolder
instanceKlass java/security/Permission
instanceKlass java/security/Guard
instanceKlass java/security/PermissionCollection
instanceKlass java/security/SecureClassLoader$1
instanceKlass java/util/zip/Checksum$1
instanceKlass java/util/zip/CRC32
instanceKlass java/util/zip/Checksum
instanceKlass sun/nio/ByteBuffered
instanceKlass java/lang/Package$VersionInfo
instanceKlass java/lang/NamedPackage
instanceKlass java/lang/reflect/Array
instanceKlass java/util/jar/Attributes$Name
instanceKlass java/util/SequencedMap
instanceKlass java/util/jar/Attributes
instanceKlass jdk/internal/loader/Resource
instanceKlass sun/security/action/GetIntegerAction
instanceKlass sun/security/util/Debug
instanceKlass sun/security/util/SignatureFileVerifier
instanceKlass java/util/zip/ZipFile$InflaterCleanupAction
instanceKlass java/util/zip/Inflater$InflaterZStreamRef
instanceKlass java/util/zip/Inflater
instanceKlass java/util/zip/ZipEntry
instanceKlass java/util/zip/ZipFile$2
instanceKlass java/nio/Bits$1
instanceKlass jdk/internal/misc/VM$BufferPool
instanceKlass java/nio/Bits
instanceKlass sun/nio/ch/DirectBuffer
instanceKlass jdk/internal/perf/PerfCounter$CoreCounters
instanceKlass jdk/internal/perf/Perf
instanceKlass jdk/internal/perf/Perf$GetPerfAction
instanceKlass jdk/internal/perf/PerfCounter
instanceKlass sun/util/locale/LocaleObjectCache
instanceKlass sun/util/locale/BaseLocale$Key
instanceKlass sun/util/locale/LocaleUtils
instanceKlass sun/util/locale/BaseLocale
instanceKlass java/util/Locale
instanceKlass java/nio/file/attribute/FileTime
instanceKlass java/util/zip/ZipUtils
instanceKlass java/util/zip/ZipFile$Source$End
instanceKlass java/util/zip/ZipFile$Source$RandomAccessFileAccessor
instanceKlass java/util/zip/ZipFile$Source$FileAccessor
instanceKlass com/jetbrains/internal/IoOverNio$RecursionGuard
instanceKlass java/io/RandomAccessFile$2
instanceKlass jdk/internal/access/JavaIORandomAccessFileAccess
instanceKlass java/io/RandomAccessFile
instanceKlass java/io/DataInput
instanceKlass java/io/DataOutput
instanceKlass sun/nio/fs/WindowsNativeDispatcher$CompletionStatus
instanceKlass sun/nio/fs/WindowsNativeDispatcher$AclInformation
instanceKlass sun/nio/fs/WindowsNativeDispatcher$Account
instanceKlass sun/nio/fs/WindowsNativeDispatcher$DiskFreeSpace
instanceKlass sun/nio/fs/WindowsNativeDispatcher$VolumeInformation
instanceKlass sun/nio/fs/WindowsNativeDispatcher$FirstStream
instanceKlass sun/nio/fs/WindowsNativeDispatcher$FirstFile
instanceKlass java/util/concurrent/ConcurrentHashMap$Traverser
instanceKlass java/util/Enumeration
instanceKlass jdk/internal/loader/NativeLibraries$3
instanceKlass jdk/internal/loader/NativeLibrary
instanceKlass java/util/ArrayDeque$DeqIterator
instanceKlass jdk/internal/loader/NativeLibraries$NativeLibraryContext$1
instanceKlass jdk/internal/loader/NativeLibraries$NativeLibraryContext
instanceKlass jdk/internal/loader/NativeLibraries$2
instanceKlass jdk/internal/loader/NativeLibraries$1
instanceKlass jdk/internal/loader/NativeLibraries$LibraryPaths
instanceKlass sun/nio/fs/WindowsNativeDispatcher
instanceKlass sun/nio/fs/NativeBuffer$Deallocator
instanceKlass sun/nio/fs/NativeBuffer
instanceKlass sun/nio/fs/NativeBuffers
instanceKlass sun/nio/fs/WindowsFileAttributes
instanceKlass java/nio/file/attribute/DosFileAttributes
instanceKlass sun/nio/fs/AbstractBasicFileAttributeView
instanceKlass sun/nio/fs/DynamicFileAttributeView
instanceKlass sun/nio/fs/WindowsFileAttributeViews
instanceKlass sun/nio/fs/Util
instanceKlass java/nio/file/attribute/BasicFileAttributeView
instanceKlass java/nio/file/attribute/FileAttributeView
instanceKlass java/nio/file/attribute/AttributeView
instanceKlass java/nio/file/Files
instanceKlass java/nio/file/CopyOption
instanceKlass java/nio/file/attribute/BasicFileAttributes
instanceKlass sun/nio/fs/WindowsPath
instanceKlass java/nio/file/Path
instanceKlass java/nio/file/Watchable
instanceKlass java/util/zip/ZipFile$Source$Key
instanceKlass sun/nio/fs/WindowsPathParser$Result
instanceKlass sun/nio/fs/WindowsPathParser
instanceKlass java/nio/file/FileSystem
instanceKlass java/nio/file/OpenOption
instanceKlass java/nio/file/spi/FileSystemProvider
instanceKlass sun/nio/fs/DefaultFileSystemProvider
instanceKlass java/util/zip/ZipFile$Source
instanceKlass java/util/zip/ZipCoder
instanceKlass java/util/zip/ZipFile$CleanableResource
instanceKlass java/lang/Runtime$Version
instanceKlass java/util/jar/JavaUtilJarAccessImpl
instanceKlass jdk/internal/access/JavaUtilJarAccess
instanceKlass jdk/internal/loader/FileURLMapper
instanceKlass jdk/internal/loader/URLClassPath$JarLoader$1
instanceKlass java/util/zip/ZipFile$1
instanceKlass jdk/internal/access/JavaUtilZipFileAccess
instanceKlass java/util/zip/ZipFile
instanceKlass java/util/zip/ZipConstants
instanceKlass jdk/internal/loader/URLClassPath$Loader
instanceKlass jdk/internal/loader/URLClassPath$3
instanceKlass java/security/PrivilegedExceptionAction
instanceKlass sun/net/util/URLUtil
instanceKlass com/jetbrains/internal/IoOverNio$ThreadLocalCloseable
instanceKlass java/lang/ThreadLocal$ThreadLocalMap
instanceKlass java/lang/StringCoding
instanceKlass java/nio/charset/CharsetDecoder
instanceKlass sun/nio/cs/ArrayDecoder
instanceKlass sun/launcher/LauncherHelper
instanceKlass java/lang/invoke/StringConcatFactory
instanceKlass java/lang/ModuleLayer$Controller
instanceKlass java/util/concurrent/CopyOnWriteArrayList
instanceKlass jdk/internal/module/ServicesCatalog$ServiceProvider
instanceKlass jdk/internal/loader/AbstractClassLoaderValue$Memoizer
instanceKlass java/util/ImmutableCollections$ListItr
instanceKlass java/util/ListIterator
instanceKlass java/lang/ModuleLayer
instanceKlass jdk/internal/module/ModuleLoaderMap$Modules
instanceKlass jdk/internal/module/ModuleLoaderMap$Mapper
instanceKlass jdk/internal/module/ModuleLoaderMap
instanceKlass java/util/AbstractMap$1$1
instanceKlass java/lang/module/ResolvedModule
instanceKlass java/lang/module/Configuration
instanceKlass jdk/internal/loader/BuiltinClassLoader$LoadedModule
instanceKlass jdk/internal/loader/AbstractClassLoaderValue
instanceKlass jdk/internal/module/ServicesCatalog
instanceKlass java/util/Deque
instanceKlass java/util/Queue
instanceKlass sun/net/util/IPAddressUtil$MASKS
instanceKlass sun/net/util/IPAddressUtil
instanceKlass java/net/URLStreamHandler
instanceKlass sun/net/www/ParseUtil
instanceKlass java/net/URL$3
instanceKlass jdk/internal/access/JavaNetURLAccess
instanceKlass java/net/URL$DefaultFactory
instanceKlass java/net/URLStreamHandlerFactory
instanceKlass jdk/internal/loader/URLClassPath
instanceKlass java/lang/ClassLoader$ParallelLoaders
instanceKlass java/security/cert/Certificate
instanceKlass jdk/internal/loader/ArchivedClassLoaders
instanceKlass java/util/concurrent/ConcurrentHashMap$CollectionView
instanceKlass jdk/internal/loader/ClassLoaderHelper
instanceKlass jdk/internal/loader/NativeLibraries
instanceKlass java/lang/Module$EnableNativeAccess
instanceKlass jdk/internal/loader/BootLoader
instanceKlass java/util/Optional
instanceKlass jdk/internal/module/SystemModuleFinders$SystemModuleFinder
instanceKlass java/lang/module/ModuleFinder
instanceKlass jdk/internal/module/SystemModuleFinders$3
instanceKlass jdk/internal/module/ModuleHashes$HashSupplier
instanceKlass jdk/internal/module/SystemModuleFinders$2
instanceKlass java/util/function/Supplier
instanceKlass java/lang/module/ModuleReference
instanceKlass jdk/internal/module/ModuleResolution
instanceKlass java/util/Collections$UnmodifiableMap
instanceKlass jdk/internal/module/ModuleHashes$Builder
instanceKlass jdk/internal/module/ModuleHashes
instanceKlass jdk/internal/module/ModuleTarget
instanceKlass java/util/ImmutableCollections$Set12$1
instanceKlass java/lang/reflect/AccessFlag$18
instanceKlass java/lang/reflect/AccessFlag$17
instanceKlass java/lang/reflect/AccessFlag$16
instanceKlass java/lang/reflect/AccessFlag$15
instanceKlass java/lang/reflect/AccessFlag$14
instanceKlass java/lang/reflect/AccessFlag$13
instanceKlass java/lang/reflect/AccessFlag$12
instanceKlass java/lang/reflect/AccessFlag$11
instanceKlass java/lang/reflect/AccessFlag$10
instanceKlass java/lang/reflect/AccessFlag$9
instanceKlass java/lang/reflect/AccessFlag$8
instanceKlass java/lang/reflect/AccessFlag$7
instanceKlass java/lang/reflect/AccessFlag$6
instanceKlass java/lang/reflect/AccessFlag$5
instanceKlass java/lang/reflect/AccessFlag$4
instanceKlass java/lang/reflect/AccessFlag$3
instanceKlass java/lang/reflect/AccessFlag$2
instanceKlass java/lang/reflect/AccessFlag$1
instanceKlass java/lang/module/ModuleDescriptor$Version
instanceKlass java/lang/module/ModuleDescriptor$Provides
instanceKlass java/lang/module/ModuleDescriptor$Opens
instanceKlass java/util/ImmutableCollections$SetN$SetNIterator
instanceKlass java/lang/module/ModuleDescriptor$Exports
instanceKlass java/lang/module/ModuleDescriptor$Requires
instanceKlass jdk/internal/module/Builder
instanceKlass jdk/internal/module/SystemModules$default
instanceKlass jdk/internal/module/SystemModules
instanceKlass jdk/internal/module/SystemModulesMap
instanceKlass java/net/URI$1
instanceKlass jdk/internal/access/JavaNetUriAccess
instanceKlass java/net/URI
instanceKlass jdk/internal/module/SystemModuleFinders
instanceKlass jdk/internal/module/ArchivedModuleGraph
instanceKlass jdk/internal/module/ArchivedBootLayer
instanceKlass jdk/internal/module/ModuleBootstrap$Counters
instanceKlass jdk/internal/module/ModulePatcher
instanceKlass java/io/DefaultFileSystem
instanceKlass java/io/FileSystem
instanceKlass java/lang/ThreadLocal
instanceKlass com/jetbrains/internal/IoOverNio
instanceKlass java/io/File
instanceKlass java/lang/module/ModuleDescriptor$1
instanceKlass jdk/internal/access/JavaLangModuleAccess
instanceKlass sun/invoke/util/VerifyAccess
instanceKlass java/util/KeyValueHolder
instanceKlass java/util/ImmutableCollections$MapN$MapNIterator
instanceKlass java/lang/StrictMath
instanceKlass java/lang/invoke/MethodHandles$Lookup
instanceKlass java/lang/invoke/MemberName$Factory
instanceKlass java/lang/invoke/MethodHandles
instanceKlass java/lang/module/ModuleDescriptor
instanceKlass jdk/internal/module/ModuleBootstrap
instanceKlass java/lang/Character$CharacterCache
instanceKlass java/util/HexFormat
instanceKlass jdk/internal/util/ClassFileDumper
instanceKlass java/lang/invoke/MethodHandleStatics
instanceKlass jdk/internal/misc/Blocker
instanceKlass java/util/Collections
instanceKlass sun/io/Win32ErrorMode
instanceKlass jdk/internal/misc/OSEnvironment
instanceKlass java/lang/Integer$IntegerCache
instanceKlass jdk/internal/misc/Signal$NativeHandler
instanceKlass java/util/Hashtable$Entry
instanceKlass jdk/internal/misc/Signal
instanceKlass java/lang/Terminator$1
instanceKlass jdk/internal/misc/Signal$Handler
instanceKlass java/lang/Terminator
instanceKlass java/nio/ByteOrder
instanceKlass java/nio/Buffer$2
instanceKlass jdk/internal/access/JavaNioAccess
instanceKlass java/nio/Buffer$1
instanceKlass jdk/internal/misc/ScopedMemoryAccess
instanceKlass java/nio/charset/CodingErrorAction
instanceKlass sun/nio/cs/SingleByte
instanceKlass java/lang/StringUTF16
instanceKlass sun/nio/cs/MS1252$Holder
instanceKlass java/nio/charset/CharsetEncoder
instanceKlass sun/nio/cs/ArrayEncoder
instanceKlass java/io/Writer
instanceKlass java/io/PrintStream$1
instanceKlass jdk/internal/access/JavaIOPrintStreamAccess
instanceKlass java/util/concurrent/ForkJoinPool$ManagedBlocker
instanceKlass jdk/internal/misc/InternalLock
instanceKlass java/util/concurrent/locks/AbstractQueuedSynchronizer$Node
instanceKlass java/io/OutputStream
instanceKlass java/io/Flushable
instanceKlass java/lang/Thread$ThreadIdentifiers
instanceKlass java/security/Principal
instanceKlass java/security/ProtectionDomain$Key
instanceKlass java/security/ProtectionDomain$JavaSecurityAccessImpl
instanceKlass jdk/internal/access/JavaSecurityAccess
instanceKlass sun/security/action/GetPropertyAction
instanceKlass java/util/concurrent/locks/AbstractQueuedSynchronizer$ConditionObject
instanceKlass java/util/concurrent/locks/Condition
instanceKlass jdk/internal/ref/CleanerImpl
instanceKlass java/lang/ref/Cleaner$1
instanceKlass java/lang/ref/Cleaner
instanceKlass jdk/internal/ref/CleanerFactory$1
instanceKlass java/util/concurrent/ThreadFactory
instanceKlass jdk/internal/ref/CleanerFactory
instanceKlass java/lang/ref/Cleaner$Cleanable
instanceKlass java/io/FileDescriptor$1
instanceKlass jdk/internal/access/JavaIOFileDescriptorAccess
instanceKlass java/io/FileDescriptor
instanceKlass jdk/internal/util/StaticProperty
instanceKlass jdk/internal/reflect/MethodHandleAccessorFactory
instanceKlass java/lang/reflect/Modifier
instanceKlass java/lang/Class$1
instanceKlass java/lang/Class$Atomic
instanceKlass java/lang/Class$ReflectionData
instanceKlass java/nio/charset/StandardCharsets
instanceKlass sun/nio/cs/HistoricallyNamedCharset
instanceKlass java/nio/charset/spi/CharsetProvider
instanceKlass java/nio/charset/Charset
instanceKlass java/util/HashMap$HashIterator
instanceKlass java/util/concurrent/locks/LockSupport
instanceKlass java/util/concurrent/ConcurrentHashMap$Node
instanceKlass java/util/concurrent/ConcurrentHashMap$CounterCell
instanceKlass java/util/concurrent/locks/ReentrantLock
instanceKlass java/util/concurrent/locks/Lock
instanceKlass java/lang/CharacterData
instanceKlass java/util/Arrays
instanceKlass jdk/internal/util/Preconditions$3
instanceKlass jdk/internal/util/Preconditions$2
instanceKlass jdk/internal/util/Preconditions$4
instanceKlass java/util/function/BiFunction
instanceKlass jdk/internal/util/Preconditions$1
instanceKlass java/util/function/Function
instanceKlass jdk/internal/util/Preconditions
instanceKlass java/lang/Runtime
instanceKlass java/lang/VersionProps
instanceKlass java/lang/StringConcatHelper
instanceKlass java/util/HashMap$Node
instanceKlass java/util/Map$Entry
instanceKlass jdk/internal/util/ArraysSupport
instanceKlass jdk/internal/util/SystemProps$Raw
instanceKlass jdk/internal/util/SystemProps
instanceKlass java/lang/System$2
instanceKlass jdk/internal/access/JavaLangAccess
instanceKlass java/lang/ref/NativeReferenceQueue$Lock
instanceKlass java/lang/ref/ReferenceQueue
instanceKlass java/lang/ref/Reference$1
instanceKlass jdk/internal/access/JavaLangRefAccess
instanceKlass jdk/internal/reflect/ReflectionFactory
instanceKlass java/lang/Math
instanceKlass java/lang/StringLatin1
instanceKlass jdk/internal/reflect/Reflection
instanceKlass jdk/internal/reflect/ReflectionFactory$GetReflectionFactoryAction
instanceKlass java/security/PrivilegedAction
instanceKlass jdk/internal/access/SharedSecrets
instanceKlass java/lang/reflect/ReflectAccess
instanceKlass jdk/internal/access/JavaLangReflectAccess
instanceKlass java/util/ImmutableCollections
instanceKlass java/util/Objects
instanceKlass java/util/Set
instanceKlass jdk/internal/misc/CDS
instanceKlass java/lang/Module$ArchivedData
instanceKlass jdk/internal/misc/VM
instanceKlass java/lang/String$CaseInsensitiveComparator
instanceKlass java/util/Comparator
instanceKlass java/io/ObjectStreamField
instanceKlass jdk/internal/vm/FillerObject
instanceKlass jdk/internal/vm/vector/VectorSupport$VectorPayload
instanceKlass jdk/internal/vm/vector/VectorSupport
instanceKlass java/lang/reflect/RecordComponent
instanceKlass java/util/Iterator
instanceKlass java/lang/Number
instanceKlass java/lang/Character
instanceKlass java/lang/Boolean
instanceKlass java/util/concurrent/locks/AbstractOwnableSynchronizer
instanceKlass java/lang/LiveStackFrame
instanceKlass java/lang/StackFrameInfo
instanceKlass java/lang/StackWalker$StackFrame
instanceKlass java/lang/StackStreamFactory$AbstractStackWalker
instanceKlass java/lang/StackWalker
instanceKlass java/nio/Buffer
instanceKlass java/lang/StackTraceElement
instanceKlass java/util/AbstractCollection
instanceKlass java/util/RandomAccess
instanceKlass java/util/List
instanceKlass java/util/SequencedCollection
instanceKlass java/util/Collection
instanceKlass java/lang/Iterable
instanceKlass java/util/AbstractMap
instanceKlass java/util/concurrent/ConcurrentMap
instanceKlass java/security/CodeSource
instanceKlass jdk/internal/loader/ClassLoaders
instanceKlass java/util/jar/Manifest
instanceKlass java/lang/Enum
instanceKlass java/net/URL
instanceKlass java/io/InputStream
instanceKlass java/io/Closeable
instanceKlass java/lang/AutoCloseable
instanceKlass jdk/internal/module/Modules
instanceKlass jdk/internal/misc/Unsafe
instanceKlass jdk/internal/misc/UnsafeConstants
instanceKlass java/lang/AbstractStringBuilder
instanceKlass java/lang/Appendable
instanceKlass java/lang/AssertionStatusDirectives
instanceKlass jdk/internal/foreign/abi/ABIDescriptor
instanceKlass jdk/internal/foreign/abi/NativeEntryPoint
instanceKlass java/lang/invoke/CallSite
instanceKlass java/lang/invoke/MethodType
instanceKlass java/lang/invoke/TypeDescriptor$OfMethod
instanceKlass java/lang/invoke/LambdaForm
instanceKlass java/lang/invoke/MethodHandleNatives
instanceKlass java/lang/invoke/ResolvedMethodName
instanceKlass java/lang/invoke/MemberName
instanceKlass java/lang/invoke/VarHandle
instanceKlass java/lang/invoke/MethodHandle
instanceKlass jdk/internal/reflect/CallerSensitive
instanceKlass java/lang/annotation/Annotation
instanceKlass jdk/internal/reflect/FieldAccessor
instanceKlass jdk/internal/reflect/ConstantPool
instanceKlass jdk/internal/reflect/ConstructorAccessor
instanceKlass jdk/internal/reflect/MethodAccessor
instanceKlass jdk/internal/reflect/MagicAccessorImpl
instanceKlass jdk/internal/vm/StackChunk
instanceKlass jdk/internal/vm/Continuation
instanceKlass jdk/internal/vm/ContinuationScope
instanceKlass java/lang/reflect/Parameter
instanceKlass java/lang/reflect/Member
instanceKlass java/lang/reflect/AccessibleObject
instanceKlass java/lang/Module
instanceKlass java/util/Dictionary
instanceKlass java/util/Map
instanceKlass java/lang/ThreadGroup
instanceKlass java/lang/Thread$UncaughtExceptionHandler
instanceKlass java/lang/Thread$Constants
instanceKlass java/lang/Thread$FieldHolder
instanceKlass java/lang/Thread
instanceKlass java/lang/Runnable
instanceKlass java/lang/ref/Reference
instanceKlass java/lang/Record
instanceKlass java/security/AccessController
instanceKlass java/security/AccessControlContext
instanceKlass java/security/ProtectionDomain
instanceKlass java/lang/SecurityManager
instanceKlass java/lang/Throwable
instanceKlass java/lang/System
instanceKlass java/lang/ClassLoader
instanceKlass java/lang/Cloneable
instanceKlass java/lang/Class
instanceKlass java/lang/invoke/TypeDescriptor$OfField
instanceKlass java/lang/invoke/TypeDescriptor
instanceKlass java/lang/reflect/Type
instanceKlass java/lang/reflect/GenericDeclaration
instanceKlass java/lang/reflect/AnnotatedElement
instanceKlass java/lang/String
instanceKlass java/lang/constant/ConstantDesc
instanceKlass java/lang/constant/Constable
instanceKlass java/lang/CharSequence
instanceKlass java/lang/Comparable
instanceKlass java/io/Serializable
ciInstanceKlass java/lang/Object 1 1 124 7 1 10 12 1 1 10 7 12 1 1 1 10 7 12 1 1 1 10 12 1 1 8 1 10 12 1 1 10 7 12 1 1 1 10 12 1 10 12 1 1 10 7 12 1 1 1 10 12 1 10 12 1 7 1 10 100 12 1 1 1 10 12 1 1 10 12 1 100 1 8 1 10 12 1 3 8 1 100 1 5 0 1 1 1 1 1 1 1 1 1 1 1 1 1 1 1 1 100 1 1 1 1 1 1 1 1 1 1 100 1 1 1 1 1 1 1 1 1 1 3 1 1
ciInstanceKlass java/io/Serializable 1 0 7 100 1 100 1 1 1
ciInstanceKlass java/lang/Comparable 1 1 12 100 1 100 1 1 1 1 1 1 1 1
ciInstanceKlass java/lang/CharSequence 1 1 131 11 100 12 1 1 1 18 12 1 1 100 1 10 100 12 1 1 1 18 10 100 12 1 1 1 11 12 1 1 11 100 1 11 12 1 1 10 100 12 1 1 1 11 12 1 1 100 1 10 12 1 1 10 100 12 1 1 1 100 1 10 10 12 1 1 100 1 1 1 1 1 1 1 1 1 1 1 1 1 1 1 1 1 1 1 1 1 1 1 1 1 1 1 1 1 1 1 1 1 16 1 15 11 12 16 15 11 12 15 10 100 12 1 1 1 1 1 100 1 100 1 1 100 1 1 100 1 100 1 1
ciInstanceKlass java/lang/constant/Constable 1 0 11 100 1 100 1 1 1 1 1 1 1
ciInstanceKlass java/lang/constant/ConstantDesc 1 0 37 100 1 100 1 1 1 1 100 1 1 1 1 100 1 100 1 100 1 100 1 100 1 100 1 100 1 100 1 100 1 1 100 1 100 1 1
ciInstanceKlass java/lang/String 1 1 1451 10 7 12 1 1 1 8 1 9 7 12 1 1 1 9 12 1 1 9 12 1 1 9 12 1 1 10 12 1 10 12 1 1 10 12 1 1 9 12 1 10 7 12 1 1 1 10 12 1 1 10 12 1 10 7 12 1 1 1 10 12 1 1 10 12 1 1 10 12 1 10 12 1 1 10 12 1 10 7 12 1 1 1 7 1 9 7 12 1 1 1 10 7 12 1 1 1 10 12 1 1 10 12 1 1 10 7 12 1 1 1 10 12 1 1 9 7 12 1 1 10 12 9 7 12 1 1 10 12 1 1 3 10 12 1 1 7 1 11 12 1 1 11 12 1 11 12 1 1 10 100 12 1 1 1 10 12 1 1 9 100 12 1 1 1 10 12 1 1 10 12 1 11 12 1 1 10 12 1 10 12 10 12 1 1 10 100 12 1 1 1 10 7 12 1 1 1 10 12 1 1 100 1 100 1 10 12 1 10 12 1 10 12 1 1 10 12 1 1 100 1 10 12 1 1 100 1 10 12 1 1 10 12 1 1 10 12 1 10 10 12 1 100 1 100 1 100 1 10 12 1 10 12 1 1 10 12 1 1 10 12 1 10 12 1 1 10 12 1 1 10 100 12 1 1 100 1 11 10 7 12 1 1 11 12 1 11 12 1 10 12 1 1 10 12 1 10 12 10 12 1 1 10 10 100 12 1 1 1 10 100 12 1 1 10 12 1 1 10 100 12 1 1 10 12 1 10 12 1 1 10 12 1 1 10 12 1 10 12 1 10 12 1 1 100 1 10 12 1 1 10 12 10 12 1 10 12 1 1 10 12 1 1 10 100 12 1 1 1 10 12 1 10 12 1 1 10 12 1 10 12 1 3 3 10 12 1 1 10 12 1 10 12 1 1 10 12 1 1 10 12 1 1 10 12 1 10 12 1 1 10 12 1 1 10 12 1 10 12 1 10 12 1 10 12 1 1 10 12 1 10 12 1 10 12 1 10 12 1 10 12 1 10 12 1 10 100 1 10 8 1 10 12 1 1 10 12 1 8 1 10 12 1 1 10 12 10 12 1 8 1 10 10 12 1 1 10 12 1 1 10 12 1 1 10 100 1 10 10 12 1 10 12 1 10 12 1 10 10 12 1 10 12 1 10 12 1 10 12 1 10 12 1 10 12 1 10 12 1 1 10 12 1 1 10 12 1 1 10 10 12 1 1 10 10 12 1 100 1 10 10 12 1 1 10 12 1 1 10 7 1 10 12 1 10 12 1 10 7 12 1 1 1 10 12 1 10 12 1 1 10 12 1 11 7 1 11 12 10 12 1 10 12 1 1 10 12 1 1 10 10 12 1 10 12 1 9 12 1 1 11 100 12 1 1 1 10 12 10 10 12 1 10 12 1 1 10 10 12 1 10 12 1 10 12 1 1 10 12 1 1 10 10 12 1 1 10 12 1 10 10 12 1 10 12 10 10 12 10 10 12 1 10 12 1 10 10 12 10 7 12 1 1 1 10 12 10 10 12 10 12 1 10 12 10 12 10 10 12 1 10 12 1 1 10 12 1 1 10 10 12 1 10 7 12 1 1 1 10 12 1 1 10 10 7 12 1 1 1 11 10 12 1 10 12 1 1 10 12 1 1 10 7 12 1 1 1 10 12 1 10 12 1 10 12 1 10 12 1 10 12 1 10 12 1 100 1 100 1 8 1 10 10 10 12 1 10 12 1 1 8 1 10 12 1 3 3 10 12 1 10 12 1 1 10 12 7 1 10 10 12 1 1 10 12 1 10 12 1 10 12 1 1 10 12 1 1 11 7 12 1 1 1 7 1 10 12 1 10 12 1 1 8 1 10 12 1 1 10 12 1 11 100 12 1 1 1 11 100 12 1 1 11 12 1 10 12 1 10 12 1 1 10 10 7 12 1 1 1 10 12 1 10 12 1 10 10 12 10 12 1 1 10 10 12 1 10 10 12 1 10 10 12 1 10 10 12 1 10 12 1 1 10 10 12 1 8 1 10 12 1 1 18 12 1 1 11 100 12 1 1 1 7 1 3 18 12 1 18 12 1 8 1 10 100 12 1 1 1 11 12 1 1 10 12 10 10 12 1 10 11 12 1 1 10 12 1 1 11 12 1 18 3 11 10 12 1 11 11 10 12 1 10 12 1 1 8 1 10 12 1 10 12 1 10 12 1 1 10 10 12 1 11 100 12 1 100 1 100 1 10 12 100 1 10 10 100 12 1 1 1 100 1 10 7 1 10 10 12 1 10 10 12 1 8 1 10 10 12 1 8 1 8 1 10 12 1 10 12 1 10 10 12 10 100 12 1 1 10 100 12 1 1 10 100 12 1 1 8 1 10 12 1 10 12 1 10 9 12 1 10 12 9 7 12 1 1 1 10 12 1 10 12 1 10 12 1 10 12 10 12 1 10 12 1 8 1 10 100 12 1 1 1 10 12 10 12 1 1 10 12 10 10 12 10 12 7 1 9 12 1 1 7 1 10 100 1 100 1 100 1 100 1 1 1 1 1 1 5 0 1 1 1 1 1 3 1 3 1 1 1 1 1 1 1 1 1 1 1 1 1 1 1 100 1 1 1 1 1 1 1 1 1 1 1 1 1 1 1 1 1 1 1 1 1 1 1 1 1 1 1 1 1 1 1 100 1 1 1 1 1 1 1 1 1 1 1 1 100 1 1 1 1 1 1 1 1 1 1 1 1 1 1 1 1 1 1 1 1 1 1 1 1 1 1 1 1 1 1 1 1 1 1 1 1 1 1 1 1 1 1 1 1 1 1 1 1 1 1 1 1 1 1 1 1 1 1 1 1 1 1 1 1 1 1 1 1 1 1 1 1 1 1 1 1 1 1 1 1 1 1 1 1 1 1 1 1 1 1 1 1 1 1 1 1 1 1 1 1 1 1 1 1 1 1 1 1 1 1 1 1 1 1 1 1 1 1 1 1 1 1 1 1 1 1 1 1 1 1 1 1 1 1 1 1 1 1 1 1 1 1 1 1 1 1 1 1 1 1 1 1 1 1 1 1 1 1 1 1 1 1 1 1 1 1 1 1 1 1 1 1 1 1 100 1 1 1 1 1 1 1 1 1 1 1 1 1 1 1 1 1 1 1 1 1 1 1 100 1 1 1 1 1 1 1 1 1 1 1 1 1 1 1 100 1 1 1 1 1 1 1 1 1 1 1 1 1 1 1 16 15 10 12 16 15 10 12 15 10 12 15 10 12 15 10 100 12 1 1 1 1 1 1 1 100 1 100 1 1 1
staticfield java/lang/String COMPACT_STRINGS Z 1
staticfield java/lang/String serialPersistentFields [Ljava/io/ObjectStreamField; 0 [Ljava/io/ObjectStreamField;
staticfield java/lang/String CASE_INSENSITIVE_ORDER Ljava/util/Comparator; java/lang/String$CaseInsensitiveComparator
ciInstanceKlass java/lang/reflect/AnnotatedElement 1 1 164 11 7 12 1 1 1 11 12 1 1 100 1 10 100 12 1 1 1 10 12 1 1 10 12 1 1 10 12 1 10 100 12 1 1 1 11 12 1 1 11 100 12 1 1 10 100 12 1 1 1 10 12 1 10 100 12 1 1 1 18 12 1 1 11 100 12 1 1 18 12 1 18 12 1 1 10 100 12 1 1 1 11 100 12 1 1 1 100 1 10 100 12 1 1 1 1 1 1 1 1 1 1 1 1 1 1 1 1 1 1 1 1 1 1 1 1 1 100 1 1 1 1 1 1 1 1 1 1 1 16 15 16 1 16 1 15 11 12 16 16 1 15 10 100 12 1 1 1 16 1 15 10 100 12 1 1 1 1 100 1 100 1 1
ciInstanceKlass java/lang/reflect/GenericDeclaration 1 0 30 100 1 100 1 100 1 1 1 1 1 1 1 1 100 1 8 1 1 12 10 1 1 1 8 1 1 1 8 1
ciInstanceKlass java/lang/reflect/Type 1 1 17 11 100 12 1 1 1 100 1 1 1 1 1 1 1 1 1
ciInstanceKlass java/lang/invoke/TypeDescriptor 1 0 17 100 1 100 1 1 1 1 1 1 100 1 100 1 1 1 1
ciInstanceKlass java/lang/invoke/TypeDescriptor$OfField 1 0 21 100 1 100 1 100 1 1 1 1 1 1 1 1 1 1 1 1 1 1 1
ciInstanceKlass java/lang/Class 1 1 1687 10 7 12 1 1 1 9 7 12 1 1 1 9 12 1 1 10 12 1 1 8 1 10 12 1 8 1 8 1 10 12 1 1 10 7 12 1 1 1 10 12 1 7 1 10 10 12 1 10 12 1 1 10 12 1 1 10 12 1 1 10 7 12 1 1 10 12 1 10 12 1 10 12 1 8 1 10 12 1 8 1 10 12 1 8 1 8 1 10 12 1 1 10 100 12 1 1 1 18 12 1 1 11 100 12 1 1 1 8 1 8 1 8 1 10 100 12 1 1 1 11 12 1 1 8 1 10 12 1 10 11 100 12 1 1 1 11 100 12 1 1 1 11 8 1 18 8 1 10 12 1 10 7 12 1 1 10 12 1 1 10 7 12 1 1 1 10 12 1 1 10 12 1 1 10 7 12 1 1 1 10 12 9 100 12 1 1 1 10 100 12 1 1 1 10 12 1 10 7 12 1 1 1 10 12 1 1 18 12 1 1 10 7 12 1 1 1 10 7 12 1 10 12 1 1 10 7 1 100 1 10 12 1 1 9 12 1 1 100 1 8 1 10 12 1 10 12 1 1 10 12 1 1 10 7 12 1 1 1 7 1 10 12 1 100 1 100 1 10 10 12 1 1 10 12 1 1 100 1 10 100 12 1 1 1 10 12 1 1 10 12 1 1 9 12 1 1 10 12 1 10 12 1 1 9 12 1 1 9 12 1 1 10 12 1 1 10 7 1 10 12 1 10 12 1 10 12 1 1 10 9 12 1 10 12 1 8 1 10 12 1 1 10 12 1 1 10 12 1 10 12 1 1 10 12 1 1 10 12 1 1 9 7 12 1 1 1 10 7 12 1 1 10 12 10 12 1 10 12 1 10 12 1 10 12 1 9 100 12 1 1 1 9 12 1 10 12 1 10 100 12 1 1 1 10 12 1 1 10 100 12 1 1 10 12 1 10 12 1 1 10 100 12 1 1 1 10 12 1 10 12 1 1 10 12 1 10 12 1 10 12 1 1 10 7 1 10 10 10 12 1 1 10 12 1 1 10 12 10 10 12 1 1 100 1 8 1 10 10 12 1 1 10 12 1 100 1 11 12 1 10 100 12 1 1 10 12 1 10 12 1 10 100 12 1 1 10 10 12 1 1 8 1 10 12 1 10 12 1 1 8 1 10 12 1 9 12 1 10 12 1 10 12 1 10 12 1 10 12 100 1 9 12 1 10 12 1 9 12 1 10 12 1 10 12 1 10 12 1 10 10 12 1 10 12 1 10 7 12 1 1 10 12 1 10 12 1 10 12 1 1 10 12 1 10 12 1 10 12 1 100 1 10 12 1 10 12 1 1 10 12 1 1 10 12 1 1 10 12 1 1 10 12 1 1 10 12 1 1 100 1 10 10 12 1 1 10 12 1 1 10 12 1 1 10 10 12 1 10 12 1 1 10 12 1 1 10 12 1 1 10 12 1 1 7 1 10 10 12 11 100 12 1 1 10 12 1 10 12 1 10 100 12 1 1 1 10 12 1 1 10 10 12 1 1 100 1 10 10 12 1 1 10 100 12 1 1 1 100 1 100 1 10 12 1 1 10 12 1 10 10 12 1 1 10 12 1 10 12 1 10 12 1 10 100 12 1 1 1 11 7 12 1 1 10 12 1 10 12 1 9 12 1 10 12 1 1 10 12 1 9 100 12 1 1 1 9 12 1 10 100 12 1 1 1 10 12 1 10 12 1 10 100 12 1 1 1 10 12 1 10 12 10 12 1 1 100 1 10 8 1 10 12 1 11 11 12 1 1 11 7 12 1 1 11 12 1 8 1 10 12 1 10 12 1 1 9 12 1 9 12 1 1 10 7 12 1 1 9 12 1 10 12 1 1 10 10 12 1 10 7 12 1 1 1 10 7 12 1 1 10 7 12 1 1 9 12 1 1 10 12 1 9 12 1 10 12 1 10 12 1 1 9 12 1 1 9 12 1 10 12 1 10 12 1 1 9 12 1 7 1 10 10 12 1 1 7 1 10 12 1 1 7 11 7 1 9 12 1 1 9 12 1 100 1 10 12 1 9 12 1 1 9 12 1 10 12 1 10 12 1 1 9 12 1 7 1 10 10 12 1 1 10 10 12 1 10 12 10 10 12 1 9 12 1 10 12 1 1 10 7 12 1 1 1 10 12 1 1 10 12 1 8 10 7 8 1 18 8 1 8 1 10 12 1 9 12 1 9 12 1 1 10 12 1 7 1 7 1 10 12 1 9 12 1 1 7 1 10 10 12 1 10 7 1 9 12 1 8 1 10 12 1 7 1 10 12 1 10 12 1 1 100 1 100 1 9 12 1 100 1 8 1 10 10 7 12 1 1 1 10 12 11 7 12 1 1 1 10 12 1 10 12 1 1 10 8 1 8 1 10 12 1 1 9 7 12 1 1 11 12 7 1 11 7 12 1 1 9 12 1 10 100 12 1 1 1 10 7 12 1 1 10 12 1 1 9 12 1 9 10 12 1 1 10 12 1 1 10 12 1 1 10 12 1 1 10 12 1 1 11 12 1 7 1 11 12 1 10 7 12 1 1 1 10 12 1 11 12 1 10 100 12 1 1 1 10 12 1 10 100 12 1 1 1 11 12 1 11 12 1 1 10 12 1 10 12 1 1 9 12 1 1 9 100 12 1 1 10 12 1 10 100 12 1 1 1 10 12 1 1 10 12 1 10 12 1 10 12 1 10 7 12 1 1 1 10 12 1 8 1 10 12 1 10 12 1 10 12 1 100 1 10 12 10 100 12 1 1 1 11 100 12 1 1 1 10 12 1 1 10 12 1 18 12 1 1 11 12 1 1 18 11 12 1 18 12 1 11 12 1 10 12 1 1 10 12 1 10 12 1 10 12 1 10 12 1 10 12 10 12 1 8 1 10 12 1 7 1 9 12 1 1 100 1 100 1 100 1 100 1 1 1 3 1 3 1 3 1 1 1 1 1 1 1 5 0 1 1 1 1 1 1 1 1 1 1 1 1 1 1 1 1 1 1 1 1 1 1 1 1 100 1 1 1 1 1 1 1 100 1 1 1 1 1 100 1 1 1 1 1 1 1 1 1 1 1 1 1 1 1 1 1 1 1 1 1 1 1 1 1 1 1 1 1 1 1 1 1 1 1 1 1 1 1 1 1 1 100 1 1 1 1 1 1 1 1 1 1 1 1 1 1 1 1 1 1 1 1 1 1 1 1 1 1 1 1 1 1 1 100 1 1 1 1 1 1 1 1 1 1 1 1 1 1 1 1 1 1 1 1 3 1 1 1 1 1 1 1 1 1 1 1 1 1 1 1 1 1 1 1 1 1 1 1 1 1 1 1 1 1 1 1 1 1 1 1 100 1 100 1 1 1 1 1 1 1 100 1 1 1 1 1 1 1 1 1 1 1 1 1 1 1 1 1 1 1 1 1 1 1 1 1 1 1 1 1 1 1 1 1 1 1 1 1 1 1 1 1 1 1 1 1 1 1 1 1 1 1 1 1 1 1 1 1 1 1 1 1 1 1 1 1 1 1 1 1 1 1 1 1 1 1 1 1 1 1 1 1 1 1 1 1 1 1 1 1 1 1 1 1 1 1 1 1 1 1 1 1 1 1 1 1 1 1 1 1 1 1 1 1 1 1 1 1 1 1 1 1 1 1 1 16 15 10 12 16 15 11 12 16 1 16 15 16 15 10 12 16 16 15 10 12 16 15 16 1 15 10 12 16 15 10 100 12 1 1 1 1 1 1 1 1 1 1 1 1 1 100 1 1 100 1 100 1 1 100 1 100 1 1 100 1 100 1 1
staticfield java/lang/Class EMPTY_CLASS_ARRAY [Ljava/lang/Class; 0 [Ljava/lang/Class;
staticfield java/lang/Class serialPersistentFields [Ljava/io/ObjectStreamField; 0 [Ljava/io/ObjectStreamField;
ciInstanceKlass java/lang/Cloneable 1 0 7 100 1 100 1 1 1
instanceKlass jdk/internal/reflect/DelegatingClassLoader
instanceKlass java/security/SecureClassLoader
ciInstanceKlass java/lang/ClassLoader 1 1 1108 9 7 12 1 1 1 10 7 12 1 1 1 9 12 1 1 10 7 12 1 1 1 7 1 10 12 1 1 10 12 1 1 9 12 1 1 10 12 1 1 100 1 10 12 1 10 12 1 1 10 7 12 1 1 1 100 1 8 1 10 12 1 10 7 12 1 1 1 10 100 12 1 10 7 1 10 7 1 7 1 7 1 10 12 1 10 12 1 9 12 1 1 10 10 7 12 1 1 1 9 12 1 1 9 12 1 9 12 1 1 9 12 1 9 12 1 1 9 12 1 1 7 1 10 12 1 9 12 1 1 10 12 1 1 10 7 12 1 1 1 9 12 1 9 12 1 1 9 12 1 10 12 1 1 9 12 10 12 1 1 7 1 10 8 1 10 12 1 1 10 12 1 10 7 1 7 1 10 12 1 1 10 7 12 1 1 1 8 1 10 12 1 10 12 1 10 12 1 1 10 12 1 1 10 12 1 1 10 12 1 1 10 12 1 1 10 12 1 7 1 10 12 1 10 7 12 1 1 1 10 12 1 1 10 12 1 10 12 1 10 12 1 10 12 1 10 12 1 1 10 10 12 1 10 12 1 10 100 12 1 1 10 12 1 1 10 12 1 1 10 12 1 100 1 10 12 1 100 1 10 12 1 10 100 12 1 1 1 10 10 12 1 1 10 12 1 1 100 1 8 1 10 8 1 10 12 1 10 12 1 100 1 8 1 10 12 1 1 10 12 1 1 10 10 12 1 1 10 12 1 1 10 12 1 1 10 7 1 10 12 1 1 10 12 1 1 10 12 1 1 10 12 1 1 10 12 1 1 10 12 1 1 10 12 1 10 7 12 1 1 1 10 12 1 10 12 1 10 12 1 1 10 12 1 10 12 1 10 12 1 10 12 1 1 10 12 1 10 12 1 1 8 1 9 12 1 10 12 1 1 8 1 8 1 10 7 12 1 1 100 1 10 10 12 10 12 1 10 12 1 10 12 1 10 12 1 1 10 7 12 1 1 10 12 1 10 7 1 7 1 10 12 1 1 10 12 1 10 7 1 10 12 1 100 1 18 12 1 10 100 12 1 1 1 10 100 12 1 1 1 10 7 12 1 1 10 12 1 10 12 1 100 1 10 12 1 8 1 10 10 12 1 1 10 12 1 10 12 1 1 100 1 10 12 1 10 12 1 1 10 7 12 1 1 10 12 1 8 1 100 1 10 10 12 1 9 12 1 10 7 12 1 1 10 12 1 100 1 8 1 10 12 1 10 8 1 8 1 10 12 1 1 10 12 1 1 10 12 1 1 10 100 12 1 1 100 1 100 1 10 12 1 1 100 1 100 1 10 100 12 1 1 10 12 1 10 12 1 1 10 12 1 10 12 1 1 10 12 1 1 9 100 12 1 1 1 10 12 1 1 10 12 1 10 12 1 10 12 1 1 10 12 1 8 1 7 1 18 12 1 1 10 12 1 1 10 12 1 10 12 1 10 12 1 8 1 10 12 1 10 12 1 18 12 1 11 100 12 1 1 1 100 1 10 12 1 1 10 12 1 10 11 12 1 1 10 18 10 12 1 1 11 100 12 1 18 12 1 11 12 1 1 10 12 10 12 1 1 10 12 1 1 100 1 8 1 10 10 12 1 8 1 8 1 10 100 12 1 1 10 12 1 100 1 10 10 12 1 8 1 8 1 8 1 10 12 1 10 12 1 1 10 12 1 10 100 12 1 1 1 11 100 12 1 1 100 1 10 11 10 12 1 10 12 1 10 12 1 1 9 100 12 1 1 9 12 1 1 9 12 9 12 1 9 12 1 9 12 1 8 10 12 1 1 10 7 12 1 1 1 10 12 1 1 10 12 1 1 10 12 1 10 10 12 1 11 12 1 1 10 100 12 1 1 1 100 1 10 12 1 10 12 1 10 12 1 1 1 1 1 1 1 1 1 1 1 1 1 1 1 1 1 1 1 1 1 1 1 1 1 1 1 1 100 1 1 1 1 1 1 1 1 1 1 1 1 1 1 1 1 1 1 1 1 1 100 1 1 1 1 1 1 1 1 1 1 100 1 1 1 1 1 1 1 1 1 1 1 1 1 1 1 1 1 1 1 1 1 1 1 1 1 1 1 1 1 1 1 1 1 1 1 1 1 1 1 1 1 100 1 1 1 1 1 1 1 1 1 1 1 1 1 1 1 1 1 1 1 100 1 1 1 1 1 1 1 1 1 1 1 1 1 1 1 1 1 1 1 1 1 1 1 1 1 1 1 1 1 1 1 1 1 1 1 1 1 1 1 1 1 1 1 1 1 1 1 1 1 1 100 1 1 1 1 1 1 1 1 1 1 1 1 1 1 1 1 1 1 1 1 1 1 1 1 1 1 1 1 1 1 1 1 1 1 1 1 1 1 1 1 1 1 1 1 1 1 16 1 15 10 12 16 1 16 15 10 12 16 1 16 1 15 10 12 16 15 10 12 16 15 10 12 16 15 10 100 12 1 1 1 1 1 100 1 100 1 1
staticfield java/lang/ClassLoader nocerts [Ljava/security/cert/Certificate; 0 [Ljava/security/cert/Certificate;
staticfield java/lang/ClassLoader $assertionsDisabled Z 1
ciInstanceKlass java/lang/System 1 1 856 10 100 12 1 1 1 9 7 12 1 1 1 10 12 1 10 12 1 1 10 12 1 1 10 12 1 9 12 1 1 10 7 12 1 1 1 11 100 12 1 1 1 10 100 12 1 1 1 10 12 1 1 10 12 1 1 100 1 8 1 10 12 1 10 100 12 1 1 1 10 100 12 1 1 1 18 12 1 1 10 100 12 1 1 1 100 1 10 12 1 1 10 100 12 1 1 1 10 12 1 10 7 12 1 1 1 9 100 12 1 1 1 10 7 12 1 1 1 11 7 12 1 1 1 10 12 1 1 10 100 12 1 1 1 100 1 10 10 12 1 1 8 1 10 12 1 8 1 10 12 1 9 12 1 1 8 1 10 7 12 1 1 1 10 12 1 1 100 1 8 1 10 9 12 1 1 8 1 10 12 1 1 10 100 12 1 1 1 8 1 10 12 1 100 1 10 12 1 8 1 10 12 1 10 12 1 1 100 1 10 12 10 12 1 9 12 1 1 9 12 1 1 10 7 12 1 1 1 10 7 12 1 1 1 10 12 1 1 10 12 1 10 12 1 10 7 12 1 1 1 10 12 1 100 1 100 1 8 1 10 12 1 10 12 1 1 7 1 10 12 1 100 1 8 1 10 10 12 1 100 1 8 1 10 8 1 10 7 12 1 1 8 1 10 12 100 1 8 1 10 10 12 1 1 10 100 12 1 1 1 100 1 18 12 1 100 1 9 100 12 1 1 1 10 12 1 100 1 10 12 1 1 10 12 1 1 10 7 12 1 1 1 10 12 1 1 10 12 1 10 12 1 10 12 1 1 10 12 1 7 1 10 12 1 9 7 12 1 1 1 10 7 12 1 1 1 10 12 1 10 12 1 10 7 12 1 1 1 100 1 8 1 10 9 12 1 9 12 1 10 12 1 10 100 12 1 1 10 12 1 10 12 1 1 8 1 10 12 1 1 8 1 11 12 1 10 12 11 12 1 1 11 7 12 1 1 1 11 7 12 1 1 11 12 1 1 7 1 11 12 1 10 12 1 8 1 10 12 1 1 8 1 8 1 8 1 8 1 11 12 1 10 12 1 10 12 1 10 12 1 8 1 10 12 1 1 8 1 9 12 1 8 1 10 7 12 1 1 8 1 7 1 9 7 12 1 1 1 10 12 1 7 1 9 12 10 9 12 7 1 10 12 9 12 1 1 8 1 10 12 1 1 8 1 10 7 12 1 1 10 12 1 10 12 1 1 11 7 12 1 1 10 12 10 7 12 1 1 1 9 12 1 1 100 1 8 1 10 12 1 1 10 7 12 1 1 1 7 1 10 12 1 1 10 12 1 8 1 8 1 10 8 1 8 1 8 1 8 1 10 10 7 12 1 1 10 12 1 10 12 1 1 10 12 1 1 10 12 1 10 100 12 1 1 1 10 100 1 8 1 10 10 10 12 1 1 10 12 1 1 8 1 10 12 1 8 1 8 1 10 12 1 10 7 12 1 1 1 10 12 1 1 8 1 10 12 1 8 1 10 100 12 1 1 7 1 10 10 12 1 10 12 1 9 12 1 1 3 1 3 1 1 1 1 1 1 1 1 1 1 1 1 100 1 1 100 1 1 1 1 1 1 1 1 1 1 1 100 1 100 1 1 1 1 1 1 1 1 1 1 1 1 1 1 1 1 1 1 1 1 1 1 1 1 1 1 1 1 1 1 1 1 1 1 1 1 1 1 1 1 1 1 1 1 1 1 1 1 1 1 1 1 1 1 1 1 1 1 100 1 1 1 1 1 1 1 1 1 1 1 1 1 1 1 1 1 1 1 1 1 1 1 1 1 1 1 1 1 1 1 1 1 1 1 1 1 1 100 1 1 16 15 10 12 1 1 16 15 10 12 16 1 15 10 100 12 1 1 1 1 1 1 1 1 100 1 100 1 1 1 100 1 100 1 1
staticfield java/lang/System in Ljava/io/InputStream; java/io/BufferedInputStream
staticfield java/lang/System out Ljava/io/PrintStream; java/io/PrintStream
staticfield java/lang/System err Ljava/io/PrintStream; java/io/PrintStream
instanceKlass org/jetbrains/kotlin/load/java/structure/impl/classFiles/BinaryClassSignatureParser$ClsFormatException
instanceKlass java/lang/Exception
instanceKlass java/lang/Error
ciInstanceKlass java/lang/Throwable 1 1 428 10 7 12 1 1 1 9 7 12 1 1 1 9 12 1 1 9 12 1 9 12 1 1 9 12 1 10 12 1 1 9 12 1 1 10 12 1 1 10 12 1 100 1 7 1 10 8 1 10 12 1 1 8 1 10 100 12 1 1 10 10 12 1 100 1 8 1 10 10 12 1 1 10 7 12 1 1 10 12 1 8 1 9 100 12 1 1 1 10 12 1 1 100 1 10 12 10 12 1 10 100 12 1 1 1 100 1 10 12 10 12 1 10 12 1 100 1 10 10 7 12 1 1 1 11 100 12 1 1 1 10 12 1 1 10 12 1 1 8 1 10 12 1 10 12 1 1 8 1 8 1 10 12 1 1 10 12 1 8 1 8 1 9 12 1 1 10 12 1 1 100 1 10 11 12 1 8 1 8 1 10 7 12 1 1 8 1 10 12 1 8 1 100 1 10 12 1 9 12 1 1 10 12 1 10 100 12 1 9 12 1 1 10 12 1 1 100 1 8 1 10 12 1 10 100 12 1 1 10 12 1 1 100 1 10 100 12 1 1 1 10 12 1 11 100 12 1 1 1 11 100 12 1 1 11 12 1 8 1 10 12 1 1 8 1 10 10 9 100 12 1 1 1 8 1 10 12 1 1 11 10 100 1 8 1 10 11 12 1 1 8 1 9 12 1 10 100 12 1 1 11 9 12 1 1 11 12 1 1 100 9 12 1 1 11 100 12 1 1 100 1 10 12 1 10 12 1 1 100 1 1 1 1 5 0 1 1 1 1 1 1 1 1 1 1 1 1 1 1 1 1 1 1 1 1 1 1 1 1 1 1 1 1 1 1 1 1 1 1 1 1 1 1 1 1 1 1 1 1 1 1 1 1 1 1 1 1 1 1 1 1 1 100 1 100 1 1 1 1 1 1 1 1 1 1 1 1 1 1 1 1 1 1 1 1 1 1 1 1 1 1 1 100 1 100 1 1
staticfield java/lang/Throwable UNASSIGNED_STACK [Ljava/lang/StackTraceElement; 0 [Ljava/lang/StackTraceElement;
staticfield java/lang/Throwable SUPPRESSED_SENTINEL Ljava/util/List; java/util/Collections$EmptyList
staticfield java/lang/Throwable EMPTY_THROWABLE_ARRAY [Ljava/lang/Throwable; 0 [Ljava/lang/Throwable;
staticfield java/lang/Throwable $assertionsDisabled Z 1
instanceKlass java/io/IOError
instanceKlass kotlin/reflect/jvm/internal/KotlinReflectionInternalError
instanceKlass kotlin/jvm/KotlinReflectionNotSupportedError
instanceKlass kotlin/NotImplementedError
instanceKlass java/lang/AssertionError
instanceKlass java/lang/VirtualMachineError
instanceKlass java/lang/LinkageError
ciInstanceKlass java/lang/Error 1 1 40 10 7 12 1 1 1 10 12 1 10 12 1 10 12 1 10 12 1 100 1 1 1 1 5 0 1 1 1 1 1 1 1 1 1 1 1 1 1 1
instanceKlass java/security/GeneralSecurityException
instanceKlass java/sql/SQLException
instanceKlass org/jetbrains/kotlin/types/TypeSubstitutor$SubstitutionException
instanceKlass com/google/devtools/ksp/common/impl/KSPCompilationError
instanceKlass org/jetbrains/kotlin/com/google/common/collect/RegularImmutableMap$BucketOverflowException
instanceKlass org/jetbrains/kotlin/com/intellij/util/AstLoadingException
instanceKlass org/jetbrains/kotlin/container/UnresolvedDependenciesException
instanceKlass org/jetbrains/kotlin/container/InvalidCardinalityException
instanceKlass org/jetbrains/kotlin/container/ContainerConsistencyException
instanceKlass org/jetbrains/kotlin/com/intellij/psi/stubs/StubTreeLoader$StubTreeAndIndexUnmatchCoarseException
instanceKlass java/util/concurrent/TimeoutException
instanceKlass org/jetbrains/kotlin/com/intellij/psi/scope/MethodProcessorSetupFailedException
instanceKlass java/text/ParseException
instanceKlass javax/xml/stream/XMLStreamException
instanceKlass org/jetbrains/kotlin/com/intellij/util/cls/ClsFormatException
instanceKlass sun/nio/fs/WindowsException
instanceKlass kotlin/reflect/full/IllegalPropertyDelegateAccessException
instanceKlass kotlin/reflect/full/IllegalCallableAccessException
instanceKlass java/net/URISyntaxException
instanceKlass java/lang/CloneNotSupportedException
instanceKlass java/lang/InterruptedException
instanceKlass java/io/IOException
instanceKlass java/lang/ReflectiveOperationException
instanceKlass java/lang/RuntimeException
ciInstanceKlass java/lang/Exception 1 1 54 10 7 12 1 1 1 10 12 1 10 12 1 10 12 1 10 12 1 100 1 1 1 1 5 0 1 1 1 1 1 1 1 1 1 1 1 1 1 1 1 100 1 100 1 100 1 100 1 1 1 1 1 1
instanceKlass androidx/room/jarjarred/org/antlr/v4/runtime/RecognitionException
instanceKlass com/google/devtools/ksp/KSTypeNotPresentException
instanceKlass com/google/devtools/ksp/KSTypesNotPresentException
instanceKlass org/jetbrains/kotlin/lexer/KotlinLexerException
instanceKlass org/jetbrains/kotlin/com/intellij/psi/text/BlockSupport$ReparsedSuccessfullyException
instanceKlass org/jetbrains/kotlin/com/intellij/psi/impl/DebugUtil$IncorrectTreeStructureException
instanceKlass kotlin/KotlinNothingValueException
instanceKlass org/jetbrains/kotlin/types/error/LazyWrappedTypeComputationException
instanceKlass org/jetbrains/kotlin/protobuf/UninitializedMessageException
instanceKlass org/jetbrains/kotlin/com/intellij/openapi/util/RecursionManager$CachingPreventedException
instanceKlass org/jetbrains/kotlin/com/intellij/core/CoreJavaCodeStyleManager$1CancelException
instanceKlass org/jetbrains/kotlin/com/intellij/openapi/vfs/InvalidVirtualFileAccessException
instanceKlass org/jetbrains/kotlin/com/intellij/openapi/util/StackOverflowPreventedException
instanceKlass org/jetbrains/kotlin/com/intellij/psi/PsiInvalidElementAccessException
instanceKlass org/jetbrains/kotlin/com/fasterxml/aalto/UncheckedStreamException
instanceKlass java/util/concurrent/RejectedExecutionException
instanceKlass java/io/UncheckedIOException
instanceKlass org/jetbrains/kotlin/com/intellij/openapi/extensions/SortingException
instanceKlass org/jetbrains/kotlin/com/intellij/diagnostic/ImplementationConflictException
instanceKlass java/util/EmptyStackException
instanceKlass org/jetbrains/kotlin/com/intellij/openapi/diagnostic/RuntimeExceptionWithAttachments
instanceKlass org/jetbrains/kotlin/com/intellij/diagnostic/PluginException
instanceKlass org/jetbrains/kotlin/com/intellij/openapi/project/IndexNotReadyException
instanceKlass org/jetbrains/kotlin/com/intellij/openapi/editor/ReadOnlyModificationException
instanceKlass org/jetbrains/kotlin/com/intellij/openapi/editor/ReadOnlyFragmentModificationException
instanceKlass org/jetbrains/kotlin/com/intellij/util/lang/CompoundRuntimeException
instanceKlass org/jetbrains/kotlin/com/intellij/util/pico/PicoException
instanceKlass org/jetbrains/kotlin/com/intellij/openapi/extensions/ExtensionNotApplicableException
instanceKlass java/util/MissingResourceException
instanceKlass java/nio/file/FileSystemNotFoundException
instanceKlass org/jetbrains/kotlin/util/ServiceLoaderLite$ServiceLoadingException
instanceKlass org/jetbrains/kotlin/compiler/plugin/PluginProcessingException
instanceKlass java/lang/SecurityException
instanceKlass org/jetbrains/kotlin/compiler/plugin/CliOptionProcessingException
instanceKlass org/jetbrains/kotlin/com/intellij/util/IncorrectOperationException
instanceKlass org/jetbrains/kotlin/utils/WrappedValues$WrappedProcessCanceledException
instanceKlass java/util/ConcurrentModificationException
instanceKlass java/lang/reflect/UndeclaredThrowableException
instanceKlass java/util/NoSuchElementException
instanceKlass kotlin/NoWhenBranchMatchedException
instanceKlass java/lang/IndexOutOfBoundsException
instanceKlass java/lang/UnsupportedOperationException
instanceKlass kotlin/UninitializedPropertyAccessException
instanceKlass java/lang/IllegalStateException
instanceKlass org/jetbrains/kotlin/cli/jvm/compiler/CompileEnvironmentException
instanceKlass org/jetbrains/kotlin/utils/KotlinExceptionWithAttachments
instanceKlass org/jetbrains/kotlin/analyzer/CompilationErrorException
instanceKlass org/jetbrains/kotlin/com/intellij/openapi/progress/ProcessCanceledException
instanceKlass java/lang/IllegalArgumentException
instanceKlass java/lang/ArithmeticException
instanceKlass java/lang/NullPointerException
instanceKlass java/lang/IllegalMonitorStateException
instanceKlass java/lang/ArrayStoreException
instanceKlass java/lang/ClassCastException
ciInstanceKlass java/lang/RuntimeException 1 1 40 10 7 12 1 1 1 10 12 1 10 12 1 10 12 1 10 12 1 100 1 1 1 1 5 0 1 1 1 1 1 1 1 1 1 1 1 1 1 1
ciInstanceKlass java/lang/SecurityManager 0 0 576 10 100 12 1 1 1 9 100 12 1 1 1 10 100 12 1 1 1 100 1 8 1 10 12 1 10 12 1 1 10 100 12 1 1 1 10 100 1 10 100 1 10 9 100 12 1 1 1 10 100 12 1 1 1 10 12 1 1 10 100 12 1 1 100 1 8 1 10 9 12 1 1 9 12 1 8 1 9 12 1 100 1 10 8 1 10 12 1 1 10 12 1 10 12 1 1 100 1 10 10 12 1 1 100 1 8 1 10 12 1 8 1 8 1 8 1 8 1 8 1 8 1 10 12 1 8 1 8 1 8 1 8 1 8 1 10 100 12 1 1 1 10 12 1 1 8 1 100 1 8 1 10 8 1 8 1 8 1 8 1 8 1 10 100 12 1 1 8 1 100 1 8 1 8 1 10 8 1 10 12 1 100 1 8 1 10 10 12 1 1 10 12 1 10 12 1 10 12 1 10 100 12 1 1 1 10 12 1 10 100 12 1 1 11 100 12 1 1 1 18 12 1 1 11 100 12 1 1 1 18 12 1 1 11 12 1 1 18 18 11 12 1 18 12 1 11 12 1 1 9 12 1 1 9 12 1 9 12 1 9 12 1 100 1 10 100 12 1 1 10 12 1 10 12 1 18 12 1 18 10 100 12 1 1 1 18 12 1 10 12 1 18 18 8 1 10 12 1 9 12 1 1 11 100 12 1 1 1 8 1 100 1 10 12 1 10 12 1 1 10 12 1 1 9 12 1 1 10 12 1 10 12 1 1 8 1 100 1 10 9 12 1 8 1 10 12 1 8 1 100 1 10 10 100 12 1 1 10 100 1 9 100 12 1 1 1 11 12 1 1 10 12 1 11 12 1 10 12 1 100 1 10 10 12 1 1 10 12 1 1 1 1 1 1 1 1 1 1 1 100 1 1 1 1 1 1 1 1 1 1 1 1 1 1 1 1 1 1 1 1 1 1 1 1 1 1 1 1 1 1 1 1 1 1 1 1 1 1 1 1 1 1 1 1 1 1 1 1 1 1 1 1 1 1 1 1 3 1 1 1 1 1 1 1 1 1 1 100 1 1 1 1 1 1 1 1 1 1 1 1 1 1 1 1 1 1 1 1 1 1 1 1 1 1 1 1 1 1 1 1 1 1 1 1 1 1 16 15 10 100 12 1 1 1 16 1 16 15 10 12 16 1 15 10 12 16 15 11 100 1 16 1 16 1 15 10 12 16 15 10 12 16 15 10 12 1 16 1 15 11 12 1 15 10 12 16 15 10 16 1 15 10 100 12 1 1 1 1 1 1 100 1 100 1 1
ciInstanceKlass java/security/ProtectionDomain 1 1 348 10 7 12 1 1 1 9 7 12 1 1 1 7 1 10 9 12 1 1 9 12 1 1 9 12 1 1 10 7 12 1 1 7 1 9 12 1 9 12 1 1 7 1 9 12 1 1 9 12 1 10 100 12 1 1 10 100 12 1 1 1 10 12 1 1 10 12 1 9 12 1 9 100 12 1 1 10 12 1 1 10 100 1 10 12 1 1 8 1 100 1 8 1 10 12 1 10 11 10 100 12 1 1 1 10 12 1 1 8 1 11 8 1 10 12 1 8 1 8 1 10 12 1 1 10 12 1 10 12 1 1 10 12 1 8 1 10 12 1 8 1 8 1 10 100 12 1 1 1 9 100 12 1 1 1 10 12 1 1 9 100 12 1 1 1 10 100 12 1 1 1 100 1 18 12 1 1 10 100 12 1 1 1 10 100 1 10 12 1 10 12 1 1 11 100 12 1 1 11 12 1 100 1 11 100 12 1 1 1 10 12 1 10 11 12 1 1 11 12 1 1 10 12 1 10 7 12 1 1 10 100 12 1 1 11 12 1 10 12 10 12 1 8 1 8 1 10 7 12 1 1 1 7 1 10 10 7 12 1 1 1 1 1 1 1 1 1 1 100 1 1 100 1 1 1 1 1 1 1 1 1 1 1 1 1 1 1 1 1 1 1 1 1 1 1 1 1 1 1 1 1 1 1 1 1 1 1 1 1 1 1 1 1 1 1 1 100 1 1 1 1 1 1 100 1 1 16 15 10 12 16 15 10 100 12 1 1 1 1 1 1 1 100 1 100 1 1
staticfield java/security/ProtectionDomain filePermCompatInPD Z 0
ciInstanceKlass java/security/AccessControlContext 1 1 374 9 7 12 1 1 1 9 12 1 1 10 100 12 1 1 1 8 1 10 100 12 1 1 1 10 7 12 1 1 1 9 12 1 9 12 1 1 9 12 1 1 10 7 12 1 1 100 1 10 12 1 11 100 12 1 1 1 11 12 1 11 12 1 11 12 1 1 100 1 11 12 1 1 10 12 1 10 100 12 1 1 1 9 100 12 1 1 1 10 100 12 1 1 1 11 100 12 1 1 1 10 100 1 100 1 8 1 10 12 1 10 12 1 1 100 1 10 100 12 1 1 1 9 12 1 9 12 1 9 12 1 9 12 1 1 9 12 1 1 9 12 1 9 12 1 10 7 12 1 1 1 9 12 1 10 12 1 1 10 12 1 1 8 1 10 12 1 1 10 12 1 1 10 100 12 1 1 1 100 1 10 10 12 1 1 10 100 12 1 1 1 10 8 1 10 100 12 1 1 8 1 10 100 12 1 1 8 1 8 1 10 12 1 8 1 10 12 1 8 1 10 12 1 10 12 1 10 12 1 1 8 1 8 1 100 1 10 12 1 10 12 1 1 100 1 10 12 1 8 1 10 12 1 10 12 1 10 8 1 10 12 1 1 10 12 1 1 10 12 1 1 10 12 1 1 10 12 1 10 12 1 11 10 12 1 10 12 1 1 10 10 10 12 1 1 1 1 1 1 1 1 1 1 1 1 1 1 1 1 1 1 1 1 1 1 1 1 100 1 1 1 1 1 1 1 1 1 1 1 1 1 1 1 1 1 1 1 1 1 1 1 1 1 1 1 1 1 1 1 1 1 1 1 1 1 1 1 1 1 1 1 1 1 1 1 1 1 1 1 1 3 1 1
ciInstanceKlass java/security/AccessController 1 1 295 10 100 12 1 1 1 10 7 12 1 1 1 10 7 12 1 1 1 10 12 1 1 10 12 1 1 10 7 12 1 1 1 10 12 1 1 10 12 1 10 12 1 1 10 12 1 100 1 8 1 10 12 1 10 12 1 10 12 1 1 10 12 1 100 1 100 1 10 12 1 1 10 12 1 10 12 1 10 12 1 1 10 7 12 1 1 1 10 12 1 1 9 100 12 1 1 1 10 100 12 1 1 1 10 12 1 10 12 1 9 100 12 1 1 1 10 12 1 10 12 1 1 9 12 1 1 10 100 1 10 11 7 12 1 1 1 10 7 12 1 1 11 7 1 100 1 10 12 1 10 12 1 10 12 1 8 1 10 12 1 1 8 1 10 100 12 1 1 1 8 1 100 1 10 10 12 1 1 10 12 1 10 7 12 1 1 1 10 12 1 8 1 10 100 12 1 1 8 1 8 1 10 12 1 8 1 10 12 1 10 12 1 1 10 12 1 1 1 1 1 1 1 1 1 1 1 1 1 1 1 1 1 1 1 1 1 1 1 1 1 1 1 1 100 1 1 1 1 1 1 1 1 1 1 1 1 1 1 1 1 1 1 1 1 1 1 1 1 1 1 1 1 1 1 1 1 1 1 100 1 100 1 1 1 1 1 1 1 1 1 3 1 1 1
staticfield java/security/AccessController $assertionsDisabled Z 1
instanceKlass java/net/URLClassLoader
instanceKlass jdk/internal/loader/BuiltinClassLoader
ciInstanceKlass java/security/SecureClassLoader 1 1 102 10 7 12 1 1 1 7 1 10 12 1 9 7 12 1 1 1 10 12 1 10 12 1 10 12 1 1 10 12 1 1 10 12 1 7 1 10 7 1 10 12 1 7 1 10 12 1 11 7 12 1 1 1 7 1 11 12 1 10 12 1 1 1 1 1 1 1 1 1 1 1 1 1 1 1 1 1 1 1 1 1 1 1 1 1 1 1 1 1 1 1 1 1 1 1 1 100 1 1 1 1
instanceKlass java/lang/reflect/InvocationTargetException
instanceKlass java/lang/InstantiationException
instanceKlass java/lang/IllegalAccessException
instanceKlass java/lang/NoSuchFieldException
instanceKlass java/lang/NoSuchMethodException
instanceKlass java/lang/ClassNotFoundException
ciInstanceKlass java/lang/ReflectiveOperationException 1 1 34 10 7 12 1 1 1 10 12 1 10 12 1 10 12 1 100 1 1 1 1 5 0 1 1 1 1 1 1 1 1 1 1 1
ciInstanceKlass java/lang/ClassNotFoundException 1 1 96 7 1 10 7 12 1 1 1 10 12 1 10 12 1 1 10 100 12 1 1 1 8 1 10 100 12 1 1 1 10 7 12 1 1 10 100 12 1 1 1 10 100 12 1 1 1 10 12 1 1 7 1 10 12 1 9 12 1 1 1 1 1 5 0 1 1 1 1 1 1 1 1 1 1 1 1 1 1 1 1 1 1 100 1 1 1 1 1 1 1 1 1 1 1 1
staticfield java/lang/ClassNotFoundException serialPersistentFields [Ljava/io/ObjectStreamField; 1 [Ljava/io/ObjectStreamField;
instanceKlass java/util/stream/Collectors$CollectorImpl
instanceKlass java/lang/reflect/Proxy$ProxyBuilder$ProxyClassContext
instanceKlass java/nio/DirectByteBuffer$Deallocator
instanceKlass java/io/IoOverNioFileSystem$StreamInitializationBundle
instanceKlass java/security/SecureClassLoader$CodeSourceKey
instanceKlass jdk/internal/reflect/ReflectionFactory$Config
instanceKlass jdk/internal/foreign/abi/UpcallLinker$CallRegs
instanceKlass jdk/internal/foreign/abi/VMStorage
ciInstanceKlass java/lang/Record 1 1 22 10 7 12 1 1 1 100 1 1 1 1 1 1 1 1 1 1 1 1 1 1
instanceKlass java/lang/IncompatibleClassChangeError
instanceKlass java/lang/UnsatisfiedLinkError
instanceKlass java/lang/BootstrapMethodError
instanceKlass java/lang/NoClassDefFoundError
ciInstanceKlass java/lang/LinkageError 1 1 31 10 7 12 1 1 1 10 12 1 10 12 1 100 1 1 1 1 5 0 1 1 1 1 1 1 1 1 1 1 1
ciInstanceKlass java/lang/NoClassDefFoundError 0 0 26 10 100 12 1 1 1 10 12 1 100 1 1 1 1 5 0 1 1 1 1 1 1 1 1 1
ciInstanceKlass java/lang/ClassCastException 1 1 26 10 100 12 1 1 1 10 12 1 100 1 1 1 1 5 0 1 1 1 1 1 1 1 1 1
ciInstanceKlass java/lang/ArrayStoreException 1 1 26 10 100 12 1 1 1 10 12 1 100 1 1 1 1 5 0 1 1 1 1 1 1 1 1 1
instanceKlass java/lang/StackOverflowError
instanceKlass java/lang/OutOfMemoryError
instanceKlass java/lang/InternalError
ciInstanceKlass java/lang/VirtualMachineError 1 1 34 10 100 12 1 1 1 10 12 1 10 12 1 10 12 1 100 1 1 1 1 5 0 1 1 1 1 1 1 1 1 1 1 1
ciInstanceKlass java/lang/InternalError 0 0 34 10 100 12 1 1 1 10 12 1 10 12 1 10 12 1 100 1 1 1 1 5 0 1 1 1 1 1 1 1 1 1 1 1
ciInstanceKlass java/lang/OutOfMemoryError 1 1 26 10 100 12 1 1 1 10 12 1 100 1 1 1 1 5 0 1 1 1 1 1 1 1 1 1
ciInstanceKlass java/lang/StackOverflowError 1 1 26 10 100 12 1 1 1 10 12 1 100 1 1 1 1 5 0 1 1 1 1 1 1 1 1 1
ciInstanceKlass java/lang/IllegalMonitorStateException 1 1 26 10 100 12 1 1 1 10 12 1 100 1 1 1 1 5 0 1 1 1 1 1 1 1 1 1
instanceKlass java/lang/ref/PhantomReference
instanceKlass java/lang/ref/FinalReference
instanceKlass java/lang/ref/WeakReference
instanceKlass java/lang/ref/SoftReference
ciInstanceKlass java/lang/ref/Reference 1 1 190 9 7 12 1 1 1 9 7 12 1 1 10 12 1 1 10 12 1 1 9 12 1 1 10 12 1 1 9 12 1 1 9 12 1 1 7 1 10 12 1 10 7 12 1 1 10 12 1 10 12 1 1 10 12 1 7 1 8 1 10 12 1 1 7 1 10 12 1 1 10 12 1 1 10 12 1 9 12 1 10 12 1 1 10 12 1 10 12 1 9 12 1 100 1 100 1 10 12 9 12 1 9 12 1 100 1 10 10 12 1 10 10 7 12 1 1 7 1 10 10 7 12 1 1 1 1 1 1 1 1 1 1 1 1 1 1 1 1 1 1 1 100 1 1 1 100 1 1 1 1 1 1 1 1 1 1 1 1 1 1 1 1 1 1 1 1 1 1 1 1 1 1 1 1 1 1 1 1 1 1 1 100 1 100 1 100 1 1 1
staticfield java/lang/ref/Reference processPendingLock Ljava/lang/Object; java/lang/Object
staticfield java/lang/ref/Reference $assertionsDisabled Z 1
instanceKlass sun/util/locale/provider/LocaleResources$ResourceReference
instanceKlass sun/util/resources/Bundles$BundleReference
instanceKlass org/jetbrains/kotlin/com/intellij/util/containers/ConcurrentWeakKeySoftValueHashMap$SoftValue
instanceKlass org/jetbrains/kotlin/com/intellij/util/containers/ConcurrentSoftValueHashMap$MySoftReference
instanceKlass org/jetbrains/kotlin/com/intellij/util/containers/SoftKeySoftValueHashMap$ValueReference
instanceKlass org/jetbrains/kotlin/com/intellij/reference/SoftReference
instanceKlass java/lang/invoke/LambdaFormEditor$Transform
instanceKlass sun/util/locale/LocaleObjectCache$CacheEntry
ciInstanceKlass java/lang/ref/SoftReference 1 1 47 10 7 12 1 1 1 9 7 12 1 1 1 9 12 1 10 12 1 10 12 1 1 1 1 1 1 1 1 1 1 1 1 1 1 1 1 1 1 1 1 100 1 1 1 1 1
instanceKlass org/jetbrains/kotlin/com/intellij/util/containers/ConcurrentWeakKeySoftValueHashMap$WeakKey
instanceKlass org/jetbrains/kotlin/com/intellij/util/PatchedWeakReference
instanceKlass org/jetbrains/kotlin/com/intellij/util/containers/ConcurrentWeakValueHashMap$MyWeakReference
instanceKlass org/jetbrains/kotlin/com/intellij/util/containers/UnsafeWeakList$MyReference
instanceKlass org/jetbrains/kotlin/com/intellij/util/containers/IntKeyWeakValueHashMap$MyReference
instanceKlass java/lang/WeakPairMap$WeakRefPeer
instanceKlass java/lang/ClassValue$Entry
instanceKlass java/util/logging/Level$KnownLevel
instanceKlass jdk/internal/util/WeakReferenceKey
instanceKlass java/lang/ThreadLocal$ThreadLocalMap$Entry
instanceKlass java/util/WeakHashMap$Entry
ciInstanceKlass java/lang/ref/WeakReference 1 1 31 10 7 12 1 1 1 10 12 1 100 1 1 1 1 1 1 1 1 1 1 1 1 1 1 1 1 1 1 1 1
instanceKlass java/lang/ref/Finalizer
ciInstanceKlass java/lang/ref/FinalReference 1 1 50 10 100 12 1 1 1 10 100 12 1 1 1 10 12 1 1 100 1 8 1 10 12 1 1 1 1 1 1 1 1 1 1 1 1 1 1 1 1 1 1 1 1 1 1 1 1 1 100 1
instanceKlass jdk/internal/ref/Cleaner
instanceKlass jdk/internal/ref/PhantomCleanable
ciInstanceKlass java/lang/ref/PhantomReference 1 1 39 10 100 12 1 1 1 10 7 12 1 1 1 1 1 1 1 1 1 1 1 1 1 1 1 1 1 1 1 1 1 1 1 1 1 1 1 1 1
ciInstanceKlass java/lang/ref/Finalizer 1 1 155 9 7 12 1 1 1 10 100 12 1 1 1 9 12 1 1 9 12 1 1 9 12 1 9 12 1 9 12 1 1 10 12 1 100 1 8 1 10 12 1 10 12 1 1 9 12 1 100 1 10 12 1 100 1 11 100 12 1 1 10 12 1 100 1 10 12 1 100 1 10 12 1 10 100 12 1 1 1 10 100 12 1 1 1 100 1 10 10 12 1 7 1 10 12 1 7 1 10 12 1 1 10 12 1 1 10 12 1 10 7 12 1 1 1 7 1 10 7 1 10 10 12 1 1 1 1 1 1 1 1 1 1 1 1 1 1 1 1 1 1 1 1 1 1 1 1 1 1 1 1 1 1 1 1
staticfield java/lang/ref/Finalizer lock Ljava/lang/Object; java/lang/Object
staticfield java/lang/ref/Finalizer ENABLED Z 1
staticfield java/lang/ref/Finalizer $assertionsDisabled Z 1
ciInstanceKlass java/lang/Runnable 1 0 11 100 1 100 1 1 1 1 1 1 1
instanceKlass kotlinx/coroutines/scheduling/CoroutineScheduler$Worker
instanceKlass java/util/concurrent/ForkJoinWorkerThread
instanceKlass java/lang/ref/Finalizer$FinalizerThread
instanceKlass java/lang/ref/Reference$ReferenceHandler
instanceKlass jdk/internal/misc/InnocuousThread
instanceKlass java/lang/BaseVirtualThread
ciInstanceKlass java/lang/Thread 1 1 870 10 7 12 1 1 1 9 12 1 1 10 100 12 1 1 10 12 1 10 100 12 1 1 100 1 8 1 10 12 1 1 9 12 1 9 12 1 1 9 12 1 1 100 1 10 12 1 1 10 12 1 10 100 12 1 1 1 10 12 9 12 1 1 10 12 1 100 1 10 12 1 100 1 8 1 10 9 100 12 1 1 1 10 12 1 1 10 12 1 1 10 12 1 1 10 12 1 10 12 1 1 3 8 1 100 1 5 0 10 7 12 1 1 1 9 12 1 10 12 1 1 10 7 12 1 1 1 10 7 12 1 1 1 10 12 1 1 10 12 1 1 9 12 1 1 10 100 1 8 1 10 7 1 10 12 1 9 12 1 1 10 100 12 1 1 1 10 10 12 1 1 9 100 12 1 1 1 10 12 1 1 10 12 1 1 10 7 12 1 1 10 12 1 10 12 1 10 7 12 1 1 9 12 1 10 7 12 1 1 1 10 12 1 1 9 12 1 1 9 12 1 1 10 7 12 1 1 1 9 12 1 1 10 100 12 1 1 10 100 12 1 1 1 10 12 1 10 12 1 10 100 12 1 1 9 12 1 8 1 9 100 12 1 1 9 12 1 1 5 0 100 1 10 100 1 10 100 1 10 100 1 10 8 1 10 12 1 1 10 100 12 1 10 12 1 10 12 1 100 1 8 1 10 10 12 1 10 12 1 1 10 100 12 1 1 1 10 100 12 1 1 1 10 12 1 7 1 9 12 1 1 100 1 10 10 12 1 9 12 1 1 10 12 1 1 10 12 1 1 10 12 1 10 12 1 9 12 1 1 10 10 12 1 1 10 12 1 1 11 7 12 1 1 10 100 12 1 1 9 12 1 9 12 1 1 9 12 1 1 10 100 12 1 1 10 12 1 1 9 100 12 1 1 1 10 100 12 1 1 10 12 1 10 12 1 100 1 10 10 12 9 12 1 1 10 12 1 11 100 12 1 1 10 12 1 10 12 1 10 12 1 9 12 1 10 10 12 1 10 12 1 1 9 12 1 9 12 10 12 1 8 1 10 12 1 10 12 1 10 12 1 10 12 1 10 12 1 1 10 12 1 10 12 1 1 10 12 1 10 12 1 10 12 1 10 12 1 10 12 1 1 9 7 12 1 1 1 8 1 10 9 12 1 10 12 1 100 1 8 1 10 10 12 1 8 1 10 12 1 1 9 12 10 12 8 1 10 10 12 1 10 12 1 8 1 10 12 1 10 8 1 10 100 12 1 1 10 12 1 1 100 1 8 1 10 9 12 1 9 12 1 1 10 12 1 1 10 10 12 1 10 12 1 100 10 7 12 1 1 1 9 12 1 10 12 1 1 10 12 1 1 10 100 12 1 1 1 11 100 12 1 1 1 9 100 12 1 1 1 10 100 12 1 1 1 100 1 10 12 1 100 1 10 12 1 10 12 1 1 10 12 1 1 8 1 9 12 1 10 12 1 10 12 1 1 11 100 12 1 1 1 10 12 1 1 1 1 3 1 3 1 3 1 3 1 1 1 1 1 1 1 1 1 1 1 1 1 1 1 1 1 1 1 1 1 100 1 1 1 1 1 1 1 1 1 1 1 1 1 1 1 1 1 1 1 1 1 1 100 1 1 1 1 1 1 1 1 1 1 1 1 1 1 1 1 100 1 100 1 1 1 1 1 1 1 1 1 1 1 1 1 1 1 1 1 1 1 1 1 1 1 1 1 1 1 1 1 1 1 1 1 1 1 1 1 1 1 1 1 1 1 1 1 1 1 1 1 1 1 1 1 1 1 1 1 1 1 1 1 1 1 1 1 1 1 1 1 1 1 1 1 1 1 1 100 100 1 1 1 1 1 1 1 1 1 1 1 1 1 1 1 1 1 1 1 1 1 1 1 1 1 1 100 1 100 1 100 1 100 1 100 1 1 100 1 1 1 1 1 1 1 1 1 1 1 1 1 1 1
staticfield java/lang/Thread NEW_THREAD_BINDINGS Ljava/lang/Object; java/lang/Class
staticfield java/lang/Thread EMPTY_STACK_TRACE [Ljava/lang/StackTraceElement; 0 [Ljava/lang/StackTraceElement;
ciInstanceKlass java/lang/Thread$FieldHolder 1 1 48 10 7 12 1 1 1 9 7 12 1 1 1 9 12 1 1 9 12 1 1 9 12 1 1 9 12 1 1 1 1 1 1 1 1 1 1 100 1 100 1 1 1 1 100 1 1 1
ciInstanceKlass java/lang/Thread$Constants 0 0 59 100 1 10 100 12 1 1 1 100 1 10 10 100 12 1 1 1 100 1 8 1 10 12 1 9 100 12 1 1 1 100 1 100 1 10 12 1 10 12 1 9 12 1 1 1 1 1 1 1 1 1 1 1 1 1 1 1 1
ciInstanceKlass java/lang/Thread$UncaughtExceptionHandler 1 0 16 100 1 100 1 1 1 1 1 1 1 1 100 1 1 1
ciInstanceKlass java/lang/ThreadGroup 1 1 411 10 7 12 1 1 1 9 7 12 1 1 1 8 1 9 12 1 1 100 1 9 12 1 1 9 12 1 1 10 7 12 1 1 1 10 12 1 1 10 12 1 10 12 1 10 12 1 10 12 1 1 10 12 1 1 10 12 1 10 12 1 1 10 12 1 10 12 1 10 100 12 1 1 1 10 12 1 1 18 12 1 1 11 100 12 1 1 1 10 7 12 1 1 1 10 100 12 1 10 12 1 1 10 12 1 1 10 12 1 1 10 100 12 1 1 1 10 12 1 11 12 1 1 11 100 12 1 1 11 12 1 1 10 12 1 1 10 12 1 10 12 1 11 12 1 11 12 1 1 100 1 10 10 12 1 100 1 10 18 12 1 1 11 100 12 1 1 1 11 12 1 1 9 12 1 1 10 12 1 1 8 1 10 100 12 1 1 1 10 100 12 1 1 1 10 12 1 1 11 12 10 12 1 1 10 12 1 1 11 100 1 9 12 1 100 1 10 8 1 10 12 1 1 10 12 1 1 8 1 10 12 1 10 100 12 1 1 1 10 12 1 1 10 7 1 8 1 10 8 1 10 12 1 10 12 1 8 1 9 12 1 1 9 12 1 10 100 12 1 1 1 100 9 12 1 1 100 1 9 12 1 10 12 10 12 1 1 100 10 12 9 12 1 10 12 1 100 1 10 11 12 1 1 100 1 10 10 12 1 10 12 1 1 1 1 1 1 1 1 1 1 1 1 1 1 1 1 1 1 3 1 1 1 1 1 1 1 1 1 1 1 1 100 1 1 1 1 1 1 1 1 1 1 1 1 1 1 1 1 1 1 1 1 1 1 1 1 1 1 1 1 1 1 1 1 1 1 1 1 1 1 1 1 1 1 1 16 15 10 12 16 16 15 10 12 16 15 10 100 12 1 1 1 1 1 100 1 100 1 1
staticfield java/lang/ThreadGroup $assertionsDisabled Z 1
instanceKlass java/lang/ThreadBuilders$BoundVirtualThread
instanceKlass java/lang/VirtualThread
ciInstanceKlass java/lang/BaseVirtualThread 0 0 36 10 100 12 1 1 1 100 1 1 1 1 1 1 1 1 1 1 1 1 1 1 1 1 1 1 1 1 100 1 100 1 1 100 1 1
ciInstanceKlass java/lang/VirtualThread 0 0 907 9 100 12 1 1 1 10 100 12 1 1 1 10 100 12 1 1 1 10 100 12 1 1 1 9 12 1 1 9 12 1 1 100 1 10 12 1 9 12 1 1 18 12 1 1 9 12 1 1 10 12 1 1 100 1 10 12 1 10 12 1 1 10 12 1 1 10 12 1 1 10 12 1 10 100 12 1 10 12 1 10 12 1 10 12 1 10 12 1 11 100 12 1 1 1 100 1 10 12 1 1 10 100 12 1 1 1 10 100 12 1 1 1 10 12 1 100 1 10 10 12 1 10 12 1 1 9 12 1 1 10 12 1 1 9 12 1 1 10 12 1 9 12 1 1 9 12 1 100 1 10 10 12 1 10 100 12 1 1 10 9 10 10 12 1 1 10 12 1 1 10 100 12 1 1 10 100 1 10 9 10 10 12 1 100 1 10 12 1 1 10 12 1 10 12 1 10 12 1 1 9 12 1 10 12 1 10 12 1 9 12 1 1 10 12 1 10 12 1 9 12 1 1 10 12 1 10 12 1 10 12 1 11 100 12 1 1 10 12 1 1 10 12 1 1 10 12 1 1 9 12 1 10 100 1 10 12 1 1 10 12 1 1 10 12 1 10 12 1 10 12 1 10 12 9 12 1 1 10 100 12 1 1 10 12 1 10 12 1 1 10 100 12 1 1 10 12 1 100 1 8 1 10 12 1 10 12 1 1 10 12 1 10 12 1 10 100 12 1 1 10 12 1 10 12 1 1 10 12 1 10 12 1 1 10 100 12 1 1 10 12 1 1 10 12 1 1 100 1 10 10 12 1 100 1 9 12 1 1 10 100 12 1 1 10 9 12 1 1 18 9 100 12 1 1 1 11 100 12 1 1 1 11 100 1 11 12 10 12 1 10 12 1 1 10 12 1 100 1 10 10 12 1 10 12 1 1 10 12 1 1 10 12 1 10 12 1 10 12 1 9 12 1 1 11 100 12 1 1 10 12 9 100 12 1 1 1 9 12 1 10 12 1 1 9 12 1 9 12 1 9 12 1 100 1 10 10 12 1 1 10 12 1 10 12 100 1 100 1 10 8 1 10 12 1 1 10 12 1 10 12 1 10 10 12 1 8 1 10 10 12 1 10 12 1 10 100 12 1 1 8 1 8 1 10 9 100 12 1 1 1 10 12 1 1 10 12 1 10 10 10 12 9 12 1 10 12 1 1 9 12 1 10 12 1 1 9 12 1 10 12 1 1 18 12 1 1 18 12 1 10 100 12 1 1 1 8 1 10 100 12 1 1 1 10 100 12 1 1 1 18 12 1 10 100 12 1 1 1 100 1 10 12 1 8 1 10 12 1 8 1 10 12 1 1 8 1 8 1 10 100 12 1 1 8 1 10 12 1 8 1 8 1 10 100 12 1 1 1 10 12 1 10 12 1 1 10 12 1 18 12 1 1 18 12 1 1 5 0 9 12 1 10 12 1 18 12 1 100 1 10 12 10 100 12 1 1 10 12 1 1 100 1 8 1 10 10 12 1 10 12 1 1 10 12 1 9 12 1 8 10 12 1 1 8 8 9 12 1 8 10 12 1 1 3 1 3 1 3 1 3 1 3 1 3 1 3 1 3 1 3 1 3 1 3 1 3 3 1 3 1 1 1 1 1 1 1 1 1 1 1 1 1 1 100 1 1 1 1 1 1 1 1 1 1 1 1 1 1 100 1 1 1 1 1 1 1 1 1 1 1 100 1 1 1 1 1 1 1 1 1 1 1 1 1 1 1 1 1 1 1 1 1 1 1 1 1 1 1 1 1 1 1 1 1 1 1 1 1 1 1 100 1 1 1 1 1 1 1 1 1 1 1 1 1 1 1 1 1 1 1 1 1 1 1 1 1 1 1 1 1 1 1 1 1 1 1 100 1 1 1 1 1 1 1 1 1 1 1 1 1 1 100 1 1 16 15 10 12 15 16 15 10 12 16 15 10 12 16 16 15 10 12 16 15 10 12 16 15 10 12 16 15 10 12 16 1 15 10 100 12 1 1 1 1 1 1 1 100 1 1 100 1 100 1 1
ciInstanceKlass java/lang/ThreadBuilders$BoundVirtualThread 0 0 132 10 100 12 1 1 1 9 100 12 1 1 1 10 100 12 1 1 1 9 12 1 1 10 12 1 1 10 12 1 1 9 12 1 1 10 100 12 1 1 1 10 12 1 1 100 1 8 1 10 12 1 10 12 1 1 10 12 1 1 10 12 1 1 10 100 12 1 1 1 8 1 10 12 1 8 1 10 12 1 1 10 100 12 1 1 9 100 12 1 1 1 10 12 1 1 10 10 12 1 1 1 1 1 1 1 1 1 1 1 1 1 1 1 1 1 1 1 1 1 1 1 1 1 1 1 1 100 1 1 1 1
ciInstanceKlass java/util/Map 1 1 263 11 7 12 1 1 1 11 12 1 1 10 100 12 1 1 11 12 1 1 11 7 12 1 1 1 11 100 12 1 1 1 11 12 1 1 7 1 11 12 1 11 12 1 100 1 100 1 10 12 1 1 11 100 12 1 1 1 11 100 12 1 1 1 11 12 1 11 12 1 10 12 1 1 11 12 1 11 100 12 1 9 7 12 1 1 1 100 1 10 12 7 1 7 1 10 12 1 7 1 10 7 1 11 12 1 11 12 1 1 11 12 1 1 7 1 11 12 1 1 1 1 1 1 1 1 1 1 1 1 1 1 1 1 1 1 1 1 1 1 1 1 1 1 1 1 1 1 1 1 1 1 1 1 1 1 1 1 1 1 1 1 1 1 1 1 1 1 1 1 1 1 1 1 1 1 1 1 1 1 1 1 1 1 1 1 1 1 1 1 1 1 1 1 1 1 1 1 1 1 1 1 1 1 1 1 1 1 1 1 1 1 1 1 1 1 1 1 1 1 1 1 1 1 1 1 1 1 1 1 1 1 1 1 1 1 1 1 1 1 1 1 1 1 100 1 1 1 1 1 1 1 1 1 1 1 1 1 1 1 1 1 1
instanceKlass java/util/Hashtable
ciInstanceKlass java/util/Dictionary 1 1 36 10 7 12 1 1 1 100 1 1 1 1 1 1 1 1 1 1 1 1 1 1 1 1 1 1 1 1 1 1 1 1 1 1 1 1
instanceKlass java/util/Properties
ciInstanceKlass java/util/Hashtable 1 1 516 100 1 10 7 12 1 1 1 9 7 12 1 1 1 100 1 100 1 10 8 1 10 12 1 1 10 12 1 10 12 1 1 10 12 1 10 7 12 1 1 1 8 1 10 12 1 9 12 1 1 7 1 9 12 1 1 4 10 7 12 1 1 1 9 12 1 4 10 12 1 11 100 12 1 1 1 10 12 1 1 10 12 1 1 9 12 1 10 12 1 1 100 1 10 9 12 1 1 10 7 12 1 1 1 9 12 1 1 10 12 1 10 12 1 3 9 12 1 9 12 1 3 10 12 1 10 12 1 10 12 1 1 11 12 1 1 11 100 12 1 1 1 11 100 12 1 1 1 11 12 1 100 1 11 12 1 11 12 1 10 12 1 1 10 12 1 1 10 12 1 9 12 1 1 9 12 9 12 1 1 10 100 1 100 1 10 12 1 10 8 1 10 10 12 1 8 1 10 8 1 10 100 12 1 1 1 100 1 10 12 1 10 12 1 100 1 10 12 1 10 12 1 1 100 1 10 100 1 10 10 12 1 1 11 12 1 1 11 12 1 100 1 10 10 10 100 12 1 1 11 100 12 1 1 1 100 1 10 11 100 12 1 1 11 100 12 1 10 12 1 10 12 1 1 10 100 12 1 1 10 12 1 1 10 12 1 1 10 12 1 1 10 100 12 1 1 1 8 10 100 12 1 1 100 1 8 1 10 4 4 10 12 1 1 10 12 1 8 1 4 10 12 10 100 12 1 1 1 100 1 11 100 12 1 1 1 10 100 12 1 1 1 10 12 1 10 12 1 1 10 100 1 100 1 1 1 1 1 1 5 0 1 1 1 1 1 3 1 3 1 3 1 1 1 1 1 1 1 1 1 1 1 1 1 1 1 1 1 1 1 1 1 1 1 1 1 100 1 1 1 1 1 1 1 1 1 1 1 1 1 1 1 1 1 1 1 1 1 1 1 1 1 1 1 1 1 100 1 1 1 1 1 1 1 1 1 1 1 1 1 1 100 1 1 1 1 1 1 1 1 1 1 1 1 1 1 1 1 1 1 1 1 1 1 1 1 1 1 1 1 1 1 1 1 1 1 1 1 1 1 1 1 1 1 1 1 100 1 1 1 100 1 1 1 1 1 100 1 1 1 1 1 1 1 1 1 1 1 1 1 1 1 1 1 1
instanceKlass java/security/Provider
ciInstanceKlass java/util/Properties 1 1 690 10 7 12 1 1 1 100 1 10 7 12 1 1 7 1 10 12 1 9 12 1 1 9 12 1 1 9 12 1 1 10 7 12 1 1 1 10 12 1 1 8 1 10 7 12 1 1 1 7 1 10 12 1 10 12 1 1 8 1 10 12 1 7 1 10 12 10 12 1 1 9 12 1 1 10 12 1 1 7 1 10 12 1 10 12 1 10 12 1 1 100 1 8 1 10 12 1 10 12 1 10 12 1 1 10 12 1 100 1 3 10 10 100 12 1 1 1 10 12 1 10 12 1 1 8 1 10 12 1 10 12 1 1 8 1 10 100 12 1 1 10 12 1 1 10 12 1 10 12 1 1 100 1 10 12 1 10 12 1 1 100 1 9 100 12 1 1 1 10 12 1 10 12 1 1 10 12 1 1 10 12 1 1 100 1 9 12 1 1 7 1 100 1 10 12 1 100 1 11 7 12 1 1 1 11 12 1 1 11 100 12 1 1 1 11 7 12 1 1 1 11 12 1 1 11 12 1 11 12 1 10 12 1 1 8 1 10 12 1 10 100 12 1 1 10 12 1 100 1 10 10 12 1 10 12 1 100 1 10 10 12 1 1 10 100 12 1 1 9 100 12 1 1 10 12 1 1 10 100 12 1 1 1 100 1 100 1 100 1 10 8 1 8 1 10 12 1 10 12 1 10 12 1 1 10 10 12 1 1 10 12 1 1 7 1 10 10 12 1 11 7 12 1 1 10 7 12 1 1 1 8 1 10 100 12 1 1 11 11 7 1 8 1 10 100 1 11 10 12 1 10 10 12 1 10 12 1 1 10 12 1 1 10 12 1 1 10 12 1 10 12 1 10 10 12 1 10 12 1 10 12 1 10 10 12 1 1 10 12 1 1 10 10 12 1 10 12 1 10 12 1 10 12 1 10 12 1 1 10 12 1 1 10 12 1 10 12 1 10 12 1 1 10 12 10 12 1 1 10 12 1 1 10 12 1 10 12 1 1 10 12 1 1 10 12 10 11 12 1 4 11 10 12 1 1 10 100 12 1 1 11 12 1 10 12 1 1 10 100 12 1 1 10 12 1 100 1 8 1 10 12 1 10 10 100 12 1 1 1 100 1 6 0 10 12 1 1 11 100 12 1 1 1 10 12 1 10 12 1 1 1 1 1 5 0 1 1 1 1 1 1 1 1 1 1 1 1 1 1 1 1 1 1 1 1 1 1 1 1 1 1 1 1 1 1 1 1 1 1 1 1 1 1 1 100 1 1 1 1 1 1 1 1 1 1 1 1 1 1 1 1 1 1 1 1 100 1 1 1 1 1 1 1 1 1 1 1 1 100 1 100 1 1 1 1 1 100 1 1 1 1 1 1 1 1 1 1 1 1 1 1 1 1 1 1 1 1 1 1 1 1 1 1 1 1 1 1 1 1 1 1 1 1 1 1 1 1 1 1 1 1 1 1 1 1 1 1 1 1 1 1 1 1 1 1 1 1 1 1 1 1 1 1 1 1 1 1 1 1 1 1 1 1 1 100 1 1 1 1 1 1 1 1 1 1 1 100 1 1
staticfield java/util/Properties UNSAFE Ljdk/internal/misc/Unsafe; jdk/internal/misc/Unsafe
ciInstanceKlass java/lang/Module 1 1 1070 10 7 12 1 1 1 9 7 12 1 1 1 10 7 12 1 1 1 9 12 1 9 12 1 1 9 12 1 1 10 12 1 1 10 12 1 10 12 1 1 10 7 12 1 1 1 7 1 10 7 12 1 1 1 10 12 1 1 11 7 12 1 1 1 10 12 1 1 10 7 12 1 1 1 10 12 1 1 10 7 12 1 1 1 9 100 12 1 1 1 10 100 12 1 1 1 10 12 1 8 1 10 7 12 1 1 1 10 7 12 1 1 1 10 7 12 1 1 1 10 12 1 10 12 1 9 12 1 1 10 100 12 1 1 100 1 100 1 10 8 1 10 12 1 1 10 12 1 10 12 10 12 1 10 7 12 1 1 8 1 8 1 10 8 1 8 1 9 12 1 1 8 1 10 100 12 1 1 1 10 12 1 9 12 1 1 11 12 1 9 7 12 1 1 10 7 12 1 1 1 10 100 12 1 1 1 10 12 1 1 8 1 10 12 1 1 10 12 1 10 12 1 1 9 7 12 1 1 1 10 12 1 1 10 12 1 1 9 12 1 10 12 1 10 12 1 9 12 1 1 11 7 12 1 1 10 12 1 1 9 12 1 9 12 1 10 12 1 10 12 1 100 1 8 1 10 10 12 1 1 10 12 1 8 1 10 12 1 1 8 1 8 1 10 12 1 1 10 12 1 10 12 1 1 18 12 1 1 10 12 1 1 11 12 1 9 12 1 11 12 10 100 12 1 1 100 1 8 1 10 11 12 1 1 10 7 12 1 1 1 10 12 1 10 12 1 1 11 12 1 1 11 7 12 1 1 11 12 1 1 9 12 1 11 12 1 10 12 1 1 10 12 1 1 9 12 1 10 12 10 7 12 1 1 10 7 1 18 12 1 1 11 100 12 1 1 1 18 12 1 11 12 1 1 10 100 12 1 1 1 11 12 1 1 10 7 12 1 1 7 1 11 12 1 7 1 7 1 10 12 1 10 7 12 1 1 1 10 11 7 12 1 8 1 10 10 12 1 1 10 7 12 1 1 10 12 1 10 12 1 7 1 10 12 1 10 11 12 1 1 10 12 10 12 1 1 9 12 1 1 100 1 10 10 12 1 1 11 7 1 10 12 1 1 11 12 1 10 10 12 1 11 10 12 1 1 10 12 1 1 10 12 1 1 10 7 12 1 1 10 12 1 10 12 1 1 10 10 12 1 1 10 12 1 18 12 1 11 12 1 18 12 1 10 12 1 10 12 1 10 12 7 1 10 12 1 10 12 1 10 12 1 9 12 1 7 1 10 10 10 10 12 1 10 12 1 10 12 1 10 12 1 1 10 12 1 1 10 12 1 9 12 1 18 12 1 1 10 100 12 1 1 1 100 1 8 1 10 12 1 1 10 12 1 1 10 100 12 1 1 100 1 10 12 1 1 100 1 8 1 10 12 1 1 100 1 11 12 1 1 10 100 12 1 1 1 18 12 1 1 11 100 12 1 1 1 100 1 10 12 1 10 12 1 1 100 1 100 1 10 12 8 1 10 12 1 1 10 12 1 1 10 100 12 1 1 10 12 1 1 10 12 1 10 12 10 12 1 1 100 1 10 10 12 1 1 10 100 12 1 1 1 100 1 10 12 1 1 10 100 12 1 1 8 1 18 12 1 1 100 1 100 1 9 12 1 1 9 12 1 9 12 1 11 100 12 1 1 1 100 1 11 12 1 1 100 1 10 12 1 8 1 10 12 1 10 12 10 12 1 8 1 10 10 100 12 1 1 7 1 10 10 12 1 10 7 12 1 1 9 12 1 9 12 1 9 12 1 9 12 1 10 12 11 12 1 10 12 1 100 1 1 1 1 1 1 1 1 1 1 1 1 1 1 1 1 1 1 1 100 1 1 1 1 1 1 1 1 1 1 1 1 1 1 1 1 1 1 1 1 1 1 1 1 1 1 1 1 1 1 1 1 1 1 1 1 1 1 1 1 1 1 1 1 1 1 1 1 1 1 1 1 1 1 1 1 1 1 1 1 1 1 1 1 1 1 1 1 1 1 1 1 1 1 1 1 1 1 1 1 1 1 1 1 1 1 1 1 1 1 1 1 1 1 1 100 100 1 1 1 1 1 1 1 1 1 1 1 1 1 1 1 1 1 1 1 1 1 1 1 1 1 1 1 100 1 100 1 1 1 1 1 1 1 1 1 1 1 1 1 1 1 1 1 1 1 1 100 1 1 1 1 1 1 1 1 1 1 1 1 1 1 1 1 1 1 1 1 1 1 1 16 15 10 12 16 16 15 10 12 16 16 15 10 16 1 15 10 12 16 1 15 10 12 16 1 16 15 10 12 16 16 1 15 10 12 16 15 10 7 12 1 1 1 15 10 100 12 1 1 1 1 1 1 1 1 1 1 1 100 1 100 1 1 100 1 100 1 1
staticfield java/lang/Module ALL_UNNAMED_MODULE Ljava/lang/Module; java/lang/Module
staticfield java/lang/Module ALL_UNNAMED_MODULE_SET Ljava/util/Set; java/util/ImmutableCollections$Set12
staticfield java/lang/Module EVERYONE_MODULE Ljava/lang/Module; java/lang/Module
staticfield java/lang/Module EVERYONE_SET Ljava/util/Set; java/util/ImmutableCollections$Set12
staticfield java/lang/Module $assertionsDisabled Z 1
instanceKlass java/lang/reflect/Executable
instanceKlass java/lang/reflect/Field
ciInstanceKlass java/lang/reflect/AccessibleObject 1 1 400 10 7 12 1 1 1 9 100 12 1 1 1 10 100 12 1 1 1 10 7 12 1 1 10 7 12 1 1 1 10 100 12 1 1 1 10 12 1 1 10 12 1 1 9 12 1 1 7 1 10 7 12 1 1 1 11 12 1 100 1 10 12 1 7 1 100 1 10 12 1 10 12 1 1 10 12 1 1 10 12 1 1 10 12 1 1 7 1 10 7 12 1 1 1 10 12 1 1 11 10 7 12 1 1 1 10 12 1 1 10 12 1 10 12 1 10 12 1 1 10 12 1 8 1 100 1 100 1 10 10 12 1 1 8 1 10 12 1 10 12 1 8 1 8 1 8 1 8 1 8 1 8 1 8 1 8 1 8 1 100 1 10 12 1 10 12 1 9 12 1 1 10 12 1 1 10 12 1 10 100 1 100 1 8 1 10 8 1 10 12 1 8 1 10 12 1 10 12 1 1 10 100 1 8 1 10 11 7 12 1 1 1 10 12 1 1 10 12 1 1 10 12 1 1 9 12 1 1 100 1 10 12 1 7 1 10 12 1 10 12 1 1 10 100 1 10 12 1 10 12 10 12 1 10 12 1 10 12 1 1 10 12 1 9 12 1 10 100 12 1 1 8 1 10 100 12 1 1 1 8 1 10 100 12 1 1 1 9 12 1 100 1 10 7 1 10 10 7 12 1 1 1 7 1 10 10 7 12 1 1 1 7 1 9 12 1 1 1 1 1 1 1 1 1 1 1 1 1 1 1 1 1 1 1 1 1 1 1 1 1 1 1 1 1 1 1 1 1 1 1 1 1 1 1 1 1 1 1 1 1 1 1 1 1 1 1 1 1 1 1 1 1 1 1 1 1 1 1 1 1 1 1 1 1 1 1 1 1 1 1 1 1 1 1 1 1 1 1 1
staticfield java/lang/reflect/AccessibleObject reflectionFactory Ljdk/internal/reflect/ReflectionFactory; jdk/internal/reflect/ReflectionFactory
ciInstanceKlass java/lang/reflect/Member 1 1 37 100 1 10 12 1 1 100 1 100 1 1 1 1 3 1 3 1 1 1 1 1 1 1 1 1 1 1 1 1 1 1 1 1 1 1 1
ciInstanceKlass java/lang/reflect/Field 1 1 457 9 7 12 1 1 1 10 12 1 1 10 100 12 1 1 1 10 100 12 1 1 9 12 1 1 10 12 1 1 10 12 1 1 10 100 12 1 1 10 7 12 1 1 1 9 12 1 1 9 12 1 9 12 1 9 12 1 1 9 12 1 1 9 12 1 9 12 1 1 9 12 1 1 100 1 8 1 10 12 1 10 12 1 9 12 1 1 9 12 1 10 12 1 10 7 12 1 1 10 12 1 1 10 12 1 1 10 12 1 10 12 1 1 9 100 12 1 1 1 10 100 12 1 1 1 7 1 10 12 1 1 10 12 1 1 10 12 1 1 10 12 1 10 12 1 10 7 1 10 7 12 1 1 100 1 10 8 1 10 12 1 1 10 12 1 1 8 1 10 12 10 12 1 8 1 8 1 10 11 100 1 9 12 1 10 12 1 1 10 12 1 1 11 7 12 1 1 1 10 12 1 11 12 1 1 11 12 1 1 11 12 1 1 11 12 1 1 11 12 1 1 11 12 1 1 11 12 1 1 11 12 1 1 11 12 1 1 11 12 1 1 11 12 1 1 11 12 1 1 11 12 1 1 11 12 1 1 11 12 1 1 11 12 1 1 11 12 1 1 10 12 1 10 100 12 1 1 10 12 1 10 12 1 10 12 1 9 12 1 1 10 7 12 1 1 1 10 12 1 1 10 12 1 10 7 12 1 1 10 12 1 1 11 7 1 10 12 1 7 1 10 100 12 1 1 1 10 7 12 1 1 1 9 12 1 10 7 12 1 1 1 11 7 12 1 1 1 10 12 1 1 10 12 1 1 9 100 12 1 1 10 100 12 1 1 1 10 12 1 1 100 1 1 1 1 1 1 1 1 1 1 1 1 1 1 1 1 1 1 1 1 1 1 1 1 1 1 1 1 1 1 1 1 1 1 1 1 1 1 1 100 1 1 1 1 1 1 1 1 1 1 1 1 1 1 1 1 1 1 1 1 1 1 1 1 1 1 1 1 1 1 1 1 100 1 1 1 1 1 1 1 1 1 100 1 1
ciInstanceKlass java/lang/reflect/Parameter 0 0 243 10 100 12 1 1 1 9 100 12 1 1 1 9 12 1 1 9 12 1 1 9 12 1 10 12 1 1 10 12 1 1 10 100 12 1 1 1 100 1 10 10 12 1 1 11 100 12 1 1 1 10 12 1 10 100 12 1 1 1 10 12 1 1 10 12 1 10 12 1 8 1 8 1 10 100 12 1 1 1 10 12 1 10 12 9 100 12 1 1 1 10 100 12 1 1 1 10 12 1 8 1 10 12 1 9 12 1 1 10 12 1 1 9 12 1 1 10 12 1 1 10 12 1 1 10 12 1 1 10 12 1 10 10 12 1 10 100 12 1 1 1 10 12 1 1 11 100 12 1 1 10 100 12 1 1 100 1 10 100 12 1 1 1 10 12 1 1 10 12 1 1 10 12 1 1 10 12 1 1 9 12 1 100 1 10 11 12 1 1 11 12 1 1 100 1 1 1 1 1 1 1 1 1 1 1 1 1 1 1 1 1 1 1 1 1 1 1 1 1 1 1 1 1 1 1 1 1 1 1 1 1 1 1 1 1 100 1 1 1 1 1 1
instanceKlass java/lang/reflect/Constructor
instanceKlass java/lang/reflect/Method
ciInstanceKlass java/lang/reflect/Executable 1 1 581 10 7 12 1 1 1 10 7 12 1 1 1 10 7 12 1 1 1 11 7 12 1 1 1 10 7 12 1 1 1 10 12 1 1 10 7 12 1 1 1 10 100 12 1 1 1 10 12 1 8 1 10 10 12 1 1 10 12 1 1 10 100 12 1 1 1 18 12 1 1 11 100 12 1 1 1 8 1 8 1 8 1 10 100 12 1 1 1 11 12 1 1 100 1 8 1 8 1 10 12 1 100 1 8 1 10 12 1 8 1 11 100 12 1 1 1 100 1 11 100 12 1 1 1 11 12 1 8 1 18 8 1 10 12 1 10 12 1 1 18 8 1 10 12 1 100 1 10 12 1 10 12 1 11 12 1 10 12 1 1 8 1 8 1 10 12 1 1 10 12 1 1 10 10 12 1 9 100 12 1 1 1 10 100 12 1 1 1 10 12 1 10 12 1 1 10 7 12 1 1 10 12 1 10 12 1 10 12 1 10 7 12 1 1 100 1 10 100 12 1 1 1 10 12 1 1 10 100 12 1 1 10 12 1 10 12 1 1 9 100 12 1 1 1 10 100 10 12 1 8 1 10 12 1 10 12 1 3 100 1 8 1 10 12 1 10 12 1 10 10 12 1 10 12 1 1 8 1 8 1 8 1 9 12 1 1 9 12 1 10 12 1 100 1 8 1 10 12 1 10 12 1 10 12 1 1 10 12 1 1 10 12 1 10 12 10 12 1 100 1 10 12 1 10 12 1 1 100 1 10 100 12 1 1 1 100 1 10 7 12 1 1 1 10 12 1 1 11 7 12 1 1 10 12 1 10 100 12 1 1 1 10 12 1 1 9 12 1 10 12 1 1 10 12 1 10 12 1 1 9 100 12 1 1 1 10 100 12 1 1 1 10 12 1 10 12 1 1 9 12 1 10 10 10 10 100 12 1 1 1 10 12 1 9 12 1 10 12 1 1 9 12 1 100 1 100 1 1 1 1 1 1 1 1 1 1 1 1 1 1 1 1 1 1 1 1 1 1 1 1 1 1 1 1 1 1 1 1 1 1 1 1 100 1 1 1 1 1 1 1 1 1 1 1 1 1 1 1 1 1 1 1 100 1 1 1 1 1 1 1 1 1 1 1 1 1 1 1 1 1 1 1 1 1 1 1 1 1 1 1 1 1 1 1 1 1 1 1 1 1 1 1 1 1 1 1 100 1 1 1 1 1 1 1 1 1 1 1 1 1 1 1 1 1 1 1 1 1 1 100 1 1 16 15 16 1 16 1 15 10 12 16 15 10 100 12 1 1 1 1 1 1 100 1 1 100 1 100 1 1
ciInstanceKlass java/lang/reflect/Method 1 1 472 9 7 12 1 1 1 10 7 12 1 1 1 10 7 12 1 1 9 12 1 1 10 12 1 1 10 12 1 1 10 7 12 1 1 10 7 12 1 1 1 9 12 1 1 9 12 1 9 12 1 1 9 12 1 9 12 1 9 12 1 1 9 12 1 9 12 1 1 9 12 1 9 12 1 9 12 1 1 100 1 8 1 10 12 1 10 12 1 9 12 1 1 8 1 10 7 12 1 1 10 7 12 1 1 1 10 12 1 1 10 12 1 1 10 12 1 10 12 1 1 10 12 1 1 9 100 12 1 1 1 10 12 1 1 10 12 10 7 12 1 1 10 12 1 1 10 12 1 10 12 1 10 12 1 10 7 12 1 1 1 10 12 1 1 10 7 1 10 100 12 1 1 1 10 7 12 1 1 10 12 1 1 10 12 1 1 10 12 1 10 7 12 1 1 1 10 12 1 10 8 1 10 12 1 10 12 1 7 1 8 1 8 1 8 1 10 12 1 10 12 1 1 10 12 1 1 10 10 12 1 1 10 12 1 11 100 1 10 12 1 9 12 1 1 10 12 1 1 10 12 1 10 12 1 1 10 12 1 1 11 7 12 1 1 1 11 12 1 9 12 1 1 10 12 1 10 12 1 10 12 1 10 12 1 10 12 1 10 12 1 9 12 1 1 10 7 12 1 1 1 10 7 12 1 1 10 12 1 1 10 7 12 1 1 1 10 7 12 1 1 1 10 7 12 1 1 1 11 7 12 1 1 1 10 7 12 1 1 1 7 1 100 1 100 1 10 12 1 10 12 1 1 10 12 1 100 1 8 1 10 12 1 10 10 12 1 1 10 12 1 1 10 12 1 1 10 12 1 1 8 1 10 12 1 1 1 1 1 1 1 1 1 1 1 1 1 1 1 1 1 1 1 1 1 1 1 1 1 1 1 1 1 1 1 1 1 1 1 1 1 1 1 1 1 1 1 1 1 1 1 1 1 1 1 1 1 100 1 100 1 100 1 1 1 1 1 1 1 1 1 1 1 1 1 1 1 1 1 1 1 1 1 1 1 1 1 1 1 1 1 1
ciInstanceKlass java/lang/reflect/Constructor 1 1 439 10 7 12 1 1 1 10 7 12 1 1 9 7 12 1 1 1 10 12 1 1 10 12 1 1 10 7 12 1 1 9 12 1 1 10 7 12 1 1 1 9 12 1 1 9 12 1 1 9 12 1 9 12 1 1 9 12 1 9 12 1 1 9 12 1 1 9 12 1 100 1 8 1 10 12 1 10 12 1 9 12 1 1 10 7 12 1 1 10 7 12 1 1 1 10 12 1 1 10 12 1 1 10 12 1 7 1 100 1 8 1 10 10 12 1 10 12 1 10 12 1 1 10 12 1 1 9 100 12 1 1 1 10 7 12 1 1 10 12 1 1 10 12 1 10 12 1 1 10 100 12 1 1 1 10 100 12 1 1 10 12 1 1 10 12 1 10 100 12 1 1 1 8 1 10 10 12 1 100 1 8 1 10 12 1 10 12 1 1 10 12 1 1 10 12 1 10 12 1 10 12 1 1 10 12 1 1 9 12 1 1 10 12 1 1 10 12 1 1 10 12 1 1 11 7 12 1 1 1 10 12 1 1 10 12 1 10 12 1 10 12 1 8 1 9 12 1 1 10 7 12 1 1 1 10 7 12 1 1 10 12 1 1 10 12 1 1 10 12 1 1 10 12 1 1 10 12 1 9 100 12 1 1 10 12 1 10 12 1 10 12 1 100 1 8 1 10 10 12 1 1 10 12 1 10 10 12 1 1 10 12 1 1 10 100 12 1 1 1 11 100 12 1 1 1 10 12 1 1 9 100 12 1 1 1 10 100 12 1 1 1 10 12 1 1 1 1 1 1 1 1 1 1 1 1 1 1 1 1 1 1 1 1 1 1 1 1 1 1 1 1 1 1 1 1 1 1 1 1 1 1 1 1 1 1 1 1 1 1 1 1 1 1 1 1 100 1 100 1 100 1 100 1 1 1 1 1 1 1 1 1 1 1 1 1 1 1 1 1 1 1 1 1 1 1 1 1 1 1 1 1 1 1 1 1 100 1 1
ciInstanceKlass jdk/internal/vm/ContinuationScope 0 0 50 10 100 12 1 1 1 10 100 12 1 1 1 100 1 9 100 12 1 1 1 10 12 1 1 10 100 12 1 1 1 10 12 1 1 10 12 1 1 1 1 1 1 1 1 1 1 1 1 1
ciInstanceKlass jdk/internal/vm/Continuation 0 0 549 9 100 12 1 1 1 9 12 1 9 12 1 100 1 100 1 10 12 1 1 8 1 10 12 1 1 10 12 1 10 12 1 1 10 12 1 9 100 12 1 1 1 11 100 12 1 1 1 10 100 1 9 12 1 1 9 12 1 1 10 8 1 10 12 1 9 12 1 1 10 11 12 1 1 100 1 10 100 12 1 1 1 10 12 1 1 10 12 1 10 12 1 1 11 12 1 1 9 12 1 1 10 12 1 1 18 12 1 1 10 100 12 1 1 1 100 1 10 12 1 11 100 12 1 1 1 10 12 1 9 12 1 10 12 1 1 100 1 8 1 10 12 1 10 12 1 1 9 12 1 1 11 12 1 1 9 12 1 1 8 1 10 11 12 1 1 11 12 1 1 10 12 1 1 10 12 1 1 9 12 1 10 12 1 10 10 12 1 8 1 10 12 1 8 1 8 1 10 100 12 1 1 1 10 100 12 1 1 1 10 12 1 9 12 1 11 12 1 100 1 10 12 1 10 12 1 1 9 12 1 1 100 1 10 12 1 1 9 12 1 1 10 12 1 10 12 1 11 100 12 1 1 10 100 1 10 12 1 8 1 9 12 1 10 12 1 1 9 12 1 1 10 100 12 1 1 8 1 8 1 8 1 8 1 10 12 1 1 10 12 1 10 12 1 10 12 1 10 12 1 1 10 12 1 1 8 1 10 12 1 1 9 12 1 1 10 12 1 1 9 12 1 8 1 10 100 12 1 1 1 10 12 1 8 1 100 1 8 1 10 9 12 1 1 8 1 10 100 12 1 1 10 100 12 1 1 8 1 8 1 10 12 10 100 12 1 1 1 10 100 1 10 100 12 1 1 1 18 11 100 12 1 1 1 18 12 1 11 12 1 1 100 1 10 100 12 1 1 10 12 1 1 8 10 12 1 1 10 100 12 1 1 1 10 100 12 1 1 10 12 1 8 1 10 12 1 100 1 100 1 10 12 1 1 1 1 1 1 1 1 1 1 1 1 1 1 1 1 1 1 1 1 1 1 1 1 1 1 1 1 1 1 1 1 1 1 1 1 1 1 1 1 1 1 1 1 1 1 1 1 1 1 1 1 1 1 1 1 1 1 1 1 1 1 1 1 1 1 1 1 1 1 1 1 1 1 1 100 1 1 16 1 15 10 12 16 15 11 100 12 1 1 1 16 1 16 1 15 10 12 16 15 10 100 12 1 1 1 1 1 1 1 1 100 1 100 1 1
ciInstanceKlass jdk/internal/vm/StackChunk 0 0 32 10 100 12 1 1 1 9 100 12 1 1 1 9 12 1 1 9 12 1 1 1 1 1 1 1 1 1 1 1 1 1
instanceKlass jdk/internal/reflect/FieldAccessorImpl
instanceKlass jdk/internal/reflect/ConstructorAccessorImpl
instanceKlass jdk/internal/reflect/MethodAccessorImpl
ciInstanceKlass jdk/internal/reflect/MagicAccessorImpl 1 1 16 10 7 12 1 1 1 100 1 1 1 1 1 1 1 1
ciInstanceKlass jdk/internal/reflect/MethodAccessor 1 0 17 100 1 100 1 1 1 1 100 1 100 1 1 1 1 1 1
instanceKlass jdk/internal/reflect/DirectMethodHandleAccessor
ciInstanceKlass jdk/internal/reflect/MethodAccessorImpl 1 1 38 10 7 12 1 1 1 10 100 12 1 1 1 100 1 1 1 1 1 1 1 100 1 100 1 1 1 1 1 1 1 1 1 1 1 1 1 1
ciInstanceKlass jdk/internal/reflect/ConstructorAccessor 1 0 16 100 1 100 1 1 1 1 100 1 100 1 100 1 1 1
instanceKlass jdk/internal/reflect/DirectConstructorHandleAccessor$NativeAccessor
instanceKlass jdk/internal/reflect/DirectConstructorHandleAccessor
instanceKlass jdk/internal/reflect/NativeConstructorAccessorImpl
ciInstanceKlass jdk/internal/reflect/ConstructorAccessorImpl 1 1 27 10 7 12 1 1 1 100 1 100 1 1 1 1 1 1 1 1 1 100 1 100 1 100 1 1 1
ciInstanceKlass jdk/internal/reflect/DelegatingClassLoader 0 0 18 10 100 12 1 1 1 100 1 1 1 1 1 1 1 1 1 1
ciInstanceKlass jdk/internal/reflect/ConstantPool 1 1 142 10 100 12 1 1 1 9 7 12 1 1 1 10 12 1 1 10 12 1 1 10 12 1 10 12 1 1 10 12 1 1 10 12 1 10 12 1 1 10 12 1 10 12 1 1 10 12 1 10 12 1 10 12 1 10 12 1 1 10 12 1 1 10 12 1 1 10 12 1 1 10 12 1 10 12 1 1 10 100 12 1 1 1 8 11 7 12 1 1 1 10 7 12 1 1 1 1 1 1 1 1 1 1 1 1 1 1 1 1 1 1 1 1 1 1 1 1 1 1 1 1 1 1 1 1 1 1 1 1 1 1 1 1 1 1 1 1 1 1 1 1
ciInstanceKlass jdk/internal/reflect/FieldAccessor 1 0 48 100 1 100 1 1 1 1 100 1 1 1 1 1 1 1 1 1 1 1 1 1 1 1 1 1 1 1 100 1 1 1 1 1 1 1 1 1 1 1 1 1 1 1 1 1 1 1
instanceKlass jdk/internal/reflect/MethodHandleFieldAccessorImpl
instanceKlass jdk/internal/reflect/UnsafeFieldAccessorImpl
ciInstanceKlass jdk/internal/reflect/FieldAccessorImpl 1 1 269 10 7 12 1 1 1 9 7 12 1 1 1 10 100 12 1 1 1 10 100 12 1 1 10 100 12 1 1 1 10 12 1 1 100 1 10 10 12 1 1 10 12 1 1 8 1 10 10 12 1 100 1 8 1 10 12 1 8 1 10 12 1 8 1 10 12 1 100 1 10 12 1 1 10 8 1 10 12 1 1 8 1 10 100 12 1 1 8 1 10 100 12 1 1 8 1 10 100 12 1 1 8 1 10 100 12 1 1 8 1 10 100 12 1 1 8 1 10 100 12 1 1 8 1 10 100 12 1 1 8 1 10 100 12 1 1 10 12 1 1 8 1 10 12 1 1 10 100 12 1 1 1 8 1 10 12 1 8 1 8 1 8 1 8 1 10 100 12 1 1 1 8 1 8 1 8 1 10 12 100 1 1 1 1 1 1 1 1 1 1 1 1 1 1 1 1 1 1 1 1 1 1 1 1 1 1 1 1 1 1 1 1 1 1 1 1 1 1 1 1 1 1 1 1 1 1 1 1 1 1 1 1 1 1 1 1 1 1 1 1 1 1 1 1 1 1 1 1 1 1 1 1 1 1 1 1 1 1 1 1 1 1 1 1 1 1 1 1
instanceKlass jdk/internal/reflect/UnsafeStaticFieldAccessorImpl
ciInstanceKlass jdk/internal/reflect/UnsafeFieldAccessorImpl 0 0 62 10 100 12 1 1 1 10 100 12 1 1 1 10 100 12 1 1 1 9 100 12 1 1 10 12 1 9 12 1 1 10 100 12 1 1 1 9 12 1 1 10 12 1 10 12 1 1 1 1 1 1 1 1 1 1 1 1 1 1 1 1
ciInstanceKlass jdk/internal/reflect/UnsafeStaticFieldAccessorImpl 0 0 47 10 100 12 1 1 1 9 100 12 1 1 1 10 100 12 1 1 1 9 12 1 1 8 11 100 12 1 1 1 10 100 12 1 1 1 1 1 1 1 1 1 1 1 1 1 1
ciInstanceKlass java/lang/annotation/Annotation 1 1 17 100 1 100 1 1 1 1 1 1 1 1 1 1 1 1 1
ciInstanceKlass jdk/internal/reflect/CallerSensitive 0 0 17 100 1 100 1 100 1 1 1 1 1 1 1 1 1 1 1
ciInstanceKlass jdk/internal/reflect/NativeConstructorAccessorImpl 0 0 125 10 100 12 1 1 1 9 100 12 1 1 1 100 1 10 12 1 9 12 1 1 9 12 1 1 10 100 12 1 1 1 10 100 12 1 1 1 10 100 12 1 1 1 9 12 1 9 12 1 1 9 12 1 1 10 100 12 1 1 1 100 1 10 10 12 1 1 10 12 1 10 12 1 1 10 12 1 100 1 10 12 1 1 10 12 1 1 8 10 12 1 1 1 1 1 1 1 1 1 1 1 1 1 1 1 1 1 1 1 1 1 1 100 1 100 1 100 1 1 1 1 1 1 1
instanceKlass java/lang/invoke/DelegatingMethodHandle
instanceKlass java/lang/invoke/BoundMethodHandle
instanceKlass java/lang/invoke/DirectMethodHandle
ciInstanceKlass java/lang/invoke/MethodHandle 1 1 733 100 1 9 7 12 1 1 1 10 7 12 1 1 1 10 7 12 1 1 1 7 1 7 1 10 12 1 1 9 12 1 1 10 12 1 10 12 1 1 10 12 1 1 10 100 12 1 1 1 10 12 1 1 10 12 1 1 11 100 12 1 1 1 10 12 1 1 10 12 1 10 12 1 10 12 1 1 9 12 1 1 9 12 1 1 10 100 12 1 1 1 10 12 1 1 10 12 1 10 12 1 100 1 100 1 10 8 1 10 12 1 1 10 12 1 8 1 10 12 1 1 10 12 1 10 7 12 1 1 1 10 12 1 1 10 12 1 1 10 12 1 1 10 7 12 1 1 1 10 12 1 1 10 12 1 1 10 12 1 10 12 1 1 10 100 12 1 1 10 7 12 1 1 10 12 1 10 12 1 10 12 1 1 10 12 1 1 10 12 1 1 10 12 1 1 10 7 12 1 1 1 10 7 12 1 1 1 10 12 1 1 10 12 1 1 10 12 1 1 8 1 10 7 12 1 1 1 8 1 10 12 1 10 12 1 1 10 12 1 1 10 12 1 8 1 10 12 1 1 8 1 10 12 1 8 1 10 100 12 1 1 1 9 12 1 1 100 1 10 9 100 12 1 1 1 9 100 1 8 1 10 12 1 1 10 12 1 10 12 1 1 10 12 1 10 12 1 1 10 12 1 10 12 1 1 10 12 1 10 12 1 1 10 12 1 1 8 1 10 12 1 1 8 1 10 12 1 10 12 1 1 10 12 1 10 12 1 10 12 1 1 9 100 12 1 1 1 10 12 1 1 11 12 1 10 12 1 10 12 1 1 10 100 12 1 1 100 1 11 12 1 10 100 1 11 12 1 100 1 10 12 1 11 12 1 9 100 12 1 1 1 11 12 1 1 11 100 12 1 1 1 10 12 1 1 9 12 1 11 12 1 9 12 1 9 12 1 9 12 1 11 12 1 1 9 12 1 9 12 1 9 12 1 9 12 1 9 12 1 9 12 1 9 12 1 8 1 10 12 1 10 12 1 8 1 10 12 1 10 12 1 10 12 1 1 10 10 10 7 12 1 1 10 12 1 1 100 1 100 1 8 1 8 1 10 10 12 1 1 10 12 1 10 12 1 100 1 10 100 12 1 1 1 10 9 7 12 1 1 1 10 12 1 1 10 12 1 1 8 1 8 1 10 100 12 1 1 9 12 1 9 12 1 1 9 12 1 1 10 12 1 7 1 10 12 1 10 12 1 1 9 12 1 1 9 12 1 1 10 7 12 1 1 1 11 7 12 1 1 9 12 1 10 12 1 1 9 12 1 10 12 1 8 10 12 1 1 8 1 1 1 1 1 1 1 1 100 1 1 1 1 1 1 1 1 1 1 1 1 1 1 1 1 1 1 1 1 1 1 1 1 1 1 1 1 1 1 100 1 1 1 1 1 1 1 1 1 1 1 1 1 1 1 1 1 1 1 1 1 1 1 1 1 1 1 1 1 1 1 1 1 1 1 1 1 1 1 1 1 1 1 1 1 1 1 1 1 1 1 1 1 1 1 1 1 1 1 1 1 1 1 1 1 1 1 1 1 1 1 1 1 1 1 1 1 1 1 1 1 1 1 1 1 1 100 1 1 100 1 100 1 100 1 1 100 1 1 100 1 1 1 1
staticfield java/lang/invoke/MethodHandle FORM_OFFSET J 20
staticfield java/lang/invoke/MethodHandle UPDATE_OFFSET J 13
staticfield java/lang/invoke/MethodHandle $assertionsDisabled Z 1
instanceKlass java/lang/invoke/DirectMethodHandle$Interface
instanceKlass java/lang/invoke/DirectMethodHandle$Special
instanceKlass java/lang/invoke/DirectMethodHandle$Constructor
instanceKlass java/lang/invoke/DirectMethodHandle$Accessor
instanceKlass java/lang/invoke/DirectMethodHandle$StaticAccessor
ciInstanceKlass java/lang/invoke/DirectMethodHandle 1 1 923 7 1 7 1 100 1 7 1 7 1 10 7 12 1 1 1 10 7 12 1 1 1 100 1 10 12 1 10 12 1 1 10 7 12 1 1 10 12 1 1 10 12 1 10 12 1 7 1 10 12 1 1 10 12 1 1 10 12 1 10 12 1 1 10 7 12 1 1 1 10 12 1 9 12 1 1 100 1 10 9 12 1 1 9 12 1 10 12 1 10 12 1 10 12 1 1 10 12 1 10 12 1 10 12 1 10 7 12 1 1 1 10 12 1 10 12 1 1 8 1 10 12 1 1 7 1 10 12 1 7 1 10 10 12 1 10 12 1 10 12 1 10 7 12 1 1 1 10 12 1 1 7 1 10 12 1 10 12 1 7 1 10 12 1 10 12 1 1 10 12 1 1 10 12 1 8 10 100 12 1 1 1 10 12 1 10 12 1 10 12 1 1 10 12 1 9 7 12 1 1 1 7 1 10 12 1 10 7 12 1 1 1 10 12 1 10 12 1 1 9 12 1 1 100 1 10 8 1 10 12 1 1 10 12 1 1 8 1 10 12 1 10 12 1 10 10 12 1 10 12 1 10 12 1 10 12 1 10 12 1 1 10 12 1 10 12 1 1 10 12 1 10 12 1 1 10 10 7 12 1 1 1 10 12 1 10 12 1 1 10 12 1 10 12 1 1 8 1 9 7 12 1 1 1 8 1 9 12 1 9 12 1 8 1 9 12 1 9 12 1 8 1 9 12 1 9 12 1 8 1 10 12 1 10 12 1 1 9 12 1 1 7 1 10 12 1 1 100 1 10 7 12 1 1 1 10 12 1 1 10 12 1 10 12 1 1 7 1 10 12 1 1 10 12 1 10 12 1 1 7 1 10 12 1 1 10 12 1 10 7 12 1 1 1 10 12 1 10 12 1 1 10 12 1 9 12 1 1 10 7 1 9 12 9 12 1 10 7 12 1 1 1 10 12 1 7 1 7 1 7 1 9 12 1 1 10 7 12 1 1 1 10 12 10 12 1 100 1 10 12 1 10 12 1 1 8 1 9 12 1 9 12 1 10 12 1 1 9 12 1 1 10 100 12 1 1 1 9 12 1 1 9 12 1 1 10 12 1 10 12 1 10 12 1 10 12 1 1 10 12 1 9 12 1 10 12 1 10 12 1 10 12 1 10 12 1 1 10 12 1 1 9 12 1 1 10 12 1 1 9 7 12 1 1 1 9 12 1 9 12 1 9 12 1 9 12 1 9 12 1 9 12 1 9 12 1 9 12 1 9 12 1 9 12 1 9 12 1 9 12 1 9 12 1 9 12 1 9 12 1 9 12 1 9 12 1 9 12 1 9 12 1 9 12 1 9 12 1 9 12 1 9 12 1 9 12 1 9 12 1 9 12 1 9 12 1 9 12 1 9 12 1 9 12 1 9 12 1 9 12 1 9 12 1 9 12 1 9 12 1 9 12 1 8 1 9 12 1 1 9 12 1 1 10 12 1 10 12 1 1 9 7 1 10 12 1 9 12 1 1 10 12 10 12 1 10 12 1 10 12 1 10 12 1 10 8 1 8 1 8 1 8 1 10 12 1 1 9 12 1 1 10 12 1 10 100 12 1 1 1 8 9 12 1 1 10 12 1 1 8 1 8 8 9 12 1 8 1 8 8 8 8 8 1 8 10 12 1 7 1 10 12 1 8 1 8 1 10 12 1 10 12 1 10 12 1 10 12 1 1 7 1 1 1 1 3 1 3 1 3 1 3 1 3 1 3 1 3 1 3 1 3 1 3 1 1 1 1 1 1 1 1 1 1 3 1 3 1 1 1 1 3 1 1 1 1 1 1 1 1 1 1 1 1 1 1 1 1 1 1 1 1 1 1 1 1 1 1 1 1 1 1 1 1 1 1 1 1 1 1 1 1 1 1 1 1 1 1 1 1 1 1 1 1 1 1 1 1 1 100 1 1 1 1 1 1 1 1 1 100 1 1 1 1 1 1 1 1 1 1 1 1 1 1 1 1 1 1 1 1 1 1 1 1 1 1 1 1 1 1 1 1 1 1 1 1 1 1 1 1 1 1 1 1 1 1 1 1 1 1 1 1
staticfield java/lang/invoke/DirectMethodHandle IMPL_NAMES Ljava/lang/invoke/MemberName$Factory; java/lang/invoke/MemberName$Factory
staticfield java/lang/invoke/DirectMethodHandle FT_UNCHECKED_REF I 8
staticfield java/lang/invoke/DirectMethodHandle ACCESSOR_FORMS [Ljava/lang/invoke/LambdaForm; 132 [Ljava/lang/invoke/LambdaForm;
staticfield java/lang/invoke/DirectMethodHandle ALL_WRAPPERS [Lsun/invoke/util/Wrapper; 10 [Lsun/invoke/util/Wrapper;
staticfield java/lang/invoke/DirectMethodHandle NFS [Ljava/lang/invoke/LambdaForm$NamedFunction; 12 [Ljava/lang/invoke/LambdaForm$NamedFunction;
staticfield java/lang/invoke/DirectMethodHandle OBJ_OBJ_TYPE Ljava/lang/invoke/MethodType; java/lang/invoke/MethodType
staticfield java/lang/invoke/DirectMethodHandle LONG_OBJ_TYPE Ljava/lang/invoke/MethodType; java/lang/invoke/MethodType
staticfield java/lang/invoke/DirectMethodHandle $assertionsDisabled Z 1
ciInstanceKlass java/lang/invoke/DirectMethodHandle$StaticAccessor 1 1 96 10 7 12 1 1 1 10 7 12 1 1 1 9 7 12 1 1 1 9 12 1 1 9 12 1 1 10 7 12 1 1 1 9 12 1 1 9 12 1 1 10 12 1 9 12 1 10 12 1 1 100 1 10 12 1 9 12 1 1 10 12 1 1 10 12 1 1 1 1 1 1 1 1 1 1 1 1 1 1 1 1 1 1 1 1 1 1 1 1 1 1 1 1 1 1
staticfield java/lang/invoke/DirectMethodHandle$StaticAccessor $assertionsDisabled Z 1
ciInstanceKlass java/lang/invoke/DirectMethodHandle$Accessor 1 1 93 10 7 12 1 1 1 10 7 12 1 1 1 9 7 12 1 1 1 9 12 1 1 10 7 12 1 1 1 9 12 1 1 9 12 1 1 10 12 1 9 12 1 10 12 1 1 100 1 10 12 1 9 12 1 1 10 12 1 1 10 12 1 1 1 1 1 1 1 1 1 1 1 1 1 1 1 1 1 1 1 1 1 1 1 1 1 1 1 1 1 1 1
staticfield java/lang/invoke/DirectMethodHandle$Accessor $assertionsDisabled Z 1
instanceKlass java/lang/invoke/VarHandleByteArrayAsDoubles$ByteArrayViewVarHandle
instanceKlass java/lang/invoke/VarHandleByteArrayAsLongs$ByteArrayViewVarHandle
instanceKlass java/lang/invoke/VarHandleByteArrayAsFloats$ByteArrayViewVarHandle
instanceKlass java/lang/invoke/VarHandleByteArrayAsInts$ByteArrayViewVarHandle
instanceKlass java/lang/invoke/VarHandleByteArrayAsChars$ByteArrayViewVarHandle
instanceKlass java/lang/invoke/VarHandleByteArrayAsShorts$ByteArrayViewVarHandle
instanceKlass java/lang/invoke/VarHandleReferences$Array
instanceKlass java/lang/invoke/VarHandleInts$FieldInstanceReadOnly
instanceKlass java/lang/invoke/VarHandleReferences$FieldInstanceReadOnly
ciInstanceKlass java/lang/invoke/VarHandle 1 1 474 10 7 12 1 1 1 10 7 12 1 1 9 12 1 1 9 12 1 1 100 1 10 8 1 10 12 1 1 10 7 12 1 1 1 10 12 1 1 10 100 12 1 1 1 9 100 12 1 1 1 10 12 1 1 10 100 12 1 1 1 10 12 1 1 9 12 1 10 12 1 9 12 1 1 10 100 12 1 1 10 12 1 9 100 12 1 1 1 9 12 1 1 10 12 1 1 100 1 100 1 10 8 1 10 12 1 1 10 12 1 8 1 10 12 1 10 12 1 9 12 1 1 9 12 1 10 12 1 10 12 1 1 10 12 1 10 10 100 12 1 1 1 10 12 1 1 10 12 1 1 10 100 12 1 1 1 10 100 12 1 1 1 10 100 12 1 1 1 9 12 1 1 9 10 12 1 10 12 1 1 10 12 1 1 10 12 1 10 100 12 1 1 1 9 12 1 1 10 12 1 1 9 12 1 10 12 1 10 12 1 10 100 12 1 1 100 1 10 9 7 12 1 1 1 9 12 1 1 10 7 12 1 1 1 10 12 1 10 12 1 10 12 1 10 12 1 10 12 1 10 12 1 1 8 10 12 1 1 7 1 10 12 1 1 100 1 1 1 1 1 1 1 1 1 1 1 1 1 1 1 1 1 1 1 1 1 1 1 1 1 1 1 1 1 1 1 1 1 1 1 1 1 1 1 1 1 1 1 1 1 1 1 1 1 1 1 1 1 1 1 1 1 1 1 1 1 1 1 1 1 1 1 1 100 1 1 1 1 1 1 1 1 100 1 1 1 1 1 1 1 1 1 1 1 1 100 1 100 1 1 100 1 100 1 100 1 100 1 100 1 100 1 100 1 100 1 100 1 100 1 100 1 100 1 100 1 100 1 100 1 100 1 100 1 100 1 100 1 100 1 100 1 100 1 100 1 100 1 100 1 100 1 100 1 100 1 100 1 100 1 100 1 100 1 100 1 100 1 100 1 1 1 1 1 1 100 1 1 1 100 1 1 100 1 100 1 100 1 100 1 100 1 100 1 1 1 1 100 1 100 1 100 1 100 1 100 1 100 1 100 1 100 1
staticfield java/lang/invoke/VarHandle VFORM_OFFSET J 16
staticfield java/lang/invoke/VarHandle $assertionsDisabled Z 1
ciInstanceKlass java/lang/invoke/MemberName 1 1 724 7 1 7 1 100 1 9 12 1 1 10 7 12 1 1 1 9 12 1 1 10 12 1 1 10 12 1 1 10 12 1 1 10 12 1 10 12 1 1 10 7 12 1 1 1 10 12 1 9 7 12 1 1 10 12 1 100 1 100 1 10 12 1 8 1 10 12 1 1 10 12 1 10 12 1 1 10 12 1 9 12 1 1 8 1 10 100 12 1 1 1 7 1 10 10 12 1 1 7 1 7 1 10 12 1 9 12 1 1 100 1 8 1 10 12 1 10 12 1 10 12 1 10 12 1 10 12 1 1 10 12 1 10 12 1 10 12 1 1 8 1 8 1 10 12 1 8 1 9 12 1 1 3 10 12 1 10 12 1 10 12 1 10 10 7 12 1 1 1 10 12 1 10 12 1 10 12 1 10 12 1 7 1 8 10 12 1 1 10 12 1 1 8 1 9 100 1 8 9 100 1 10 12 1 1 10 12 1 10 12 1 8 1 10 12 1 1 10 12 1 10 12 1 10 12 1 10 12 1 1 100 1 10 12 1 1 10 12 1 8 1 10 12 1 10 12 1 8 1 10 12 1 1 10 12 1 1 100 1 10 12 1 1 10 12 8 1 8 1 100 1 10 12 1 10 100 12 1 1 1 100 1 10 12 10 12 1 10 12 1 10 12 1 10 12 1 10 10 12 1 10 12 1 10 12 1 3 10 12 1 3 10 12 1 3 3 3 3 3 3 10 12 1 3 9 12 1 10 12 1 1 3 10 12 1 10 10 7 12 1 1 1 10 12 1 1 10 7 12 1 1 10 10 12 1 10 12 1 1 10 12 1 10 10 12 1 1 10 12 1 10 12 1 10 12 1 100 1 10 10 10 12 100 1 10 10 10 12 1 1 10 12 1 1 10 10 12 1 8 10 7 1 10 12 1 10 7 1 10 12 1 10 12 1 10 12 1 10 10 12 1 10 12 1 1 10 12 1 1 10 12 1 10 12 1 10 12 1 100 1 10 12 1 1 100 1 8 1 10 7 1 10 12 1 10 12 10 12 1 1 10 12 1 10 12 1 8 1 8 1 8 1 8 1 10 12 1 10 12 1 10 7 12 1 1 1 8 1 8 1 10 12 1 8 1 10 10 10 12 1 10 12 1 8 1 8 1 10 10 12 1 8 1 10 100 12 1 1 1 8 1 100 1 10 12 1 10 12 1 1 10 12 1 8 1 8 1 8 1 8 1 100 1 10 8 1 8 1 8 1 8 1 10 12 1 100 1 100 1 100 1 10 100 1 10 100 1 10 100 12 1 1 1 9 7 12 1 1 1 100 1 100 1 1 1 1 1 1 1 3 1 3 1 3 1 3 1 3 1 3 1 1 1 1 1 1 1 1 3 1 3 1 1 1 1 1 1 1 1 1 1 1 1 1 1 1 1 1 1 1 1 1 1 1 1 1 1 1 1 1 1 1 1 1 1 1 1 1 1 1 1 1 1 1 1 1 1 1 1 1 1 1 1 1 1 1 1 1 1 1 1 1 1 1 1 1 1 1 1 1 1 1 1 1 1 1 1 1 1 1 1 1 1 1 1 1 1 1 1 1 1 1 1 1 1 1 1 100 1 1 1 1 1 1 1 1 1 1 1 1 1 1 1
staticfield java/lang/invoke/MemberName $assertionsDisabled Z 1
ciInstanceKlass java/lang/invoke/ResolvedMethodName 1 1 16 10 100 12 1 1 1 100 1 1 1 1 1 1 1 1
ciInstanceKlass java/lang/invoke/MethodHandleNatives 1 1 685 100 1 10 7 12 1 1 1 9 7 12 1 1 1 10 12 1 1 100 1 10 10 12 1 1 10 12 1 10 12 1 8 1 8 1 8 1 8 1 8 1 8 1 8 1 8 1 8 1 8 1 10 12 1 1 7 1 10 7 12 1 1 1 10 100 12 1 1 1 7 1 10 10 12 1 1 8 1 10 12 1 8 1 10 12 1 1 8 1 10 12 1 1 9 100 12 1 1 1 8 1 10 100 12 1 1 1 100 1 10 12 100 1 100 1 8 1 7 1 10 10 12 1 7 1 9 7 12 1 1 10 12 1 1 10 12 1 10 7 12 1 1 1 10 12 1 1 9 12 1 8 1 10 12 1 1 10 12 1 8 1 10 12 1 1 7 1 10 12 1 10 7 12 1 1 1 10 12 1 10 12 1 1 10 12 1 1 8 1 10 12 1 1 8 1 10 12 1 8 1 8 1 8 1 100 1 10 12 1 8 1 10 100 12 1 1 1 10 12 1 1 10 100 12 1 1 10 10 12 1 1 10 12 1 10 100 12 1 1 1 100 1 8 1 10 100 12 1 1 1 7 1 8 1 10 12 1 8 1 8 1 8 1 8 1 8 1 10 12 1 1 10 12 1 1 10 12 1 10 12 1 1 10 12 1 1 7 1 10 12 1 100 1 100 1 10 12 1 10 12 1 8 1 8 1 10 10 12 1 1 10 12 1 1 8 1 10 100 12 1 1 8 1 8 1 10 12 1 1 10 7 12 1 1 1 100 1 10 12 1 1 7 1 9 12 1 1 10 7 12 1 1 1 10 10 12 1 9 12 1 10 12 1 9 12 1 9 12 1 10 12 1 1 10 12 1 10 12 1 1 7 1 7 1 10 12 1 1 10 12 1 10 12 1 1 10 7 12 1 1 1 10 12 1 8 1 10 12 1 10 12 1 10 12 1 1 10 12 1 10 7 12 1 1 1 10 12 1 1 100 1 8 1 10 9 7 12 1 1 1 10 12 1 1 10 12 1 1 100 1 10 12 1 1 10 12 1 1 100 1 100 1 10 10 100 1 100 1 10 100 1 10 10 12 1 1 10 100 1 10 12 1 10 12 1 1 10 12 1 1 10 12 1 1 10 12 1 10 12 1 1 10 8 1 10 12 1 10 12 1 10 12 1 10 12 1 10 12 1 1 10 12 1 10 12 1 10 12 1 10 10 7 12 1 1 10 12 1 1 1 1 1 1 1 1 1 1 1 1 1 100 1 1 1 1 1 1 1 1 1 1 1 1 1 1 1 1 1 1 1 1 1 1 1 1 1 1 1 1 1 1 1 1 1 1 1 1 1 1 1 1 1 1 1 1 1 1 1 1 1 1 1 1 1 1 1 1 1 1 1 1 1 1 1 100 1 1 1 1 1 1 1 1 1 1 1 1 1 1 1 1 1 1 1 1 1 1 1 1 1 1 1 1 1 1 1 1 1 100 1 1 1 1 1 1 1 1 1 1 1 1 1 1 1 1 1 1 1 1 1 1 1 1 1 1 1 1 1 1 1 1 100 1 1
staticfield java/lang/invoke/MethodHandleNatives $assertionsDisabled Z 1
ciInstanceKlass java/lang/invoke/LambdaForm 1 1 1059 7 1 100 1 10 7 12 1 1 1 9 12 1 1 9 12 1 9 12 1 9 12 1 1 9 12 1 1 9 12 1 1 9 12 1 1 9 12 1 1 9 12 1 10 7 12 1 1 9 12 1 10 12 1 1 100 1 10 10 12 1 1 10 12 1 10 12 1 10 12 1 1 10 12 1 9 12 1 9 12 1 10 12 1 1 10 7 12 1 1 1 10 12 1 1 9 100 12 1 1 1 10 12 1 1 9 7 12 1 1 10 12 1 10 12 1 1 10 12 1 1 10 12 1 1 7 1 10 7 12 1 1 1 10 12 1 1 10 12 1 10 12 1 1 9 12 1 1 9 12 1 9 12 1 1 10 12 1 9 12 1 10 100 12 1 1 1 10 12 1 1 100 1 10 12 1 9 12 1 1 10 100 12 1 1 1 10 12 1 10 12 1 7 1 10 12 1 10 12 1 10 12 1 1 10 12 1 1 10 12 1 10 12 1 10 12 1 10 12 1 1 8 1 10 12 1 10 12 1 10 10 12 1 8 1 8 1 9 12 1 9 12 1 1 10 12 1 1 10 12 1 9 12 1 10 12 1 1 10 7 12 1 1 1 10 12 1 1 10 12 1 10 12 1 10 100 12 1 1 1 9 12 1 10 12 1 8 1 8 1 8 1 8 1 8 1 8 1 8 1 8 1 10 12 1 9 12 1 7 1 10 12 1 1 9 12 1 10 12 1 10 12 1 1 10 12 10 12 1 10 12 1 1 10 12 1 1 10 10 12 1 1 10 12 1 1 7 1 8 1 10 12 1 1 10 12 1 10 12 1 1 10 8 1 10 12 1 1 8 1 8 1 8 1 10 12 1 10 12 1 10 12 1 1 100 1 10 12 1 1 10 12 1 1 10 7 12 1 1 1 10 12 1 1 9 12 1 1 8 1 10 100 12 1 1 1 10 7 12 1 1 10 12 10 12 1 1 10 12 1 1 9 12 1 8 10 12 1 1 100 1 10 12 1 1 10 12 1 9 7 12 1 1 9 100 12 1 1 1 8 1 10 100 12 1 1 10 12 1 1 100 1 100 1 10 10 12 1 1 10 12 1 1 8 1 8 1 100 1 8 1 10 12 10 12 1 10 12 1 10 12 1 1 8 1 8 1 10 12 1 10 12 1 1 8 1 8 1 8 1 100 1 8 1 100 1 8 1 100 1 8 1 10 12 1 8 1 9 10 7 12 1 1 1 10 12 1 9 12 1 1 10 12 1 10 10 12 1 10 12 1 10 12 1 10 12 1 1 10 12 1 10 12 1 1 10 12 1 1 10 12 1 1 10 12 1 1 8 1 100 10 12 1 10 12 1 9 12 1 1 10 7 12 1 1 8 1 8 1 100 1 8 1 8 1 8 1 8 1 8 1 8 1 8 1 8 1 10 12 1 1 10 12 1 1 10 12 1 10 12 1 10 12 1 10 12 1 8 1 8 1 8 1 10 12 1 8 1 10 12 1 8 1 8 1 8 1 8 1 8 1 10 12 1 10 12 1 10 12 1 1 10 7 12 1 1 1 10 12 1 10 12 1 10 12 1 10 12 1 10 12 1 10 12 1 10 12 1 9 12 1 1 8 1 10 12 1 1 9 12 1 1 10 12 1 1 9 12 1 9 12 1 1 9 12 1 9 12 1 1 7 1 10 7 12 1 1 1 9 12 1 10 12 1 10 12 1 8 1 10 12 1 9 12 1 1 7 1 10 7 12 1 1 1 8 1 100 1 10 12 1 9 12 1 9 12 1 10 12 1 10 12 1 10 7 12 1 1 1 10 12 1 9 7 12 1 1 10 12 1 1 10 12 1 10 12 1 10 12 1 9 12 10 12 1 10 10 12 1 9 12 1 9 9 12 1 7 9 12 1 1 10 12 1 1 9 12 1 10 12 1 10 7 1 9 1 1 1 1 3 1 3 1 1 3 1 3 1 1 1 1 1 1 1 1 1 1 1 1 1 1 1 1 1 1 1 1 1 1 1 1 1 1 1 1 1 1 1 1 1 1 1 1 1 1 1 1 1 1 1 1 1 1 1 1 1 1 1 100 1 1 1 1 1 1 1 1 1 1 1 1 1 1 1 1 1 1 1 1 1 1 1 1 1 1 1 1 1 1 1 1 1 1 1 1 1 1 1 1 1 1 1 1 1 1 1 1 1 1 1 1 1 1 1 1 1 1 1 1 1 1 100 1 1 1 1 1 1 1 1 1 1 1 1 1 1 1 1 1 1 1 1 1 1 1 1 1 1 1 1 1 1 1 1 1 1 100 1 1 1 1 1 1 1 1 1 1 1 1 1 1 1 1 1 1 1 1 1 1 100 1 1 1 100 1 1 100 1 1 1 1 1 1 1 1 1 1 1
staticfield java/lang/invoke/LambdaForm DEFAULT_CUSTOMIZED Ljava/lang/invoke/MethodHandle; 
staticfield java/lang/invoke/LambdaForm DEFAULT_KIND Ljava/lang/invoke/LambdaForm$Kind; java/lang/invoke/LambdaForm$Kind
staticfield java/lang/invoke/LambdaForm COMPILE_THRESHOLD I 0
staticfield java/lang/invoke/LambdaForm INTERNED_ARGUMENTS [[Ljava/lang/invoke/LambdaForm$Name; 5 [[Ljava/lang/invoke/LambdaForm$Name;
staticfield java/lang/invoke/LambdaForm IMPL_NAMES Ljava/lang/invoke/MemberName$Factory; java/lang/invoke/MemberName$Factory
staticfield java/lang/invoke/LambdaForm LF_identity [Ljava/lang/invoke/LambdaForm; 6 [Ljava/lang/invoke/LambdaForm;
staticfield java/lang/invoke/LambdaForm LF_zero [Ljava/lang/invoke/LambdaForm; 6 [Ljava/lang/invoke/LambdaForm;
staticfield java/lang/invoke/LambdaForm NF_identity [Ljava/lang/invoke/LambdaForm$NamedFunction; 6 [Ljava/lang/invoke/LambdaForm$NamedFunction;
staticfield java/lang/invoke/LambdaForm NF_zero [Ljava/lang/invoke/LambdaForm$NamedFunction; 6 [Ljava/lang/invoke/LambdaForm$NamedFunction;
staticfield java/lang/invoke/LambdaForm createFormsLock Ljava/lang/Object; java/lang/Object
staticfield java/lang/invoke/LambdaForm DEBUG_NAME_COUNTERS Ljava/util/HashMap; 
staticfield java/lang/invoke/LambdaForm DEBUG_NAMES Ljava/util/HashMap; 
staticfield java/lang/invoke/LambdaForm TRACE_INTERPRETER Z 0
staticfield java/lang/invoke/LambdaForm $assertionsDisabled Z 1
ciInstanceKlass java/lang/invoke/TypeDescriptor$OfMethod 1 0 43 100 1 100 1 100 1 1 1 1 1 1 1 1 1 1 1 1 1 1 1 1 1 1 1 1 1 1 1 1 1 1 1 1 1 1 1 1 1 1 100 1 1
ciInstanceKlass java/lang/invoke/MethodType 1 1 780 7 1 10 7 12 1 1 1 9 12 1 1 9 12 1 1 9 12 1 1 10 7 12 1 1 1 9 7 12 1 1 8 1 10 100 12 1 1 1 9 7 1 9 7 1 10 12 1 1 100 1 10 8 1 10 12 1 1 10 12 1 10 12 1 1 100 1 8 1 10 12 1 100 1 10 10 12 1 10 12 1 1 10 12 1 1 11 7 12 1 1 1 9 12 1 11 12 1 1 7 10 12 1 1 10 12 1 1 7 1 7 1 10 7 12 1 1 1 10 12 1 10 12 1 9 12 1 1 10 7 12 1 1 10 12 1 1 10 7 12 1 1 1 10 7 12 1 1 1 10 12 1 9 12 1 1 10 12 1 1 10 12 1 1 10 12 1 1 10 12 1 1 10 12 1 1 10 12 1 10 12 1 10 12 1 1 10 12 1 8 1 8 1 10 12 1 1 9 12 1 1 100 1 10 10 12 1 1 10 12 1 10 12 1 1 10 12 1 1 10 12 1 10 12 1 10 12 1 8 1 10 12 1 1 10 100 12 1 1 1 10 12 1 10 12 1 1 10 12 1 10 12 1 10 12 1 1 10 12 1 10 12 1 9 12 1 10 12 1 10 10 12 1 1 10 12 1 9 12 1 1 10 12 1 1 11 12 1 1 10 12 1 1 10 12 1 10 12 1 100 1 8 1 8 1 8 1 10 12 1 10 12 1 10 12 1 1 10 10 12 1 11 12 1 1 11 12 1 10 100 12 1 1 1 9 12 1 10 12 1 10 12 1 1 10 12 1 1 10 12 1 10 12 1 10 100 12 1 1 1 10 12 1 1 10 12 1 10 12 1 10 12 1 10 9 12 1 1 7 1 10 12 1 10 12 1 1 9 100 12 1 1 1 10 100 12 1 1 1 10 100 12 1 1 1 10 12 1 1 10 100 12 1 1 1 10 12 1 1 8 1 10 7 12 1 1 1 11 12 1 1 9 12 1 1 10 12 1 1 10 12 1 10 12 1 1 10 12 1 1 10 100 12 1 1 100 1 10 12 1 1 11 100 12 1 1 18 12 1 1 11 12 1 1 18 12 1 11 12 1 100 1 11 100 12 1 1 10 12 1 100 1 10 12 1 10 100 12 1 1 10 12 1 1 9 12 1 1 9 100 12 1 1 1 10 100 12 1 1 1 9 12 1 10 100 12 1 1 10 12 1 100 10 12 1 1 10 12 1 7 1 10 10 12 1 1 7 1 7 1 9 12 1 1 100 1 100 1 100 1 1 1 5 0 1 1 1 1 1 1 1 3 1 3 1 3 1 1 1 1 1 1 1 1 1 1 1 1 1 1 1 1 1 1 1 1 1 1 1 1 1 1 1 1 1 1 1 1 1 1 1 1 1 1 1 1 1 1 1 1 1 1 1 1 1 1 1 1 1 1 1 1 1 1 1 1 1 1 1 1 1 1 1 1 1 1 1 1 1 1 1 1 1 1 1 1 1 1 1 1 1 1 1 1 1 1 1 1 1 1 1 1 1 1 1 1 1 1 1 1 1 1 1 1 1 1 1 1 1 1 1 1 1 1 1 1 1 1 1 1 1 1 1 1 1 1 100 1 100 1 1 1 1 1 1 1 1 1 1 1 1 1 100 1 1 1 100 1 1 1 1 1 1 1 1 1 1 1 1 1 1 1 1 1 1 1 1 1 1 16 15 10 12 16 16 15 10 12 16 15 10 100 12 1 1 1 1 1 100 1 1 100 1 1 100 1 100 1 1
staticfield java/lang/invoke/MethodType internTable Ljdk/internal/util/ReferencedKeySet; jdk/internal/util/ReferencedKeySet
staticfield java/lang/invoke/MethodType NO_PTYPES [Ljava/lang/Class; 0 [Ljava/lang/Class;
staticfield java/lang/invoke/MethodType objectOnlyTypes [Ljava/lang/invoke/MethodType; 20 [Ljava/lang/invoke/MethodType;
staticfield java/lang/invoke/MethodType METHOD_HANDLE_ARRAY [Ljava/lang/Class; 1 [Ljava/lang/Class;
staticfield java/lang/invoke/MethodType serialPersistentFields [Ljava/io/ObjectStreamField; 0 [Ljava/io/ObjectStreamField;
staticfield java/lang/invoke/MethodType $assertionsDisabled Z 1
ciInstanceKlass java/lang/BootstrapMethodError 0 0 45 10 100 12 1 1 1 10 12 1 10 12 1 10 100 12 1 1 1 10 100 12 1 1 1 1 1 1 5 0 1 1 1 1 1 1 1 1 1 1 1 100 1 1 1
instanceKlass java/lang/invoke/VolatileCallSite
instanceKlass java/lang/invoke/MutableCallSite
instanceKlass java/lang/invoke/ConstantCallSite
ciInstanceKlass java/lang/invoke/CallSite 1 1 296 10 7 12 1 1 1 10 7 12 1 1 1 9 12 1 1 10 7 12 1 1 1 10 12 1 100 1 10 12 1 1 10 12 1 1 9 100 12 1 1 1 10 100 12 1 1 10 12 1 1 100 1 100 1 10 10 100 12 1 1 1 10 12 1 1 8 1 10 12 1 10 12 1 1 10 12 1 10 12 1 1 10 12 1 1 10 10 100 12 1 1 10 12 1 1 9 12 1 9 100 12 1 1 1 8 1 10 7 12 1 1 1 10 12 1 1 100 1 10 12 1 1 9 12 1 8 1 100 1 10 12 1 10 12 1 100 1 8 1 10 10 12 1 10 12 1 1 100 1 10 12 1 1 10 12 1 10 12 1 10 12 1 1 10 12 1 1 9 12 1 1 8 10 12 1 1 9 12 1 1 100 1 10 10 12 1 10 100 12 1 1 1 10 12 1 1 10 12 1 1 10 12 1 10 7 12 1 1 1 100 1 8 1 10 10 12 10 12 1 1 100 1 100 1 100 1 8 1 10 12 1 10 7 12 1 1 1 1 1 1 1 1 1 1 1 1 1 1 1 1 1 1 1 1 1 1 1 1 1 1 1 1 1 1 1 1 1 1 1 1 1 1 1 1 1 1 1 1 1 1 1 1 1 1 1 1 1 1 1 100 1 100 1 1 1
staticfield java/lang/invoke/CallSite $assertionsDisabled Z 1
ciInstanceKlass jdk/internal/foreign/abi/NativeEntryPoint 0 0 194 10 100 12 1 1 1 9 100 12 1 1 1 9 12 1 1 100 1 8 1 10 12 1 10 12 1 1 100 1 10 100 12 1 1 1 10 12 1 9 12 1 1 18 12 1 1 10 100 12 1 1 1 10 100 12 1 1 1 9 100 12 1 1 1 100 1 10 8 1 10 12 1 1 10 12 1 10 12 1 1 8 1 10 12 1 1 100 1 8 1 10 12 1 10 12 1 1 10 12 1 9 12 1 1 18 12 1 1 10 100 12 1 1 1 10 12 1 1 10 12 1 10 100 12 1 1 1 10 1 1 1 1 1 1 1 1 1 1 1 1 1 1 1 1 1 1 1 1 1 1 1 1 1 1 1 1 1 1 1 1 1 1 1 1 1 16 1 15 10 12 16 1 16 15 10 12 15 10 100 12 1 1 1 1 1 100 1 1 100 1 100 1 1
ciInstanceKlass jdk/internal/foreign/abi/ABIDescriptor 0 0 55 10 100 12 1 1 1 9 100 12 1 1 1 9 12 1 1 9 12 1 9 12 1 9 12 1 1 9 12 1 9 12 1 1 9 12 1 9 12 1 9 12 1 9 12 1 1 1 1 1 1 1 1 1 1
ciInstanceKlass jdk/internal/foreign/abi/VMStorage 0 0 91 10 100 12 1 1 1 9 100 12 1 1 1 9 12 1 1 9 12 1 1 9 12 1 1 100 1 10 8 1 10 12 1 1 10 12 1 10 12 1 1 10 12 1 18 12 1 18 12 1 1 18 12 1 1 1 1 1 1 1 1 1 1 1 1 1 1 1 1 1 1 1 8 1 15 15 15 15 15 10 100 12 1 1 1 1 100 1 100 1 1
ciInstanceKlass jdk/internal/foreign/abi/UpcallLinker$CallRegs 0 0 66 10 100 12 1 1 1 9 100 12 1 1 1 9 12 1 18 12 1 1 18 12 1 1 18 12 1 1 1 1 1 1 1 1 1 1 1 1 1 1 1 1 1 1 100 1 1 1 8 1 15 15 15 10 100 12 1 1 1 1 1 100 1 100 1 1
ciInstanceKlass java/lang/invoke/ConstantCallSite 1 1 65 10 7 12 1 1 1 9 7 12 1 1 1 9 12 1 1 10 7 12 1 1 1 10 12 1 100 1 10 12 9 12 1 1 100 1 10 10 12 1 1 10 12 1 1 1 1 1 1 1 1 1 1 1 1 1 100 1 1 1 1 1 1 1 1
staticfield java/lang/invoke/ConstantCallSite UNSAFE Ljdk/internal/misc/Unsafe; jdk/internal/misc/Unsafe
ciInstanceKlass java/lang/invoke/MutableCallSite 0 0 63 10 100 12 1 1 1 10 12 1 9 100 12 1 1 1 10 12 1 10 12 1 1 9 12 1 1 10 100 12 1 1 1 10 100 12 1 1 1 10 12 1 1 1 1 1 1 1 1 1 1 1 1 1 1 1 1 1 1 100 1 1 1
ciInstanceKlass java/lang/invoke/VolatileCallSite 0 0 37 10 100 12 1 1 1 10 12 1 10 100 12 1 1 1 10 12 1 10 12 1 1 1 1 1 1 1 1 1 1 1 1 1 1 1 1
ciInstanceKlass java/lang/AssertionStatusDirectives 0 0 24 10 100 12 1 1 1 100 1 1 1 1 1 1 1 1 1 1 1 1 1 1 1 1
ciInstanceKlass java/lang/Appendable 1 0 14 100 1 100 1 1 1 1 100 1 1 1 1 1
instanceKlass java/lang/StringBuilder
instanceKlass java/lang/StringBuffer
ciInstanceKlass java/lang/AbstractStringBuilder 1 1 607 7 1 10 7 12 1 1 1 9 7 12 1 1 1 9 12 1 9 12 1 1 9 12 1 1 10 100 12 1 1 1 10 12 1 1 7 1 3 3 10 12 1 10 12 1 1 11 7 1 100 1 100 1 10 8 1 10 12 1 10 12 1 10 12 1 1 10 12 1 10 12 1 9 12 1 10 12 1 9 12 1 1 10 12 1 1 10 7 12 1 1 1 10 10 12 1 10 12 1 10 12 1 1 10 12 1 1 10 7 12 1 1 1 10 7 12 1 1 1 100 1 8 1 10 10 12 1 1 100 1 10 12 10 12 1 1 10 10 12 1 1 10 12 1 1 10 12 1 1 10 12 1 1 10 10 7 12 1 1 1 10 12 1 100 1 10 10 100 12 1 1 1 9 12 1 1 9 12 1 10 12 1 1 10 10 12 1 1 10 12 10 12 1 10 12 1 1 10 12 1 1 10 12 1 1 10 12 1 10 12 1 1 10 12 1 1 10 12 1 10 12 1 1 8 1 10 12 1 1 10 12 1 10 12 1 10 12 1 10 12 1 10 12 1 10 12 1 10 7 12 1 1 10 12 1 10 12 1 10 100 12 1 1 1 100 1 100 1 10 12 1 10 100 12 1 1 10 12 1 10 12 1 1 10 12 1 10 12 1 1 10 12 1 10 12 1 1 10 12 1 1 10 10 7 12 1 1 1 10 12 1 10 12 1 10 12 1 1 10 12 1 10 12 1 10 12 1 10 12 1 10 12 1 10 12 1 10 12 1 10 12 1 1 10 12 1 10 12 1 10 12 10 12 1 1 18 12 1 1 100 1 10 100 12 1 1 1 18 10 12 1 1 10 12 1 1 10 12 1 10 12 1 1 11 12 1 1 10 12 1 10 12 1 10 12 10 10 10 12 1 10 5 0 10 10 12 1 1 100 1 8 1 10 10 12 1 1 10 100 12 1 1 1 10 12 1 10 12 1 1 100 1 10 12 100 1 10 100 1 10 100 1 1 1 1 1 1 1 1 1 1 1 100 1 1 1 1 1 1 1 1 1 1 1 1 1 1 1 1 1 1 1 1 1 1 1 1 1 1 1 1 1 1 1 1 1 1 1 1 1 1 1 1 1 1 1 1 1 1 1 1 1 1 1 1 1 1 1 1 1 1 1 1 1 1 1 1 1 1 1 1 1 1 1 1 1 1 1 1 1 1 1 1 1 1 1 1 1 1 1 1 1 1 1 1 1 1 1 1 1 1 1 1 100 1 1 1 1 1 1 1 1 1 1 1 1 1 1 1 1 1 100 1 1 1 1 1 1 100 1 1 16 1 15 10 12 16 15 10 12 15 10 100 12 1 1 1 1 1 1 1 100 1 100 1 1
staticfield java/lang/AbstractStringBuilder EMPTYVALUE [B 0
ciInstanceKlass java/lang/StringBuffer 0 0 483 10 100 12 1 1 1 10 12 1 10 12 1 10 12 1 1 9 100 12 1 1 1 10 12 1 1 10 12 1 10 12 1 1 9 12 1 1 10 12 1 10 12 1 1 10 12 1 1 10 12 1 10 12 1 1 10 12 1 10 12 1 1 10 12 1 1 10 100 12 1 1 1 10 12 1 1 10 12 1 10 12 1 10 12 1 10 12 1 10 12 1 10 12 1 10 12 1 10 12 1 10 12 1 10 12 1 10 12 1 10 12 1 10 12 1 10 12 1 1 10 12 1 10 12 1 1 10 12 1 1 10 10 12 1 1 10 12 1 10 12 1 10 12 1 10 12 1 10 12 1 10 12 1 10 12 10 12 1 10 12 1 10 12 1 10 12 1 1 10 12 1 10 12 1 10 10 12 1 1 10 12 1 10 12 1 10 12 1 10 10 100 12 1 1 1 10 10 12 1 1 9 12 1 1 10 100 12 1 1 10 100 1 8 10 100 12 1 1 1 8 10 12 1 8 1 10 12 1 10 12 1 10 100 12 1 1 1 10 100 12 1 1 1 100 1 10 12 100 1 8 1 10 10 12 1 1 10 12 1 1 10 12 1 10 12 1 10 12 1 1 10 12 1 10 12 1 10 12 1 10 12 1 10 12 1 10 12 10 12 1 10 12 1 10 12 1 10 12 1 10 12 1 10 12 1 10 12 1 10 12 1 10 12 1 10 12 1 10 12 10 12 10 12 1 10 12 1 10 12 1 10 12 10 12 1 10 12 1 10 12 1 10 12 1 10 12 1 10 12 1 10 12 1 10 12 1 10 12 1 10 12 1 10 12 1 100 1 10 12 1 9 100 12 1 1 1 9 100 1 9 12 1 1 100 1 100 1 100 1 100 1 1 1 1 5 0 1 1 1 1 1 1 1 1 1 1 1 1 1 1 1 1 1 1 1 1 1 1 1 1 1 1 1 1 1 1 1 1 1 1 1 1 1 1 1 1 1 1 1 1 1 1 1 1 1 1 1 1 1 1 1 1 1 1 1 1 1 100 1 1 1 1 1 100 1 1 1 1 1 1 1 1 1 1 1 1 1 1 1 1 1 1
ciInstanceKlass java/lang/StringBuilder 1 1 422 10 7 12 1 1 1 10 12 1 10 12 1 10 12 1 1 10 7 12 1 1 1 10 7 12 1 1 1 10 12 1 10 12 1 10 12 1 10 12 1 10 12 1 10 12 1 10 12 1 10 12 1 10 12 1 10 12 1 10 12 1 10 12 1 10 12 1 10 12 1 1 10 12 1 10 12 1 1 10 12 1 1 10 12 1 10 12 1 10 12 1 10 12 1 10 12 1 10 12 1 10 12 1 10 12 10 12 1 10 12 1 10 12 1 10 12 1 1 10 12 1 10 12 1 10 12 10 12 1 1 10 12 1 10 12 1 10 12 1 10 100 12 1 1 1 9 12 1 1 10 12 1 10 12 1 1 10 12 1 1 9 12 1 1 10 100 12 1 1 1 10 100 1 10 12 1 1 10 100 12 1 1 10 12 1 10 12 1 1 100 1 100 1 8 1 10 10 12 1 1 10 12 1 10 12 1 10 12 1 1 10 12 1 10 12 1 10 12 1 10 12 1 10 12 1 10 12 10 12 1 10 12 1 10 12 1 10 12 1 10 12 1 10 12 1 10 12 1 10 12 1 10 12 1 1 10 12 1 1 10 12 1 10 12 1 10 12 1 10 12 10 12 10 12 1 10 12 1 10 12 1 10 12 10 12 1 10 12 1 10 12 1 10 12 1 10 12 1 10 12 1 10 12 1 10 12 1 10 12 1 1 10 12 1 10 12 1 1 10 12 1 10 12 1 1 10 12 1 10 12 1 1 10 12 1 10 12 1 10 12 1 10 10 12 1 10 12 1 100 1 100 1 100 1 100 1 1 1 1 5 0 1 1 1 1 1 1 1 1 1 1 1 1 1 1 1 1 1 1 1 1 1 1 1 1 1 1 1 1 1 1 1 1 1 1 1 1 1 1 1 1 1 1 1 1 100 1 1 1 100 1 1 1 1 1 1 1 1 1 1 1
ciInstanceKlass jdk/internal/misc/UnsafeConstants 1 1 34 10 100 12 1 1 1 9 7 12 1 1 1 9 12 1 9 12 1 1 9 12 1 9 12 1 1 1 1 1 1 1 1 1
staticfield jdk/internal/misc/UnsafeConstants ADDRESS_SIZE0 I 8
staticfield jdk/internal/misc/UnsafeConstants PAGE_SIZE I 4096
staticfield jdk/internal/misc/UnsafeConstants BIG_ENDIAN Z 0
staticfield jdk/internal/misc/UnsafeConstants UNALIGNED_ACCESS Z 1
staticfield jdk/internal/misc/UnsafeConstants DATA_CACHE_LINE_FLUSH_SIZE I 0
ciInstanceKlass jdk/internal/misc/Unsafe 1 1 1287 10 7 12 1 1 1 9 7 12 1 1 1 9 12 1 1 10 12 1 1 10 7 12 1 1 1 10 12 1 1 10 12 1 1 10 12 1 1 10 12 1 1 10 12 1 1 10 12 1 1 10 12 1 1 10 12 1 1 10 12 1 1 10 12 1 1 10 12 1 1 10 12 1 1 10 12 1 1 10 12 1 10 12 1 100 1 10 10 12 1 1 10 12 1 1 5 0 10 12 1 1 10 12 1 1 10 7 12 1 1 1 10 12 1 1 10 12 1 10 12 1 10 12 1 1 10 12 1 1 10 12 1 10 12 1 100 1 100 1 10 8 1 10 12 1 1 10 12 1 8 1 10 12 1 1 10 12 1 10 12 1 10 12 1 1 10 12 1 10 12 1 1 10 12 1 1 10 12 1 10 12 1 10 12 1 10 12 1 1 10 12 1 10 12 1 10 12 1 1 10 12 1 5 0 5 0 5 0 10 12 1 10 12 1 10 12 1 10 12 1 10 12 1 10 12 1 10 12 1 10 12 1 10 12 1 1 10 12 1 10 12 1 100 1 8 1 10 100 1 10 10 12 1 1 10 12 1 1 10 12 1 10 12 1 1 10 12 1 1 10 12 1 10 12 1 1 10 12 1 9 7 12 1 1 9 12 1 100 1 10 10 12 1 1 8 1 10 8 1 8 1 10 12 1 1 9 7 12 1 1 1 9 100 1 9 7 1 9 100 1 9 9 100 1 9 7 1 9 100 1 10 12 1 1 10 12 1 1 10 12 1 1 10 12 1 1 5 0 5 0 9 12 1 1 10 12 1 10 12 1 10 12 1 1 10 12 1 1 10 12 1 8 1 3 10 12 1 1 10 12 1 1 10 12 1 10 12 1 1 10 12 1 1 10 12 1 10 12 1 10 12 1 10 12 1 10 12 1 10 12 1 1 10 12 1 1 10 12 1 10 12 1 10 12 1 10 12 1 10 12 1 10 12 1 1 10 12 1 1 10 12 1 10 12 1 10 12 1 10 12 1 10 12 1 10 12 1 1 10 12 1 1 10 12 1 1 10 12 1 1 10 12 1 10 12 1 10 12 1 10 12 1 10 12 1 10 12 1 10 12 1 1 10 12 1 1 10 12 1 10 12 1 10 12 1 10 12 1 10 12 1 10 12 1 10 12 1 1 10 12 1 1 10 12 1 10 12 1 10 12 1 10 12 1 10 12 1 10 12 1 10 12 1 10 12 1 1 10 12 1 10 12 1 10 12 1 10 12 1 10 12 1 1 10 12 1 10 12 1 10 12 1 10 12 1 10 12 1 10 12 1 10 12 1 10 12 1 1 10 12 1 10 12 1 10 12 1 10 12 1 10 12 1 10 12 1 1 10 12 1 10 12 1 10 12 1 1 10 12 1 10 12 1 10 12 1 10 12 1 10 12 1 10 12 1 10 12 1 10 12 1 10 12 1 10 12 1 10 12 1 10 12 1 10 12 1 10 12 1 10 12 1 10 12 1 10 12 1 10 12 1 10 12 1 10 12 1 10 12 1 10 12 1 10 12 1 100 1 10 100 1 10 9 12 1 5 0 10 12 1 1 5 0 10 12 1 5 0 10 12 1 10 12 1 10 12 1 1 10 12 1 1 10 12 1 10 12 1 10 12 1 10 12 1 1 10 12 1 10 12 1 10 12 1 10 12 1 10 12 1 1 10 12 1 10 12 1 10 12 1 10 12 1 1 10 12 1 10 12 1 10 12 1 1 10 12 1 10 12 1 10 12 1 10 12 1 1 10 12 1 10 10 12 1 1 10 12 1 10 12 1 1 10 12 1 10 12 5 0 5 0 5 0 10 12 1 1 10 12 1 10 12 1 10 12 10 100 12 1 1 8 1 100 1 11 12 1 1 8 1 11 12 1 1 10 100 12 1 1 10 12 1 10 12 1 10 12 1 10 12 1 10 12 1 1 10 12 1 10 12 1 10 12 1 10 12 1 10 12 1 10 12 1 10 7 1 10 12 1 9 12 1 7 1 9 12 1 7 1 9 12 1 7 1 9 12 1 7 1 9 12 1 7 1 9 12 1 7 1 9 12 1 7 1 9 12 1 7 1 9 12 1 10 12 1 9 12 1 9 12 1 9 12 1 9 12 1 9 12 1 9 12 1 9 12 1 9 12 1 9 12 1 9 12 1 1 1 3 1 1 1 1 1 1 1 1 1 1 1 1 1 1 1 1 1 1 1 1 1 1 1 1 1 1 1 1 1 1 1 1 1 1 1 1 1 1 1 1 1 1 1 1 1 1 1 1 1 1 1 1 1 1 1 1 1 1 1 1 1 1 1 1 1 1 1 1 1 1 1 1 1 1 1 1 1 1 1 1 1 1 1 1 1 1 1 1 1 100 1 1 1 1 1 1 1 1 1 1 1 1 1 1 1 1 1 1 1 1 1 1 1 1 1 1 1 1 1 1 1 1 1 1 1 1 1 1 1 1 1 1 1 1 1 1 1 1 1 1 1 1 1 1 1 1 1 1 1 1 1 1 1 1 1 1 1 1 1 1 1 1 1 1 1 1 1 1 1 1 1 1 1 1 1 1 1 1 1 1 1 1 1 1 1 1 1 1 1 1 1 1 1 1 1 1 1 1 1 1 1 1 1 1 1 1 1 1 1 1 1 1 1 1 1 1 1 1 1 1 1 1 1 1 1 1 1 1 1 1 1 1 1 1 1 1 1 1 1 1 1 1 1 1 1 1 1 1 1 1 1 1 1 1 1 1 1 1 1 1 1 1 1 1 1 1 1 1 1 1 1 1 1 1 1 1 1 1 1 1 1 1 1 1 1 1 1 1 1 1 1 1 1 1 1 1 3 1 1 1 1 1 1 1 1 1 1 1 1 1 1 1 1 1 1 1 1 1
staticfield jdk/internal/misc/Unsafe theUnsafe Ljdk/internal/misc/Unsafe; jdk/internal/misc/Unsafe
staticfield jdk/internal/misc/Unsafe ARRAY_BOOLEAN_BASE_OFFSET I 16
staticfield jdk/internal/misc/Unsafe ARRAY_BYTE_BASE_OFFSET I 16
staticfield jdk/internal/misc/Unsafe ARRAY_SHORT_BASE_OFFSET I 16
staticfield jdk/internal/misc/Unsafe ARRAY_CHAR_BASE_OFFSET I 16
staticfield jdk/internal/misc/Unsafe ARRAY_INT_BASE_OFFSET I 16
staticfield jdk/internal/misc/Unsafe ARRAY_LONG_BASE_OFFSET I 16
staticfield jdk/internal/misc/Unsafe ARRAY_FLOAT_BASE_OFFSET I 16
staticfield jdk/internal/misc/Unsafe ARRAY_DOUBLE_BASE_OFFSET I 16
staticfield jdk/internal/misc/Unsafe ARRAY_OBJECT_BASE_OFFSET I 16
staticfield jdk/internal/misc/Unsafe ARRAY_BOOLEAN_INDEX_SCALE I 1
staticfield jdk/internal/misc/Unsafe ARRAY_BYTE_INDEX_SCALE I 1
staticfield jdk/internal/misc/Unsafe ARRAY_SHORT_INDEX_SCALE I 2
staticfield jdk/internal/misc/Unsafe ARRAY_CHAR_INDEX_SCALE I 2
staticfield jdk/internal/misc/Unsafe ARRAY_INT_INDEX_SCALE I 4
staticfield jdk/internal/misc/Unsafe ARRAY_LONG_INDEX_SCALE I 8
staticfield jdk/internal/misc/Unsafe ARRAY_FLOAT_INDEX_SCALE I 4
staticfield jdk/internal/misc/Unsafe ARRAY_DOUBLE_INDEX_SCALE I 8
staticfield jdk/internal/misc/Unsafe ARRAY_OBJECT_INDEX_SCALE I 4
staticfield jdk/internal/misc/Unsafe ADDRESS_SIZE I 8
ciInstanceKlass jdk/internal/module/Modules 1 1 504 10 100 12 1 1 1 9 7 12 1 1 1 11 7 12 1 1 1 11 12 1 1 11 12 1 1 11 12 1 1 11 12 1 11 12 1 11 12 1 11 12 1 11 12 1 1 10 100 12 1 1 1 10 100 12 1 1 1 18 12 1 1 10 100 12 1 1 1 100 1 10 100 12 1 1 1 10 100 12 1 1 1 10 100 12 1 1 10 12 1 1 11 12 1 9 12 1 1 11 100 12 1 1 1 10 12 1 1 10 10 12 1 10 9 12 1 1 10 100 12 1 1 10 12 1 1 10 100 12 1 1 100 1 11 100 12 1 1 1 10 100 12 1 1 1 11 100 12 1 1 10 12 1 1 10 100 12 1 1 10 100 12 1 1 1 10 12 1 1 10 12 1 1 11 12 1 1 18 12 1 1 11 100 12 1 1 10 100 12 1 1 1 11 100 12 1 1 1 100 1 11 12 1 1 11 100 12 1 1 1 11 12 1 1 10 12 1 1 10 100 12 1 1 18 12 1 1 11 12 1 1 18 12 1 1 11 12 1 1 10 12 1 18 18 10 12 1 1 9 12 1 1 11 100 12 1 1 1 100 1 10 11 12 1 11 12 1 1 11 12 1 1 10 100 1 10 12 1 1 10 100 12 1 1 10 12 1 1 11 12 10 12 1 1 100 1 10 18 12 1 10 12 1 1 100 1 8 1 10 12 1 10 100 12 1 1 18 12 1 11 11 12 10 12 1 10 10 100 1 18 12 1 10 10 10 7 12 1 1 10 7 12 1 1 1 10 12 1 1 1 1 1 1 1 1 1 1 1 1 1 1 1 1 1 1 1 1 1 1 1 1 1 1 1 1 1 1 1 1 1 100 1 1 1 1 1 1 1 1 1 1 1 1 1 1 1 1 1 1 1 1 1 1 1 1 1 1 1 1 1 1 1 1 1 1 1 100 1 1 1 1 1 1 1 1 1 1 1 1 1 1 1 1 1 1 1 1 1 1 1 16 15 10 12 1 16 16 15 10 12 1 16 1 16 1 15 10 12 1 16 1 16 1 15 10 12 16 1 15 10 16 1 15 10 12 16 1 15 10 12 16 15 10 12 16 15 10 12 15 10 100 12 1 1 1 1 1 1 100 1 100 1 1
staticfield jdk/internal/module/Modules JLA Ljdk/internal/access/JavaLangAccess; java/lang/System$2
staticfield jdk/internal/module/Modules JLMA Ljdk/internal/access/JavaLangModuleAccess; java/lang/module/ModuleDescriptor$1
staticfield jdk/internal/module/Modules $assertionsDisabled Z 1
ciInstanceKlass java/lang/AutoCloseable 1 0 12 100 1 100 1 1 1 1 100 1 1 1
ciInstanceKlass java/io/Closeable 1 0 14 100 1 100 1 100 1 1 1 1 100 1 1 1
instanceKlass org/jetbrains/kotlin/protobuf/RopeByteString$RopeInputStream
instanceKlass sun/nio/ch/ChannelInputStream
instanceKlass org/jetbrains/kotlin/com/intellij/util/io/UnsyncByteArrayInputStream
instanceKlass org/jetbrains/kotlin/com/fasterxml/aalto/in/MergedStream
instanceKlass java/util/zip/ZipFile$ZipFileInputStream
instanceKlass java/io/FilterInputStream
instanceKlass java/io/FileInputStream
instanceKlass java/io/ByteArrayInputStream
ciInstanceKlass java/io/InputStream 1 1 195 100 1 10 7 12 1 1 1 100 1 10 10 7 12 1 1 1 10 7 12 1 1 1 10 12 1 100 1 3 10 12 1 1 100 1 8 1 10 12 1 10 7 12 1 1 1 3 100 1 8 1 10 10 100 12 1 1 1 100 1 10 11 100 12 1 1 1 10 12 1 1 11 12 1 1 11 100 12 1 1 1 11 12 1 1 100 1 10 100 12 1 1 1 5 0 10 12 1 10 12 1 1 100 1 10 8 1 10 8 1 8 1 10 12 1 1 10 7 12 1 1 1 100 1 5 0 10 12 1 100 1 100 1 1 1 1 3 1 3 1 1 1 1 1 1 1 1 1 1 1 1 1 1 1 1 1 1 1 1 1 1 1 1 1 1 1 1 1 1 1 1 1 1 1 1 1 1 1 1 1 1 1 1 1 1 1 1 1 1 1 1 1 1 1
ciInstanceKlass java/io/ByteArrayInputStream 1 1 117 10 7 12 1 1 1 9 7 12 1 1 1 9 12 1 1 9 12 1 9 12 1 10 100 12 1 1 1 10 7 12 1 1 1 10 7 12 1 1 1 10 100 12 1 1 1 10 12 1 1 3 10 100 1 10 100 12 1 1 1 9 12 1 1 100 1 10 10 7 12 1 1 1 1 1 1 1 1 1 1 1 1 1 1 1 1 1 1 1 1 1 1 1 1 1 1 1 1 1 1 1 100 1 1 1 1 1 1 1 1 1 1 1 1 1 1
staticfield java/io/ByteArrayInputStream $assertionsDisabled Z 1
ciInstanceKlass java/net/URL 1 1 771 10 7 12 1 1 1 10 12 1 10 7 12 1 1 9 12 1 1 9 12 1 10 7 12 1 1 1 10 12 1 1 10 12 1 1 9 12 1 1 10 7 12 1 1 1 8 1 10 12 1 1 100 1 10 10 12 1 1 8 1 10 12 1 1 9 12 1 100 1 8 1 10 12 1 10 12 1 8 1 9 12 1 10 12 1 1 9 12 1 10 12 1 10 12 1 9 12 1 9 12 1 8 1 9 12 1 10 12 1 1 8 1 9 12 1 1 10 12 1 1 10 7 12 1 1 1 8 1 10 12 1 7 1 10 12 1 10 12 1 10 12 1 10 12 1 1 10 12 1 1 8 1 10 12 1 1 10 12 1 8 1 9 12 1 8 1 10 12 1 10 7 12 1 1 1 100 1 10 12 1 10 12 1 1 10 7 12 1 1 1 100 1 8 1 10 10 12 1 8 1 10 12 1 1 10 12 1 10 12 1 10 12 1 10 12 1 10 12 1 10 12 1 8 1 10 12 1 8 1 10 10 100 1 10 10 12 1 8 1 10 7 12 1 1 1 10 12 1 9 100 12 1 1 1 10 100 12 1 1 1 9 12 1 1 10 12 1 10 100 12 1 1 1 100 1 100 1 10 12 1 10 12 1 10 12 1 10 12 1 10 12 1 10 12 10 10 12 1 10 12 1 10 12 1 1 8 1 9 100 12 1 1 1 10 100 12 1 1 1 10 12 1 1 9 100 12 1 1 1 10 12 1 1 100 1 10 12 1 10 12 1 10 10 12 1 1 10 12 1 1 10 12 1 10 12 1 10 12 1 10 7 12 1 1 1 10 12 1 1 10 12 1 9 12 1 1 9 12 1 1 100 1 8 1 10 10 12 1 9 12 1 1 10 7 12 1 1 8 1 10 7 12 1 1 8 1 10 12 1 1 10 12 1 8 1 8 1 10 7 12 1 1 1 100 1 10 100 12 1 1 1 10 12 1 10 12 1 100 1 10 9 100 12 1 1 1 10 100 12 1 1 10 12 1 1 10 12 1 8 1 100 1 10 10 100 12 1 1 1 10 12 1 8 9 100 12 1 1 1 10 12 1 1 10 12 1 10 12 1 1 10 7 12 1 1 11 7 12 1 1 10 12 1 10 12 1 9 12 1 10 12 1 1 10 100 12 1 1 10 100 12 1 1 1 8 10 100 12 1 1 100 1 10 8 8 10 12 1 8 8 8 100 1 10 12 1 9 12 1 1 10 12 1 10 12 1 1 10 12 1 10 12 10 12 1 1 10 12 1 1 10 10 10 12 1 10 12 1 10 12 1 10 12 1 10 12 1 10 10 12 1 100 1 8 1 10 10 10 12 1 1 10 12 1 10 12 1 1 8 1 7 1 10 10 7 1 10 12 1 9 7 12 1 1 1 9 12 1 1 7 1 10 10 7 12 1 1 1 100 1 1 1 1 1 5 0 1 1 1 1 1 1 1 1 1 1 1 1 1 1 1 1 1 1 1 1 1 1 1 1 1 1 1 1 1 1 1 1 1 1 1 1 1 1 1 1 1 1 1 1 1 1 1 1 100 1 1 1 1 1 1 1 1 1 1 1 1 1 1 1 1 1 1 1 1 1 1 1 1 1 1 1 1 1 1 1 1 1 1 1 1 1 100 1 1 1 1 1 1 1 1 1 1 1 1 1 1 1 1 1 100 1 1 1 1 1 1 1 1 1 1 1 1 1 1 1 1 1 1 1
staticfield java/net/URL defaultFactory Ljava/net/URLStreamHandlerFactory; java/net/URL$DefaultFactory
staticfield java/net/URL streamHandlerLock Ljava/lang/Object; java/lang/Object
staticfield java/net/URL serialPersistentFields [Ljava/io/ObjectStreamField; 7 [Ljava/io/ObjectStreamField;
instanceKlass androidx/room/jarjarred/org/antlr/v4/runtime/atn/PredictionMode
instanceKlass androidx/room/jarjarred/org/antlr/v4/runtime/atn/LexerActionType
instanceKlass androidx/room/jarjarred/org/antlr/v4/runtime/atn/ATNType
instanceKlass androidx/room/jarjarred/org/antlr/v4/runtime/CodePointBuffer$Type
instanceKlass androidx/room/parser/QueryType
instanceKlass org/jetbrains/kotlin/load/kotlin/AbstractBinaryClassAnnotationLoader$PropertyRelatedElement
instanceKlass androidx/room/compiler/codegen/CodeLanguage
instanceKlass org/sqlite/SQLiteLimits
instanceKlass sun/util/locale/provider/LocaleProviderAdapter$Type
instanceKlass org/sqlite/SQLiteOpenMode
instanceKlass org/sqlite/SQLiteConfig$HexKeyMode
instanceKlass org/sqlite/SQLiteConfig$DateClass
instanceKlass org/sqlite/SQLiteConfig$DatePrecision
instanceKlass org/sqlite/SQLiteConfig$TransactionMode
instanceKlass org/sqlite/SQLiteConfig$TempStore
instanceKlass org/sqlite/SQLiteConfig$SynchronousMode
instanceKlass org/sqlite/SQLiteConfig$LockingMode
instanceKlass org/sqlite/SQLiteConfig$JournalMode
instanceKlass org/sqlite/SQLiteConfig$Encoding
instanceKlass org/sqlite/SQLiteConfig$Pragma
instanceKlass java/nio/file/StandardCopyOption
instanceKlass java/security/DrbgParameters$Capability
instanceKlass sun/security/util/KnownOIDs
instanceKlass org/jetbrains/kotlin/descriptors/annotations/KotlinRetention
instanceKlass javax/tools/Diagnostic$Kind
instanceKlass androidx/room/vo/Warning
instanceKlass androidx/room/vo/ForeignKeyAction
instanceKlass org/jetbrains/kotlin/com/intellij/util/ThreeState
instanceKlass org/jetbrains/kotlin/resolve/calls/components/ImplicitInvokeCheckStatus
instanceKlass androidx/room/vo/CallType
instanceKlass androidx/room/parser/Collate
instanceKlass com/google/devtools/ksp/symbol/Variance
instanceKlass androidx/room/processor/FieldProcessor$BindingScope
instanceKlass kotlin/annotation/AnnotationRetention
instanceKlass androidx/room/solver/RxVersion
instanceKlass androidx/room/solver/RxType
instanceKlass androidx/room/parser/SQLTypeAffinity
instanceKlass androidx/room/compiler/processing/XNullability
instanceKlass androidx/room/solver/types/PrimitiveColumnTypeAdapter$Companion$Primitive
instanceKlass androidx/room/BuiltInTypeConverters$State
instanceKlass javax/lang/model/SourceVersion
instanceKlass com/google/devtools/ksp/symbol/Nullability
instanceKlass org/jetbrains/kotlin/types/typeUtil/TypeNullability
instanceKlass org/jetbrains/kotlin/resolve/calls/model/ArgumentMatchStatus
instanceKlass org/jetbrains/kotlin/types/TypeApproximatorConfiguration$IntersectionStrategy
instanceKlass org/jetbrains/kotlin/resolve/calls/inference/components/VariableFixationFinder$TypeVariableFixationReadiness
instanceKlass org/jetbrains/kotlin/types/TypeCheckerState$LowerCapturedTypePolicy
instanceKlass org/jetbrains/kotlin/resolve/calls/results/OverloadResolutionResults$Code
instanceKlass org/jetbrains/kotlin/resolve/calls/tower/WrongResolutionToClassifier
instanceKlass org/jetbrains/kotlin/resolve/CollectionLiteralResolver$ContainerKind
instanceKlass org/jetbrains/kotlin/resolve/calls/inference/model/ConstraintKind
instanceKlass org/jetbrains/kotlin/resolve/calls/components/ArgumentsToParametersMapper$CallArgumentProcessor$State
instanceKlass org/jetbrains/kotlin/resolve/calls/inference/model/NewConstraintSystemImpl$State
instanceKlass org/jetbrains/kotlin/resolve/calls/smartcasts/DataFlowValue$Kind
instanceKlass org/jetbrains/kotlin/resolve/calls/smartcasts/Nullability
instanceKlass org/jetbrains/kotlin/builtins/UnsignedArrayType
instanceKlass org/jetbrains/kotlin/builtins/UnsignedType
instanceKlass org/jetbrains/kotlin/resolve/calls/model/KotlinCallKind
instanceKlass org/jetbrains/kotlin/resolve/calls/tasks/ExplicitReceiverKind
instanceKlass org/jetbrains/kotlin/psi/Call$CallType
instanceKlass kotlin/annotation/AnnotationTarget
instanceKlass com/google/devtools/ksp/symbol/AnnotationUseSiteTarget
instanceKlass org/jetbrains/kotlin/resolve/calls/tower/CandidateApplicability
instanceKlass org/jetbrains/kotlin/builtins/jvm/JvmBuiltInsCustomizer$JDKMemberStatus
instanceKlass org/jetbrains/kotlin/resolve/jvm/jvmSignature/JvmMethodParameterKind
instanceKlass org/jetbrains/kotlin/resolve/ExternalOverridabilityCondition$Contract
instanceKlass org/jetbrains/kotlin/load/java/descriptors/JavaMethodDescriptor$ParameterNamesStatus
instanceKlass org/jetbrains/kotlin/load/java/SpecialGenericSignatures$TypeSafeBarrierDescription
instanceKlass org/jetbrains/kotlin/codegen/OwnerKind
instanceKlass org/jetbrains/kotlin/load/java/typeEnhancement/TypeComponentPosition
instanceKlass org/jetbrains/kotlin/load/java/typeEnhancement/NullabilityQualifier
instanceKlass org/jetbrains/kotlin/name/State
instanceKlass org/jetbrains/kotlin/load/java/structure/impl/classFiles/BinaryClassSignatureParser$JavaSignatureVariance
instanceKlass org/jetbrains/kotlin/load/java/lazy/types/JavaTypeFlexibility
instanceKlass org/jetbrains/kotlin/types/TypeUsage
instanceKlass javaslang/collection/HashArrayMappedTrieModule$Action
instanceKlass org/jetbrains/kotlin/resolve/ExternalOverridabilityCondition$Result
instanceKlass org/jetbrains/kotlin/resolve/OverridingUtil$OverrideCompatibilityInfo$Result
instanceKlass org/jetbrains/kotlin/types/TypeSubstitutor$VarianceConflictType
instanceKlass org/jetbrains/kotlin/descriptors/annotations/KotlinTarget
instanceKlass org/jetbrains/kotlin/resolve/QualifierPosition
instanceKlass org/jetbrains/kotlin/resolve/lazy/LazyImportScope$FilteringKind
instanceKlass org/jetbrains/kotlin/resolve/scopes/LexicalScopeKind
instanceKlass androidx/room/compiler/processing/XProcessingEnv$Backend
instanceKlass androidx/room/processor/Context$BooleanProcessorOptions
instanceKlass org/jetbrains/kotlin/load/java/structure/LightClassOriginKind
instanceKlass org/jetbrains/kotlin/resolve/jvm/JvmPrimitiveType
instanceKlass org/jetbrains/kotlin/serialization/deserialization/descriptors/DeserializedContainerAbiStability
instanceKlass org/jetbrains/kotlin/metadata/ProtoBuf$VersionRequirement$VersionKind
instanceKlass org/jetbrains/kotlin/metadata/ProtoBuf$VersionRequirement$Level
instanceKlass org/jetbrains/kotlin/metadata/ProtoBuf$Effect$InvocationKind
instanceKlass org/jetbrains/kotlin/metadata/ProtoBuf$Expression$ConstantValue
instanceKlass org/jetbrains/kotlin/metadata/ProtoBuf$Effect$EffectType
instanceKlass org/jetbrains/kotlin/metadata/jvm/JvmProtoBuf$StringTableTypes$Record$Operation
instanceKlass java/lang/annotation/ElementType
instanceKlass org/jetbrains/kotlin/resolve/jvm/NotFoundPackagesCachingStrategy$CacheType
instanceKlass org/jetbrains/kotlin/parsing/KotlinParsing$PropertyComponentKind
instanceKlass org/jetbrains/kotlin/parsing/KotlinParsing$ParseEnumEntryResult
instanceKlass com/google/devtools/ksp/symbol/Visibility
instanceKlass com/google/devtools/ksp/symbol/FunctionKind
instanceKlass com/google/devtools/ksp/symbol/ClassKind
instanceKlass com/google/devtools/ksp/symbol/Modifier
instanceKlass org/jetbrains/kotlin/com/intellij/lang/jvm/JvmModifier
instanceKlass org/jetbrains/kotlin/parsing/KotlinParsing$DeclarationParsingMode
instanceKlass org/jetbrains/kotlin/parsing/KotlinParsing$NameParsingMode
instanceKlass org/jetbrains/kotlin/parsing/KotlinParsing$AnnotationParsingMode
instanceKlass org/jetbrains/kotlin/parsing/KotlinExpressionParsing$Precedence
instanceKlass com/google/devtools/ksp/symbol/Origin
instanceKlass org/jetbrains/kotlin/load/kotlin/header/KotlinClassHeader$Kind
instanceKlass org/jetbrains/kotlin/load/java/AnnotationQualifierApplicabilityType
instanceKlass org/jetbrains/kotlin/metadata/ProtoBuf$MemberKind
instanceKlass org/jetbrains/kotlin/metadata/ProtoBuf$Class$Kind
instanceKlass org/jetbrains/kotlin/metadata/ProtoBuf$Modality
instanceKlass org/jetbrains/kotlin/metadata/ProtoBuf$Visibility
instanceKlass org/jetbrains/kotlin/incremental/components/NoLookupLocation
instanceKlass java/lang/invoke/MethodHandleImpl$ArrayAccess
instanceKlass org/jetbrains/kotlin/serialization/deserialization/AnnotatedCallableKind
instanceKlass org/jetbrains/kotlin/load/java/typeEnhancement/MutabilityQualifier
instanceKlass org/jetbrains/kotlin/types/expressions/ControlStructureTypingUtils$ResolveConstruct
instanceKlass org/jetbrains/kotlin/resolve/calls/inference/components/TypeVariableDirectionCalculator$ResolveDirection
instanceKlass org/jetbrains/kotlin/resolve/calls/inference/components/ConstraintSystemCompletionMode
instanceKlass org/jetbrains/kotlin/resolve/calls/results/ResolutionStatus
instanceKlass org/jetbrains/kotlin/resolve/calls/context/CheckArgumentTypesMode
instanceKlass org/jetbrains/kotlin/resolve/calls/smartcasts/SmartCastManager$ReceiverSmartCastResult
instanceKlass org/jetbrains/kotlin/resolve/calls/util/ResolveArgumentsMode
instanceKlass org/jetbrains/kotlin/types/expressions/FakeCallKind
instanceKlass org/jetbrains/kotlin/resolve/calls/context/ContextDependency
instanceKlass org/jetbrains/kotlin/types/expressions/CoercionStrategy
instanceKlass org/jetbrains/kotlin/psi/KtProjectionKind
instanceKlass org/jetbrains/kotlin/resolve/lazy/FileScopeFactory$FilteringKind
instanceKlass org/jetbrains/kotlin/resolve/TopDownAnalysisMode
instanceKlass org/jetbrains/kotlin/incremental/components/ScopeKind
instanceKlass org/jetbrains/kotlin/types/model/CaptureStatus
instanceKlass org/jetbrains/kotlin/types/model/TypeVariance
instanceKlass org/jetbrains/kotlin/analyzer/ModuleInfo$DependencyOnBuiltIns
instanceKlass org/jetbrains/kotlin/types/Variance
instanceKlass org/jetbrains/kotlin/com/intellij/openapi/extensions/ExtensionDescriptor$Os
instanceKlass org/jetbrains/kotlin/com/intellij/diagnostic/ActivityCategory
instanceKlass kotlin/DeprecationLevel
instanceKlass org/jetbrains/kotlin/container/ComponentState
instanceKlass org/jetbrains/kotlin/container/ComponentStorageState
instanceKlass java/math/RoundingMode
instanceKlass org/jetbrains/kotlin/descriptors/annotations/AnnotationUseSiteTarget
instanceKlass org/jetbrains/kotlin/config/LanguageFeature$State
instanceKlass org/jetbrains/kotlin/config/LanguageFeature$Kind
instanceKlass org/jetbrains/kotlin/config/LanguageFeature
instanceKlass org/jetbrains/kotlin/metadata/ProtoBuf$Type$Argument$Projection
instanceKlass org/jetbrains/kotlin/metadata/ProtoBuf$QualifiedNameTable$QualifiedName$Kind
instanceKlass org/jetbrains/kotlin/metadata/ProtoBuf$TypeParameter$Variance
instanceKlass org/jetbrains/kotlin/metadata/ProtoBuf$Annotation$Argument$Value$Type
instanceKlass org/jetbrains/kotlin/protobuf/WireFormat$JavaType
instanceKlass org/jetbrains/kotlin/protobuf/WireFormat$FieldType
instanceKlass org/jetbrains/kotlin/types/error/ErrorScopeKind
instanceKlass org/jetbrains/kotlin/descriptors/CallableMemberDescriptor$Kind
instanceKlass java/util/Locale$Category
instanceKlass org/jetbrains/kotlin/types/error/ErrorEntity
instanceKlass org/jetbrains/kotlin/types/error/ErrorTypeKind
instanceKlass org/jetbrains/kotlin/descriptors/ClassKind
instanceKlass org/jetbrains/kotlin/descriptors/Modality
instanceKlass org/jetbrains/kotlin/renderer/AnnotationArgumentsRenderingPolicy
instanceKlass org/jetbrains/kotlin/renderer/PropertyAccessorRenderingPolicy
instanceKlass org/jetbrains/kotlin/renderer/ParameterNameRenderingPolicy
instanceKlass org/jetbrains/kotlin/renderer/RenderingFormat
instanceKlass org/jetbrains/kotlin/renderer/OverrideRenderingPolicy
instanceKlass org/jetbrains/kotlin/renderer/DescriptorRendererModifier
instanceKlass org/jetbrains/kotlin/builtins/PrimitiveType
instanceKlass org/jetbrains/kotlin/builtins/jvm/JvmBuiltIns$Kind
instanceKlass org/jetbrains/kotlin/diagnostics/Severity
instanceKlass org/jetbrains/kotlin/com/intellij/openapi/vfs/CharsetToolkit$GuessedEncoding
instanceKlass org/jetbrains/kotlin/cli/jvm/index/JavaRoot$RootType
instanceKlass org/jetbrains/kotlin/com/intellij/openapi/util/io/FileAttributes$CaseSensitivity
instanceKlass java/nio/file/attribute/PosixFilePermission
instanceKlass org/jetbrains/kotlin/com/intellij/openapi/vfs/VFileProperty
instanceKlass kotlin/io/FileWalkDirection
instanceKlass java/nio/file/AccessMode
instanceKlass java/util/stream/Collector$Characteristics
instanceKlass org/jetbrains/kotlin/com/intellij/pom/java/LanguageLevel
instanceKlass org/jetbrains/kotlin/com/intellij/openapi/util/LowMemoryWatcher$LowMemoryWatcherType
instanceKlass org/jetbrains/kotlin/com/intellij/ide/plugins/ActionDescriptorName
instanceKlass kotlin/coroutines/intrinsics/CoroutineSingletons
instanceKlass kotlinx/coroutines/CoroutineStart
instanceKlass org/jetbrains/kotlin/com/intellij/openapi/progress/impl/CoreProgressManager$CheckCanceledBehavior
instanceKlass org/jetbrains/kotlin/com/intellij/util/messages/Topic$BroadcastDirection
instanceKlass org/jetbrains/kotlin/com/intellij/openapi/extensions/ExtensionPoint$Kind
instanceKlass org/jetbrains/kotlin/com/intellij/util/messages/impl/BusState
instanceKlass org/jetbrains/kotlin/com/intellij/diagnostic/LoadingState
instanceKlass org/jetbrains/kotlin/cli/jvm/compiler/EnvironmentConfigFiles
instanceKlass org/jetbrains/kotlin/config/JvmSerializeIrMode
instanceKlass org/jetbrains/kotlin/config/JvmAbiStability
instanceKlass com/google/devtools/ksp/KspCliOption
instanceKlass kotlin/reflect/jvm/internal/impl/resolve/jvm/JvmPrimitiveType
instanceKlass kotlin/reflect/jvm/internal/impl/builtins/PrimitiveType
instanceKlass kotlin/reflect/jvm/internal/impl/builtins/functions/FunctionClassKind
instanceKlass kotlin/LazyThreadSafetyMode
instanceKlass java/util/stream/StreamShape
instanceKlass java/util/stream/MatchOps$MatchKind
instanceKlass java/util/stream/StreamOpFlag$Type
instanceKlass java/util/stream/StreamOpFlag
instanceKlass org/jetbrains/kotlin/config/JvmTarget
instanceKlass org/jetbrains/kotlin/storage/LockBasedStorageManager$NotValue
instanceKlass org/jetbrains/kotlin/load/java/ReportLevel
instanceKlass org/jetbrains/kotlin/config/IrVerificationMode
instanceKlass java/util/regex/Pattern$Qtype
instanceKlass org/jetbrains/kotlin/config/LanguageVersion
instanceKlass java/lang/reflect/ProxyGenerator$PrimitiveTypeInfo
instanceKlass java/lang/annotation/RetentionPolicy
instanceKlass org/jetbrains/kotlin/config/JvmDefaultMode
instanceKlass org/jetbrains/kotlin/config/JVMAssertionsMode
instanceKlass org/jetbrains/kotlin/config/ExplicitApiMode
instanceKlass org/jetbrains/kotlin/cli/common/messages/CompilerMessageSeverity
instanceKlass org/jetbrains/kotlin/com/intellij/openapi/diagnostic/LogLevel
instanceKlass org/jetbrains/kotlin/cli/common/CompilerSystemProperties
instanceKlass java/lang/invoke/MethodHandles$Lookup$ClassOption
instanceKlass java/lang/invoke/VarHandle$AccessType
instanceKlass java/lang/invoke/VarHandle$AccessMode
instanceKlass java/lang/invoke/MethodHandleImpl$Intrinsic
instanceKlass java/lang/invoke/LambdaForm$BasicType
instanceKlass java/lang/invoke/LambdaForm$Kind
instanceKlass sun/invoke/util/Wrapper
instanceKlass java/io/JbExtendedOpenOptions
instanceKlass org/jetbrains/kotlin/cli/common/ExitCode
instanceKlass java/util/zip/ZipCoder$Comparison
instanceKlass java/nio/file/LinkOption
instanceKlass sun/nio/fs/WindowsPathType
instanceKlass java/nio/file/StandardOpenOption
instanceKlass java/io/File$PathStatus
instanceKlass java/lang/module/ModuleDescriptor$Requires$Modifier
instanceKlass java/lang/reflect/AccessFlag$Location
instanceKlass java/lang/reflect/AccessFlag
instanceKlass java/lang/module/ModuleDescriptor$Modifier
instanceKlass com/jetbrains/internal/IoOverNio$Debug
instanceKlass java/lang/reflect/ClassFileFormatVersion
instanceKlass java/util/concurrent/TimeUnit
instanceKlass java/lang/Thread$State
ciInstanceKlass java/lang/Enum 1 1 204 9 7 12 1 1 1 9 12 1 1 10 7 12 1 1 1 9 12 1 10 7 12 1 1 1 100 1 10 10 12 1 1 10 12 1 100 1 10 10 7 12 1 1 10 12 1 1 18 12 1 1 10 100 12 1 1 1 10 12 1 1 11 7 12 1 1 1 100 1 8 1 10 12 1 7 1 7 1 10 8 1 10 12 1 1 10 12 1 1 8 1 10 12 1 10 100 1 8 1 10 10 12 1 1 10 100 12 1 1 1 100 1 100 1 100 1 1 1 1 1 1 1 1 1 1 1 1 1 1 1 1 1 1 1 1 1 1 1 1 1 1 1 1 1 1 1 1 1 1 1 1 1 1 1 1 1 1 1 1 1 1 1 3 1 1 1 1 100 1 100 1 1 100 1 1 1 1 1 1 1 1 1 1 1 16 15 10 12 16 15 10 100 12 1 1 1 1 1 100 1 100 1 1
ciInstanceKlass java/util/jar/Manifest 1 1 339 10 7 12 1 1 1 7 1 10 9 7 12 1 1 1 7 1 10 9 12 1 1 9 12 1 1 10 12 1 10 12 1 1 10 12 1 1 10 12 1 1 10 12 1 1 11 7 1 11 12 1 1 10 12 1 1 10 100 12 1 1 1 100 1 100 1 10 8 1 10 12 1 1 10 12 1 1 10 12 1 10 12 1 11 100 1 10 12 1 10 12 1 1 11 12 1 1 10 12 1 11 12 1 1 11 100 12 1 1 1 11 100 12 1 1 11 12 1 1 100 1 10 12 1 8 1 11 12 1 100 1 10 12 1 1 11 12 1 10 12 1 10 12 1 10 100 12 1 1 1 8 1 10 12 1 1 10 9 100 12 1 1 1 10 12 1 1 10 100 12 1 10 12 1 10 12 1 9 100 12 1 1 1 8 1 10 12 1 8 1 8 1 7 1 10 12 1 10 12 1 10 12 1 1 100 1 8 1 10 12 1 1 8 1 10 10 12 1 1 8 1 10 12 1 1 10 100 12 1 1 1 10 12 1 10 11 12 1 1 10 12 1 10 100 12 1 1 1 10 12 1 1 10 12 1 10 12 1 1 11 10 12 1 11 10 12 1 100 1 1 1 1 1 1 1 1 1 1 1 1 1 1 1 1 1 1 1 1 1 1 1 1 1 1 1 1 1 1 1 1 1 1 1 1 1 1 1 1 1 1 1 100 1 1 1 1 1 1 1 1 1 1 1 1 1 1 100 1 1 1 1 1 1 1 1 1 1 1
instanceKlass jdk/internal/loader/ClassLoaders$BootClassLoader
instanceKlass jdk/internal/loader/ClassLoaders$PlatformClassLoader
instanceKlass jdk/internal/loader/ClassLoaders$AppClassLoader
ciInstanceKlass jdk/internal/loader/BuiltinClassLoader 1 1 757 9 7 12 1 1 1 10 7 12 1 1 1 10 7 12 1 1 1 9 12 1 1 9 12 1 1 7 1 10 12 1 9 12 1 10 12 1 9 12 1 10 7 12 1 1 1 10 7 12 1 1 1 10 7 12 1 1 1 11 7 12 1 1 1 100 1 100 1 10 10 12 1 1 8 1 10 12 1 10 12 7 1 10 12 1 10 12 1 1 11 7 12 1 1 1 11 7 12 1 1 1 11 12 1 1 7 1 8 1 8 1 10 9 12 1 1 10 7 12 1 1 11 12 1 1 10 12 1 1 10 12 1 1 10 12 1 1 10 7 12 1 1 1 10 12 1 10 100 12 1 1 1 10 12 1 1 11 7 12 1 1 1 10 7 12 1 1 100 1 10 7 12 1 1 1 10 12 1 100 1 8 1 10 12 1 1 10 8 1 10 12 1 1 10 12 1 1 10 12 1 1 11 7 12 1 1 11 12 1 7 1 10 11 12 1 1 11 10 12 1 1 7 1 10 12 1 10 7 12 1 10 12 1 7 1 10 12 1 10 7 12 1 1 1 100 1 10 12 1 1 11 12 1 100 1 100 1 10 12 1 10 12 1 1 100 1 100 1 10 12 1 10 12 1 18 12 1 1 10 12 1 10 12 1 1 18 100 1 10 7 12 1 1 1 7 1 10 10 12 1 1 10 12 1 1 10 12 1 1 10 12 1 9 12 1 1 100 1 10 10 12 1 1 10 12 1 1 10 12 1 10 12 10 12 1 1 10 12 1 1 10 12 1 1 10 12 1 10 7 12 1 1 1 10 12 1 1 10 7 12 1 1 18 12 1 7 1 100 1 10 12 1 1 10 12 1 1 10 12 1 10 12 1 1 10 12 1 100 1 10 12 1 7 1 10 12 1 10 7 12 1 1 1 10 12 1 11 12 1 7 1 10 12 1 7 1 100 1 10 12 1 10 12 1 11 12 1 1 10 12 1 1 10 12 1 1 10 12 1 1 10 12 1 1 10 12 1 10 12 1 10 12 1 10 12 1 8 1 10 12 1 1 10 7 12 1 1 10 12 1 100 1 8 1 8 1 10 10 12 1 8 1 8 1 10 7 12 1 1 1 11 7 12 1 1 1 9 7 12 1 1 1 10 7 12 1 1 1 9 12 1 9 12 1 9 12 1 9 12 1 9 12 1 9 12 1 10 7 12 1 1 1 8 1 10 12 1 7 1 10 12 1 1 10 12 1 7 1 10 11 12 1 1 10 12 10 12 1 10 12 1 100 1 10 12 1 10 12 1 10 10 12 1 10 7 12 1 1 8 1 10 7 12 1 1 10 12 1 1 1 1 1 1 1 1 1 1 1 1 1 1 1 1 1 1 1 1 1 1 1 1 1 1 1 1 1 1 1 1 1 1 1 1 1 1 1 1 1 1 1 1 1 1 1 1 1 1 1 1 1 1 1 1 100 1 1 1 1 1 1 1 1 1 1 1 1 1 1 1 1 1 1 100 1 1 1 1 1 1 100 1 1 1 1 1 1 1 1 1 1 1 1 1 1 1 1 1 1 1 1 1 1 1 1 1 1 1 1 1 1 1 1 1 1 1 1 1 1 1 1 1 1 1 1 1 1 1 1 100 1 1 16 15 10 12 16 15 10 12 16 15 10 12 16 1 15 10 100 12 1 1 1 1 1 1 100 1 1 1 1 1 100 1 100 1 1
staticfield jdk/internal/loader/BuiltinClassLoader packageToModule Ljava/util/Map; java/util/concurrent/ConcurrentHashMap
staticfield jdk/internal/loader/BuiltinClassLoader $assertionsDisabled Z 1
ciInstanceKlass jdk/internal/loader/ClassLoaders 1 1 183 10 100 12 1 1 1 10 7 12 1 1 1 10 12 1 1 10 100 12 1 1 1 9 7 12 1 1 1 9 12 1 1 9 12 1 1 7 1 11 100 12 1 1 1 100 1 11 12 1 1 11 12 1 1 10 100 12 1 1 1 10 100 12 1 1 1 100 1 100 1 10 7 12 1 1 1 9 12 1 1 10 12 1 1 7 1 10 12 1 1 10 12 1 7 1 8 1 10 7 12 1 1 1 10 12 1 1 7 1 10 12 1 10 12 1 10 12 1 8 1 10 7 12 1 1 8 1 8 1 10 12 1 7 1 10 12 1 10 12 1 10 12 1 1 1 1 1 1 1 1 1 1 1 1 1 1 1 1 1 1 1 1 100 1 1 1 1 1 1 1 1 1 1 1 1 1 1 1 1 1 1 1
staticfield jdk/internal/loader/ClassLoaders JLA Ljdk/internal/access/JavaLangAccess; java/lang/System$2
staticfield jdk/internal/loader/ClassLoaders BOOT_LOADER Ljdk/internal/loader/ClassLoaders$BootClassLoader; jdk/internal/loader/ClassLoaders$BootClassLoader
staticfield jdk/internal/loader/ClassLoaders PLATFORM_LOADER Ljdk/internal/loader/ClassLoaders$PlatformClassLoader; jdk/internal/loader/ClassLoaders$PlatformClassLoader
staticfield jdk/internal/loader/ClassLoaders APP_LOADER Ljdk/internal/loader/ClassLoaders$AppClassLoader; jdk/internal/loader/ClassLoaders$AppClassLoader
ciInstanceKlass jdk/internal/loader/ClassLoaders$AppClassLoader 1 1 119 8 1 10 7 12 1 1 1 10 7 12 1 1 1 10 100 12 1 1 1 10 12 1 1 10 100 12 1 1 1 10 12 1 1 10 12 1 1 7 1 8 1 10 12 10 7 12 1 1 1 10 100 12 1 1 10 12 1 1 10 12 1 1 10 7 12 1 1 1 100 1 10 12 1 1 1 1 1 1 1 1 1 1 1 1 1 1 1 1 1 1 1 1 1 100 1 1 1 1 1 1 1 1 1 1 1 1 1 1 1 1 1 1 1 100 1 1 1
ciInstanceKlass jdk/internal/loader/ClassLoaders$PlatformClassLoader 1 1 42 8 1 10 7 12 1 1 1 10 7 12 1 1 1 100 1 10 12 1 100 1 1 1 1 1 1 1 1 1 1 1 1 1 1 100 1 1 1 100 1 1
ciInstanceKlass java/security/CodeSource 1 1 398 10 7 12 1 1 1 9 7 12 1 1 1 9 12 1 1 9 12 1 1 9 12 1 1 10 7 12 1 1 1 9 12 1 1 10 100 12 1 1 10 100 10 100 12 1 1 1 10 100 12 1 1 1 10 12 1 1 100 1 10 10 100 12 1 1 1 10 100 12 1 1 1 10 12 1 1 100 1 10 12 1 1 10 12 1 1 10 12 1 1 10 12 1 10 10 10 12 1 1 10 100 12 1 1 1 10 12 1 10 12 1 10 12 1 8 1 10 12 1 10 12 1 10 12 1 1 10 12 1 8 1 10 12 1 1 10 100 1 10 10 12 1 1 8 1 10 12 1 10 12 1 10 12 1 8 1 8 1 9 12 1 1 100 1 8 1 10 12 1 10 12 1 1 8 1 10 12 1 8 1 8 1 8 1 10 100 12 1 1 10 12 1 1 10 12 1 10 12 1 1 10 12 1 1 10 12 1 1 100 1 100 1 10 12 1 10 12 10 12 1 1 10 100 12 1 1 10 12 1 100 1 10 12 10 100 12 1 1 1 10 8 1 10 12 1 10 12 1 10 12 1 1 100 1 10 12 1 1 100 1 100 1 8 1 8 1 10 10 12 1 1 10 100 12 1 1 1 100 1 10 12 10 12 1 1 11 100 12 1 1 10 10 12 1 11 10 12 1 8 1 100 1 10 12 1 10 12 1 1 10 12 1 11 12 1 1 100 1 1 1 1 5 0 1 1 1 1 1 1 1 1 1 1 1 1 1 1 1 1 1 1 1 1 1 1 1 1 1 1 1 1 1 1 1 1 1 1 1 1 1 1 1 1 1 1 1 1 1 1 1 1 1 1 1 1 1 1 1 1 1 1 1 1 1 1 1 1 1 1 100 1 1 1 1 1 1 1
ciInstanceKlass java/util/concurrent/ConcurrentMap 1 1 208 11 100 12 1 1 1 10 100 12 1 1 11 12 1 1 11 100 12 1 1 1 11 100 12 1 1 1 11 12 1 1 100 1 11 12 1 11 12 1 100 1 11 100 12 1 1 1 18 12 1 11 12 1 1 11 100 12 1 1 11 12 1 1 11 100 12 1 11 12 1 1 11 12 1 1 100 1 100 1 1 1 1 1 1 1 1 1 1 1 1 1 1 1 1 1 1 1 1 1 1 1 1 1 1 1 1 1 1 1 1 1 1 1 1 1 1 1 1 1 1 1 1 1 1 1 1 1 1 1 1 1 1 1 1 1 1 1 1 16 15 11 12 15 10 100 12 1 1 1 1 1 100 1 100 1 1 1 100 1 8 1 1 12 10 1 1 1 8 1 1 1 8 1 1 8 1 1 1 8 1 1 1 8 1 1 1 8 1 1 1 8 1 1 1 8 1 1 1 8 1 1 1 8 1 1 8 1
instanceKlass java/util/concurrent/ConcurrentSkipListMap
instanceKlass java/util/Collections$SingletonMap
instanceKlass kotlin/collections/AbstractMutableMap
instanceKlass org/jetbrains/kotlin/protobuf/SmallSortedMap
instanceKlass org/jetbrains/kotlin/com/intellij/openapi/vfs/impl/ZipEntryMap
instanceKlass org/jetbrains/kotlin/com/intellij/util/containers/ConcurrentRefHashMap
instanceKlass org/jetbrains/kotlin/com/intellij/util/containers/RefHashMap
instanceKlass java/util/EnumMap
instanceKlass java/util/TreeMap
instanceKlass java/util/IdentityHashMap
instanceKlass java/util/WeakHashMap
instanceKlass java/util/Collections$EmptyMap
instanceKlass sun/util/PreHashedMap
instanceKlass java/util/HashMap
instanceKlass java/util/ImmutableCollections$AbstractImmutableMap
instanceKlass java/util/concurrent/ConcurrentHashMap
ciInstanceKlass java/util/AbstractMap 1 1 196 10 7 12 1 1 1 10 7 12 1 1 1 11 7 12 1 1 1 10 11 12 1 1 11 7 12 1 1 1 11 12 1 1 7 1 11 12 1 10 12 1 1 11 12 1 100 1 10 11 12 1 11 7 1 10 12 1 1 11 12 1 9 12 1 1 7 1 10 12 1 9 12 1 1 100 1 10 11 11 12 1 1 11 12 1 100 1 100 1 11 12 1 8 1 100 1 10 10 12 1 1 8 1 10 12 1 10 12 1 1 10 12 1 1 1 1 1 1 1 1 1 1 1 1 1 1 1 1 1 1 1 1 1 1 1 1 1 1 1 1 1 1 1 1 1 1 1 1 1 1 1 1 100 1 1 1 1 1 1 1 100 1 1 1 1 1 1 1 1 1 100 1 1 1 1 1 1 1 1 1 100 1 100 1 100 1 100 1 100 1 1 1 1 1 1
ciInstanceKlass java/util/concurrent/ConcurrentHashMap 1 1 1210 7 1 7 1 3 10 12 1 1 3 100 1 10 7 12 1 1 1 100 1 10 100 12 1 1 1 100 1 11 12 1 1 11 12 1 11 12 1 1 9 12 1 1 9 12 1 1 9 12 1 10 7 12 1 1 1 7 1 10 12 1 1 10 12 1 1 10 7 12 1 1 1 4 10 12 1 9 12 1 10 12 1 1 100 1 10 5 0 10 12 1 10 12 1 1 5 0 10 12 1 1 10 12 1 9 12 1 1 10 12 1 1 9 12 1 9 12 1 1 10 12 1 1 9 12 1 10 12 1 1 9 12 1 1 10 12 1 1 100 1 10 100 1 10 12 1 10 12 1 1 10 12 1 1 10 12 1 1 10 12 1 10 12 1 1 10 12 1 1 100 1 10 12 1 1 7 1 100 1 8 1 10 12 1 10 12 1 1 10 12 1 1 11 7 12 1 1 10 12 1 1 11 12 1 1 11 7 12 1 1 1 11 7 12 1 1 1 11 12 1 7 1 11 12 1 11 12 1 10 12 1 1 10 12 1 1 9 12 1 1 10 100 12 1 1 1 9 10 12 1 1 9 12 1 10 12 1 1 5 0 9 12 1 1 7 1 10 12 1 9 12 1 1 7 1 10 12 1 9 12 1 7 1 10 100 1 10 10 12 1 1 8 1 10 12 1 10 12 1 1 11 100 1 10 12 1 10 100 12 1 1 1 8 1 10 100 12 1 1 1 8 1 10 12 1 8 1 10 12 1 10 12 1 1 10 100 12 1 1 10 12 1 10 12 1 10 12 1 9 12 1 9 10 12 1 9 12 1 1 11 100 12 1 1 1 11 7 12 1 1 1 100 1 10 12 11 100 12 1 1 10 11 7 12 1 10 12 1 100 1 10 12 1 100 1 10 10 9 7 12 1 1 1 10 12 3 10 100 12 1 1 9 12 1 10 12 1 1 9 12 1 1 9 12 1 10 12 1 1 10 100 12 1 1 9 12 1 9 7 12 1 1 10 12 1 1 10 12 1 3 9 12 1 9 12 1 10 12 1 1 7 1 9 3 9 12 1 100 1 10 12 1 9 12 1 10 12 1 9 12 1 10 12 1 9 12 1 10 100 12 1 1 1 100 10 12 1 100 1 5 0 10 100 12 1 1 100 1 10 12 1 1 10 12 1 10 12 1 100 1 10 12 1 10 100 1 100 1 10 10 12 1 10 100 1 10 12 1 10 100 1 10 12 1 10 100 1 10 12 1 1 100 1 10 12 1 10 10 12 1 100 1 10 12 1 10 10 12 1 100 1 10 12 1 10 100 1 10 12 1 10 100 1 10 12 1 10 100 1 10 12 1 10 100 1 10 12 1 10 100 1 10 12 1 10 100 1 10 12 1 10 100 1 10 12 1 10 100 1 10 10 100 1 10 10 100 1 10 10 100 1 10 12 1 10 100 1 10 12 1 10 100 1 10 12 1 10 100 1 10 12 1 10 100 1 10 12 1 10 100 1 10 10 100 1 10 10 100 1 10 10 100 1 10 12 1 10 100 1 10 12 1 10 100 1 10 12 1 10 100 1 10 12 1 10 100 1 10 12 1 10 10 12 1 10 7 12 1 1 1 10 12 1 7 1 7 1 10 12 1 9 12 1 1 9 12 1 1 10 12 1 1 8 10 12 1 1 8 8 8 8 7 10 12 1 1 10 12 1 100 1 8 1 10 7 1 100 1 100 1 1 1 5 0 1 1 3 1 3 1 1 1 1 3 1 3 1 3 1 1 1 1 1 3 1 3 1 3 1 1 1 1 1 1 1 1 1 1 1 1 1 1 1 1 1 1 1 1 1 1 1 1 1 100 1 1 1 1 1 1 1 1 1 1 1 1 1 1 1 1 1 1 1 1 1 1 1 1 1 1 1 1 1 1 1 1 1 1 1 1 1 1 1 1 1 1 1 1 1 1 1 1 1 1 1 1 1 1 1 1 1 1 1 1 1 1 1 1 1 1 1 1 1 1 1 1 1 1 1 1 1 1 1 1 1 1 1 1 100 1 1 1 1 1 1 1 1 1 1 1 100 1 1 1 1 1 1 1 1 1 1 1 1 1 1 1 1 1 1 1 1 1 1 1 1 1 1 1 1 1 1 1 1 1 1 1 1 1 1 1 1 1 1 1 1 1 1 1 1 1 1 1 1 1 1 1 1 1 1 1 1 1 1 1 1 1 1 1 1 1 1 1 1 1 1 1 1 1 1 1 1 1 1 1 1 1 1 1 1 1 1 1 1 1 1 1 1 1 1 1 1 1 1 1 1 1 1 1 1 1 1 1 1 1 1 1 1 1 1 1 1 1 1 1 1 1 1 1 1 1 1 1 1 1 1 1 1 1 1 1 1 1 1 1 1 1 1 1 1 1 1 1 1 1 1 1 1 1 1 1 1 1 1 1 1 1 1 1 1 1 1 1 1 1 1 1 1 1 1 1 1 1 1 1 1 1 1 1 1 1 1 1 1 1 1 1 1 1 1 1 1 1 1 1 1 1 1 1 1 1 1 1 1 1 1 1 1 1 1 1 1 1 1 1 100 1 100 1 100 1 100 1 100 1 100 1 100 1 100 1 100 1 1 1 1 1 1 1 1 1 1 1 1 1 1 1 1 1 1 1 1 1 1 1 1 1 1 1 1 1 1 1 1 1 1 1 1 1 1 1 1 1 1 1 1 1 1 1 1 1 1 1 1 1 1 1 1 1 1
staticfield java/util/concurrent/ConcurrentHashMap NCPU I 4
staticfield java/util/concurrent/ConcurrentHashMap serialPersistentFields [Ljava/io/ObjectStreamField; 3 [Ljava/io/ObjectStreamField;
staticfield java/util/concurrent/ConcurrentHashMap U Ljdk/internal/misc/Unsafe; jdk/internal/misc/Unsafe
staticfield java/util/concurrent/ConcurrentHashMap SIZECTL J 20
staticfield java/util/concurrent/ConcurrentHashMap TRANSFERINDEX J 32
staticfield java/util/concurrent/ConcurrentHashMap BASECOUNT J 24
staticfield java/util/concurrent/ConcurrentHashMap CELLSBUSY J 36
staticfield java/util/concurrent/ConcurrentHashMap CELLVALUE J 144
staticfield java/util/concurrent/ConcurrentHashMap ABASE I 16
staticfield java/util/concurrent/ConcurrentHashMap ASHIFT I 2
ciInstanceKlass java/lang/Iterable 1 1 62 10 7 12 1 1 1 11 7 12 1 1 1 11 7 12 1 1 1 11 12 1 1 11 7 12 1 1 1 10 100 12 1 1 1 100 1 1 1 1 1 1 1 1 1 1 1 1 1 1 1 1 1 1 1 1 1 1 1 1 1 1
ciInstanceKlass java/util/Collection 1 1 115 11 100 12 1 1 1 100 1 11 7 12 1 1 1 10 100 12 1 1 1 11 12 1 1 11 100 12 1 1 1 11 12 1 1 11 100 12 1 1 1 11 12 1 1 10 100 12 1 1 1 11 12 1 10 7 12 1 1 1 100 1 100 1 1 1 1 1 1 1 1 1 1 1 1 1 1 1 1 1 1 1 1 1 1 1 1 1 1 1 1 1 1 1 1 1 1 1 1 1 1 1 1 1 1 1 1 1 1 1 1 1 1 1 1
ciInstanceKlass java/util/SequencedCollection 1 1 109 100 1 10 12 1 1 11 100 12 1 1 1 11 100 12 1 1 1 11 12 1 1 11 12 1 100 1 100 1 1 1 1 1 1 1 1 1 1 1 1 1 1 1 1 1 1 1 1 1 1 1 1 1 1 1 1 1 100 1 8 1 1 12 10 1 1 1 8 1 1 1 8 1 1 1 8 1 1 1 8 1 1 8 1 1 1 8 1 1 8 1 1 1 8 1 1 8 1 1 1 8 1 1 8 1 1 8 1
ciInstanceKlass java/util/List 1 1 251 10 100 12 1 1 1 11 100 12 1 1 1 11 100 12 1 1 1 11 12 1 1 11 100 12 1 1 11 12 1 1 11 12 1 1 10 100 12 1 1 1 100 1 100 1 10 12 1 1 100 1 10 100 12 1 1 1 11 12 1 1 11 12 1 11 12 1 100 1 10 12 1 11 12 1 1 11 12 1 1 11 12 1 10 100 12 1 1 1 9 7 12 1 1 1 7 1 10 12 10 12 1 7 1 10 12 1 1 10 12 1 10 12 1 1 11 12 1 1 100 1 1 1 1 1 1 1 1 1 1 1 1 1 1 1 1 1 1 1 1 1 1 1 1 1 1 1 1 1 1 1 1 1 1 1 1 1 1 1 1 1 1 1 1 100 1 100 1 1 1 1 1 1 1 1 1 1 1 1 1 1 1 1 1 1 1 1 1 1 1 1 1 1 1 1 1 1 1 1 1 1 1 1 1 1 1 1 1 1 1 1 1 1 1 1 1 1 1 1 1 1 1 1 1 1 1 1 1 1 1 1 1 1 1 1 1 1 1 1 1 1 1 1 100 1 1 100 1 1 1
ciInstanceKlass java/util/RandomAccess 1 0 7 100 1 100 1 1 1
instanceKlass com/google/common/collect/ImmutableCollection
instanceKlass org/jetbrains/kotlin/it/unimi/dsi/fastutil/ints/AbstractIntCollection
instanceKlass org/jetbrains/kotlin/com/google/common/collect/ImmutableCollection
instanceKlass org/jetbrains/kotlin/it/unimi/dsi/fastutil/objects/AbstractObjectCollection
instanceKlass org/jetbrains/kotlin/com/intellij/util/containers/UnsafeWeakList
instanceKlass java/util/AbstractQueue
instanceKlass org/jetbrains/kotlin/com/google/common/collect/Multimaps$Entries
instanceKlass org/jetbrains/kotlin/com/google/common/collect/AbstractMapBasedMultimap$WrappedCollection
instanceKlass java/util/HashMap$Values
instanceKlass java/util/LinkedHashMap$LinkedValues
instanceKlass org/jetbrains/kotlin/com/intellij/util/containers/ImmutableList
instanceKlass java/util/ArrayDeque
instanceKlass java/util/AbstractSet
instanceKlass java/util/ImmutableCollections$AbstractImmutableCollection
instanceKlass java/util/AbstractList
ciInstanceKlass java/util/AbstractCollection 1 1 160 10 7 12 1 1 1 10 7 12 1 1 1 10 12 1 1 11 7 12 1 1 1 11 12 1 1 10 12 1 1 10 100 12 1 1 1 10 12 1 1 10 12 1 1 10 7 12 1 1 10 7 12 1 1 1 7 1 10 100 12 1 1 1 10 100 12 1 1 1 100 1 10 11 12 1 11 7 1 10 12 1 10 12 1 10 7 12 1 1 1 11 8 1 7 1 10 10 12 1 1 8 1 10 12 1 10 12 1 1 1 1 1 1 1 1 1 1 1 1 1 1 1 1 1 1 1 1 1 1 1 1 1 1 1 1 1 1 1 1 1 1 1 1 1 1 1 1 1 1 1 1 1 1 1 1 1 1 1 1
instanceKlass sun/security/jca/ProviderList$3
instanceKlass java/util/AbstractList$SubList
instanceKlass kotlin/collections/AbstractMutableList
instanceKlass org/jetbrains/kotlin/com/google/common/collect/Lists$AbstractListWrapper
instanceKlass org/jetbrains/kotlin/com/google/common/collect/Lists$Partition
instanceKlass org/jetbrains/kotlin/com/google/common/collect/Lists$TransformingRandomAccessList
instanceKlass org/jetbrains/kotlin/com/intellij/lang/impl/PsiBuilderImpl$RelativeTokenTypesView
instanceKlass java/util/AbstractSequentialList
instanceKlass org/jetbrains/kotlin/protobuf/UnmodifiableLazyStringList
instanceKlass org/jetbrains/kotlin/protobuf/LazyStringArrayList
instanceKlass java/util/ArrayList$SubList
instanceKlass org/jetbrains/kotlin/com/intellij/util/containers/DisposableWrapperList
instanceKlass org/jetbrains/kotlin/com/intellij/util/SmartList
instanceKlass java/util/Vector
instanceKlass java/util/Collections$SingletonList
instanceKlass org/jetbrains/kotlin/utils/SmartList
instanceKlass java/util/Arrays$ArrayList
instanceKlass java/util/Collections$EmptyList
instanceKlass java/util/ArrayList
ciInstanceKlass java/util/AbstractList 1 1 218 10 7 12 1 1 1 9 7 12 1 1 1 10 12 1 1 10 12 1 1 100 1 10 10 12 1 1 11 100 12 1 1 1 11 12 1 1 11 12 1 10 100 12 1 1 1 10 12 1 11 12 1 11 12 1 11 12 1 10 12 1 1 10 12 1 1 11 100 12 1 1 1 11 100 1 11 7 1 10 12 1 7 1 10 12 1 10 12 1 1 7 1 7 1 10 12 1 7 1 10 100 1 100 1 10 8 1 10 12 1 1 10 12 1 10 12 1 1 10 12 1 8 1 100 1 8 1 8 1 8 1 10 100 1 11 10 10 12 1 11 12 1 10 12 1 1 8 1 8 1 1 1 1 1 1 1 1 1 1 1 1 1 1 1 1 1 1 1 1 1 1 1 1 1 1 1 1 1 1 1 1 1 1 1 1 1 1 1 1 1 1 1 1 1 1 1 1 1 1 1 1 1 1 1 1 1 1 100 1 100 1 1 1 1 1 1 1
instanceKlass org/jetbrains/kotlin/com/intellij/util/containers/NotNullList
instanceKlass org/jetbrains/kotlin/com/intellij/util/containers/Stack
instanceKlass org/jetbrains/kotlin/config/MavenComparableVersion$ListItem
ciInstanceKlass java/util/ArrayList 1 1 509 10 7 12 1 1 1 7 1 9 7 12 1 1 1 9 12 1 100 1 100 1 10 8 1 10 12 1 1 10 12 1 10 12 1 1 10 12 1 9 12 1 11 7 12 1 1 1 9 12 1 1 11 12 1 1 7 10 7 12 1 1 1 9 12 1 10 12 1 10 12 1 1 10 7 12 1 1 1 10 7 12 1 1 1 10 12 1 1 10 12 1 1 10 12 1 1 10 12 1 10 12 1 1 100 1 100 1 10 12 1 10 10 7 12 1 1 1 10 7 12 1 1 10 12 1 100 1 10 10 12 10 12 1 1 10 12 1 1 10 12 1 10 12 10 12 1 1 7 1 10 12 1 1 10 12 1 1 10 12 1 100 1 10 11 12 1 1 11 7 12 1 1 1 11 12 1 10 12 1 10 12 1 10 12 1 1 100 1 10 12 1 1 10 10 12 1 1 10 12 1 8 1 8 1 8 1 8 1 10 12 1 1 10 12 1 1 11 12 1 100 1 10 100 12 1 1 10 12 1 10 12 1 1 10 100 12 1 1 10 12 1 10 100 12 1 1 1 11 100 12 1 1 1 10 12 1 100 1 8 1 10 7 1 10 12 1 7 1 10 12 1 10 12 1 1 7 1 10 12 1 10 12 1 1 11 100 12 1 1 100 1 10 12 1 10 12 1 1 11 100 12 1 1 10 12 1 1 10 12 1 1 10 12 1 1 10 12 1 1 11 100 12 1 1 10 12 1 1 100 1 100 1 100 1 1 1 1 5 0 1 3 1 1 1 1 1 1 1 1 1 1 1 1 1 1 1 1 1 1 1 1 1 1 1 1 1 1 1 1 1 1 1 1 1 1 1 1 1 1 1 1 1 1 1 1 1 1 1 1 1 1 1 1 1 1 1 1 1 1 1 1 1 1 1 1 1 1 1 1 1 1 1 1 1 1 1 1 1 1 1 1 1 1 1 1 1 1 1 1 1 1 1 1 1 1 1 1 1 1 1 1 1 1 1 1 100 1 1 1 1 100 1 1 1 1 1 1 1 1 1 1 1 1 1 1 1 1 1 1 1 1 1 1 1 1 1 1 1 1 1 100 1 1 1 1 1 1 1 1 1 1 1 1 1 1 1 1 1 1 100 1 100 1 1 1 1 1 1
staticfield java/util/ArrayList EMPTY_ELEMENTDATA [Ljava/lang/Object; 0 [Ljava/lang/Object;
staticfield java/util/ArrayList DEFAULTCAPACITY_EMPTY_ELEMENTDATA [Ljava/lang/Object; 0 [Ljava/lang/Object;
ciInstanceKlass java/lang/StackTraceElement 0 0 235 10 100 12 1 1 1 10 100 12 1 1 9 12 1 1 9 12 1 1 9 12 1 9 12 1 8 1 10 100 12 1 1 1 100 1 9 12 1 8 1 9 12 1 9 12 1 9 12 1 1 10 12 1 1 10 12 1 8 1 10 100 12 1 1 1 100 1 10 12 1 10 12 1 1 10 12 1 10 12 1 1 10 12 1 10 12 1 10 10 12 1 8 1 10 12 1 10 12 1 1 10 12 1 1 10 12 1 10 12 1 10 12 1 9 12 1 1 10 100 12 1 1 1 10 12 1 1 100 1 10 12 1 1 10 100 12 1 1 10 100 12 1 1 1 10 100 12 1 1 10 100 12 1 1 10 10 12 1 1 10 12 1 1 10 12 1 1 10 12 1 100 1 1 1 1 1 1 1 3 1 3 1 1 5 0 1 1 1 1 1 1 1 1 1 1 1 1 1 1 1 1 1 1 1 1 1 1 1 1 1 1 1 1 1 100 1 100 1 1 1 1 1 1 1 100 1 1 1 1 1 1 1 1 1
instanceKlass java/nio/CharBuffer
instanceKlass java/nio/IntBuffer
instanceKlass java/nio/LongBuffer
instanceKlass java/nio/ByteBuffer
ciInstanceKlass java/nio/Buffer 1 1 256 100 1 10 7 12 1 1 1 9 7 12 1 1 1 9 12 1 9 12 1 1 9 12 1 9 12 1 1 10 12 1 1 10 12 1 1 10 12 100 1 100 1 10 8 1 10 12 1 1 10 12 1 8 1 8 1 10 12 1 1 10 12 1 8 1 9 12 1 1 100 1 8 1 10 12 1 8 1 8 1 9 12 10 12 1 8 1 8 1 8 1 10 12 1 8 1 8 1 8 1 100 1 10 100 1 10 100 1 10 9 12 1 1 10 7 12 1 1 1 100 1 10 12 1 1 10 12 1 10 100 12 1 1 10 7 12 1 1 1 10 7 12 1 1 1 9 12 1 1 10 7 12 1 1 1 9 12 1 1 7 1 10 10 12 1 1 7 1 10 10 7 12 1 1 1 1 1 3 1 1 1 1 1 1 1 1 1 1 1 1 1 1 100 1 1 1 1 1 1 1 100 1 1 1 1 1 1 1 1 1 1 1 1 1 1 1 1 1 1 1 1 1 1 1 1 1 1 1 1 1 1 1 1 1 1 1 1 1 1 1 100 1 100 1 100 1 100 1 100 1 100 1 100 1 1
staticfield java/nio/Buffer UNSAFE Ljdk/internal/misc/Unsafe; jdk/internal/misc/Unsafe
staticfield java/nio/Buffer SCOPED_MEMORY_ACCESS Ljdk/internal/misc/ScopedMemoryAccess; jdk/internal/misc/ScopedMemoryAccess
staticfield java/nio/Buffer IOOBE_FORMATTER Ljava/util/function/BiFunction; jdk/internal/util/Preconditions$4
staticfield java/nio/Buffer $assertionsDisabled Z 1
ciInstanceKlass java/lang/StackWalker 0 0 271 9 100 12 1 1 1 100 1 10 100 12 1 1 1 10 12 1 1 10 100 12 1 1 1 10 12 1 1 10 12 1 11 100 12 1 1 1 10 12 1 1 10 12 1 1 10 12 1 1 100 1 8 1 10 12 1 10 12 1 10 12 1 10 100 12 1 1 9 12 1 1 9 12 1 1 9 12 1 1 9 12 1 1 10 12 1 1 9 12 1 1 9 12 1 1 9 12 1 1 10 100 12 1 1 1 11 12 1 1 100 1 8 1 10 10 100 12 1 1 9 12 1 1 10 12 1 1 10 100 12 1 1 1 10 100 12 1 1 1 18 12 1 1 100 1 8 1 10 8 1 10 12 1 1 10 100 12 1 1 1 10 12 1 1 9 100 12 1 1 11 100 12 1 1 1 10 12 1 1 1 1 1 1 1 1 1 1 1 1 1 1 1 1 1 1 1 1 1 1 1 1 1 1 1 1 1 1 1 1 1 1 1 1 1 1 1 1 1 1 1 1 1 1 1 1 1 1 1 1 1 1 1 1 1 1 1 1 1 1 1 1 1 1 100 1 1 16 15 10 12 16 1 15 10 100 12 1 1 1 1 1 1 1 1 1 100 1 100 1 1
ciInstanceKlass java/lang/StackStreamFactory$AbstractStackWalker 1 0 375 100 1 100 1 3 10 100 12 1 1 1 10 100 12 1 1 10 100 12 1 1 1 9 12 1 1 10 12 1 1 9 12 1 1 9 12 1 1 9 12 1 1 9 12 1 10 100 12 1 1 1 10 12 1 1 10 100 12 1 1 9 12 1 1 9 12 1 1 10 12 1 1 9 100 12 1 1 1 10 12 1 1 10 12 1 9 12 1 1 10 100 12 1 1 1 10 12 1 1 9 12 1 1 9 100 12 1 1 1 100 1 10 8 1 10 12 1 1 10 12 1 8 1 10 12 1 1 10 100 12 1 1 1 100 1 8 1 10 12 1 8 1 10 12 10 100 12 1 1 9 12 1 8 1 5 0 8 1 8 1 9 12 1 1 10 12 1 1 18 12 1 1 10 100 12 1 1 1 10 12 1 1 10 12 1 10 12 1 9 12 1 10 12 1 10 12 1 10 12 1 10 12 1 10 12 1 10 12 1 1 8 1 10 12 1 10 12 1 10 12 1 10 12 1 1 8 1 10 12 1 1 10 12 1 1 10 12 1 1 10 12 1 10 12 1 10 100 12 1 1 1 10 12 1 10 12 1 9 12 1 8 1 10 12 1 10 12 1 10 12 1 1 10 12 1 10 12 1 10 12 1 1 10 12 1 10 12 1 10 12 1 10 12 1 10 12 1 10 12 1 1 10 12 1 1 10 12 1 8 1 1 1 1 1 1 1 1 1 1 1 1 1 100 1 1 1 1 1 1 1 100 1 1 1 1 100 1 1 1 1 1 1 1 1 1 1 1 1 1 1 1 1 1 1 1 16 15 15 10 100 12 1 1 1 1 1 1 1 1 100 1 100 1 1
ciInstanceKlass java/lang/StackWalker$StackFrame 0 0 41 100 1 10 12 1 1 100 1 100 1 1 1 1 1 1 1 1 1 1 1 1 1 1 1 1 1 1 1 1 1 1 1 1 1 1 1 100 1 1 1
instanceKlass java/lang/LiveStackFrameInfo
ciInstanceKlass java/lang/StackFrameInfo 0 0 142 10 100 12 1 1 1 9 100 12 1 1 1 9 100 1 9 12 1 1 11 100 12 1 1 1 9 12 1 1 11 12 1 1 10 12 1 1 10 100 12 1 1 1 10 12 1 11 12 1 11 12 1 1 11 12 1 10 12 1 1 9 12 1 1 10 12 1 1 10 100 12 1 1 10 12 1 1 11 12 1 1 9 12 1 1 10 100 1 10 12 1 9 12 1 1 10 12 1 1 100 1 8 1 10 12 1 10 100 12 1 1 1 100 1 1 1 1 1 1 1 1 1 1 1 1 1 1 1 1 1 1 100 1 1 100 1 1 1 1 1 1
ciInstanceKlass java/lang/LiveStackFrame 0 0 135 100 1 10 100 12 1 1 1 11 100 12 1 1 1 11 12 1 10 100 12 1 1 1 100 1 8 1 10 12 1 1 10 100 12 1 1 1 9 100 12 1 1 1 10 100 12 1 1 1 10 100 12 1 1 1 11 12 1 10 12 1 100 1 100 1 1 1 1 1 1 1 1 1 1 1 1 1 1 1 1 1 1 1 1 1 1 1 1 1 1 1 1 100 1 1 1 1 1 1 1 100 1 8 1 1 12 10 1 1 1 8 1 1 1 8 1 1 1 8 1 1 1 8 1 1 1 8 1 1 8 1 1 8 1
ciInstanceKlass java/lang/LiveStackFrameInfo 0 0 97 10 100 12 1 1 1 9 100 12 1 1 1 9 12 1 9 12 1 9 12 1 9 12 1 1 100 1 10 12 1 1 10 12 1 8 1 10 12 1 1 8 1 8 1 8 1 10 100 1 10 12 1 100 1 10 12 1 100 1 100 1 1 1 3 1 3 1 1 1 1 1 1 1 1 1 1 1 1 1 1 1 1 1 1 1 1 1 1 1 1 1 1 1 100 1 1
instanceKlass java/util/concurrent/locks/AbstractQueuedSynchronizer
ciInstanceKlass java/util/concurrent/locks/AbstractOwnableSynchronizer 1 1 32 10 7 12 1 1 1 9 7 12 1 1 1 100 1 1 1 1 5 0 1 1 1 1 1 1 1 1 1 1 1 1
ciInstanceKlass java/lang/Boolean 1 1 152 10 7 12 1 1 1 9 7 12 1 1 1 10 12 1 1 10 12 1 8 1 10 7 12 1 1 9 12 1 1 9 12 1 10 12 1 1 10 12 1 1 10 12 1 1 10 7 12 1 1 1 100 1 100 1 10 12 1 1 9 100 12 1 1 9 12 10 100 12 1 1 1 10 12 1 1 8 1 10 7 12 1 1 1 9 12 1 1 100 1 100 1 100 1 1 1 1 1 1 5 0 1 1 1 1 1 1 1 1 1 1 3 1 1 1 1 1 1 1 1 1 1 1 1 1 1 1 1 1 1 100 1 1 1 1 1 1 1 1 1 1 100 1 1 1 1 1 1 1 1 1
staticfield java/lang/Boolean TRUE Ljava/lang/Boolean; java/lang/Boolean
staticfield java/lang/Boolean FALSE Ljava/lang/Boolean; java/lang/Boolean
staticfield java/lang/Boolean TYPE Ljava/lang/Class; java/lang/Class
ciInstanceKlass java/lang/Character 1 1 604 7 1 100 1 100 1 9 12 1 1 8 1 9 12 1 1 100 1 9 12 1 1 10 100 12 1 1 1 10 100 12 1 1 1 10 100 12 1 1 1 10 7 12 1 1 1 9 7 12 1 1 1 10 12 1 10 12 1 1 10 12 1 1 10 100 12 1 1 10 12 1 1 3 3 3 3 3 10 12 1 1 10 12 1 3 11 7 12 1 1 1 11 12 1 1 10 12 1 1 10 12 1 1 100 1 10 10 12 1 3 10 12 1 1 10 12 1 10 12 1 1 100 1 8 1 10 12 1 1 10 12 1 10 12 1 10 12 1 10 100 12 1 1 1 10 12 1 10 12 1 10 12 1 1 10 12 1 10 7 12 1 1 10 10 12 1 10 10 12 1 10 12 1 1 10 12 1 10 10 12 1 10 12 1 10 12 1 10 12 1 10 12 1 10 12 1 10 12 1 10 12 10 10 12 10 10 12 1 10 10 12 1 10 10 12 1 10 10 12 1 10 12 1 10 12 1 10 12 1 10 12 1 10 12 1 10 12 1 10 10 12 1 10 10 12 1 10 10 12 1 1 10 10 12 1 10 5 0 10 12 1 10 12 1 10 10 12 1 10 10 12 1 1 10 10 12 1 10 10 12 1 9 12 1 1 100 1 10 10 12 1 10 12 1 1 3 10 100 12 1 1 1 10 12 1 10 100 12 1 1 100 1 10 10 12 1 1 10 12 1 1 10 12 1 1 8 1 10 12 1 9 100 12 1 1 1 10 12 1 10 10 12 1 10 12 1 1 10 12 1 10 10 12 1 1 10 10 12 1 1 100 1 8 1 10 12 1 1 10 7 12 1 1 1 8 1 10 12 1 1 9 12 1 1 100 1 100 1 100 1 1 1 1 3 1 3 1 3 1 3 1 1 1 1 1 3 1 1 3 1 3 1 3 1 3 1 3 1 3 1 3 1 3 1 3 1 3 1 3 1 3 1 3 1 3 1 3 1 3 1 3 1 3 1 3 1 3 1 3 1 3 1 3 1 3 1 3 1 3 1 3 1 3 1 1 1 1 1 1 1 1 1 1 1 1 1 1 1 1 1 1 1 3 1 1 1 1 1 1 1 3 1 1 3 1 1 1 1 1 3 1 1 5 0 1 1 1 1 1 1 1 1 1 1 1 1 1 1 1 1 1 1 1 1 1 1 1 1 1 1 1 1 1 1 1 1 1 1 1 1 1 1 1 1 1 1 1 1 1 1 1 1 1 1 1 1 1 1 1 1 1 1 1 1 1 1 1 1 1 1 1 1 1 1 1 1 1 1 1 1 1 1 1 1 1 1 1 1 1 1 1 1 1 1 100 1 100 1 1 1 1 1 1
staticfield java/lang/Character TYPE Ljava/lang/Class; java/lang/Class
staticfield java/lang/Character $assertionsDisabled Z 1
instanceKlass java/util/concurrent/atomic/Striped64
instanceKlass java/math/BigInteger
instanceKlass java/util/concurrent/atomic/AtomicLong
instanceKlass java/util/concurrent/atomic/AtomicInteger
instanceKlass java/lang/Long
instanceKlass java/lang/Integer
instanceKlass java/lang/Short
instanceKlass java/lang/Byte
instanceKlass java/lang/Double
instanceKlass java/lang/Float
ciInstanceKlass java/lang/Number 1 1 37 10 7 12 1 1 1 10 100 12 1 1 1 100 1 1 1 1 5 0 1 1 1 1 1 1 1 1 1 1 1 1 1 1 1 1 1
ciInstanceKlass java/lang/Float 1 1 279 7 1 100 1 10 100 12 1 1 1 10 100 12 1 1 1 4 100 1 10 12 1 1 10 12 1 1 8 1 8 1 10 100 12 1 1 1 10 12 1 1 10 12 1 1 10 7 1 4 10 7 12 1 1 9 12 1 1 10 12 1 1 10 12 1 10 10 12 1 1 10 12 1 10 12 1 3 3 100 1 4 4 4 3 10 12 1 1 9 12 1 1 100 1 10 3 3 4 4 10 12 1 3 3 3 10 12 1 1 10 12 1 1 10 12 1 10 100 12 1 1 1 10 12 1 1 10 12 1 1 10 7 12 1 1 1 8 1 10 12 1 1 9 12 1 1 100 1 100 1 100 1 1 1 1 4 1 4 1 1 1 4 1 1 3 1 3 1 3 1 3 1 3 1 1 1 1 5 0 1 1 1 1 1 1 1 1 1 1 100 1 1 1 1 1 1 1 1 1 1 1 1 1 3 1 1 1 1 1 1 1 1 1 1 1 1 1 1 1 1 1 1 1 1 1 1 1 1 1 1 1 1 1 1 1 1 1 1 1 1 1 1 1 1 1 1 1 1 1 1 1 1 1 1 1 1 1 1 1 1 1 1 1 1 1 100 1 1 1 1 1 1 1 100 1 100 1 1
staticfield java/lang/Float TYPE Ljava/lang/Class; java/lang/Class
staticfield java/lang/Float $assertionsDisabled Z 1
ciInstanceKlass java/lang/Double 1 1 290 7 1 100 1 10 100 12 1 1 1 10 12 1 1 10 100 1 10 12 1 1 10 100 12 1 1 1 6 0 8 1 10 12 1 1 8 1 10 12 1 1 8 1 6 0 10 12 1 1 100 1 5 0 5 0 8 1 8 1 10 100 12 1 1 1 10 100 12 1 1 1 8 1 10 12 1 1 8 1 8 1 8 1 10 12 1 1 10 12 1 10 12 1 1 10 12 1 10 12 1 10 12 1 1 10 12 1 10 7 1 6 0 10 7 12 1 1 9 12 1 1 10 12 1 10 12 1 10 12 1 10 12 1 10 12 1 5 0 10 12 1 1 10 12 1 10 12 1 10 100 12 1 1 1 10 12 1 1 10 12 1 1 8 1 10 7 12 1 1 1 9 12 1 1 100 1 100 1 100 1 1 1 6 0 1 6 0 1 6 0 1 1 1 6 0 1 1 3 1 3 1 3 1 3 1 3 1 1 1 1 5 0 1 1 1 1 1 1 1 1 1 1 1 1 1 1 1 1 100 1 1 1 1 1 1 1 1 1 1 1 1 3 1 1 1 1 1 1 1 1 1 1 1 1 1 1 1 1 1 1 1 1 1 1 1 1 1 1 1 1 1 1 1 1 1 1 100 1 1 1 1 1 1 1 100 1 100 1 1
staticfield java/lang/Double TYPE Ljava/lang/Class; java/lang/Class
ciInstanceKlass java/lang/Byte 1 1 213 7 1 100 1 10 100 12 1 1 1 9 12 1 1 8 1 9 12 1 1 100 1 10 12 1 1 10 12 1 1 10 100 12 1 1 1 10 100 12 1 1 1 9 100 12 1 1 1 10 12 1 1 100 1 100 1 10 12 1 1 8 1 10 12 1 1 8 1 10 12 1 10 12 1 10 12 1 10 12 1 1 10 12 1 10 12 1 10 12 1 1 10 8 1 8 1 10 7 1 9 12 1 1 10 12 1 1 10 12 1 1 10 12 1 1 10 12 1 5 0 10 12 1 1 8 1 10 7 12 1 1 1 9 12 1 1 100 1 100 1 1 1 3 1 3 1 1 1 1 3 1 3 1 1 5 0 1 1 1 1 1 1 1 1 1 1 1 1 1 1 1 1 1 1 1 1 1 1 1 1 1 1 1 1 1 1 1 1 1 1 1 1 1 1 1 1 1 1 1 1 1 1 1 1 1 1 1 1 1 1 1 1
staticfield java/lang/Byte TYPE Ljava/lang/Class; java/lang/Class
ciInstanceKlass java/lang/Short 1 1 222 7 1 100 1 100 1 10 100 12 1 1 1 10 12 1 1 100 1 100 1 10 12 1 1 8 1 10 12 1 1 8 1 10 12 1 10 12 1 10 12 1 10 12 1 1 10 12 1 1 10 12 1 9 12 1 1 8 1 9 12 1 1 100 1 10 12 1 1 10 12 1 10 100 12 1 1 1 10 100 12 1 1 1 9 100 12 1 1 1 10 12 1 10 12 1 1 10 8 1 8 1 10 100 1 9 12 1 1 10 12 1 1 10 12 1 1 10 12 1 1 10 12 1 3 3 5 0 10 12 1 1 8 1 10 7 12 1 1 1 9 12 1 1 100 1 100 1 1 1 3 1 3 1 1 1 1 3 1 3 1 1 5 0 1 1 1 1 1 1 1 1 1 1 1 1 1 1 1 1 1 1 1 1 1 1 1 1 1 1 1 3 1 1 1 1 1 1 1 1 1 1 1 1 1 1 1 1 1 1 1 1 1 1 1 1 1 1 1 1 1 1
staticfield java/lang/Short TYPE Ljava/lang/Class; java/lang/Class
ciInstanceKlass java/lang/Integer 1 1 453 7 1 100 1 7 1 7 1 10 12 1 1 9 12 1 1 9 12 1 1 10 100 12 1 1 1 10 12 1 1 10 100 12 1 1 1 10 10 12 1 1 10 100 12 1 1 1 10 12 1 10 12 1 1 10 7 12 1 1 1 10 12 1 1 10 12 1 1 10 12 1 10 12 1 10 12 1 1 10 10 12 1 9 12 1 1 9 12 1 100 1 8 1 10 12 1 100 1 10 12 1 8 1 10 12 1 1 10 12 1 8 1 10 12 1 8 1 10 12 1 1 3 10 12 1 1 3 10 12 1 1 10 12 1 1 10 7 12 1 1 1 11 7 1 10 12 1 1 11 10 12 1 1 8 1 10 12 1 1 8 1 100 1 10 12 1 1 10 12 1 1 5 0 8 1 10 12 1 10 12 1 10 12 1 10 12 1 1 7 1 9 12 1 1 9 12 1 1 10 12 1 10 7 1 9 12 1 10 12 1 10 12 1 10 12 1 1 10 7 12 1 1 1 100 1 100 1 10 12 1 1 10 12 1 1 8 1 8 1 10 12 1 1 8 1 8 1 8 1 8 1 8 1 8 1 10 12 1 10 12 1 5 0 3 3 3 3 10 12 1 10 12 1 3 10 12 1 10 100 12 1 1 1 10 12 1 1 10 12 1 1 8 1 10 7 12 1 1 1 9 12 1 1 100 1 100 1 100 1 1 1 1 3 1 1 1 3 1 3 1 1 5 0 1 1 1 1 1 1 1 1 1 100 1 1 1 1 1 1 1 1 1 1 1 1 1 1 1 1 1 1 1 1 1 1 1 1 1 1 1 1 1 1 1 1 1 1 1 1 1 1 1 1 3 1 1 1 1 1 1 1 1 1 1 1 1 1 1 1 1 100 1 1 1 1 1 1 1 1 1 1 1 1 1 1 1 1 1 1 1 1 1 1 1 1 1 1 1 1 1 1 1 1 1 1 1 1 1 1 1 1 1 1 1 1 1 1 100 1 1 1 1 1 1 1 1 1 100 1 100 1 1
staticfield java/lang/Integer TYPE Ljava/lang/Class; java/lang/Class
staticfield java/lang/Integer digits [C 36
staticfield java/lang/Integer DigitTens [B 100
staticfield java/lang/Integer DigitOnes [B 100
ciInstanceKlass java/lang/Long 1 1 524 7 1 100 1 7 1 7 1 10 12 1 1 9 12 1 1 9 7 12 1 1 1 10 100 12 1 1 1 10 12 1 1 10 100 12 1 1 1 10 10 12 10 12 1 10 12 1 10 12 1 5 0 5 0 100 1 10 12 1 1 10 12 1 1 10 12 1 10 12 1 10 12 1 10 12 1 1 10 100 12 1 1 10 12 1 10 12 1 1 10 12 1 1 10 12 1 1 10 12 1 1 10 100 12 1 1 1 10 12 1 1 10 12 1 10 12 1 10 12 1 10 12 1 1 10 10 12 1 5 0 5 0 9 12 1 1 9 12 1 5 0 100 1 8 1 10 12 1 8 1 10 12 1 8 1 8 1 10 12 1 1 5 0 10 12 1 1 5 0 10 12 1 1 10 12 1 1 10 100 12 1 1 1 11 100 1 10 12 1 1 11 10 12 1 1 8 1 10 12 1 1 8 1 100 1 10 12 1 1 10 12 1 8 1 8 1 11 12 1 1 10 12 1 10 12 1 10 12 1 5 0 5 0 9 7 12 1 1 1 10 12 1 10 12 1 1 8 1 8 1 10 12 1 1 8 1 8 1 8 1 8 1 8 1 8 1 10 12 1 10 7 1 9 12 1 1 10 12 1 10 12 1 1 10 12 1 1 10 7 12 1 1 1 100 1 100 1 10 12 1 1 10 12 1 1 5 0 10 12 1 10 12 1 5 0 5 0 5 0 10 12 1 1 10 12 1 5 0 5 0 10 12 1 10 12 1 10 100 12 1 1 1 10 12 1 1 10 12 1 1 8 1 10 7 12 1 1 1 9 12 1 1 100 1 100 1 100 1 1 1 1 5 0 1 1 1 1 3 1 3 1 5 0 1 1 1 1 1 1 1 1 1 100 1 1 1 1 1 1 1 1 1 1 1 1 1 1 1 1 1 1 1 1 1 1 1 1 1 1 1 1 1 1 1 1 1 1 1 1 1 1 1 1 1 1 1 1 1 1 1 1 1 1 1 1 1 1 1 3 1 1 1 1 1 1 1 1 1 1 1 1 1 1 1 100 1 1 1 1 1 1 1 1 1 1 1 1 1 1 1 1 1 1 1 1 1 1 1 1 1 1 1 1 1 1 1 1 1 1 1 1 1 1 1 1 1 1 1 100 1 1 1 1 1 1 1 1 1 100 1 100 1 1
staticfield java/lang/Long TYPE Ljava/lang/Class; java/lang/Class
ciInstanceKlass java/util/Iterator 1 1 53 100 1 8 1 10 12 1 1 10 7 12 1 1 1 11 7 12 1 1 1 11 12 1 1 11 7 12 1 1 1 100 1 1 1 1 1 1 1 1 1 1 1 1 1 1 1 1 1 1 1 1 1
ciInstanceKlass java/lang/reflect/RecordComponent 0 0 196 10 100 12 1 1 1 9 100 12 1 1 1 9 12 1 1 9 12 1 10 12 1 1 10 12 1 1 10 100 12 1 1 1 10 12 1 1 9 12 1 1 10 12 1 1 10 12 1 1 10 12 1 10 100 12 1 1 10 100 12 1 1 9 12 1 1 10 100 12 1 1 1 11 100 12 1 1 1 10 9 100 12 1 1 1 10 100 12 1 1 1 9 12 1 1 10 100 12 1 1 1 10 12 1 1 11 100 12 1 1 10 100 12 1 1 100 1 9 12 1 9 12 1 1 9 12 1 10 100 12 1 1 1 10 12 1 1 10 12 1 1 100 1 10 10 12 1 10 12 1 1 8 1 10 12 1 10 12 1 9 12 1 100 1 1 1 1 1 1 1 1 1 1 1 1 1 1 1 1 1 1 1 1 1 1 100 1 1 1 1 1 1 100 1 1
ciInstanceKlass jdk/internal/vm/vector/VectorSupport 0 0 573 100 1 10 100 12 1 1 1 9 12 1 1 10 12 1 1 100 1 10 12 1 11 100 12 1 1 1 11 100 12 1 1 1 11 100 12 1 1 11 100 12 1 1 11 100 12 1 1 1 11 100 12 1 1 11 100 12 1 1 11 100 12 1 1 11 100 12 1 1 11 100 12 1 1 11 100 12 1 1 11 100 12 1 1 1 11 100 12 1 1 11 100 12 1 1 1 11 100 12 1 1 1 11 100 12 1 1 11 100 12 1 1 1 11 100 12 1 1 100 1 10 12 1 1 11 100 12 1 1 11 100 12 1 1 11 100 12 1 1 11 100 12 1 1 11 100 12 1 1 11 100 12 1 1 9 12 1 1 10 100 12 1 1 11 100 12 1 1 10 12 1 1 10 100 12 1 1 1 10 12 1 10 12 1 1 10 12 1 1 1 1 1 3 1 3 1 3 1 3 1 3 1 3 1 3 1 3 1 3 1 3 1 3 1 3 1 3 1 3 1 3 1 3 1 3 1 3 1 3 1 3 1 3 1 3 1 3 1 3 1 3 1 3 1 3 1 3 1 3 1 3 1 3 1 3 1 3 1 3 1 3 1 3 1 3 1 3 1 3 1 3 1 3 1 3 1 3 1 3 1 3 1 3 1 3 1 3 1 3 1 3 1 3 1 3 1 3 1 1 1 1 1 1 1 1 1 1 1 1 1 1 1 1 1 1 1 1 1 1 1 1 1 1 1 1 1 1 1 1 1 1 1 1 1 1 1 1 1 1 1 1 1 1 1 1 1 1 1 1 1 1 1 1 1 1 1 1 1 1 1 1 1 1 1 1 1 1 1 1 1 1 1 1 1 1 1 1 1 1 1 1 1 1 1 1 1 1 1 1 1 1 1 1 1 1 1 1 1 1 1 1 1 1 1 1 1 1 1 1 1 1 1 1 1 1 1 1 1 1 1 1 1 1 1 1 1 1 1 1 1 1 1 1 1 1 1 1 1 1 1 1 1 1 1 1 1 1 1 1 1 1 1 1 1 1 1 1 1 1 1 1 1 1 1 1 1 1 1 1 1 1 1 1 1 1 1 1 1 1 1 1 1 1 1 1 1 1 1 1 1 1 1 1 1 1 1 1 1 1 1 1 1 1 1 1 1 1 1 1 1 1 1 1 1 1 1 1 1 1 1 1 1 1 1 1 1 1 1 1 1 1 1 100 1 100 1 100 1 100 1 100 1 1 1 1 1 1 1 1 1 1 1 1 1 1 1 1 1 1 1 1 1 1 1 1 1 1 1 1 1 1 1
instanceKlass jdk/internal/vm/vector/VectorSupport$VectorShuffle
instanceKlass jdk/internal/vm/vector/VectorSupport$VectorMask
instanceKlass jdk/internal/vm/vector/VectorSupport$Vector
ciInstanceKlass jdk/internal/vm/vector/VectorSupport$VectorPayload 0 0 32 10 100 12 1 1 1 9 100 12 1 1 1 10 100 12 1 1 1 1 1 1 1 1 1 1 1 1 1 1 1 1
ciInstanceKlass jdk/internal/vm/vector/VectorSupport$Vector 0 0 28 10 100 12 1 1 1 100 1 1 1 1 1 1 1 1 1 1 1 1 1 1 1 100 1 1 1 1
ciInstanceKlass jdk/internal/vm/vector/VectorSupport$VectorMask 0 0 28 10 100 12 1 1 1 100 1 1 1 1 1 1 1 1 1 1 1 1 1 1 1 100 1 1 1 1
ciInstanceKlass jdk/internal/vm/vector/VectorSupport$VectorShuffle 0 0 28 10 100 12 1 1 1 100 1 1 1 1 1 1 1 1 1 1 1 1 1 1 1 100 1 1 1 1
ciInstanceKlass jdk/internal/vm/FillerObject 0 0 16 10 100 12 1 1 1 100 1 1 1 1 1 1 1 1
instanceKlass kotlin/KotlinNullPointerException
ciInstanceKlass java/lang/NullPointerException 1 1 52 10 100 12 1 1 1 10 12 1 9 100 12 1 1 1 10 12 1 1 9 12 1 1 10 12 1 1 10 12 1 1 1 1 5 0 1 1 1 1 1 1 1 1 100 1 100 1 100 1 1 1
ciInstanceKlass java/lang/ArithmeticException 1 1 26 10 100 12 1 1 1 10 12 1 100 1 1 1 1 5 0 1 1 1 1 1 1 1 1 1
ciInstanceKlass java/util/Set 1 1 144 100 1 10 7 12 1 1 1 9 7 12 1 1 1 7 1 10 12 1 1 10 12 1 7 1 7 1 10 12 1 7 1 7 1 11 7 12 1 1 1 11 12 1 1 7 1 10 12 1 10 12 1 1 11 12 1 1 1 1 1 1 1 1 1 1 1 1 1 1 1 1 1 1 1 1 1 1 1 1 1 1 1 1 1 1 1 1 1 1 1 1 1 1 1 1 1 1 1 1 1 1 1 1 1 1 1 1 1 1 1 1 1 1 1 1 1 1 1 1 1 1 1 1 1 1 1 1 1 1 1 1 1 1 1 1 1 1 1 1 1 1 1 1
ciInstanceKlass java/util/Objects 1 1 184 10 7 12 1 1 1 100 1 8 1 10 12 1 10 12 1 1 10 7 12 1 1 1 10 12 1 1 10 12 1 10 100 12 1 1 1 10 12 1 1 10 100 12 1 1 1 100 1 10 10 12 1 1 10 100 12 1 1 10 12 1 1 8 1 10 100 12 1 1 1 10 100 12 1 1 1 10 11 100 12 1 1 1 100 1 10 10 12 1 8 1 10 12 1 8 1 100 1 11 12 1 1 8 1 10 7 12 1 1 1 10 12 1 1 10 12 1 10 12 1 10 12 1 10 12 1 1 1 1 1 1 1 1 1 1 1 1 1 1 1 1 1 1 1 1 1 1 1 1 1 1 1 1 1 1 1 1 1 1 1 1 1 1 1 1 1 1 1 1 1 1 1 1 1 1 1 1 1 1 1 1 1 1
ciInstanceKlass java/lang/Math 1 1 460 7 1 10 100 12 1 1 1 10 7 12 1 1 1 10 12 1 10 12 1 10 12 1 10 12 1 10 12 1 6 0 6 0 10 12 1 10 12 1 10 12 1 10 12 1 10 12 1 10 12 1 1 10 12 1 10 12 1 10 12 1 10 12 1 10 12 1 10 7 12 1 1 1 100 1 3 3 3 10 7 12 1 1 1 100 1 5 0 5 0 5 0 5 0 5 0 9 100 12 1 1 1 10 100 12 1 1 1 100 1 8 1 10 12 1 8 1 10 12 1 1 10 12 1 1 100 1 5 0 5 0 100 1 3 5 0 3 5 0 10 12 1 10 12 1 10 12 1 10 12 1 10 12 1 8 1 10 12 1 8 1 10 12 1 1 10 12 1 1 9 12 1 1 9 12 1 100 1 100 1 10 10 12 1 1 8 1 10 12 1 10 12 1 1 10 10 12 1 10 12 1 10 12 1 10 12 1 1 8 1 8 1 10 12 1 1 10 12 1 10 12 10 12 10 12 1 10 12 1 10 12 1 10 12 1 10 12 6 0 10 12 1 9 12 1 1 100 1 10 10 12 1 100 1 10 12 1 10 12 1 1 10 12 1 10 12 1 10 12 10 12 1 1 10 12 1 1 10 12 1 1 10 12 6 0 10 12 1 1 10 12 10 12 1 4 10 12 1 10 12 1 10 12 10 12 1 10 12 1 10 12 1 10 12 1 10 12 1 10 12 1 5 0 6 0 4 6 0 4 6 0 4 10 12 1 9 12 1 1 10 12 9 12 1 10 7 12 1 1 1 4 6 0 1 1 6 0 1 6 0 1 6 0 1 1 1 1 1 1 1 1 1 1 1 1 1 1 1 1 1 1 1 1 1 1 1 1 1 1 1 1 1 1 1 1 1 1 1 1 1 1 1 1 1 1 1 1 1 1 1 1 1 1 1 1 1 1 1 1 1 1 1 1 1 1 1 1 1 1 1 1 1 1 1 1 1 1 1 1 1 1 1 1 1 1 1 1 1 1 1 1 1 1 1 1 1 1 1 1
staticfield java/lang/Math negativeZeroFloatBits J -2147483648
staticfield java/lang/Math negativeZeroDoubleBits J -9223372036854775808
staticfield java/lang/Math $assertionsDisabled Z 1
instanceKlass androidx/room/jarjarred/org/antlr/v4/runtime/atn/Transition$1
instanceKlass java/lang/ProcessEnvironment
instanceKlass java/util/LinkedHashMap
ciInstanceKlass java/util/HashMap 1 1 629 10 7 12 1 1 1 100 1 10 12 1 1 100 1 10 7 12 1 1 1 100 1 11 12 1 1 11 12 1 11 12 1 1 10 7 12 1 1 1 7 1 3 10 7 12 1 1 1 100 1 100 1 10 8 1 10 12 1 1 10 12 1 10 12 1 1 10 12 1 10 7 12 1 1 1 8 1 10 12 1 9 12 1 1 10 12 1 9 12 1 1 4 10 12 1 10 12 1 1 11 7 12 1 1 9 12 1 1 10 7 12 1 1 1 6 0 10 12 1 1 11 12 1 1 11 7 12 1 1 1 11 7 12 1 1 1 11 12 1 1 7 1 11 12 1 11 12 1 10 12 1 10 12 1 1 9 12 10 12 1 1 9 7 12 1 1 1 9 12 9 12 1 10 12 1 1 9 12 1 7 1 10 12 1 1 10 12 1 1 10 12 1 1 10 12 1 1 10 12 1 1 9 12 1 10 12 1 1 3 4 10 12 1 1 10 12 1 1 9 12 1 1 9 10 12 1 1 10 12 1 1 10 12 1 1 10 12 1 9 12 1 1 7 1 10 12 1 10 12 1 10 7 12 1 1 1 7 1 9 12 1 1 7 1 10 9 12 7 1 10 100 1 10 11 7 12 1 1 1 100 1 10 11 100 12 1 1 11 100 12 1 1 1 10 12 1 100 1 100 1 10 12 1 10 12 1 10 12 1 10 100 12 1 1 10 12 1 1 10 12 1 1 10 100 12 1 1 1 8 10 100 12 1 1 1 100 1 10 4 4 10 12 1 1 10 100 12 1 1 1 10 12 1 8 1 6 0 10 100 12 1 1 1 100 1 11 100 12 1 1 1 10 12 1 10 12 1 10 10 12 1 1 6 0 8 1 10 12 1 10 12 100 1 100 1 1 1 1 5 0 1 3 1 1 1 3 1 3 1 3 1 1 1 1 1 1 1 1 1 1 1 1 1 1 1 1 1 1 1 1 1 1 100 1 1 1 1 1 1 1 1 1 1 1 1 1 1 1 1 1 1 1 1 1 1 1 1 1 1 1 1 1 1 1 1 1 100 1 1 1 1 1 1 1 1 1 1 1 1 1 1 1 1 1 1 1 1 1 1 1 1 1 1 1 1 1 1 1 1 1 1 1 1 1 1 1 1 1 1 1 1 1 1 1 1 1 1 1 100 1 1 1 1 1 1 1 1 1 1 1 1 1 1 1 1 1 1 1 1 1 1 1 1 1 1 1 1 1 1 1 1 1 1 1 1 1 1 1 1 1 1 1 1 1 1 1 1 100 1 1 1 1 1 1 1 1 100 1 1 1 1 1 1 1 1 1 1 1 1 1 1 1 1 1 1 100 1 100 1 100 1 100 1 100 1 100 1 100 1 100 1 1 1 1 1 1 1 1 1 1 1 1 1 1 1 1 1 1
ciInstanceKlass jdk/internal/util/ArraysSupport 1 1 378 7 1 100 1 8 1 10 12 1 1 10 12 1 1 10 100 12 1 1 9 7 12 1 1 1 9 12 1 1 10 7 12 1 1 1 9 12 1 1 10 7 12 1 1 1 9 12 1 10 12 9 12 1 10 12 1 1 10 12 7 1 10 12 1 1 10 12 1 100 1 10 12 1 1 10 12 100 1 10 12 1 100 1 10 12 1 100 1 100 1 10 8 1 10 12 1 1 10 12 1 10 12 1 1 10 9 12 1 1 11 7 12 1 1 1 9 12 1 9 12 1 10 12 1 1 9 12 1 9 12 1 9 12 1 9 12 1 9 12 1 9 12 1 9 12 1 10 12 1 1 10 100 12 1 1 1 9 12 1 9 12 1 10 12 1 1 10 12 1 9 12 1 10 12 1 10 100 12 1 1 1 9 12 1 9 12 1 10 12 1 10 12 1 10 7 12 1 1 1 3 10 12 1 100 1 8 1 8 1 8 1 10 10 100 12 1 1 1 11 100 12 1 1 1 10 12 1 10 100 12 1 1 1 10 12 1 1 10 12 1 1 9 12 1 10 12 1 9 12 1 9 12 1 9 12 1 9 12 1 9 12 1 9 12 1 9 12 1 100 1 10 7 12 1 1 1 1 1 3 1 3 1 3 1 3 1 3 1 3 1 3 1 3 1 1 1 1 1 1 1 1 1 1 1 1 1 1 1 1 1 1 1 1 1 1 1 1 1 1 1 1 1 1 1 1 1 1 1 1 1 1 1 1 1 1 1 1 1 1 1 1 1 1 1 1 1 1 1 1 1 1 1 1 1 1 1 1 1 1 1 1 1 1 1 1 1 1 1 1 1 1 1 100 1 1 1 1
staticfield jdk/internal/util/ArraysSupport U Ljdk/internal/misc/Unsafe; jdk/internal/misc/Unsafe
staticfield jdk/internal/util/ArraysSupport BIG_ENDIAN Z 0
staticfield jdk/internal/util/ArraysSupport LOG2_ARRAY_BOOLEAN_INDEX_SCALE I 0
staticfield jdk/internal/util/ArraysSupport LOG2_ARRAY_BYTE_INDEX_SCALE I 0
staticfield jdk/internal/util/ArraysSupport LOG2_ARRAY_CHAR_INDEX_SCALE I 1
staticfield jdk/internal/util/ArraysSupport LOG2_ARRAY_SHORT_INDEX_SCALE I 1
staticfield jdk/internal/util/ArraysSupport LOG2_ARRAY_INT_INDEX_SCALE I 2
staticfield jdk/internal/util/ArraysSupport LOG2_ARRAY_LONG_INDEX_SCALE I 3
staticfield jdk/internal/util/ArraysSupport LOG2_ARRAY_FLOAT_INDEX_SCALE I 2
staticfield jdk/internal/util/ArraysSupport LOG2_ARRAY_DOUBLE_INDEX_SCALE I 3
staticfield jdk/internal/util/ArraysSupport LOG2_BYTE_BIT_SIZE I 3
staticfield jdk/internal/util/ArraysSupport JLA Ljdk/internal/access/JavaLangAccess; java/lang/System$2
ciInstanceKlass java/util/Map$Entry 1 0 178 18 12 1 1 100 1 100 1 18 10 100 12 1 1 1 18 12 1 18 100 1 11 7 12 1 1 1 11 12 1 11 7 12 1 1 1 10 100 12 1 1 1 10 100 12 1 1 1 8 1 10 12 1 1 8 1 8 1 8 1 10 12 1 10 12 1 8 10 100 1 10 12 1 8 10 12 1 8 1 10 12 1 8 10 12 1 8 1 10 12 1 1 8 1 100 1 8 1 10 12 1 1 11 12 100 1 11 12 1 1 1 1 1 1 1 1 1 1 1 1 1 1 1 1 1 1 1 1 1 1 1 1 1 1 1 1 1 1 1 1 1 1 1 1 1 1 1 16 15 11 12 16 3 3 15 11 12 15 11 12 15 11 12 15 10 100 12 1 1 1 1 1 100 1 100 1 1
instanceKlass java/util/LinkedHashMap$Entry
ciInstanceKlass java/util/HashMap$Node 1 1 95 10 7 12 1 1 1 9 7 12 1 1 1 9 12 1 1 9 12 1 9 12 1 1 100 1 10 10 12 1 1 8 1 10 12 1 10 12 1 1 10 100 12 1 1 1 100 1 11 12 1 1 10 12 1 1 11 12 1 1 1 1 1 1 1 1 1 1 1 1 1 1 1 1 1 1 1 1 1 1 1 1 1 1 1 1 1 1 100 1 1 1 100 1 1
instanceKlass java/util/HashMap$TreeNode
ciInstanceKlass java/util/LinkedHashMap$Entry 1 1 41 10 7 12 1 1 1 100 1 1 1 1 1 1 1 1 1 1 1 1 1 1 1 1 1 1 1 1 1 1 1 1 1 1 100 1 1 100 1 1 1
ciInstanceKlass java/util/HashMap$TreeNode 0 0 250 100 1 10 100 12 1 1 1 9 100 12 1 1 1 9 12 1 1 9 12 1 9 12 1 1 9 12 1 1 10 12 1 1 100 1 10 12 1 9 12 1 9 12 1 9 12 1 1 10 100 12 1 1 1 10 12 1 1 10 12 1 1 10 12 1 1 10 12 1 1 10 12 1 1 10 100 12 1 1 1 10 100 12 1 1 1 10 100 12 1 1 1 9 12 1 10 12 1 1 10 12 1 1 10 12 1 1 10 12 1 1 9 100 1 10 12 1 1 10 12 1 1 10 12 1 10 12 1 1 10 12 1 10 12 1 10 12 1 1 1 1 1 1 1 1 1 1 1 1 1 1 1 1 1 1 1 1 1 1 1 1 1 1 100 1 1 1 1 1 1 1 1 1 1 1 1 1 1 1 1 1 1 1 1 1 1 1 1 1 1 1 1 1 1 1 1 1 1 1 1 1 1 1 1 1 1 1 1 1 1 1 1 1 1 1 1 1 1 1 1 1 1 1 1 1 1 1 1 1 1 1 1 1 1 1 1 1 1 1 1 1 1 1 1 100 1 1 1 1
ciInstanceKlass jdk/internal/util/Preconditions 1 1 194 10 100 12 1 1 1 11 100 12 1 1 1 11 100 12 1 1 1 100 1 100 1 10 7 12 1 1 1 10 12 1 8 1 100 1 10 100 12 1 1 1 10 12 1 1 8 1 8 1 10 100 12 1 1 7 1 10 12 1 8 1 10 100 12 1 1 1 8 1 10 12 1 1 10 12 1 1 11 12 1 8 1 8 1 11 12 1 1 8 1 8 1 8 1 10 12 1 1 10 12 1 1 10 12 1 10 12 1 10 12 1 10 12 7 1 10 10 12 1 1 9 12 1 1 7 1 10 9 12 1 7 1 10 9 12 1 1 1 1 1 1 1 1 1 1 1 1 1 1 1 1 1 1 1 1 1 1 1 1 1 1 1 1 1 1 1 1 1 1 1 1 1 1 1 1 1 1 1 1 1 1 1 1 1 1 1 1 1 1 1 1 1 1
staticfield jdk/internal/util/Preconditions SIOOBE_FORMATTER Ljava/util/function/BiFunction; jdk/internal/util/Preconditions$4
staticfield jdk/internal/util/Preconditions AIOOBE_FORMATTER Ljava/util/function/BiFunction; jdk/internal/util/Preconditions$4
staticfield jdk/internal/util/Preconditions IOOBE_FORMATTER Ljava/util/function/BiFunction; jdk/internal/util/Preconditions$4
ciInstanceKlass java/util/function/BiFunction 1 1 65 10 100 12 1 1 1 18 12 1 1 11 100 12 1 1 11 100 12 1 100 1 1 1 1 1 1 1 1 1 1 1 1 1 1 1 1 1 1 1 1 1 1 1 1 1 1 1 16 15 11 12 15 10 100 12 1 1 1 1 100 1 100 1 1
ciInstanceKlass java/util/Arrays 1 1 1029 10 7 12 1 1 1 10 100 12 1 1 1 10 7 12 1 1 1 10 12 1 10 12 1 10 12 1 10 12 1 10 12 1 10 12 1 10 100 12 1 1 1 100 1 100 1 10 8 1 10 12 1 1 10 12 1 8 1 8 1 10 12 1 1 10 12 1 100 1 10 12 1 9 100 12 1 1 1 10 7 12 1 1 100 1 10 12 1 1 10 7 12 1 1 10 7 12 1 1 1 100 1 10 12 1 10 12 1 1 7 1 9 7 12 1 1 1 10 12 1 1 10 100 12 1 1 10 12 1 10 12 1 1 10 12 1 10 12 1 1 7 1 11 12 1 1 10 12 1 10 7 12 1 1 1 10 12 10 12 1 10 12 1 10 12 10 12 1 11 100 12 1 1 1 10 7 12 1 1 1 100 1 10 12 1 10 100 1 10 12 1 10 100 1 10 12 1 10 100 1 10 12 1 10 10 12 1 1 10 12 1 10 12 1 10 12 1 10 12 1 10 12 1 10 100 12 1 1 1 10 12 1 10 100 12 1 1 1 10 12 1 10 12 1 10 7 12 1 1 1 10 12 1 10 12 1 10 12 1 10 12 1 10 12 1 10 12 1 10 12 1 10 12 1 10 12 1 10 12 1 10 12 1 10 12 1 10 12 1 10 12 1 10 12 1 10 12 1 1 10 12 1 1 10 7 12 1 1 1 10 7 1 10 100 1 10 7 1 10 100 1 10 100 1 10 100 1 10 100 1 10 100 1 10 12 1 8 1 10 12 1 1 10 12 1 1 10 12 1 1 10 12 1 1 10 12 1 1 10 12 1 1 10 12 1 1 10 12 1 1 10 12 1 1 7 1 10 12 10 12 1 1 10 12 1 10 12 1 1 10 12 1 1 9 7 12 1 1 1 10 12 1 9 100 1 10 12 1 9 100 1 10 12 1 9 100 1 10 12 1 9 100 1 10 12 1 9 100 1 10 12 1 9 10 12 1 10 12 1 10 12 1 9 12 1 100 1 10 10 12 1 1 10 12 1 10 12 1 10 12 1 10 12 1 10 12 1 10 12 1 10 12 1 10 12 1 10 12 1 8 1 8 1 10 12 1 10 12 1 8 1 10 12 1 10 12 1 10 12 1 10 100 12 1 1 1 3 10 100 1 10 10 12 1 1 11 100 12 1 1 10 12 1 1 10 12 1 10 12 1 10 12 1 10 12 1 10 12 1 10 12 1 10 12 1 10 12 1 11 12 1 8 1 10 11 12 1 11 100 12 1 1 1 11 100 12 1 1 1 11 12 1 1 18 12 1 1 11 12 1 1 11 100 12 1 1 1 18 12 1 11 100 12 1 1 1 18 12 1 11 100 12 1 1 1 18 12 1 100 1 10 100 12 1 1 1 10 12 1 10 12 1 10 12 1 10 12 1 10 12 1 10 12 1 10 12 1 10 12 1 1 10 12 1 10 100 12 1 1 10 12 1 10 12 1 10 12 1 1 10 12 1 10 12 1 10 12 1 1 10 12 1 10 12 1 10 12 1 1 10 12 1 10 12 1 10 12 1 10 12 1 10 12 10 12 1 10 12 10 12 10 12 1 10 12 10 12 1 10 12 1 10 12 1 1 1 1 3 1 3 1 1 1 1 1 1 1 1 1 1 1 1 1 1 1 1 1 1 1 1 1 1 1 1 1 1 1 1 1 1 1 1 1 1 1 1 1 1 1 1 1 1 1 1 1 1 1 1 1 1 1 1 1 1 1 1 1 1 1 1 1 1 1 1 1 1 1 1 1 1 1 1 1 1 1 1 1 1 1 1 1 1 1 1 1 1 1 1 1 1 1 1 1 1 1 1 1 1 1 1 1 1 1 1 1 1 1 1 1 1 1 1 1 1 1 1 1 1 1 1 1 1 1 1 1 1 1 1 1 1 1 1 1 1 1 1 1 1 1 1 1 1 1 1 1 1 1 1 1 1 1 1 1 1 1 1 1 1 1 1 1 1 1 1 1 1 1 1 1 1 1 1 1 1 1 1 1 1 1 1 1 1 1 1 1 1 1 1 1 1 1 1 1 1 1 1 1 1 1 1 1 1 1 1 1 1 1 1 1 1 1 1 1 1 1 1 1 1 1 1 1 1 1 1 1 1 1 1 1 1 1 1 1 1 1 1 1 1 1 1 1 1 1 1 1 1 1 1 1 1 1 1 1 1 100 1 1 16 15 10 12 15 10 12 15 10 12 15 10 12 15 10 100 12 1 1 1 1 1 100 1 100 1 1 1 1 100 1 1 1 1 1 1 100 1 1 100 1 1 100 1 1 1 100 1 100 1 1
staticfield java/util/Arrays $assertionsDisabled Z 1
instanceKlass java/util/concurrent/ConcurrentSkipListSet
instanceKlass org/jetbrains/kotlin/com/google/common/collect/Sets$ImprovedAbstractSet
instanceKlass org/jetbrains/kotlin/com/google/common/collect/Sets$SetView
instanceKlass java/util/TreeMap$EntrySet
instanceKlass org/jetbrains/kotlin/protobuf/SmallSortedMap$EntrySet
instanceKlass org/jetbrains/kotlin/com/intellij/openapi/vfs/CompactVirtualFileSet
instanceKlass java/util/Collections$SingletonSet
instanceKlass java/util/LinkedHashMap$LinkedKeySet
instanceKlass java/util/LinkedHashMap$LinkedEntrySet
instanceKlass kotlin/collections/AbstractMutableSet
instanceKlass java/lang/ProcessEnvironment$CheckedEntrySet
instanceKlass java/util/EnumSet
instanceKlass jdk/internal/util/ReferencedKeySet
instanceKlass java/util/TreeMap$KeySet
instanceKlass java/util/TreeSet
instanceKlass java/util/IdentityHashMap$KeySet
instanceKlass java/util/HashMap$KeySet
instanceKlass java/util/AbstractMap$1
instanceKlass java/util/WeakHashMap$KeySet
instanceKlass java/util/Collections$SetFromMap
instanceKlass java/util/HashSet
instanceKlass java/util/ImmutableCollections$MapN$1
instanceKlass java/util/Collections$EmptySet
instanceKlass java/util/HashMap$EntrySet
ciInstanceKlass java/util/AbstractSet 1 1 96 10 7 12 1 1 1 7 1 7 1 11 12 1 1 10 7 1 10 12 1 1 100 1 100 1 10 12 1 1 11 7 12 1 1 1 11 12 1 1 10 7 12 1 1 10 7 12 1 1 1 11 10 12 1 1 11 12 1 11 12 1 1 1 1 1 1 1 1 1 1 1 1 1 1 1 1 100 1 1 1 1 1 1 1 1 1 1 1 1 1 1 1 1 1 1
instanceKlass org/jetbrains/kotlin/com/intellij/openapi/editor/impl/RedBlackTree
ciInstanceKlass java/util/concurrent/atomic/AtomicInteger 1 1 181 10 7 12 1 1 1 9 7 12 1 1 1 9 12 1 1 9 12 1 1 10 7 12 1 1 1 10 12 1 1 10 12 1 1 10 12 1 10 12 1 10 12 1 1 11 100 12 1 1 1 10 12 1 1 11 100 12 1 1 10 100 12 1 1 1 10 12 1 1 10 12 1 10 12 1 10 12 1 10 12 1 10 12 1 1 10 12 1 10 12 1 10 12 1 10 12 1 10 12 1 10 12 1 1 8 10 12 1 1 100 1 1 1 5 0 1 1 1 1 1 1 1 1 1 1 1 1 1 1 1 1 1 1 1 1 1 1 1 1 1 1 1 1 1 1 1 1 1 1 1 1 1 1 1 1 1 1 1 1 1 1 1 1 1 1 1 1 1 1 1 1 1 1 1 1 1 1 1 1 1
staticfield java/util/concurrent/atomic/AtomicInteger U Ljdk/internal/misc/Unsafe; jdk/internal/misc/Unsafe
staticfield java/util/concurrent/atomic/AtomicInteger VALUE J 12
instanceKlass org/jetbrains/kotlin/descriptors/InvalidModuleException
instanceKlass java/util/concurrent/CancellationException
ciInstanceKlass java/lang/IllegalStateException 0 0 35 10 100 12 1 1 1 10 12 1 10 12 1 10 12 1 100 1 1 1 1 5 0 1 1 1 1 1 1 1 1 1 1 1 1
ciInstanceKlass java/lang/AssertionError 0 0 79 10 100 12 1 1 1 10 12 1 10 100 12 1 1 1 10 100 1 100 1 10 12 1 1 10 12 1 10 12 1 10 12 1 10 12 1 10 12 1 10 12 1 10 12 1 1 1 1 5 0 1 1 1 1 1 1 1 1 1 1 100 1 1 1 1 1 1 1 1 1 1 1 1 1 1 1 1 1
ciInstanceKlass org/jetbrains/kotlin/name/FqName 1 1 171 1 7 1 7 1 1 1 1 1 1 1 1 1 1 1 1 12 10 1 8 1 7 1 1 12 10 1 1 12 10 1 1 1 1 12 10 1 7 1 12 10 12 9 1 1 1 1 12 9 1 1 12 10 1 100 1 1 1 1 12 10 1 10 1 100 1 8 10 12 10 12 10 1 1 1 12 10 12 10 1 1 1 1 12 10 1 100 1 12 10 1 1 1 12 10 1 100 1 1 12 10 1 1 1 12 10 1 1 12 10 1 12 10 1 1 12 10 1 1 1 1 1 12 10 1 1 8 12 9 1 8 1 8 1 100 8 8 8 8 8 8 8 8 8 8 8 8 8 8 8 8 8 1 1 12 10 1 100 10 1 100 1 1 1 1 1 1 1 1 1
staticfield org/jetbrains/kotlin/name/FqName ROOT Lorg/jetbrains/kotlin/name/FqName; org/jetbrains/kotlin/name/FqName
ciInstanceKlass org/jetbrains/kotlin/config/MavenComparableVersion$ListItem 1 1 118 1 7 1 1 7 1 7 1 1 100 1 1 1 100 1 1 12 10 1 1 1 1 1 1 1 12 10 1 1 1 12 10 12 11 1 12 10 1 1 1 1 1 1 12 11 12 11 1 1 12 10 1 7 1 12 11 1 1 12 11 1 100 1 7 10 1 8 1 1 12 10 1 100 1 1 12 10 1 12 10 1 1 12 10 1 12 10 1 1 1 1 1 1 1 1 1 1 12 10 1 12 10 1 1 1 1 10 1 1 1 1 1 1 1 1 1 1
ciInstanceKlass sun/reflect/generics/reflectiveObjects/ParameterizedTypeImpl 1 1 178 10 7 12 1 1 1 9 7 12 1 1 1 9 12 1 1 10 7 12 1 1 1 9 12 1 1 10 12 1 10 12 1 1 100 1 8 1 10 12 1 1 10 100 12 1 1 1 10 100 12 1 1 1 10 12 1 10 12 1 10 7 12 1 1 7 1 11 12 1 1 11 12 1 10 7 12 1 1 1 11 12 1 1 10 7 12 1 1 10 12 1 1 10 12 1 100 1 10 11 100 12 1 1 10 12 1 1 8 1 10 12 1 8 1 10 12 1 1 10 12 1 100 1 8 1 8 1 8 1 10 12 1 10 12 1 1 10 12 1 10 10 12 1 1 1 1 1 1 1 1 1 1 1 1 1 1 1 100 1 1 1 1 1 1 1 1 1 1 1 1 1 1 1 1 1 1 1
ciInstanceKlass androidx/room/jarjarred/org/antlr/v4/runtime/IntStream 1 0 28 1 100 1 100 1 1 1 3 1 1 1 8 1 1 1 1 1 1 1 1 1 1 1 1 1 1 1
instanceKlass androidx/room/jarjarred/org/antlr/v4/runtime/atn/ParserATNSimulator
instanceKlass androidx/room/jarjarred/org/antlr/v4/runtime/atn/LexerATNSimulator
ciInstanceKlass androidx/room/jarjarred/org/antlr/v4/runtime/atn/ATNSimulator 1 1 73 1 7 1 7 1 1 1 1 1 1 1 1 1 1 12 10 12 9 12 9 1 1 1 1 1 100 1 8 1 12 10 1 1 1 1 1 7 10 1 7 1 12 10 1 100 1 1 1 1 1 1 1 7 1 7 10 1 12 10 12 9 3 1 1 12 9 1 1 1 1 1 1
staticfield androidx/room/jarjarred/org/antlr/v4/runtime/atn/ATNSimulator ERROR Landroidx/room/jarjarred/org/antlr/v4/runtime/dfa/DFAState; androidx/room/jarjarred/org/antlr/v4/runtime/dfa/DFAState
instanceKlass androidx/room/jarjarred/org/antlr/v4/runtime/atn/ArrayPredictionContext
instanceKlass androidx/room/jarjarred/org/antlr/v4/runtime/atn/SingletonPredictionContext
ciInstanceKlass androidx/room/jarjarred/org/antlr/v4/runtime/atn/PredictionContext 1 1 450 1 7 1 7 1 1 100 1 1 3 1 3 1 1 1 1 1 1 1 1 1 12 10 12 9 1 7 1 1 12 10 12 9 12 9 1 1 1 1 1 7 1 1 12 9 1 7 1 1 12 9 1 7 1 1 12 9 12 10 1 7 1 1 12 9 1 12 9 1 7 1 1 12 11 1 7 1 1 12 10 1 7 1 1 12 9 1 12 9 1 7 1 1 12 10 1 1 1 1 1 1 1 1 1 1 1 1 1 12 10 12 10 1 1 1 1 1 7 1 12 10 1 1 12 10 1 1 1 1 1 12 10 12 10 1 1 1 7 1 100 1 1 1 1 1 12 9 1 100 10 12 10 1 1 12 10 1 7 1 12 10 1 1 12 10 1 1 1 1 1 1 1 1 7 1 12 10 1 1 12 10 1 1 12 10 12 9 12 9 12 10 1 12 10 1 1 1 1 1 1 1 1 12 9 12 9 1 7 1 1 12 10 1 12 10 1 1 12 10 1 1 1 1 1 1 1 1 1 1 1 1 1 1 1 7 10 1 7 1 12 11 12 11 1 12 11 1 1 1 1 1 1 8 1 100 10 1 8 1 1 12 10 1 8 1 1 12 10 10 1 100 1 1 12 10 1 1 12 11 1 100 1 12 11 1 1 12 11 1 100 1 1 12 10 1 8 1 8 1 8 1 8 9 1 12 10 1 8 1 8 1 8 1 8 12 10 1 8 1 8 1 8 1 8 1 1 12 10 1 8 1 8 1 1 1 1 1 1 1 1 1 1 1 1 1 12 10 1 7 10 1 7 1 12 10 10 12 10 1 12 10 1 1 1 1 1 1 1 1 1 1 1 100 10 10 1 1 12 10 1 12 11 1 1 10 1 1 1 1 1 1 1 12 10 1 1 1 1 100 1 12 10 1 12 10 1 1 12 10 1 1 12 10 1 12 9 1 1 12 11 1 100 1 1 1 1 1 1 1 1 1 1 1 1 1 7 1 12 10 10 1 1 1 1 1 1 1 1 1
staticfield androidx/room/jarjarred/org/antlr/v4/runtime/atn/PredictionContext globalNodeCount Ljava/util/concurrent/atomic/AtomicInteger; java/util/concurrent/atomic/AtomicInteger
staticfield androidx/room/jarjarred/org/antlr/v4/runtime/atn/PredictionContext $assertionsDisabled Z 1
instanceKlass androidx/room/jarjarred/org/antlr/v4/runtime/atn/EmptyPredictionContext
ciInstanceKlass androidx/room/jarjarred/org/antlr/v4/runtime/atn/SingletonPredictionContext 1 1 109 1 7 1 7 1 1 1 1 1 1 1 1 1 1 1 12 10 1 1 12 10 1 12 10 12 9 1 100 1 12 10 12 9 12 9 1 1 1 1 3 1 100 1 1 12 9 12 10 1 1 1 1 1 1 1 1 1 12 10 1 7 10 12 10 1 1 1 1 1 12 10 1 8 1 100 1 12 10 1 8 1 1 12 10 1 100 10 1 1 12 10 1 8 10 1 1 1 1 7 1 1 12 10 1 1 1 1 1
staticfield androidx/room/jarjarred/org/antlr/v4/runtime/atn/SingletonPredictionContext $assertionsDisabled Z 1
ciInstanceKlass androidx/room/jarjarred/org/antlr/v4/runtime/atn/EmptyPredictionContext 1 1 46 1 7 1 7 1 1 1 1 1 3 1 12 10 1 1 1 1 1 1 1 1 1 1 1 1 12 9 1 1 1 1 1 1 1 8 1 12 10 12 9 1 1 1 1 1
staticfield androidx/room/jarjarred/org/antlr/v4/runtime/atn/EmptyPredictionContext Instance Landroidx/room/jarjarred/org/antlr/v4/runtime/atn/EmptyPredictionContext; androidx/room/jarjarred/org/antlr/v4/runtime/atn/EmptyPredictionContext
instanceKlass androidx/room/jarjarred/org/antlr/v4/runtime/atn/LoopEndState
instanceKlass androidx/room/jarjarred/org/antlr/v4/runtime/atn/StarLoopbackState
instanceKlass androidx/room/jarjarred/org/antlr/v4/runtime/atn/BlockEndState
instanceKlass androidx/room/jarjarred/org/antlr/v4/runtime/atn/RuleStopState
instanceKlass androidx/room/jarjarred/org/antlr/v4/runtime/atn/DecisionState
instanceKlass androidx/room/jarjarred/org/antlr/v4/runtime/atn/RuleStartState
instanceKlass androidx/room/jarjarred/org/antlr/v4/runtime/atn/BasicState
ciInstanceKlass androidx/room/jarjarred/org/antlr/v4/runtime/atn/ATNState 1 1 226 1 7 1 7 1 1 1 3 1 3 1 3 1 3 1 3 1 1 3 1 3 1 3 1 3 1 3 1 3 1 3 1 3 1 1 1 1 3 1 1 1 1 1 1 1 1 1 1 1 1 12 10 12 9 12 9 12 9 1 7 1 12 10 12 9 1 1 1 1 1 1 1 1 1 1 1 1 1 7 1 1 12 10 1 1 1 7 1 7 1 1 12 11 1 100 1 1 12 11 1 1 1 12 10 1 1 1 12 11 1 12 10 1 100 1 1 12 9 1 100 1 1 12 10 1 8 1 100 1 12 10 1 100 1 1 12 10 1 1 12 11 1 7 1 12 11 1 1 12 11 1 12 9 1 1 12 10 1 100 12 10 1 1 12 11 1 1 1 1 1 1 1 12 11 1 1 1 1 12 11 1 1 12 11 1 1 1 12 9 1 1 8 8 8 8 8 8 8 8 8 8 8 8 8 1 7 1 1 12 10 1 7 1 1 12 10 12 9 1 1 1 1 1 1 1
staticfield androidx/room/jarjarred/org/antlr/v4/runtime/atn/ATNState serializationNames Ljava/util/List; java/util/Collections$UnmodifiableRandomAccessList
ciInstanceKlass androidx/room/jarjarred/org/antlr/v4/runtime/atn/BasicState 1 1 18 1 100 1 7 1 1 1 12 10 1 1 1 1 1 1 1 1
ciInstanceKlass androidx/room/jarjarred/org/antlr/v4/runtime/atn/RuleStartState 1 1 22 1 100 1 7 1 1 1 1 1 1 1 12 10 1 1 1 1 1 1 1 1
instanceKlass androidx/room/jarjarred/org/antlr/v4/runtime/atn/PlusLoopbackState
instanceKlass androidx/room/jarjarred/org/antlr/v4/runtime/atn/StarLoopEntryState
instanceKlass androidx/room/jarjarred/org/antlr/v4/runtime/atn/TokensStartState
instanceKlass androidx/room/jarjarred/org/antlr/v4/runtime/atn/BlockStartState
ciInstanceKlass androidx/room/jarjarred/org/antlr/v4/runtime/atn/DecisionState 1 1 22 1 7 1 7 1 1 1 1 1 1 1 12 10 12 9 1 1 1 1 1 1
instanceKlass androidx/room/jarjarred/org/antlr/v4/runtime/atn/StarBlockStartState
instanceKlass androidx/room/jarjarred/org/antlr/v4/runtime/atn/PlusBlockStartState
instanceKlass androidx/room/jarjarred/org/antlr/v4/runtime/atn/BasicBlockStartState
ciInstanceKlass androidx/room/jarjarred/org/antlr/v4/runtime/atn/BlockStartState 1 1 18 1 100 1 7 1 1 1 1 1 12 10 1 1 1 1 1 1
ciInstanceKlass androidx/room/jarjarred/org/antlr/v4/runtime/atn/BasicBlockStartState 1 1 18 1 100 1 7 1 1 1 12 10 1 1 1 1 1 1 1 1
ciInstanceKlass androidx/room/jarjarred/org/antlr/v4/runtime/atn/StarBlockStartState 1 1 18 1 100 1 7 1 1 1 12 10 1 1 1 1 1 1 1 1
ciInstanceKlass androidx/room/jarjarred/org/antlr/v4/runtime/atn/RuleStopState 1 1 18 1 100 1 7 1 1 1 12 10 1 1 1 1 1 1 1 1
ciInstanceKlass androidx/room/jarjarred/org/antlr/v4/runtime/atn/BlockEndState 1 1 20 1 100 1 7 1 1 1 1 1 12 10 1 1 1 1 1 1 1 1
ciInstanceKlass androidx/room/jarjarred/org/antlr/v4/runtime/atn/StarLoopEntryState 1 1 22 1 100 1 7 1 1 1 1 1 1 1 12 10 1 1 1 1 1 1 1 1
instanceKlass androidx/room/jarjarred/org/antlr/v4/runtime/atn/WildcardTransition
instanceKlass androidx/room/jarjarred/org/antlr/v4/runtime/atn/SetTransition
instanceKlass androidx/room/jarjarred/org/antlr/v4/runtime/atn/ActionTransition
instanceKlass androidx/room/jarjarred/org/antlr/v4/runtime/atn/AbstractPredicateTransition
instanceKlass androidx/room/jarjarred/org/antlr/v4/runtime/atn/RuleTransition
instanceKlass androidx/room/jarjarred/org/antlr/v4/runtime/atn/RangeTransition
instanceKlass androidx/room/jarjarred/org/antlr/v4/runtime/atn/AtomTransition
instanceKlass androidx/room/jarjarred/org/antlr/v4/runtime/atn/EpsilonTransition
ciInstanceKlass androidx/room/jarjarred/org/antlr/v4/runtime/atn/Transition 1 1 107 1 7 1 7 1 1 7 1 1 3 1 3 1 3 1 3 1 3 1 3 1 3 1 3 1 3 1 3 1 1 1 1 1 1 1 1 1 1 1 12 10 1 100 1 8 1 12 10 1 100 12 9 1 1 1 1 1 1 1 1 1 1 1 1 7 1 8 8 8 8 8 8 8 8 8 8 8 1 7 1 1 12 10 1 7 1 1 12 10 12 9 10 1 1 12 10 12 9 1 1 1 1 1 1 1 1
staticfield androidx/room/jarjarred/org/antlr/v4/runtime/atn/Transition serializationNames Ljava/util/List; java/util/Collections$UnmodifiableRandomAccessList
staticfield androidx/room/jarjarred/org/antlr/v4/runtime/atn/Transition serializationTypes Ljava/util/Map; java/util/Collections$UnmodifiableMap
ciInstanceKlass androidx/room/jarjarred/org/antlr/v4/runtime/atn/EpsilonTransition 1 1 38 1 7 1 7 1 1 1 1 1 1 12 10 1 1 1 1 12 10 12 9 1 1 1 1 1 1 1 1 1 1 1 1 8 1 1 1 1
ciInstanceKlass androidx/room/jarjarred/org/antlr/v4/runtime/atn/AtomTransition 1 1 46 1 7 1 7 1 1 1 1 1 1 12 10 12 9 1 1 1 1 1 1 1 1 7 1 1 12 10 1 1 1 1 1 1 1 1 100 1 1 12 10 1 1 1 1 1
ciInstanceKlass androidx/room/jarjarred/org/antlr/v4/runtime/atn/RuleTransition 1 1 45 1 7 1 7 1 1 1 1 1 1 1 1 1 1 12 10 1 1 1 1 1 12 10 12 9 12 9 12 9 1 1 1 1 1 1 1 1 1 1 1 1 1 1 1
ciInstanceKlass androidx/room/jarjarred/org/antlr/v4/runtime/atn/PredicateTransition 0 0 70 1 100 1 100 1 1 100 1 100 1 1 1 1 1 1 1 1 1 12 10 12 9 12 9 12 9 1 1 1 1 1 1 1 1 1 1 1 1 1 1 1 1 12 10 1 1 1 100 1 12 10 1 8 1 1 12 10 1 12 10 1 8 12 10 1 1 1 1 1
ciInstanceKlass androidx/room/jarjarred/org/antlr/v4/runtime/atn/PrecedencePredicateTransition 1 1 61 1 7 1 7 1 1 7 1 100 1 1 1 1 1 1 12 10 12 9 1 1 1 1 1 1 1 1 1 1 1 1 1 1 1 1 12 10 1 1 1 100 1 12 10 1 1 12 10 1 8 1 12 10 12 10 1 1 1 1 1
ciInstanceKlass androidx/room/jarjarred/org/antlr/v4/runtime/atn/ActionTransition 1 1 62 1 7 1 7 1 1 1 1 1 1 1 1 1 12 10 1 1 1 1 1 12 10 12 9 12 9 12 9 1 1 1 1 1 1 1 1 1 1 1 1 100 1 12 10 1 8 1 1 12 10 1 12 10 1 8 12 10 1 1 1 1
ciInstanceKlass androidx/room/jarjarred/org/antlr/v4/runtime/atn/ATN 1 1 187 1 7 1 7 1 1 1 3 1 1 1 1 1 1 1 1 1 1 1 1 1 1 1 1 1 1 1 1 1 1 1 1 12 10 1 7 10 12 9 12 9 1 7 10 12 9 12 9 12 9 12 9 1 1 1 1 1 7 1 12 10 1 12 10 1 1 1 1 1 1 1 1 1 1 7 1 12 9 12 10 1 7 1 1 12 10 1 1 1 12 9 1 7 1 1 12 11 1 12 9 1 1 12 11 1 1 1 1 12 11 1 1 1 7 1 12 9 1 1 1 1 1 12 11 1 1 12 11 1 1 1 1 100 1 8 1 12 10 12 10 1 1 12 10 1 100 1 12 10 1 1 12 10 1 1 12 10 1 12 9 1 1 12 10 1 100 1 12 9 1 12 9 12 10 1 1 1 1 1 1 1 1 1 1 1 1
ciInstanceKlass androidx/room/jarjarred/org/antlr/v4/runtime/dfa/DFA 1 1 172 1 7 1 7 1 1 100 1 1 1 1 1 1 1 1 1 1 1 1 1 1 12 10 1 1 1 12 10 1 7 10 12 9 12 9 12 9 1 7 1 12 9 1 7 1 7 10 1 12 10 1 1 12 9 1 12 9 1 12 9 12 9 1 100 12 9 1 1 1 1 1 12 10 1 100 1 8 1 12 10 1 1 1 1 7 1 1 12 10 7 1 100 1 1 1 1 1 100 1 8 10 1 1 1 1 100 1 100 1 1 12 11 1 12 10 1 12 10 1 100 1 1 12 10 1 1 1 1 1 1 100 1 1 12 9 1 12 10 1 1 8 1 100 1 12 10 12 10 1 1 1 1 1 12 10 1 1 1 1 100 10 1 1 1 1 1 1 1 1 1 1
instanceKlass androidx/room/jarjarred/org/antlr/v4/runtime/atn/LexerATNConfig
ciInstanceKlass androidx/room/jarjarred/org/antlr/v4/runtime/atn/ATNConfig 1 1 154 1 7 1 7 1 1 7 1 100 1 1 1 3 1 1 1 1 1 1 1 1 1 1 1 12 10 12 9 12 9 12 9 12 9 12 9 1 1 1 1 1 1 12 9 1 12 10 1 1 12 10 1 1 1 1 1 1 3 1 1 1 1 1 1 1 1 1 12 10 1 1 1 7 1 12 9 1 7 1 12 10 12 10 12 10 1 1 1 7 1 1 12 10 1 1 12 10 1 12 10 1 12 10 1 1 1 12 10 1 1 100 10 1 1 12 10 1 12 10 1 8 1 12 10 1 12 10 1 8 12 10 1 8 12 10 1 8 10 1 1 1 1 1 1 1 1 1 1 1 1 1 1 1
ciInstanceKlass androidx/room/jarjarred/org/antlr/v4/runtime/atn/LexerATNConfig 1 1 114 1 7 1 7 1 1 7 1 100 1 1 1 1 1 1 1 1 1 12 9 1 12 10 12 9 12 9 1 1 1 1 1 1 1 1 1 1 12 9 1 1 12 9 1 12 10 1 1 12 10 1 1 1 1 1 1 1 1 1 1 7 1 1 12 10 12 9 1 7 1 12 9 1 1 12 10 12 9 1 12 10 1 12 10 1 1 1 7 1 1 12 9 1 12 10 12 10 1 1 1 1 7 1 12 9 1 1 1 1 1 1 1 1
instanceKlass androidx/room/jarjarred/org/antlr/v4/runtime/atn/OrderedATNConfigSet
ciInstanceKlass androidx/room/jarjarred/org/antlr/v4/runtime/atn/ATNConfigSet 1 1 324 1 7 1 1 7 1 100 1 1 7 1 1 100 1 1 7 1 1 7 1 100 1 1 1 1 1 1 1 1 1 1 1 1 1 1 1 1 1 1 1 12 10 12 9 1 7 1 12 10 12 9 12 9 10 12 9 12 9 1 1 12 10 1 1 1 12 10 12 9 12 9 12 9 12 9 1 1 1 1 12 10 1 1 1 1 100 1 8 1 12 10 1 7 1 1 12 9 1 1 12 9 1 1 12 10 1 1 12 10 1 12 10 1 1 12 9 1 7 1 1 12 10 1 12 9 1 7 1 1 12 10 1 1 12 10 1 12 10 1 1 1 1 1 1 1 1 1 1 1 1 1 100 10 1 1 12 10 1 7 1 12 11 1 1 12 11 1 1 12 9 11 1 1 1 1 1 1 1 7 10 1 12 9 1 12 10 1 1 1 10 1 100 11 1 1 1 1 1 1 12 10 1 1 1 1 12 10 1 7 1 1 12 10 1 1 1 1 100 11 12 10 1 1 1 1 12 10 1 1 1 1 1 1 12 10 12 10 1 12 10 10 1 1 100 1 8 10 12 10 1 12 10 1 1 1 12 10 10 1 1 1 1 100 10 12 10 12 10 1 1 12 10 1 8 1 12 10 1 8 1 12 10 1 8 1 12 10 1 8 10 1 1 1 1 1 12 10 1 100 1 1 12 10 1 1 1 1 10 1 1 1 1 1 12 10 1 1 1 1 1 1 1 1
instanceKlass androidx/room/jarjarred/org/antlr/v4/runtime/atn/ATNConfigSet$AbstractConfigHashSet
ciInstanceKlass androidx/room/jarjarred/org/antlr/v4/runtime/misc/Array2DHashSet 1 1 287 1 7 1 1 7 1 100 1 1 100 1 1 1 3 1 3 1 1 6 0 1 1 1 1 1 1 1 1 1 1 1 1 1 1 1 1 12 10 1 1 1 1 1 1 12 10 12 9 12 9 1 100 1 1 12 9 1 7 12 9 12 9 12 9 1 1 12 10 12 9 1 7 1 1 12 10 12 9 1 1 1 1 12 10 1 12 10 1 1 1 1 1 12 10 1 1 12 10 1 100 1 1 12 10 1 7 1 1 12 10 1 1 1 1 1 1 1 1 1 1 12 10 1 1 1 100 1 12 10 100 1 1 12 10 1 12 10 1 12 10 1 1 1 12 10 1 1 1 1 100 12 9 1 100 10 1 1 1 1 1 1 1 1 1 12 10 1 1 1 1 1 12 10 1 12 10 12 10 1 1 1 1 1 1 12 10 1 12 10 1 1 1 1 1 1 1 1 1 12 10 1 100 1 1 12 10 1 1 100 12 11 1 100 1 12 11 1 1 12 11 1 1 1 1 1 1 1 1 1 1 12 11 1 1 1 1 1 1 1 8 1 100 10 1 1 12 10 1 8 1 12 10 12 10 10 1 1 1 1 1 8 1 8 1 8 1 8 1 1 1 1 1 1 7 1 12 10 1 1 1 1 1 1 1 1 1
staticfield androidx/room/jarjarred/org/antlr/v4/runtime/misc/Array2DHashSet $assertionsDisabled Z 1
instanceKlass androidx/room/jarjarred/org/antlr/v4/runtime/atn/OrderedATNConfigSet$LexerConfigHashSet
instanceKlass androidx/room/jarjarred/org/antlr/v4/runtime/atn/ATNConfigSet$ConfigHashSet
ciInstanceKlass androidx/room/jarjarred/org/antlr/v4/runtime/atn/ATNConfigSet$AbstractConfigHashSet 1 1 56 1 7 1 1 7 1 1 100 1 1 1 1 1 12 10 1 1 1 1 1 1 10 1 1 1 1 1 1 7 1 1 1 1 1 7 1 1 1 1 12 10 1 12 10 1 12 10 1 1 1 1 1 1 1 1
ciInstanceKlass androidx/room/jarjarred/org/antlr/v4/runtime/atn/ATNConfigSet$ConfigHashSet 1 1 29 1 100 1 7 1 1 100 1 1 1 7 1 1 1 1 1 12 9 1 12 10 1 1 1 1 1 1 1
ciInstanceKlass androidx/room/jarjarred/org/antlr/v4/runtime/misc/EqualityComparator 1 0 15 1 100 1 1 100 1 1 1 1 1 1 1 1 1
instanceKlass androidx/room/jarjarred/org/antlr/v4/runtime/atn/PredictionMode$AltAndContextConfigEqualityComparator
instanceKlass androidx/room/jarjarred/org/antlr/v4/runtime/atn/ATNConfigSet$ConfigEqualityComparator
instanceKlass androidx/room/jarjarred/org/antlr/v4/runtime/misc/ObjectEqualityComparator
ciInstanceKlass androidx/room/jarjarred/org/antlr/v4/runtime/misc/AbstractEqualityComparator 1 1 22 1 100 1 1 7 1 100 1 1 1 12 10 1 1 1 1 1 1 1 1 1
ciInstanceKlass androidx/room/jarjarred/org/antlr/v4/runtime/misc/ObjectEqualityComparator 1 1 40 1 7 1 1 7 1 1 1 1 1 12 10 1 1 1 1 7 1 12 10 1 1 1 1 1 12 10 1 1 1 10 12 9 1 1 1 1 1 1
staticfield androidx/room/jarjarred/org/antlr/v4/runtime/misc/ObjectEqualityComparator INSTANCE Landroidx/room/jarjarred/org/antlr/v4/runtime/misc/ObjectEqualityComparator; androidx/room/jarjarred/org/antlr/v4/runtime/misc/ObjectEqualityComparator
ciInstanceKlass androidx/room/jarjarred/org/antlr/v4/runtime/atn/ATNConfigSet$ConfigEqualityComparator 1 1 69 1 7 1 1 7 1 1 100 1 1 1 1 1 12 10 1 1 1 1 7 1 1 12 9 1 7 1 1 12 9 1 12 9 1 1 12 9 1 7 1 12 10 1 1 1 1 1 12 10 1 1 1 12 10 1 12 10 1 10 12 9 1 1 1 1 1 1 1
staticfield androidx/room/jarjarred/org/antlr/v4/runtime/atn/ATNConfigSet$ConfigEqualityComparator INSTANCE Landroidx/room/jarjarred/org/antlr/v4/runtime/atn/ATNConfigSet$ConfigEqualityComparator; androidx/room/jarjarred/org/antlr/v4/runtime/atn/ATNConfigSet$ConfigEqualityComparator
ciInstanceKlass androidx/room/jarjarred/org/antlr/v4/runtime/TokenStream 1 0 19 1 100 1 100 1 100 1 1 1 1 1 1 1 1 1 1 1 1
instanceKlass androidx/room/parser/SQLiteParser$New_table_nameContext
instanceKlass androidx/room/parser/SQLiteParser$Trigger_nameContext
instanceKlass androidx/room/parser/SQLiteParser$Schema_nameContext
instanceKlass androidx/room/parser/SQLiteParser$Transaction_nameContext
instanceKlass androidx/room/parser/SQLiteParser$Table_functionContext
instanceKlass androidx/room/parser/SQLiteParser$Pragma_nameContext
instanceKlass androidx/room/parser/SQLiteParser$Savepoint_nameContext
instanceKlass androidx/room/parser/SQLiteParser$Module_nameContext
instanceKlass androidx/room/parser/SQLiteParser$Function_nameContext
instanceKlass androidx/room/parser/SQLiteParser$Column_name_listContext
instanceKlass androidx/room/parser/SQLiteParser$Collation_nameContext
instanceKlass androidx/room/parser/SQLiteParser$Column_aliasContext
instanceKlass androidx/room/parser/SQLiteParser$Error_messageContext
instanceKlass androidx/room/parser/SQLiteParser$Table_aliasContext
instanceKlass androidx/room/parser/SQLiteParser$Module_argumentContext
instanceKlass androidx/room/parser/SQLiteParser$Foreign_tableContext
instanceKlass androidx/room/parser/SQLiteParser$Create_index_stmtContext
instanceKlass androidx/room/parser/SQLiteParser$Release_stmtContext
instanceKlass androidx/room/parser/SQLiteParser$Join_clauseContext
instanceKlass androidx/room/parser/SQLiteParser$Select_stmtContext
instanceKlass androidx/room/parser/SQLiteParser$Create_table_stmtContext
instanceKlass androidx/room/parser/SQLiteParser$Alter_table_stmtContext
instanceKlass androidx/room/parser/SQLiteParser$Table_or_subqueryContext
instanceKlass androidx/room/parser/SQLiteParser$Select_or_valuesContext
instanceKlass androidx/room/parser/SQLiteParser$Update_stmtContext
instanceKlass androidx/room/parser/SQLiteParser$Foreign_key_clauseContext
instanceKlass androidx/room/parser/SQLiteParser$Binary_operatorContext
instanceKlass androidx/room/parser/SQLiteParser$Ordering_termContext
instanceKlass androidx/room/parser/SQLiteParser$Unary_operatorContext
instanceKlass androidx/room/parser/SQLiteParser$Create_view_stmtContext
instanceKlass androidx/room/parser/SQLiteParser$Boolean_literalContext
instanceKlass androidx/room/parser/SQLiteParser$Literal_valueContext
instanceKlass androidx/room/parser/SQLiteParser$Signed_numberContext
instanceKlass androidx/room/parser/SQLiteParser$Indexed_columnContext
instanceKlass androidx/room/parser/SQLiteParser$Compound_operatorContext
instanceKlass androidx/room/parser/SQLiteParser$Join_constraintContext
instanceKlass androidx/room/parser/SQLiteParser$Join_operatorContext
instanceKlass androidx/room/parser/SQLiteParser$Result_columnContext
instanceKlass androidx/room/parser/SQLiteParser$Pragma_valueContext
instanceKlass androidx/room/parser/SQLiteParser$Raise_functionContext
instanceKlass androidx/room/parser/SQLiteParser$Limit_clauseContext
instanceKlass androidx/room/parser/SQLiteParser$Order_clauseContext
instanceKlass androidx/room/parser/SQLiteParser$Table_constraintContext
instanceKlass androidx/room/parser/SQLiteParser$Vacuum_stmtContext
instanceKlass androidx/room/parser/SQLiteParser$Pragma_stmtContext
instanceKlass androidx/room/parser/SQLiteParser$Upsert_clauseContext
instanceKlass androidx/room/parser/SQLiteParser$Detach_stmtContext
instanceKlass androidx/room/parser/SQLiteParser$Drop_index_stmtContext
instanceKlass androidx/room/parser/SQLiteParser$With_clauseContext
instanceKlass androidx/room/parser/SQLiteParser$Delete_stmtContext
instanceKlass androidx/room/parser/SQLiteParser$Conflict_clauseContext
instanceKlass androidx/room/parser/SQLiteParser$Analyze_stmtContext
instanceKlass androidx/room/parser/SQLiteParser$Reindex_stmtContext
instanceKlass androidx/room/parser/SQLiteParser$Insert_stmtContext
instanceKlass androidx/room/parser/SQLiteParser$Drop_trigger_stmtContext
instanceKlass androidx/room/parser/SQLiteParser$Commit_stmtContext
instanceKlass androidx/room/parser/SQLiteParser$Attach_stmtContext
instanceKlass androidx/room/parser/SQLiteParser$Drop_view_stmtContext
instanceKlass androidx/room/parser/SQLiteParser$Column_constraintContext
instanceKlass androidx/room/parser/SQLiteParser$Savepoint_stmtContext
instanceKlass androidx/room/parser/SQLiteParser$Drop_table_stmtContext
instanceKlass androidx/room/parser/SQLiteParser$Rollback_stmtContext
instanceKlass androidx/room/parser/SQLiteParser$Index_nameContext
instanceKlass androidx/room/parser/SQLiteParser$Table_nameContext
instanceKlass androidx/room/parser/SQLiteParser$Column_defContext
instanceKlass androidx/room/parser/SQLiteParser$Begin_stmtContext
instanceKlass androidx/room/parser/SQLiteParser$Type_nameContext
instanceKlass androidx/room/parser/SQLiteParser$Sql_stmtContext
instanceKlass androidx/room/parser/SQLiteParser$View_nameContext
instanceKlass androidx/room/parser/SQLiteParser$Any_nameContext
instanceKlass androidx/room/parser/SQLiteParser$Table_or_index_nameContext
instanceKlass androidx/room/parser/SQLiteParser$Qualified_table_nameContext
instanceKlass androidx/room/parser/SQLiteParser$Common_table_expressionContext
instanceKlass androidx/room/parser/SQLiteParser$Comma_separated_exprContext
instanceKlass androidx/room/parser/SQLiteParser$Update_stmt_limitedContext
instanceKlass androidx/room/parser/SQLiteParser$Delete_stmt_limitedContext
instanceKlass androidx/room/parser/SQLiteParser$Create_trigger_stmtContext
instanceKlass androidx/room/parser/SQLiteParser$Create_virtual_table_stmtContext
instanceKlass androidx/room/parser/SQLiteParser$Sql_stmt_listContext
instanceKlass androidx/room/parser/SQLiteParser$Column_nameContext
instanceKlass androidx/room/parser/SQLiteParser$KeywordContext
instanceKlass androidx/room/parser/SQLiteParser$ExprContext
instanceKlass androidx/room/parser/SQLiteParser$ErrorContext
instanceKlass androidx/room/parser/SQLiteParser$ParseContext
instanceKlass androidx/room/parser/SQLiteParser$NameContext
ciInstanceKlass androidx/room/jarjarred/org/antlr/v4/runtime/ParserRuleContext 1 1 267 1 7 1 7 1 1 1 1 1 1 1 1 1 1 1 1 1 12 10 1 1 1 1 1 12 9 1 1 12 9 12 9 12 9 12 9 1 7 10 1 7 1 1 12 11 1 7 1 1 12 11 1 1 12 11 1 7 1 100 1 1 12 10 1 1 1 1 1 12 10 1 1 1 1 1 1 1 1 1 1 1 12 11 1 1 1 12 10 1 1 7 1 1 12 11 1 1 1 11 1 1 1 1 1 100 1 12 10 10 1 1 1 1 100 10 10 1 1 1 1 1 12 11 1 1 12 11 1 1 1 12 10 1 1 1 12 11 1 1 1 1 7 1 12 10 1 1 12 10 1 1 1 1 1 1 1 1 1 12 11 1 7 1 12 11 1 1 1 1 1 1 1 100 1 1 12 10 1 1 1 1 1 12 10 1 1 1 1 1 1 1 1 1 100 1 1 12 9 1 12 11 1 1 12 10 1 1 1 1 1 100 1 1 12 10 1 1 12 10 1 100 10 1 8 1 1 12 10 1 12 10 1 8 1 8 1 12 10 1 1 12 10 1 1 1 1 12 10 1 1 12 10 1 1 10 12 9 1 1 1 1 1 1 1 1 1
staticfield androidx/room/jarjarred/org/antlr/v4/runtime/ParserRuleContext EMPTY Landroidx/room/jarjarred/org/antlr/v4/runtime/ParserRuleContext; androidx/room/jarjarred/org/antlr/v4/runtime/ParserRuleContext
instanceKlass androidx/room/jarjarred/org/antlr/v4/runtime/atn/ProfilingATNSimulator
ciInstanceKlass androidx/room/jarjarred/org/antlr/v4/runtime/atn/ParserATNSimulator 1 1 1020 1 7 1 7 1 1 7 1 7 1 7 1 1 7 1 7 1 1 100 1 1 100 1 1 1 3 1 1 1 1 1 1 1 1 1 1 1 1 1 1 1 1 1 1 1 1 1 1 1 1 1 12 10 1 1 1 1 1 1 1 12 10 1 7 1 12 9 12 9 12 9 12 9 1 1 1 1 7 12 9 1 7 1 1 12 10 1 12 10 1 1 1 12 9 1 7 1 1 12 11 12 9 12 9 12 9 1 12 11 1 1 12 10 1 7 1 12 10 1 1 12 10 1 1 12 9 1 7 1 12 9 1 1 12 9 1 1 12 10 1 1 12 9 1 1 12 10 1 12 10 1 1 12 10 1 1 12 10 1 7 1 1 12 10 12 9 1 1 12 11 1 12 11 1 100 1 1 1 1 1 1 1 1 1 1 12 11 1 1 12 10 1 1 12 10 1 12 9 1 1 12 10 1 1 12 10 1 100 1 12 9 1 12 9 1 1 12 9 1 1 12 9 1 7 1 1 12 10 1 12 10 1 12 10 1 1 12 10 1 1 12 10 1 12 9 1 12 9 1 1 12 10 1 12 11 1 1 1 1 1 1 1 1 1 1 1 12 9 100 1 1 12 10 1 1 12 10 1 1 12 10 1 12 9 1 1 12 10 1 1 12 10 1 12 9 12 9 1 1 12 10 1 1 1 7 1 12 10 1 12 10 1 1 12 10 1 1 12 10 1 100 1 1 1 1 1 1 1 12 10 1 100 1 12 9 1 1 12 10 1 1 12 10 1 12 10 1 12 10 1 1 12 10 1 1 12 10 1 1 1 1 1 1 7 12 10 1 12 10 1 1 12 10 1 7 1 7 1 12 11 1 1 12 11 1 7 1 1 12 9 1 7 12 9 1 1 12 9 1 7 1 12 10 1 100 10 1 7 10 1 1 12 11 1 7 10 1 1 12 10 1 1 12 10 1 12 10 1 12 10 1 12 10 1 7 10 1 7 1 1 12 10 1 1 12 10 1 1 12 10 11 11 10 1 1 1 1 1 1 1 1 1 1 1 1 1 1 1 1 12 10 12 9 1 12 10 1 1 12 10 1 100 1 1 12 10 1 1 12 9 1 12 9 1 1 1 1 1 1 1 12 10 1 7 12 9 1 12 10 1 1 1 1 1 1 7 10 1 7 12 9 1 1 12 9 1 1 12 10 1 12 9 1 7 1 1 12 10 1 1 12 11 1 12 10 1 12 10 1 1 12 11 1 12 10 1 1 1 1 1 1 12 9 1 1 12 10 1 12 10 1 1 12 10 1 1 12 9 1 1 1 12 10 1 1 12 11 7 1 1 1 1 1 1 12 10 1 100 1 1 12 9 1 12 9 1 12 10 1 1 1 1 1 1 12 10 1 12 10 1 12 10 12 10 10 1 12 10 1 1 12 10 1 12 10 1 12 10 1 1 1 10 12 9 9 1 12 10 1 1 1 1 1 1 1 12 10 1 1 1 1 12 10 1 12 9 1 1 1 10 1 12 10 3 1 100 1 12 9 1 12 10 1 12 10 1 12 9 1 12 11 1 1 12 10 1 12 10 1 12 9 3 1 1 1 1 12 10 1 7 1 1 12 10 1 100 1 12 10 9 1 12 10 11 1 12 10 1 7 1 1 12 9 1 12 10 1 7 1 12 9 1 100 1 1 12 9 1 100 9 1 1 1 1 1 1 1 1 1 1 1 12 10 1 100 10 1 8 1 1 12 10 1 12 10 1 8 1 1 12 10 1 12 10 1 1 12 10 1 7 1 1 12 10 1 100 1 1 12 10 1 1 12 10 1 9 1 1 1 12 10 9 1 12 10 1 12 10 1 1 1 1 1 1 12 9 1 12 10 9 1 1 12 9 1 7 1 1 12 10 9 1 1 12 10 1 1 1 8 1 1 12 10 1 100 1 1 12 9 1 100 1 12 11 12 10 1 100 10 1 8 1 1 1 1 1 1 12 10 1 1 1 100 1 1 12 9 1 8 1 100 1 1 12 10 1 1 12 10 1 8 1 100 1 8 1 12 9 1 100 1 100 1 8 1 8 1 8 12 9 10 1 12 10 1 8 1 1 1 1 1 1 1 12 11 1 12 11 1 12 10 1 100 1 1 12 9 11 9 1 12 10 1 1 12 10 1 12 10 1 1 1 12 10 1 7 1 12 11 1 12 11 1 12 11 1 1 1 1 1 1 1 1 1 1 100 12 10 1 7 1 1 12 10 1 1 1 7 1 12 10 8 12 10 1 7 1 1 12 10 1 1 1 1 1 1 1 1 1
staticfield androidx/room/jarjarred/org/antlr/v4/runtime/atn/ParserATNSimulator TURN_OFF_LR_LOOP_ENTRY_BRANCH_OPT Z 0
staticfield androidx/room/jarjarred/org/antlr/v4/runtime/atn/ParserATNSimulator $assertionsDisabled Z 1
instanceKlass androidx/room/jarjarred/org/antlr/v4/runtime/atn/SemanticContext$Operator
instanceKlass androidx/room/jarjarred/org/antlr/v4/runtime/atn/SemanticContext$Empty
instanceKlass androidx/room/jarjarred/org/antlr/v4/runtime/atn/SemanticContext$Predicate
instanceKlass androidx/room/jarjarred/org/antlr/v4/runtime/atn/SemanticContext$PrecedencePredicate
ciInstanceKlass androidx/room/jarjarred/org/antlr/v4/runtime/atn/SemanticContext 1 1 117 1 100 1 7 1 1 100 1 1 100 1 1 100 1 1 100 1 1 100 1 1 7 1 1 1 12 10 1 1 1 1 1 1 1 1 1 1 1 1 1 1 1 1 1 12 9 1 12 10 1 1 12 9 1 1 1 1 1 10 9 1 1 1 1 1 100 1 1 12 11 1 100 1 100 1 1 12 11 1 1 12 11 10 1 1 12 10 1 12 11 1 100 1 1 12 10 1 1 1 1 1 1 1 1 1 12 10 1 1 1 1 1 1 1 1 1
ciInstanceKlass androidx/room/jarjarred/org/antlr/v4/runtime/atn/SemanticContext$PrecedencePredicate 1 1 84 1 7 1 1 7 1 100 1 1 1 7 1 1 1 1 1 12 10 12 9 1 1 1 1 1 1 1 7 1 1 12 10 1 1 1 1 1 1 1 1 1 1 12 9 1 1 1 1 1 1 1 1 1 1 1 1 1 100 10 1 8 1 1 12 10 1 12 10 1 8 12 10 1 12 10 1 1 1 1 1 1 1 1
ciInstanceKlass androidx/room/jarjarred/org/antlr/v4/runtime/atn/SemanticContext$Empty 1 1 33 1 7 1 7 1 1 1 1 1 1 12 10 1 1 1 1 1 1 1 1 1 1 10 12 9 1 1 1 1 1 1 1
staticfield androidx/room/jarjarred/org/antlr/v4/runtime/atn/SemanticContext$Empty Instance Landroidx/room/jarjarred/org/antlr/v4/runtime/atn/SemanticContext$Empty; androidx/room/jarjarred/org/antlr/v4/runtime/atn/SemanticContext$Empty
ciInstanceKlass androidx/room/jarjarred/org/antlr/v4/runtime/atn/ArrayPredictionContext 1 1 125 1 7 1 7 1 1 1 1 1 1 1 1 1 1 7 1 1 12 9 1 1 12 9 1 12 10 1 1 1 1 1 1 12 10 1 12 10 12 9 100 100 1 100 1 12 10 12 9 12 9 1 1 3 1 1 1 1 1 1 1 1 1 1 12 10 1 7 10 1 7 1 12 10 1 12 10 1 1 1 1 12 10 1 8 1 100 10 1 8 1 1 12 10 1 8 1 8 1 12 10 1 12 10 12 10 1 8 1 8 10 1 1 1 1 1 7 1 12 10 1 1 1 1 1
staticfield androidx/room/jarjarred/org/antlr/v4/runtime/atn/ArrayPredictionContext $assertionsDisabled Z 1
ciInstanceKlass androidx/room/jarjarred/org/antlr/v4/runtime/misc/MurmurHash 1 1 65 1 7 1 7 1 1 1 3 1 1 1 12 10 1 1 1 3 3 3 1 1 1 1 1 1 1 1 1 1 1 12 10 12 10 1 1 3 3 1 1 1 1 100 12 10 12 10 1 1 1 1 1 12 10 1 1 1 1 1 1 1 1 1 1
ciInstanceKlass androidx/room/jarjarred/org/antlr/v4/runtime/atn/OrderedATNConfigSet$LexerConfigHashSet 1 1 30 1 100 1 7 1 1 100 1 1 100 1 1 1 1 7 1 1 12 9 1 12 10 1 1 1 1 1 1 1
ciInstanceKlass androidx/room/jarjarred/org/antlr/v4/runtime/misc/DoubleKeyMap 1 1 67 1 7 1 1 7 1 1 1 1 1 1 12 10 1 7 10 12 9 1 1 1 1 1 1 1 7 1 1 12 11 1 12 11 1 1 1 1 1 1 1 1 1 1 1 1 1 1 1 1 1 12 11 1 1 1 12 11 1 1 1 1 1 1 1 1 1
ciMethod java/lang/Object <init> ()V 1024 0 1120317 0 128
ciMethod java/lang/Object getClass ()Ljava/lang/Class; 256 0 128 0 -1
ciMethod java/lang/Object hashCode ()I 256 0 128 0 -1
ciMethod java/lang/Object equals (Ljava/lang/Object;)Z 512 0 10620 0 88
ciMethod jdk/internal/misc/Unsafe getAndAddInt (Ljava/lang/Object;JI)I 512 0 1226 0 -1
ciMethod java/util/List size ()I 0 0 1 0 -1
ciMethod java/util/List get (I)Ljava/lang/Object; 0 0 1 0 -1
ciMethod java/util/ArrayList grow (I)[Ljava/lang/Object; 76 0 11605 0 1560
ciMethod java/util/ArrayList grow ()[Ljava/lang/Object; 76 0 1925 0 0
ciMethod java/util/ArrayList size ()I 256 0 128 0 0
ciMethod java/util/ArrayList elementData (I)Ljava/lang/Object; 512 0 104353 0 0
ciMethod java/util/ArrayList get (I)Ljava/lang/Object; 512 0 91340 0 192
ciMethod java/util/ArrayList add (Ljava/lang/Object;[Ljava/lang/Object;I)V 510 0 35336 0 0
ciMethod java/util/ArrayList add (Ljava/lang/Object;)Z 512 0 35336 0 480
ciMethod java/util/Set add (Ljava/lang/Object;)Z 0 0 1 0 -1
ciMethod java/util/Objects checkIndex (II)I 512 0 106846 0 -1
ciMethod java/lang/Math max (II)I 590 0 81925 0 -1
ciMethod java/util/HashMap hash (Ljava/lang/Object;)I 764 0 40624 0 200
ciMethod java/util/HashMap put (Ljava/lang/Object;Ljava/lang/Object;)Ljava/lang/Object; 1024 0 12473 0 0
ciMethod java/util/HashMap putVal (ILjava/lang/Object;Ljava/lang/Object;ZZ)Ljava/lang/Object; 538 26 16725 0 0
ciMethod java/util/HashMap resize ()[Ljava/util/HashMap$Node; 70 388 1710 0 2928
ciMethod java/util/HashMap treeifyBin ([Ljava/util/HashMap$Node;I)V 0 0 1 0 -1
ciMethod java/util/HashMap removeNode (ILjava/lang/Object;Ljava/lang/Object;ZZ)Ljava/util/HashMap$Node; 512 2 682 0 -1
ciMethod java/util/HashMap newNode (ILjava/lang/Object;Ljava/lang/Object;Ljava/util/HashMap$Node;)Ljava/util/HashMap$Node; 602 0 5618 0 224
ciMethod java/util/HashMap afterNodeAccess (Ljava/util/HashMap$Node;)V 22 0 1035 0 80
ciMethod java/util/HashMap afterNodeInsertion (Z)V 706 0 1377 0 80
ciMethod jdk/internal/util/ArraysSupport newLength (III)I 540 0 10969 0 0
ciMethod jdk/internal/util/ArraysSupport hugeLength (II)I 0 0 1 0 -1
ciMethod java/util/HashMap$Node <init> (ILjava/lang/Object;Ljava/lang/Object;Ljava/util/HashMap$Node;)V 1024 0 18193 0 0
ciMethod java/util/HashMap$TreeNode putTreeVal (Ljava/util/HashMap;[Ljava/util/HashMap$Node;ILjava/lang/Object;Ljava/lang/Object;)Ljava/util/HashMap$TreeNode; 0 0 1 0 -1
ciMethod java/util/HashMap$TreeNode split (Ljava/util/HashMap;[Ljava/util/HashMap$Node;II)V 0 0 1 0 -1
ciMethod java/util/LinkedHashMap$Entry <init> (ILjava/lang/Object;Ljava/lang/Object;Ljava/util/HashMap$Node;)V 596 0 12575 0 728
ciMethod jdk/internal/util/Preconditions checkIndex (IILjava/util/function/BiFunction;)I 512 0 4824 0 -1
ciMethod java/util/Arrays copyOf ([Ljava/lang/Object;I)[Ljava/lang/Object; 166 0 10298 0 680
ciMethod java/util/Arrays copyOf ([Ljava/lang/Object;ILjava/lang/Class;)[Ljava/lang/Object; 332 0 5461 0 -1
ciMethod java/util/Arrays copyOf ([II)[I 50 0 685 0 -1
ciMethod java/util/concurrent/atomic/AtomicInteger getAndIncrement ()I 510 0 1342 0 88
ciMethodData java/lang/Object <init> ()V 2 1119805 orig 80 1 0 0 0 0 0 0 0 0 0 0 0 0 0 0 0 0 0 0 0 0 0 0 0 0 0 0 0 0 0 0 0 0 0 0 0 0 0 0 0 0 0 0 0 0 0 0 0 0 0 0 0 0 0 0 0 0 0 0 0 0 0 0 0 0 0 0 0 0 0 0 0 0 0 0 0 0 0 0 0 data 4 0x0 0x9 0x1 0x0 oops 0 methods 0
ciMethod java/util/HashSet add (Ljava/lang/Object;)Z 768 0 22579 0 0
ciMethodData java/util/HashMap hash (Ljava/lang/Object;)I 2 40242 orig 80 1 0 0 0 1 0 0 0 0 0 0 0 104 2 0 0 0 0 0 0 0 0 0 0 0 0 0 0 0 0 0 0 0 0 0 0 0 0 0 3 0 0 0 0 0 0 0 0 0 0 0 0 0 0 0 0 0 0 0 0 0 0 0 0 0 0 0 0 0 0 0 0 0 0 0 0 0 0 0 0 data 23 0x8000000600010007 0x9d1a 0x38 0x1b 0x50003 0x1b 0x50 0x90005 0x6276 0x0 0x268ae0954e8 0x3957 0x268ae096d58 0x14d 0x0 0x0 0x0 0x0 0x0 0x0 0x9 0x1 0xffffffffffffffff oops 2 10 java/lang/String 12 java/lang/Module methods 0
ciMethodData java/util/HashMap putVal (ILjava/lang/Object;Ljava/lang/Object;ZZ)Ljava/lang/Object; 2 16456 orig 80 2 0 0 0 3 0 0 0 0 0 0 0 104 2 0 0 0 0 0 0 7 0 0 0 0 0 0 0 0 0 0 0 0 0 0 0 0 0 0 5 0 0 0 0 0 0 0 0 0 0 0 0 0 0 0 0 0 0 0 0 0 0 0 0 0 0 0 0 0 0 0 0 0 0 0 0 0 0 0 0 data 198 0x70007 0xd00 0x40 0x3348 0x100007 0x3348 0x58 0x0 0x140005 0xd00 0x0 0x0 0x0 0x0 0x0 0x2c0007 0x11a3 0xa8 0x2ea5 0x380005 0x1e 0x0 0x268b20dfdb0 0xd79 0x268b20e0778 0x210e 0x3b0004 0x0 0x0 0x268af5604b0 0xd97 0x268b202a388 0x210e 0x3c0003 0x2ea5 0x410 0x450007 0xda2 0xd0 0x401 0x510007 0xb5 0x98 0x34c 0x550007 0x0 0x90 0x34c 0x80000004005b0005 0xe6 0x0 0x268ae0954e8 0x265 0x268b202a438 0x5 0x80000006005e0007 0x14 0x38 0x33e 0x650003 0x3f3 0x2a8 0x6a0004 0xfffffffffffff24a 0x0 0x268af5604b0 0x69 0x268b202a388 0x18 0x6d0007 0xdb6 0xa8 0x0 0x720004 0x0 0x0 0x0 0x0 0x0 0x0 0x7b0005 0x0 0x0 0x0 0x0 0x0 0x0 0x800003 0x0 0x1c8 0x8e0007 0x2fd 0xc8 0xc8d 0x980005 0xf 0x0 0x268b20dfdb0 0x4a4 0x268b20e0778 0x7da 0xa20007 0xc8d 0x158 0x0 0xa90005 0x0 0x0 0x0 0x0 0x0 0x0 0xac0003 0x0 0x100 0xb50007 0x1cb 0xd0 0x132 0x8000000600c10007 0x3 0xc8 0x130 0xc50007 0x0 0x90 0x130 0x8000000400cb0005 0x7a 0x0 0x268ae0954e8 0xb7 0x268b202a4e8 0x2 0x8000000600ce0007 0x9 0x38 0x12c 0xd10003 0x12c 0x30 0xdb0003 0x1d4 0xfffffffffffffe68 0xe00007 0xc8d 0x98 0x522 0xec0007 0x522 0x40 0x0 0xf10007 0x0 0x20 0x0 0xfd0005 0x0 0x0 0x268b20dfdb0 0x1d3 0x268b20e0778 0x34f 0x11c0007 0x3a43 0x58 0xef 0x1200005 0xef 0x0 0x0 0x0 0x0 0x0 0x1270005 0x2d 0x0 0x268b20dfdb0 0x121d 0x268b20e0778 0x28e8 0x0 0x0 0x0 0x0 0x0 0x0 0x0 0x0 0x0 0x9 0x6 0x0 0x0 0x0 0x0 0x0 0x0 oops 16 22 java/util/HashMap 24 java/util/LinkedHashMap 29 java/util/HashMap$Node 31 java/util/LinkedHashMap$Entry 51 java/lang/String 53 org/jetbrains/kotlin/name/FqName 65 java/util/HashMap$Node 67 java/util/LinkedHashMap$Entry 97 java/util/HashMap 99 java/util/LinkedHashMap 130 java/lang/String 132 sun/reflect/generics/reflectiveObjects/ParameterizedTypeImpl 159 java/util/HashMap 161 java/util/LinkedHashMap 177 java/util/HashMap 179 java/util/LinkedHashMap methods 0
ciMethodData java/util/HashMap resize ()[Ljava/util/HashMap$Node; 2 1675 orig 80 0 0 0 0 0 0 0 0 0 0 0 0 104 2 0 0 0 0 0 0 0 0 0 0 0 0 0 0 0 0 0 0 0 0 0 0 0 0 0 0 0 0 0 0 0 0 0 0 0 0 0 0 0 0 0 0 0 0 0 0 0 0 0 0 0 0 0 0 0 0 0 0 0 0 0 0 0 0 0 0 data 171 0x60007 0x121 0x38 0x56a 0xa0003 0x56a 0x18 0x190007 0x56a 0x98 0x121 0x1f0007 0x121 0x20 0x0 0x320007 0x0 0x90 0x121 0x380007 0x83 0x70 0x9e 0x400003 0x9e 0x50 0x440007 0x263 0x38 0x307 0x4a0003 0x307 0x18 0x570007 0x301 0x78 0x38a 0x680007 0x0 0x58 0x38a 0x700007 0x0 0x38 0x38a 0x760003 0x38a 0x18 0x910007 0x56a 0x378 0x121 0x9a0007 0x121 0x358 0x4ddb 0xa40007 0x2458 0x320 0x2983 0xab0104 0x0 0x0 0x0 0x0 0x0 0x0 0xb10007 0xe15 0x70 0x1b6e 0xc20004 0x0 0x0 0x268af5604b0 0x1ab6 0x268b202a388 0xb8 0xc30003 0x1b6e 0x270 0xc80004 0xfffffffffffff1eb 0x0 0x268af5604b0 0x5c 0x0 0x0 0xcb0007 0xe15 0xa8 0x0 0xd00004 0x0 0x0 0x0 0x0 0x0 0x0 0xd90005 0x0 0x0 0x0 0x0 0x0 0x0 0xdc0003 0x0 0x190 0xf90007 0xf9a 0x70 0x1041 0xfe0007 0x52f 0x38 0xb12 0x1050003 0xb12 0x18 0x1130003 0x1041 0x50 0x1180007 0x4cb 0x38 0xacf 0x11f0003 0xacf 0x18 0x1320007 0x11c6 0xffffffffffffff58 0xe15 0x1370007 0x303 0x58 0xb12 0x1460004 0x0 0x0 0x268af5604b0 0xa6a 0x268b202a388 0xa8 0x1490007 0x346 0x58 0xacf 0x15a0004 0x0 0x0 0x268af5604b0 0xa99 0x268b202a388 0x36 0x15e0003 0x4ddb 0xfffffffffffffcc0 0x0 0x0 0x0 0x0 0x0 0x0 0x0 0x0 0x0 0x9 0x1 0x0 oops 7 74 java/util/HashMap$Node 76 java/util/LinkedHashMap$Entry 84 java/util/HashMap$Node 141 java/util/HashMap$Node 143 java/util/LinkedHashMap$Entry 152 java/util/HashMap$Node 154 java/util/LinkedHashMap$Entry methods 0
ciMethodData java/util/HashMap newNode (ILjava/lang/Object;Ljava/lang/Object;Ljava/util/HashMap$Node;)Ljava/util/HashMap$Node; 2 5317 orig 80 0 0 0 0 0 0 0 0 0 0 0 0 104 2 0 0 0 0 0 0 0 0 0 0 0 0 0 0 0 0 0 0 0 0 0 0 0 0 0 0 0 0 0 0 0 0 0 0 0 0 0 0 0 0 0 0 0 0 0 0 0 0 0 0 0 0 0 0 0 0 0 0 0 0 0 0 0 0 0 0 data 11 0x90002 0x14c5 0x0 0x0 0x9 0x5 0x0 0x0 0x0 0x0 0x0 oops 0 methods 0
ciMethodData java/util/HashMap afterNodeAccess (Ljava/util/HashMap$Node;)V 2 1024 orig 80 0 0 0 0 0 0 0 0 0 0 0 0 104 2 0 0 0 0 0 0 0 0 0 0 0 0 0 0 0 0 0 0 0 0 0 0 0 0 0 0 0 0 0 0 0 0 0 0 0 0 0 0 0 0 0 0 0 0 0 0 0 0 0 0 0 0 0 0 0 0 0 0 0 0 0 0 0 0 0 0 data 5 0x0 0x9 0x2 0x0 0x0 oops 0 methods 0
ciMethodData java/util/HashMap afterNodeInsertion (Z)V 2 1024 orig 80 0 0 0 0 0 0 0 0 0 0 0 0 104 2 0 0 0 0 0 0 0 0 0 0 0 0 0 0 0 0 0 0 0 0 0 0 0 0 0 0 0 0 0 0 0 0 0 0 0 0 0 0 0 0 0 0 0 0 0 0 0 0 0 0 0 0 0 0 0 0 0 0 0 0 0 0 0 0 0 0 data 5 0x0 0x9 0x2 0x0 0x0 oops 0 methods 0
ciMethodData java/util/HashMap$Node <init> (ILjava/lang/Object;Ljava/lang/Object;Ljava/util/HashMap$Node;)V 2 17681 orig 80 0 0 0 0 0 0 0 0 0 0 0 0 0 0 0 0 0 0 0 0 0 0 0 0 0 0 0 0 0 0 0 0 0 0 0 0 0 0 0 0 0 0 0 0 0 0 0 0 0 0 0 0 0 0 0 0 0 0 0 0 0 0 0 0 0 0 0 0 0 0 0 0 0 0 0 0 0 0 0 0 data 13 0x10002 0x4512 0x0 0x0 0x0 0x0 0x9 0x5 0xe 0x0 0x0 0x0 0x0 oops 0 methods 0
ciMethodData java/util/HashMap put (Ljava/lang/Object;Ljava/lang/Object;)Ljava/lang/Object; 2 11961 orig 80 4 0 0 0 0 0 0 0 0 0 0 0 0 0 0 0 0 0 0 0 0 0 0 0 0 0 0 0 0 0 0 0 0 0 0 0 0 0 0 0 0 0 0 0 0 0 0 0 0 0 0 0 0 0 0 0 0 0 0 0 0 0 0 0 0 0 0 0 0 0 0 0 0 0 0 0 0 0 0 0 data 20 0x20002 0x2eba 0x90005 0x2eba 0x0 0x0 0x0 0x0 0x0 0x0 0x0 0x0 0x0 0x0 0x0 0x9 0x3 0xffffffffffffffff 0xffffffffffffffff 0xffffffffffffffff oops 0 methods 0
ciMethod java/util/LinkedHashMap linkNodeAtEnd (Ljava/util/LinkedHashMap$Entry;)V 596 0 12575 0 976
ciMethod java/util/LinkedHashMap newNode (ILjava/lang/Object;Ljava/lang/Object;Ljava/util/HashMap$Node;)Ljava/util/HashMap$Node; 586 0 12575 0 1120
ciMethod java/util/LinkedHashMap afterNodeInsertion (Z)V 1024 0 13027 0 104
ciMethod java/util/LinkedHashMap afterNodeAccess (Ljava/util/HashMap$Node;)V 0 0 5123 0 200
ciMethod java/util/LinkedHashMap removeEldestEntry (Ljava/util/Map$Entry;)Z 256 0 10995 0 0
ciMethod java/lang/AssertionError <init> ()V 0 0 1 0 -1
ciMethodData jdk/internal/util/ArraysSupport newLength (III)I 2 10699 orig 80 0 0 0 0 0 0 0 0 0 0 0 0 104 2 0 0 0 0 0 0 0 0 0 0 0 0 0 0 0 0 0 0 0 0 0 0 0 0 0 0 0 0 0 0 0 0 0 0 0 0 0 0 0 0 0 0 0 0 0 0 0 0 0 0 0 0 0 0 0 0 0 0 0 0 0 0 0 0 0 0 data 23 0x30002 0x29cb 0xa0007 0x0 0x40 0x29cb 0x100007 0x0 0x20 0x29cb 0x170002 0x0 0x0 0x0 0x0 0x0 0x0 0x0 0x9 0x3 0x0 0x0 0x0 oops 0 methods 0
ciMethodData java/util/ArrayList add (Ljava/lang/Object;)Z 2 35080 orig 80 0 0 0 0 0 0 0 0 0 0 0 0 104 2 0 0 0 0 0 0 0 0 0 0 0 0 0 0 0 0 0 0 0 0 0 0 0 0 0 0 0 0 0 0 0 0 0 0 0 0 0 0 0 0 0 0 0 0 0 0 0 0 0 0 0 0 0 0 0 0 0 0 0 0 0 0 0 0 0 0 data 17 0x140005 0x8908 0x0 0x0 0x0 0x0 0x0 0x0 0x0 0x0 0x0 0x0 0x0 0x9 0x2 0xe 0x0 oops 0 methods 0
ciMethodData java/util/ArrayList add (Ljava/lang/Object;[Ljava/lang/Object;I)V 2 35081 orig 80 0 0 0 0 0 0 0 0 0 0 0 0 104 2 0 0 0 0 0 0 0 0 0 0 0 0 0 0 0 0 0 0 0 0 0 0 0 0 0 0 0 0 0 0 0 0 0 0 0 0 0 0 0 0 0 0 0 0 0 0 0 0 0 0 0 0 0 0 0 0 0 0 0 0 0 0 0 0 0 0 data 30 0x30007 0x828f 0x58 0x67a 0x70005 0x67a 0x0 0x0 0x0 0x0 0x0 0xe0004 0x0 0x0 0x268ae0954e8 0x2000 0x268ae095578 0x1236 0x0 0x0 0x0 0x0 0x0 0x0 0x9 0x4 0xc 0x0 0xffffffffffffffff 0x0 oops 2 14 java/lang/String 16 java/lang/Class methods 0
ciMethodData java/util/ArrayList grow ()[Ljava/lang/Object; 2 1887 orig 80 0 0 0 0 0 0 0 0 0 0 0 0 104 2 0 0 0 0 0 0 0 0 0 0 0 0 0 0 0 0 0 0 0 0 0 0 0 0 0 0 0 0 0 0 0 0 0 0 0 0 0 0 0 0 0 0 0 0 0 0 0 0 0 0 0 0 0 0 0 0 0 0 0 0 0 0 0 0 0 0 data 16 0x70005 0x75f 0x0 0x0 0x0 0x0 0x0 0x0 0x0 0x0 0x0 0x0 0x0 0x9 0x1 0xc oops 0 methods 0
ciMethodData java/util/ArrayList grow (I)[Ljava/lang/Object; 2 11567 orig 80 1 0 0 0 0 0 0 0 0 0 0 0 104 2 0 0 0 0 0 0 0 0 0 0 0 0 0 0 0 0 0 0 0 0 0 0 0 0 0 1 0 0 0 0 0 0 0 0 0 0 0 0 0 0 0 0 0 0 0 0 0 0 0 0 0 0 0 0 0 0 0 0 0 0 0 0 0 0 0 0 data 24 0x70007 0xbe4 0x40 0x214b 0x8000000600110007 0x2148 0x40 0x4 0x1b0002 0xbe8 0x250002 0xbe8 0x310002 0x2148 0x0 0x0 0x0 0x0 0x0 0x0 0x9 0x2 0xc 0x0 oops 0 methods 0
ciMethodData java/util/ArrayList get (I)Ljava/lang/Object; 2 91084 orig 80 0 0 0 0 0 0 0 0 0 0 0 0 104 2 0 0 0 0 0 0 0 0 0 0 0 0 0 0 0 0 0 0 0 0 0 0 0 0 0 0 0 0 0 0 0 0 0 0 0 0 0 0 0 0 0 0 0 0 0 0 0 0 0 0 0 0 0 0 0 0 0 0 0 0 0 0 0 0 0 0 data 19 0x50002 0x163cc 0xb0005 0x13ccd 0x0 0x268ae098f48 0x26e9 0x268b15a36f0 0x16 0x0 0x0 0x0 0x0 0x0 0x0 0x9 0x2 0x0 0x0 oops 2 5 java/util/ArrayList 7 org/jetbrains/kotlin/config/MavenComparableVersion$ListItem methods 0
ciMethodData java/util/Objects checkIndex (II)I 2 106590 orig 80 0 0 0 0 0 0 0 0 0 0 0 0 104 2 0 0 0 0 0 0 0 0 0 0 0 0 0 0 0 0 0 0 0 0 0 0 0 0 0 0 0 0 0 0 0 0 0 0 0 0 0 0 0 0 0 0 0 0 0 0 0 0 0 0 0 0 0 0 0 0 0 0 0 0 0 0 0 0 0 0 data 12 0x30002 0x1a05e 0x0 0x0 0x0 0x0 0x0 0x0 0x9 0x2 0x0 0x0 oops 0 methods 0
ciMethodData java/util/ArrayList elementData (I)Ljava/lang/Object; 2 104097 orig 80 0 0 0 0 0 0 0 0 0 0 0 0 104 2 0 0 0 0 0 0 0 0 0 0 0 0 0 0 0 0 0 0 0 0 0 0 0 0 0 0 0 0 0 0 0 0 0 0 0 0 0 0 0 0 0 0 0 0 0 0 0 0 0 0 0 0 0 0 0 0 0 0 0 0 0 0 0 0 0 0 data 8 0x0 0x0 0x0 0x0 0x9 0x2 0x0 0x0 oops 0 methods 0
ciMethodData java/util/HashSet add (Ljava/lang/Object;)Z 2 22195 orig 80 2 0 0 0 0 0 0 0 0 0 0 0 104 2 0 0 0 0 0 0 0 0 0 0 0 0 0 0 0 0 0 0 0 0 0 0 0 0 0 0 0 0 0 0 0 0 0 0 0 0 0 0 0 0 0 0 0 0 0 0 0 0 0 0 0 0 0 0 0 0 0 0 0 0 0 0 0 0 0 0 data 24 0x80005 0x0 0x0 0x268b20dfdb0 0x2415 0x268b20e0778 0x329e 0xb0007 0xb61 0x38 0x4b55 0xf0003 0x4b55 0x18 0x0 0x0 0x0 0x0 0x0 0x0 0x9 0x2 0x0 0x0 oops 2 3 java/util/HashMap 5 java/util/LinkedHashMap methods 0
ciMethodData java/util/LinkedHashMap newNode (ILjava/lang/Object;Ljava/lang/Object;Ljava/util/HashMap$Node;)Ljava/util/HashMap$Node; 2 12282 orig 80 0 0 0 0 0 0 0 0 0 0 0 0 104 2 0 0 0 0 0 0 0 0 0 0 0 0 0 0 0 0 0 0 0 0 0 0 0 0 0 0 0 0 0 0 0 0 0 0 0 0 0 0 0 0 0 0 0 0 0 0 0 0 0 0 0 0 0 0 0 0 0 0 0 0 0 0 0 0 0 0 data 22 0x90002 0x2ffa 0x110005 0x2ffa 0x0 0x0 0x0 0x0 0x0 0x0 0x0 0x0 0x0 0x0 0x0 0x9 0x5 0xc0 0x0 0x0 0x0 0x0 oops 0 methods 0
ciMethodData java/util/LinkedHashMap$Entry <init> (ILjava/lang/Object;Ljava/lang/Object;Ljava/util/HashMap$Node;)V 2 12277 orig 80 0 0 0 0 0 0 0 0 0 0 0 0 104 2 0 0 0 0 0 0 0 0 0 0 0 0 0 0 0 0 0 0 0 0 0 0 0 0 0 0 0 0 0 0 0 0 0 0 0 0 0 0 0 0 0 0 0 0 0 0 0 0 0 0 0 0 0 0 0 0 0 0 0 0 0 0 0 0 0 0 data 11 0x60002 0x2ff5 0x0 0x0 0x9 0x5 0xe 0x0 0x0 0x0 0x0 oops 0 methods 0
ciMethodData java/util/LinkedHashMap linkNodeAtEnd (Ljava/util/LinkedHashMap$Entry;)V 2 12277 orig 80 0 0 0 0 0 0 0 0 0 0 0 0 104 2 0 0 0 0 0 0 0 0 0 0 0 0 0 0 0 0 0 0 0 0 0 0 0 0 0 0 0 0 0 0 0 0 0 0 0 0 0 0 0 0 0 0 0 0 0 0 0 0 0 0 0 0 0 0 0 0 0 0 0 0 0 0 0 0 0 0 data 31 0x50007 0x2ff5 0x70 0x0 0x130007 0x0 0x38 0x0 0x1b0003 0x0 0x18 0x280003 0x0 0x50 0x360007 0x2bdc 0x38 0x419 0x3e0003 0x419 0x18 0x0 0x0 0x0 0x0 0x0 0x0 0x9 0x2 0xc0 0x18 oops 0 methods 0
ciMethodData java/util/LinkedHashMap afterNodeInsertion (Z)V 2 12515 orig 80 0 0 0 0 0 0 0 0 0 0 0 0 0 0 0 0 0 0 0 0 0 0 0 0 0 0 0 0 0 0 0 0 0 0 0 0 0 0 0 0 0 0 0 0 0 0 0 0 0 0 0 0 0 0 0 0 0 0 0 0 0 0 0 0 0 0 0 0 0 0 0 0 0 0 0 0 0 0 0 0 data 38 0x10007 0x657 0xe0 0x2a8d 0xa0007 0x0 0xc0 0x2a8d 0xf0005 0x0 0x0 0x268b20e0778 0x2a8d 0x0 0x0 0x120007 0x2a8d 0x68 0x0 0x1c0002 0x0 0x230005 0x0 0x0 0x0 0x0 0x0 0x0 0x0 0x0 0x0 0x0 0x0 0x0 0x9 0x2 0x0 0x0 oops 1 11 java/util/LinkedHashMap methods 0
ciMethodData java/util/LinkedHashMap removeEldestEntry (Ljava/util/Map$Entry;)Z 2 10867 orig 80 0 0 0 0 0 0 0 0 0 0 0 0 104 2 0 0 0 0 0 0 0 0 0 0 0 0 0 0 0 0 0 0 0 0 0 0 0 0 0 0 0 0 0 0 0 0 0 0 0 0 0 0 0 0 0 0 0 0 0 0 0 0 0 0 0 0 0 0 0 0 0 0 0 0 0 0 0 0 0 0 data 5 0x0 0x9 0x2 0x0 0x0 oops 0 methods 0
ciMethodData java/lang/Object equals (Ljava/lang/Object;)Z 2 10364 orig 80 0 0 0 0 0 0 0 0 0 0 0 0 104 2 0 0 0 0 0 0 0 0 0 0 0 0 0 0 0 0 0 0 0 0 0 0 0 0 0 0 0 0 0 0 0 0 0 0 0 0 0 0 0 0 0 0 0 0 0 0 0 0 0 0 0 0 0 0 0 0 0 0 0 0 0 0 0 0 0 0 data 17 0x20007 0x10fb 0x38 0x1781 0x60003 0x1781 0x18 0x0 0x0 0x0 0x0 0x0 0x0 0x9 0x2 0x0 0x0 oops 0 methods 0
ciMethodData java/util/Arrays copyOf ([Ljava/lang/Object;I)[Ljava/lang/Object; 2 10215 orig 80 0 0 0 0 0 0 0 0 0 0 0 0 104 2 0 0 0 0 0 0 0 0 0 0 0 0 0 0 0 0 0 0 0 0 0 0 0 0 0 0 0 0 0 0 0 0 0 0 0 0 0 0 0 0 0 0 0 0 0 0 0 0 0 0 0 0 0 0 0 0 0 0 0 0 0 0 0 0 0 0 data 19 0x30005 0x27e7 0x0 0x0 0x0 0x0 0x0 0x60002 0x27e7 0x0 0x0 0x0 0x0 0x0 0x0 0x9 0x2 0x0 0x0 oops 0 methods 0
ciMethodData java/util/concurrent/atomic/AtomicInteger getAndIncrement ()I 2 1087 orig 80 0 0 0 0 0 0 0 0 0 0 0 0 104 2 0 0 0 0 0 0 0 0 0 0 0 0 0 0 0 0 0 0 0 0 0 0 0 0 0 0 0 0 0 0 0 0 0 0 0 0 0 0 0 0 0 0 0 0 0 0 0 0 0 0 0 0 0 0 0 0 0 0 0 0 0 0 0 0 0 0 data 19 0x8000b 0xa8 0x0 0x0 0x0 0x0 0x0 0x2 0x1 0x268b071c788 0x0 0x0 0x0 0x0 0x0 0x0 0x9 0x1 0x0 oops 1 9 java/util/concurrent/atomic/AtomicInteger methods 0
ciMethod androidx/room/jarjarred/org/antlr/v4/runtime/IntStream index ()I 0 0 1 0 -1
ciMethod androidx/room/jarjarred/org/antlr/v4/runtime/IntStream seek (I)V 0 0 1 0 -1
ciMethod androidx/room/jarjarred/org/antlr/v4/runtime/atn/PredictionContext mergeArrays (Landroidx/room/jarjarred/org/antlr/v4/runtime/atn/ArrayPredictionContext;Landroidx/room/jarjarred/org/antlr/v4/runtime/atn/ArrayPredictionContext;ZLandroidx/room/jarjarred/org/antlr/v4/runtime/misc/DoubleKeyMap;)Landroidx/room/jarjarred/org/antlr/v4/runtime/atn/PredictionContext; 218 520 133 0 0
ciMethod androidx/room/jarjarred/org/antlr/v4/runtime/atn/PredictionContext <init> (I)V 782 0 1585 0 0
ciMethod androidx/room/jarjarred/org/antlr/v4/runtime/atn/PredictionContext size ()I 0 0 1 0 -1
ciMethod androidx/room/jarjarred/org/antlr/v4/runtime/atn/PredictionContext getParent (I)Landroidx/room/jarjarred/org/antlr/v4/runtime/atn/PredictionContext; 0 0 1 0 -1
ciMethod androidx/room/jarjarred/org/antlr/v4/runtime/atn/PredictionContext getReturnState (I)I 0 0 1 0 -1
ciMethod androidx/room/jarjarred/org/antlr/v4/runtime/atn/PredictionContext isEmpty ()Z 926 0 770 0 -1
ciMethod androidx/room/jarjarred/org/antlr/v4/runtime/atn/PredictionContext hasEmptyPath ()Z 0 0 108 0 -1
ciMethod androidx/room/jarjarred/org/antlr/v4/runtime/atn/PredictionContext equals (Ljava/lang/Object;)Z 0 0 1 0 -1
ciMethod androidx/room/jarjarred/org/antlr/v4/runtime/atn/PredictionContext calculateHashCode ([Landroidx/room/jarjarred/org/antlr/v4/runtime/atn/PredictionContext;[I)I 520 2092 302 0 0
ciMethod androidx/room/jarjarred/org/antlr/v4/runtime/atn/PredictionContext merge (Landroidx/room/jarjarred/org/antlr/v4/runtime/atn/PredictionContext;Landroidx/room/jarjarred/org/antlr/v4/runtime/atn/PredictionContext;ZLandroidx/room/jarjarred/org/antlr/v4/runtime/misc/DoubleKeyMap;)Landroidx/room/jarjarred/org/antlr/v4/runtime/atn/PredictionContext; 206 0 786 0 0
ciMethod androidx/room/jarjarred/org/antlr/v4/runtime/atn/PredictionContext mergeSingletons (Landroidx/room/jarjarred/org/antlr/v4/runtime/atn/SingletonPredictionContext;Landroidx/room/jarjarred/org/antlr/v4/runtime/atn/SingletonPredictionContext;ZLandroidx/room/jarjarred/org/antlr/v4/runtime/misc/DoubleKeyMap;)Landroidx/room/jarjarred/org/antlr/v4/runtime/atn/PredictionContext; 180 0 95 0 0
ciMethod androidx/room/jarjarred/org/antlr/v4/runtime/atn/PredictionContext mergeRoot (Landroidx/room/jarjarred/org/antlr/v4/runtime/atn/SingletonPredictionContext;Landroidx/room/jarjarred/org/antlr/v4/runtime/atn/SingletonPredictionContext;Z)Landroidx/room/jarjarred/org/antlr/v4/runtime/atn/PredictionContext; 250 0 86 0 -1
ciMethod androidx/room/jarjarred/org/antlr/v4/runtime/atn/PredictionContext combineCommonParents ([Landroidx/room/jarjarred/org/antlr/v4/runtime/atn/PredictionContext;)V 236 1700 82 0 -1
ciMethod androidx/room/jarjarred/org/antlr/v4/runtime/atn/SingletonPredictionContext <init> (Landroidx/room/jarjarred/org/antlr/v4/runtime/atn/PredictionContext;I)V 282 0 1283 0 -1
ciMethod androidx/room/jarjarred/org/antlr/v4/runtime/atn/SingletonPredictionContext create (Landroidx/room/jarjarred/org/antlr/v4/runtime/atn/PredictionContext;I)Landroidx/room/jarjarred/org/antlr/v4/runtime/atn/SingletonPredictionContext; 280 0 1282 0 0
ciMethod androidx/room/jarjarred/org/antlr/v4/runtime/atn/SingletonPredictionContext size ()I 408 0 204 0 0
ciMethod androidx/room/jarjarred/org/antlr/v4/runtime/atn/SingletonPredictionContext getParent (I)Landroidx/room/jarjarred/org/antlr/v4/runtime/atn/PredictionContext; 772 0 270 0 0
ciMethod androidx/room/jarjarred/org/antlr/v4/runtime/atn/SingletonPredictionContext getReturnState (I)I 770 0 279 0 0
ciMethod androidx/room/jarjarred/org/antlr/v4/runtime/atn/ATNState getNumberOfTransitions ()I 1024 0 23728 0 128
ciMethod androidx/room/jarjarred/org/antlr/v4/runtime/atn/ATNState transition (I)Landroidx/room/jarjarred/org/antlr/v4/runtime/atn/Transition; 1024 0 14404 0 304
ciMethod androidx/room/jarjarred/org/antlr/v4/runtime/atn/ATNState getStateType ()I 0 0 1 0 -1
ciMethod androidx/room/jarjarred/org/antlr/v4/runtime/atn/ATNState onlyHasEpsilonTransitions ()Z 2160 0 1080 0 0
ciMethod androidx/room/jarjarred/org/antlr/v4/runtime/atn/Transition getSerializationType ()I 0 0 1 0 -1
ciMethod androidx/room/jarjarred/org/antlr/v4/runtime/atn/Transition isEpsilon ()Z 256 0 128 0 -1
ciMethod androidx/room/jarjarred/org/antlr/v4/runtime/atn/Transition matches (III)Z 0 0 1 0 -1
ciMethod androidx/room/jarjarred/org/antlr/v4/runtime/atn/EpsilonTransition outermostPrecedenceReturn ()I 0 0 1 0 0
ciMethod androidx/room/jarjarred/org/antlr/v4/runtime/atn/PrecedencePredicateTransition getPredicate ()Landroidx/room/jarjarred/org/antlr/v4/runtime/atn/SemanticContext$PrecedencePredicate; 56 0 7 0 -1
ciMethodData androidx/room/jarjarred/org/antlr/v4/runtime/atn/ATNState getNumberOfTransitions ()I 2 23328 orig 80 0 0 0 0 0 0 0 0 0 0 0 0 0 0 0 0 0 0 0 0 0 0 0 0 0 0 0 0 0 0 0 0 0 0 0 0 0 0 0 0 0 0 0 0 0 0 0 0 0 0 0 0 0 0 0 0 0 0 0 0 0 0 0 0 0 0 0 0 0 0 0 0 0 0 0 0 0 0 0 0 data 16 0x40005 0x0 0x0 0x268ae098f48 0x5b21 0x0 0x0 0x0 0x0 0x0 0x0 0x0 0x0 0x9 0x1 0x0 oops 1 3 java/util/ArrayList methods 0
ciMethodData androidx/room/jarjarred/org/antlr/v4/runtime/atn/ATNState transition (I)Landroidx/room/jarjarred/org/antlr/v4/runtime/atn/Transition; 2 14041 orig 80 0 0 0 0 0 0 0 0 0 0 0 0 0 0 0 0 0 0 0 0 0 0 0 0 0 0 0 0 0 0 0 0 0 0 0 0 0 0 0 0 0 0 0 0 0 0 0 0 0 0 0 0 0 0 0 0 0 0 0 0 0 0 0 0 0 0 0 0 0 0 0 0 0 0 0 0 0 0 0 0 data 24 0x50005 0x0 0x0 0x268ae098f48 0x36da 0x0 0x0 0xa0004 0x0 0x0 0x268afe360f0 0x7f0 0x268afe36040 0x21af 0x0 0x0 0x0 0x0 0x0 0x0 0x9 0x2 0x0 0x0 oops 3 3 java/util/ArrayList 10 androidx/room/jarjarred/org/antlr/v4/runtime/atn/RuleTransition 12 androidx/room/jarjarred/org/antlr/v4/runtime/atn/EpsilonTransition methods 0
ciMethod androidx/room/jarjarred/org/antlr/v4/runtime/dfa/DFA isPrecedenceDfa ()Z 224 0 80 0 0
ciMethod androidx/room/jarjarred/org/antlr/v4/runtime/atn/ATNConfig <init> (Landroidx/room/jarjarred/org/antlr/v4/runtime/atn/ATNState;ILandroidx/room/jarjarred/org/antlr/v4/runtime/atn/PredictionContext;Landroidx/room/jarjarred/org/antlr/v4/runtime/atn/SemanticContext;)V 952 0 1795 0 0
ciMethod androidx/room/jarjarred/org/antlr/v4/runtime/atn/ATNConfig <init> (Landroidx/room/jarjarred/org/antlr/v4/runtime/atn/ATNConfig;Landroidx/room/jarjarred/org/antlr/v4/runtime/atn/ATNState;)V 1024 0 5947 0 752
ciMethod androidx/room/jarjarred/org/antlr/v4/runtime/atn/ATNConfig <init> (Landroidx/room/jarjarred/org/antlr/v4/runtime/atn/ATNConfig;Landroidx/room/jarjarred/org/antlr/v4/runtime/atn/ATNState;Landroidx/room/jarjarred/org/antlr/v4/runtime/atn/SemanticContext;)V 42 0 7 0 -1
ciMethod androidx/room/jarjarred/org/antlr/v4/runtime/atn/ATNConfig <init> (Landroidx/room/jarjarred/org/antlr/v4/runtime/atn/ATNConfig;Landroidx/room/jarjarred/org/antlr/v4/runtime/atn/ATNState;Landroidx/room/jarjarred/org/antlr/v4/runtime/atn/PredictionContext;)V 386 0 675 0 0
ciMethod androidx/room/jarjarred/org/antlr/v4/runtime/atn/ATNConfig <init> (Landroidx/room/jarjarred/org/antlr/v4/runtime/atn/ATNConfig;Landroidx/room/jarjarred/org/antlr/v4/runtime/atn/ATNState;Landroidx/room/jarjarred/org/antlr/v4/runtime/atn/PredictionContext;Landroidx/room/jarjarred/org/antlr/v4/runtime/atn/SemanticContext;)V 1024 0 5881 0 752
ciMethod androidx/room/jarjarred/org/antlr/v4/runtime/atn/ATNConfig getOuterContextDepth ()I 624 0 2296 0 0
ciMethod androidx/room/jarjarred/org/antlr/v4/runtime/atn/ATNConfig isPrecedenceFilterSuppressed ()Z 340 0 3448 0 0
ciMethod androidx/room/jarjarred/org/antlr/v4/runtime/atn/ATNConfig setPrecedenceFilterSuppressed (Z)V 0 0 594 0 0
ciMethod androidx/room/jarjarred/org/antlr/v4/runtime/atn/ATNConfig equals (Ljava/lang/Object;)Z 1024 0 1399 0 0
ciMethod androidx/room/jarjarred/org/antlr/v4/runtime/atn/ATNConfig equals (Landroidx/room/jarjarred/org/antlr/v4/runtime/atn/ATNConfig;)Z 1024 0 1399 0 -1
ciMethod androidx/room/jarjarred/org/antlr/v4/runtime/atn/ATNConfig hashCode ()I 1024 0 4591 0 -1
ciMethod androidx/room/jarjarred/org/antlr/v4/runtime/atn/ATNConfigSet add (Landroidx/room/jarjarred/org/antlr/v4/runtime/atn/ATNConfig;Landroidx/room/jarjarred/org/antlr/v4/runtime/misc/DoubleKeyMap;)Z 196 0 2296 0 0
ciMethod androidx/room/jarjarred/org/antlr/v4/runtime/atn/ATNConfigSet$AbstractConfigHashSet createBucket (I)[Landroidx/room/jarjarred/org/antlr/v4/runtime/atn/ATNConfig; 840 0 2426 0 0
ciMethod androidx/room/jarjarred/org/antlr/v4/runtime/atn/ATNConfigSet$AbstractConfigHashSet createBucket (I)[Ljava/lang/Object; 840 0 2426 0 0
ciMethod androidx/room/jarjarred/org/antlr/v4/runtime/misc/Array2DHashSet getOrAdd (Ljava/lang/Object;)Ljava/lang/Object; 626 0 2296 0 0
ciMethod androidx/room/jarjarred/org/antlr/v4/runtime/misc/Array2DHashSet getOrAddImpl (Ljava/lang/Object;)Ljava/lang/Object; 628 270 2296 0 0
ciMethod androidx/room/jarjarred/org/antlr/v4/runtime/misc/Array2DHashSet getBucket (Ljava/lang/Object;)I 924 0 3949 0 0
ciMethod androidx/room/jarjarred/org/antlr/v4/runtime/misc/Array2DHashSet expand ()V 18 1250 45 0 0
ciMethod androidx/room/jarjarred/org/antlr/v4/runtime/misc/Array2DHashSet size ()I 152 0 45 0 -1
ciMethod androidx/room/jarjarred/org/antlr/v4/runtime/misc/Array2DHashSet createBuckets (I)[[Ljava/lang/Object; 0 0 1 0 -1
ciMethod androidx/room/jarjarred/org/antlr/v4/runtime/misc/Array2DHashSet createBucket (I)[Ljava/lang/Object; 0 0 1 0 -1
ciMethod androidx/room/jarjarred/org/antlr/v4/runtime/misc/EqualityComparator hashCode (Ljava/lang/Object;)I 0 0 1 0 -1
ciMethod androidx/room/jarjarred/org/antlr/v4/runtime/misc/EqualityComparator equals (Ljava/lang/Object;Ljava/lang/Object;)Z 0 0 1 0 -1
ciMethod androidx/room/jarjarred/org/antlr/v4/runtime/misc/ObjectEqualityComparator hashCode (Ljava/lang/Object;)I 780 0 496 0 0
ciMethod androidx/room/jarjarred/org/antlr/v4/runtime/misc/ObjectEqualityComparator equals (Ljava/lang/Object;Ljava/lang/Object;)Z 512 0 228 0 0
ciMethod androidx/room/jarjarred/org/antlr/v4/runtime/atn/ATNConfigSet$ConfigEqualityComparator hashCode (Landroidx/room/jarjarred/org/antlr/v4/runtime/atn/ATNConfig;)I 1024 0 3453 0 0
ciMethod androidx/room/jarjarred/org/antlr/v4/runtime/atn/ATNConfigSet$ConfigEqualityComparator equals (Landroidx/room/jarjarred/org/antlr/v4/runtime/atn/ATNConfig;Landroidx/room/jarjarred/org/antlr/v4/runtime/atn/ATNConfig;)Z 904 0 1487 0 0
ciMethod androidx/room/jarjarred/org/antlr/v4/runtime/atn/ATNConfigSet$ConfigEqualityComparator equals (Ljava/lang/Object;Ljava/lang/Object;)Z 904 0 1487 0 0
ciMethod androidx/room/jarjarred/org/antlr/v4/runtime/atn/ATNConfigSet$ConfigEqualityComparator hashCode (Ljava/lang/Object;)I 1024 0 3453 0 0
ciMethod androidx/room/jarjarred/org/antlr/v4/runtime/atn/ParserATNSimulator evalSemanticContext (Landroidx/room/jarjarred/org/antlr/v4/runtime/atn/SemanticContext;Landroidx/room/jarjarred/org/antlr/v4/runtime/ParserRuleContext;IZ)Z 16 0 1 0 -1
ciMethod androidx/room/jarjarred/org/antlr/v4/runtime/atn/ParserATNSimulator closureCheckingStopState (Landroidx/room/jarjarred/org/antlr/v4/runtime/atn/ATNConfig;Landroidx/room/jarjarred/org/antlr/v4/runtime/atn/ATNConfigSet;Ljava/util/Set;ZZIZ)V 1024 10 5654 0 0
ciMethod androidx/room/jarjarred/org/antlr/v4/runtime/atn/ParserATNSimulator closure_ (Landroidx/room/jarjarred/org/antlr/v4/runtime/atn/ATNConfig;Landroidx/room/jarjarred/org/antlr/v4/runtime/atn/ATNConfigSet;Ljava/util/Set;ZZIZ)V 920 1142 5601 0 0
ciMethod androidx/room/jarjarred/org/antlr/v4/runtime/atn/ParserATNSimulator canDropLoopEntryEdgeInLeftRecursiveRule (Landroidx/room/jarjarred/org/antlr/v4/runtime/atn/ATNConfig;)Z 1024 0 5599 0 -1
ciMethod androidx/room/jarjarred/org/antlr/v4/runtime/atn/ParserATNSimulator getEpsilonTarget (Landroidx/room/jarjarred/org/antlr/v4/runtime/atn/ATNConfig;Landroidx/room/jarjarred/org/antlr/v4/runtime/atn/Transition;ZZZZ)Landroidx/room/jarjarred/org/antlr/v4/runtime/atn/ATNConfig; 1024 0 8372 0 1408
ciMethod androidx/room/jarjarred/org/antlr/v4/runtime/atn/ParserATNSimulator actionTransition (Landroidx/room/jarjarred/org/antlr/v4/runtime/atn/ATNConfig;Landroidx/room/jarjarred/org/antlr/v4/runtime/atn/ActionTransition;)Landroidx/room/jarjarred/org/antlr/v4/runtime/atn/ATNConfig; 4 0 3 0 0
ciMethod androidx/room/jarjarred/org/antlr/v4/runtime/atn/ParserATNSimulator precedenceTransition (Landroidx/room/jarjarred/org/antlr/v4/runtime/atn/ATNConfig;Landroidx/room/jarjarred/org/antlr/v4/runtime/atn/PrecedencePredicateTransition;ZZZ)Landroidx/room/jarjarred/org/antlr/v4/runtime/atn/ATNConfig; 0 0 175 0 0
ciMethod androidx/room/jarjarred/org/antlr/v4/runtime/atn/ParserATNSimulator predTransition (Landroidx/room/jarjarred/org/antlr/v4/runtime/atn/ATNConfig;Landroidx/room/jarjarred/org/antlr/v4/runtime/atn/PredicateTransition;ZZZ)Landroidx/room/jarjarred/org/antlr/v4/runtime/atn/ATNConfig; 0 0 1 0 -1
ciMethod androidx/room/jarjarred/org/antlr/v4/runtime/atn/ParserATNSimulator ruleTransition (Landroidx/room/jarjarred/org/antlr/v4/runtime/atn/ATNConfig;Landroidx/room/jarjarred/org/antlr/v4/runtime/atn/RuleTransition;)Landroidx/room/jarjarred/org/antlr/v4/runtime/atn/ATNConfig; 386 0 675 0 0
ciMethod androidx/room/jarjarred/org/antlr/v4/runtime/atn/SemanticContext and (Landroidx/room/jarjarred/org/antlr/v4/runtime/atn/SemanticContext;Landroidx/room/jarjarred/org/antlr/v4/runtime/atn/SemanticContext;)Landroidx/room/jarjarred/org/antlr/v4/runtime/atn/SemanticContext; 42 0 7 0 -1
ciMethod androidx/room/jarjarred/org/antlr/v4/runtime/atn/SemanticContext$PrecedencePredicate hashCode ()I 464 0 89 0 0
ciMethod androidx/room/jarjarred/org/antlr/v4/runtime/atn/ArrayPredictionContext <init> (Landroidx/room/jarjarred/org/antlr/v4/runtime/atn/SingletonPredictionContext;)V 218 0 133 0 0
ciMethod androidx/room/jarjarred/org/antlr/v4/runtime/atn/ArrayPredictionContext <init> ([Landroidx/room/jarjarred/org/antlr/v4/runtime/atn/PredictionContext;[I)V 372 0 302 0 0
ciMethod androidx/room/jarjarred/org/antlr/v4/runtime/atn/ArrayPredictionContext size ()I 250 0 78 0 0
ciMethod androidx/room/jarjarred/org/antlr/v4/runtime/atn/ArrayPredictionContext getParent (I)Landroidx/room/jarjarred/org/antlr/v4/runtime/atn/PredictionContext; 336 0 120 0 0
ciMethod androidx/room/jarjarred/org/antlr/v4/runtime/atn/ArrayPredictionContext getReturnState (I)I 212 0 58 0 0
ciMethod androidx/room/jarjarred/org/antlr/v4/runtime/misc/MurmurHash initialize (I)I 1024 0 7359 0 80
ciMethod androidx/room/jarjarred/org/antlr/v4/runtime/misc/MurmurHash update (II)I 620 0 2202 0 120
ciMethod androidx/room/jarjarred/org/antlr/v4/runtime/misc/MurmurHash update (ILjava/lang/Object;)I 526 0 14209 0 232
ciMethod androidx/room/jarjarred/org/antlr/v4/runtime/misc/MurmurHash finish (II)I 1024 0 1545 0 128
ciMethodData androidx/room/jarjarred/org/antlr/v4/runtime/atn/ATNConfigSet add (Landroidx/room/jarjarred/org/antlr/v4/runtime/atn/ATNConfig;Landroidx/room/jarjarred/org/antlr/v4/runtime/misc/DoubleKeyMap;)Z 2 2198 orig 80 0 0 0 0 0 0 0 0 0 0 0 0 104 2 0 0 0 0 0 0 0 0 0 0 0 0 0 0 0 0 0 0 0 0 0 0 0 0 0 0 0 0 0 0 0 0 0 0 0 0 0 0 0 0 0 0 0 0 0 0 0 0 0 0 0 0 0 0 0 0 0 0 0 0 0 0 0 0 0 0 data 88 0x40007 0x896 0x30 0x0 0xd0002 0x0 0x180007 0x883 0x20 0x13 0x210005 0x896 0x0 0x0 0x0 0x0 0x0 0x240007 0x2e6 0x20 0x5b0 0x310005 0x896 0x0 0x0 0x0 0x0 0x0 0x340004 0x0 0x0 0x268b1777d10 0xc9 0x268afe35438 0x7cd 0x3a0007 0x2ec 0x58 0x5aa 0x470005 0x0 0x0 0x268ae098f48 0x5aa 0x0 0x0 0x510007 0x22 0x38 0x2ca 0x550003 0x2ca 0x18 0x660002 0x2ec 0x740002 0x2ec 0x7b0005 0x2ec 0x0 0x0 0x0 0x0 0x0 0x7e0007 0x247 0x58 0xa5 0x830005 0xa5 0x0 0x0 0x0 0x0 0x0 0x0 0x0 0x0 0x0 0x0 0x0 0x0 0x0 0x9 0x3 0x0 0x0 0x0 oops 3 31 androidx/room/jarjarred/org/antlr/v4/runtime/atn/LexerATNConfig 33 androidx/room/jarjarred/org/antlr/v4/runtime/atn/ATNConfig 42 java/util/ArrayList methods 0
ciMethodData androidx/room/jarjarred/org/antlr/v4/runtime/misc/MurmurHash initialize (I)I 2 6847 orig 80 0 0 0 0 0 0 0 0 0 0 0 0 0 0 0 0 0 0 0 0 0 0 0 0 0 0 0 0 0 0 0 0 0 0 0 0 0 0 0 0 0 0 0 0 0 0 0 0 0 0 0 0 0 0 0 0 0 0 0 0 0 0 0 0 0 0 0 0 0 0 0 0 0 0 0 0 0 0 0 0 data 4 0x0 0x9 0x1 0x0 oops 0 methods 0
ciMethodData androidx/room/jarjarred/org/antlr/v4/runtime/atn/ATNConfig <init> (Landroidx/room/jarjarred/org/antlr/v4/runtime/atn/ATNConfig;Landroidx/room/jarjarred/org/antlr/v4/runtime/atn/ATNState;Landroidx/room/jarjarred/org/antlr/v4/runtime/atn/PredictionContext;Landroidx/room/jarjarred/org/antlr/v4/runtime/atn/SemanticContext;)V 2 5369 orig 80 0 0 0 0 0 0 0 0 0 0 0 0 0 0 0 0 0 0 0 0 0 0 0 0 0 0 0 0 0 0 0 0 0 0 0 0 0 0 0 0 0 0 0 0 0 0 0 0 0 0 0 0 0 0 0 0 0 0 0 0 0 0 0 0 0 0 0 0 0 0 0 0 0 0 0 0 0 0 0 0 data 13 0x10002 0x14fa 0x0 0x0 0x0 0x0 0x9 0x5 0x1e 0x0 0x0 0x0 0x0 oops 0 methods 0
ciMethodData androidx/room/jarjarred/org/antlr/v4/runtime/atn/ATNConfig <init> (Landroidx/room/jarjarred/org/antlr/v4/runtime/atn/ATNState;ILandroidx/room/jarjarred/org/antlr/v4/runtime/atn/PredictionContext;Landroidx/room/jarjarred/org/antlr/v4/runtime/atn/SemanticContext;)V 2 1319 orig 80 0 0 0 0 0 0 0 0 0 0 0 0 104 2 0 0 0 0 0 0 0 0 0 0 0 0 0 0 0 0 0 0 0 0 0 0 0 0 0 0 0 0 0 0 0 0 0 0 0 0 0 0 0 0 0 0 0 0 0 0 0 0 0 0 0 0 0 0 0 0 0 0 0 0 0 0 0 0 0 0 data 13 0x10002 0x527 0x0 0x0 0x0 0x0 0x9 0x5 0x1e 0x0 0x0 0x0 0x0 oops 0 methods 0
ciMethod androidx/room/jarjarred/org/antlr/v4/runtime/misc/DoubleKeyMap put (Ljava/lang/Object;Ljava/lang/Object;Ljava/lang/Object;)Ljava/lang/Object; 250 0 59 0 -1
ciMethod androidx/room/jarjarred/org/antlr/v4/runtime/misc/DoubleKeyMap get (Ljava/lang/Object;Ljava/lang/Object;)Ljava/lang/Object; 544 0 157 0 -1
ciMethodData androidx/room/jarjarred/org/antlr/v4/runtime/misc/Array2DHashSet getBucket (Ljava/lang/Object;)I 2 3487 orig 80 0 0 0 0 0 0 0 0 0 0 0 0 104 2 0 0 0 0 0 0 0 0 0 0 0 0 0 0 0 0 0 0 0 0 0 0 0 0 0 0 0 0 0 0 0 0 0 0 0 0 0 0 0 0 0 0 0 0 0 0 0 0 0 0 0 0 0 0 0 0 0 0 0 0 0 0 0 0 0 0 data 17 0x50005 0x0 0x0 0x268b0140030 0xd29 0x268b013ff80 0x76 0x0 0x0 0x0 0x0 0x0 0x0 0x9 0x2 0x0 0x0 oops 2 3 androidx/room/jarjarred/org/antlr/v4/runtime/atn/ATNConfigSet$ConfigEqualityComparator 5 androidx/room/jarjarred/org/antlr/v4/runtime/misc/ObjectEqualityComparator methods 0
ciMethodData androidx/room/jarjarred/org/antlr/v4/runtime/atn/PredictionContext <init> (I)V 2 1194 orig 80 0 0 0 0 0 0 0 0 0 0 0 0 104 2 0 0 0 0 0 0 0 0 0 0 0 0 0 0 0 0 0 0 0 0 0 0 0 0 0 0 0 0 0 0 0 0 0 0 0 0 0 0 0 0 0 0 0 0 0 0 0 0 0 0 0 0 0 0 0 0 0 0 0 0 0 0 0 0 0 0 data 19 0x10002 0x4aa 0x80005 0x4aa 0x0 0x0 0x0 0x0 0x0 0x0 0x0 0x0 0x0 0x0 0x0 0x9 0x2 0x6 0x0 oops 0 methods 0
ciMethodData androidx/room/jarjarred/org/antlr/v4/runtime/atn/ATNConfig getOuterContextDepth ()I 2 1984 orig 80 0 0 0 0 0 0 0 0 0 0 0 0 104 2 0 0 0 0 0 0 0 0 0 0 0 0 0 0 0 0 0 0 0 0 0 0 0 0 0 0 0 0 0 0 0 0 0 0 0 0 0 0 0 0 0 0 0 0 0 0 0 0 0 0 0 0 0 0 0 0 0 0 0 0 0 0 0 0 0 0 data 7 0x0 0x0 0x0 0x0 0x9 0x1 0x0 oops 0 methods 0
ciMethodData androidx/room/jarjarred/org/antlr/v4/runtime/misc/Array2DHashSet getOrAdd (Ljava/lang/Object;)Ljava/lang/Object; 2 1983 orig 80 0 0 0 0 0 0 0 0 0 0 0 0 104 2 0 0 0 0 0 0 0 0 0 0 0 0 0 0 0 0 0 0 0 0 0 0 0 0 0 0 0 0 0 0 0 0 0 0 0 0 0 0 0 0 0 0 0 0 0 0 0 0 0 0 0 0 0 0 0 0 0 0 0 0 0 0 0 0 0 0 data 28 0x80007 0x79b 0x58 0x24 0xc0005 0x0 0x0 0x268b10ca478 0x23 0x268b10ca528 0x1 0x110005 0x0 0x0 0x268b10ca478 0x756 0x268b10ca528 0x69 0x0 0x0 0x0 0x0 0x0 0x0 0x9 0x2 0x0 0x0 oops 4 7 androidx/room/jarjarred/org/antlr/v4/runtime/atn/ATNConfigSet$ConfigHashSet 9 androidx/room/jarjarred/org/antlr/v4/runtime/atn/OrderedATNConfigSet$LexerConfigHashSet 14 androidx/room/jarjarred/org/antlr/v4/runtime/atn/ATNConfigSet$ConfigHashSet 16 androidx/room/jarjarred/org/antlr/v4/runtime/atn/OrderedATNConfigSet$LexerConfigHashSet methods 0
ciMethodData androidx/room/jarjarred/org/antlr/v4/runtime/misc/Array2DHashSet expand ()V 1 36 orig 80 0 0 0 0 0 0 0 0 0 0 0 0 104 2 0 0 0 0 0 0 0 0 0 0 0 0 0 0 0 0 0 0 0 0 0 0 0 0 0 0 0 0 0 0 0 0 0 0 0 0 0 0 0 0 0 0 0 0 0 0 0 0 0 0 0 0 0 0 0 0 0 0 0 0 0 0 0 0 0 0 data 114 0x190005 0x0 0x0 0x268b10ca478 0x23 0x268b10ca528 0x1 0x340005 0x24 0x0 0x0 0x0 0x0 0x0 0x480007 0x24 0x260 0x700 0x540007 0x3ef 0x38 0x311 0x570003 0x311 0x208 0x6a0007 0xf7 0x1f0 0x85c 0x760007 0x564 0x38 0x2f8 0x790003 0x2f8 0x1b0 0x7f0005 0x564 0x0 0x0 0x0 0x0 0x0 0x8d0007 0xc2 0xa8 0x4a2 0x950005 0x0 0x0 0x268b10ca478 0x496 0x268b10ca528 0xc 0x9f0004 0x0 0x0 0x268b013d2f0 0x4a2 0x0 0x0 0xa00003 0x4a2 0x80 0xae0007 0xb0 0x68 0x12 0xb80002 0x12 0xc20004 0x0 0x0 0x268b013d2f0 0x12 0x0 0x0 0xc90004 0x0 0x0 0x268afe35438 0x557 0x268b1777d10 0xd 0xd60003 0x564 0xfffffffffffffe28 0xdc0003 0x700 0xfffffffffffffdb8 0xe20007 0x24 0x50 0x0 0xeb0007 0x0 0x30 0x0 0xf20002 0x0 0x0 0x0 0x0 0x0 0x0 0x0 0x0 0x0 0x0 0x0 0x0 0x9 0x1 0x0 oops 8 3 androidx/room/jarjarred/org/antlr/v4/runtime/atn/ATNConfigSet$ConfigHashSet 5 androidx/room/jarjarred/org/antlr/v4/runtime/atn/OrderedATNConfigSet$LexerConfigHashSet 50 androidx/room/jarjarred/org/antlr/v4/runtime/atn/ATNConfigSet$ConfigHashSet 52 androidx/room/jarjarred/org/antlr/v4/runtime/atn/OrderedATNConfigSet$LexerConfigHashSet 57 [Landroidx/room/jarjarred/org/antlr/v4/runtime/atn/ATNConfig; 73 [Landroidx/room/jarjarred/org/antlr/v4/runtime/atn/ATNConfig; 80 androidx/room/jarjarred/org/antlr/v4/runtime/atn/ATNConfig 82 androidx/room/jarjarred/org/antlr/v4/runtime/atn/LexerATNConfig methods 0
ciMethodData androidx/room/jarjarred/org/antlr/v4/runtime/misc/Array2DHashSet getOrAddImpl (Ljava/lang/Object;)Ljava/lang/Object; 2 1982 orig 80 0 0 0 0 0 0 0 0 0 0 0 0 104 2 0 0 0 0 0 0 0 0 0 0 0 0 0 0 0 0 0 0 0 0 0 0 0 0 0 0 0 0 0 0 0 0 0 0 0 0 0 0 0 0 0 0 0 0 0 0 0 0 0 0 0 0 0 0 0 0 0 0 0 0 0 0 0 0 0 0 data 90 0x20005 0x7be 0x0 0x0 0x0 0x0 0x0 0xe0007 0x486 0xc8 0x338 0x160005 0x0 0x0 0x268b10ca528 0x5f 0x268b10ca478 0x2d9 0x1d0004 0x0 0x0 0x268b1777d10 0x5f 0x268afe35438 0x2d9 0x240004 0x0 0x0 0x268b013d2f0 0x338 0x0 0x0 0x380007 0x4f 0xe8 0x6fb 0x430007 0x594 0x58 0x167 0x4a0004 0x0 0x0 0x268b1777d10 0x9 0x268afe35438 0x15e 0x5e0005 0x0 0x0 0x268b013ff80 0xb 0x268b0140030 0x589 0x610007 0x2c4 0x20 0x2d0 0x6a0003 0x2c4 0xffffffffffffff30 0x760002 0x4f 0x800004 0x0 0x0 0x268b013d2f0 0x4f 0x0 0x0 0x850004 0x0 0x0 0x268afe35438 0x4e 0x268b1777d10 0x1 0x0 0x0 0x0 0x0 0x0 0x0 0x0 0x0 0x0 0x9 0x2 0x0 0x0 oops 12 14 androidx/room/jarjarred/org/antlr/v4/runtime/atn/OrderedATNConfigSet$LexerConfigHashSet 16 androidx/room/jarjarred/org/antlr/v4/runtime/atn/ATNConfigSet$ConfigHashSet 21 androidx/room/jarjarred/org/antlr/v4/runtime/atn/LexerATNConfig 23 androidx/room/jarjarred/org/antlr/v4/runtime/atn/ATNConfig 28 [Landroidx/room/jarjarred/org/antlr/v4/runtime/atn/ATNConfig; 43 androidx/room/jarjarred/org/antlr/v4/runtime/atn/LexerATNConfig 45 androidx/room/jarjarred/org/antlr/v4/runtime/atn/ATNConfig 50 androidx/room/jarjarred/org/antlr/v4/runtime/misc/ObjectEqualityComparator 52 androidx/room/jarjarred/org/antlr/v4/runtime/atn/ATNConfigSet$ConfigEqualityComparator 66 [Landroidx/room/jarjarred/org/antlr/v4/runtime/atn/ATNConfig; 73 androidx/room/jarjarred/org/antlr/v4/runtime/atn/ATNConfig 75 androidx/room/jarjarred/org/antlr/v4/runtime/atn/LexerATNConfig methods 0
ciMethodData androidx/room/jarjarred/org/antlr/v4/runtime/atn/ATNConfigSet$AbstractConfigHashSet createBucket (I)[Ljava/lang/Object; 2 2006 orig 80 0 0 0 0 0 0 0 0 0 0 0 0 104 2 0 0 0 0 0 0 0 0 0 0 0 0 0 0 0 0 0 0 0 0 0 0 0 0 0 0 0 0 0 0 0 0 0 0 0 0 0 0 0 0 0 0 0 0 0 0 0 0 0 0 0 0 0 0 0 0 0 0 0 0 0 0 0 0 0 0 data 17 0x20005 0x7d6 0x0 0x0 0x0 0x0 0x0 0x0 0x0 0x0 0x0 0x0 0x0 0x9 0x2 0x0 0x0 oops 0 methods 0
ciMethodData androidx/room/jarjarred/org/antlr/v4/runtime/atn/ATNConfigSet$AbstractConfigHashSet createBucket (I)[Landroidx/room/jarjarred/org/antlr/v4/runtime/atn/ATNConfig; 2 2006 orig 80 0 0 0 0 0 0 0 0 0 0 0 0 104 2 0 0 0 0 0 0 0 0 0 0 0 0 0 0 0 0 0 0 0 0 0 0 0 0 0 0 0 0 0 0 0 0 0 0 0 0 0 0 0 0 0 0 0 0 0 0 0 0 0 0 0 0 0 0 0 0 0 0 0 0 0 0 0 0 0 0 data 6 0x0 0x0 0x9 0x2 0x0 0x0 oops 0 methods 0
ciMethodData androidx/room/jarjarred/org/antlr/v4/runtime/misc/ObjectEqualityComparator hashCode (Ljava/lang/Object;)I 1 106 orig 80 0 0 0 0 0 0 0 0 0 0 0 0 104 2 0 0 0 0 0 0 0 0 0 0 0 0 0 0 0 0 0 0 0 0 0 0 0 0 0 0 0 0 0 0 0 0 0 0 0 0 0 0 0 0 0 0 0 0 0 0 0 0 0 0 0 0 0 0 0 0 0 0 0 0 0 0 0 0 0 0 data 21 0x10007 0x6a 0x20 0x0 0x70005 0x0 0x0 0x268b1777d10 0x6a 0x0 0x0 0x0 0x0 0x0 0x0 0x0 0x0 0x9 0x2 0x0 0x0 oops 1 7 androidx/room/jarjarred/org/antlr/v4/runtime/atn/LexerATNConfig methods 0
ciMethodData androidx/room/jarjarred/org/antlr/v4/runtime/atn/ParserATNSimulator getEpsilonTarget (Landroidx/room/jarjarred/org/antlr/v4/runtime/atn/ATNConfig;Landroidx/room/jarjarred/org/antlr/v4/runtime/atn/Transition;ZZZZ)Landroidx/room/jarjarred/org/antlr/v4/runtime/atn/ATNConfig; 2 7860 orig 80 0 0 0 0 0 0 0 0 0 0 0 0 0 0 0 0 0 0 0 0 0 0 0 0 0 0 0 0 0 0 0 0 0 0 0 0 0 0 0 0 0 0 0 0 0 0 0 0 0 0 0 0 0 0 0 0 0 0 0 0 0 0 0 0 0 0 0 0 0 0 0 0 0 0 0 0 0 0 0 0 data 121 0x10005 0x3b6 0x0 0x268afe36040 0x1567 0x268b15a83a8 0x598 0x40008 0x16 0x0 0x318 0x1567 0x280 0x0 0x290 0x241 0xc0 0x0 0x1a0 0x598 0x290 0x1 0x210 0xc5 0x290 0x0 0x318 0x0 0x318 0xaf 0x130 0x3f0004 0x0 0x0 0x268afe360f0 0x241 0x0 0x0 0x420005 0x0 0x0 0x268afe35210 0x241 0x0 0x0 0x490004 0x0 0x0 0x268b15a7bc0 0xaf 0x0 0x0 0x510005 0x0 0x0 0x268afe35210 0xaf 0x0 0x0 0x580004 0x0 0x0 0x0 0x0 0x0 0x0 0x600005 0x0 0x0 0x0 0x0 0x0 0x0 0x670004 0x0 0x0 0x268afe39cb8 0x1 0x0 0x0 0x6a0005 0x0 0x0 0x268afe35210 0x1 0x0 0x0 0x770002 0x1567 0x7d0007 0x65d 0x88 0x0 0x840005 0x0 0x0 0x0 0x0 0x0 0x0 0x870007 0x0 0x30 0x0 0x930002 0x0 0x0 0x0 0x0 0x0 0x0 0x0 0x9 0x7 0x0 0x0 0x0 0x0 0x0 0x0 0x0 oops 8 3 androidx/room/jarjarred/org/antlr/v4/runtime/atn/EpsilonTransition 5 androidx/room/jarjarred/org/antlr/v4/runtime/atn/AtomTransition 34 androidx/room/jarjarred/org/antlr/v4/runtime/atn/RuleTransition 41 androidx/room/jarjarred/org/antlr/v4/runtime/atn/ParserATNSimulator 48 androidx/room/jarjarred/org/antlr/v4/runtime/atn/PrecedencePredicateTransition 55 androidx/room/jarjarred/org/antlr/v4/runtime/atn/ParserATNSimulator 76 androidx/room/jarjarred/org/antlr/v4/runtime/atn/ActionTransition 83 androidx/room/jarjarred/org/antlr/v4/runtime/atn/ParserATNSimulator methods 0
ciMethodData androidx/room/jarjarred/org/antlr/v4/runtime/atn/ParserATNSimulator closure_ (Landroidx/room/jarjarred/org/antlr/v4/runtime/atn/ATNConfig;Landroidx/room/jarjarred/org/antlr/v4/runtime/atn/ATNConfigSet;Ljava/util/Set;ZZIZ)V 2 5141 orig 80 0 0 0 0 0 0 0 0 0 0 0 0 104 2 0 0 0 0 0 0 0 0 0 0 0 0 0 0 0 0 0 0 0 0 0 0 0 0 0 0 0 0 0 0 0 0 0 0 0 0 0 0 0 0 0 0 0 0 0 0 0 0 0 0 0 0 0 0 0 0 0 0 0 0 0 0 0 0 0 0 data 245 0x80005 0x1415 0x0 0x0 0x0 0x0 0x0 0xb0007 0xd9f 0x58 0x676 0x140005 0x0 0x0 0x268afe35508 0x676 0x0 0x0 0x1f0005 0x2f16 0x0 0x268afe35ee0 0x219 0x268afe35f90 0x20d 0x220007 0x1415 0x658 0x1f27 0x270007 0xb14 0x90 0x1413 0x2c0005 0x0 0x0 0x268afe35210 0x1413 0x0 0x0 0x2f0007 0x1413 0x38 0x0 0x320003 0x0 0x5a8 0x390005 0x1c6a 0x0 0x268afe35ee0 0x166 0x268afe35f90 0x157 0x400004 0xffffffffffffe0da 0x0 0x268afe36040 0x1b9 0x268afe360f0 0x5a 0x430007 0x1 0x58 0x1f26 0x480007 0x14a3 0x38 0xa83 0x4c0003 0xa83 0x18 0x5a0007 0x1e83 0x38 0xa4 0x5e0003 0xa4 0x18 0x660005 0x0 0x0 0x268afe35210 0x1f27 0x0 0x0 0x6d0007 0x674 0x458 0x18b3 0x780004 0xffffffffffffed77 0x0 0x268afe35ee0 0x22 0x268afe35f90 0x13 0x7b0007 0x1289 0x288 0x62a 0x810007 0x62a 0x50 0x0 0x860007 0x0 0x30 0x0 0x8d0002 0x0 0x950007 0x0 0x140 0x62a 0x9c0005 0x62a 0x0 0x0 0x0 0x0 0x0 0x9f0007 0x3d8 0xe8 0x252 0xa40004 0x0 0x0 0x268afe36040 0x252 0x0 0x0 0xa70005 0x252 0x0 0x0 0x0 0x0 0x0 0xb80007 0xa5 0x58 0x1ad 0xbe0005 0x1ad 0x0 0x0 0x0 0x0 0x0 0xcf0005 0x0 0x0 0x268afe361a0 0x62a 0x0 0x0 0xd40007 0x151 0x38 0x4d9 0xd70003 0x4d9 0x1f8 0xe20007 0x151 0x50 0x0 0xea0007 0x0 0x30 0x0 0xf10002 0x0 0xf80003 0x151 0x158 0xfd0005 0xb0 0x0 0x268afe36040 0xf78 0x268afe360f0 0x261 0x1000007 0x1289 0x90 0x0 0x1060005 0x0 0x0 0x0 0x0 0x0 0x0 0x10b0007 0x0 0x38 0x0 0x10e0003 0x0 0xc8 0x1130004 0xffffffffffffefd8 0x0 0x268afe36040 0x183 0x268afe360f0 0x261 0x1160007 0x1028 0x40 0x261 0x11b0007 0x21a 0x20 0x47 0x12e0005 0x0 0x0 0x268afe35210 0x13da 0x0 0x0 0x1340003 0x1f27 0xfffffffffffff988 0x0 0x0 0x0 0x0 0x0 0x0 0x0 0x9 0x8 0x0 0x0 0x0 0x0 0x0 0x0 0x0 0x0 oops 18 14 androidx/room/jarjarred/org/antlr/v4/runtime/atn/ATNConfigSet 21 androidx/room/jarjarred/org/antlr/v4/runtime/atn/StarLoopEntryState 23 androidx/room/jarjarred/org/antlr/v4/runtime/atn/StarBlockStartState 36 androidx/room/jarjarred/org/antlr/v4/runtime/atn/ParserATNSimulator 50 androidx/room/jarjarred/org/antlr/v4/runtime/atn/StarLoopEntryState 52 androidx/room/jarjarred/org/antlr/v4/runtime/atn/StarBlockStartState 57 androidx/room/jarjarred/org/antlr/v4/runtime/atn/EpsilonTransition 59 androidx/room/jarjarred/org/antlr/v4/runtime/atn/RuleTransition 82 androidx/room/jarjarred/org/antlr/v4/runtime/atn/ParserATNSimulator 93 androidx/room/jarjarred/org/antlr/v4/runtime/atn/StarLoopEntryState 95 androidx/room/jarjarred/org/antlr/v4/runtime/atn/StarBlockStartState 129 androidx/room/jarjarred/org/antlr/v4/runtime/atn/EpsilonTransition 154 java/util/HashSet 181 androidx/room/jarjarred/org/antlr/v4/runtime/atn/EpsilonTransition 183 androidx/room/jarjarred/org/antlr/v4/runtime/atn/RuleTransition 206 androidx/room/jarjarred/org/antlr/v4/runtime/atn/EpsilonTransition 208 androidx/room/jarjarred/org/antlr/v4/runtime/atn/RuleTransition 221 androidx/room/jarjarred/org/antlr/v4/runtime/atn/ParserATNSimulator methods 0
ciMethodData androidx/room/jarjarred/org/antlr/v4/runtime/atn/ParserATNSimulator closureCheckingStopState (Landroidx/room/jarjarred/org/antlr/v4/runtime/atn/ATNConfig;Landroidx/room/jarjarred/org/antlr/v4/runtime/atn/ATNConfigSet;Ljava/util/Set;ZZIZ)V 2 5142 orig 80 0 0 0 0 0 0 0 0 0 0 0 0 0 0 0 0 0 0 0 0 0 0 0 0 0 0 0 0 0 0 0 0 0 0 0 0 0 0 0 0 0 0 0 0 0 0 0 0 0 0 0 0 0 0 0 0 0 0 0 0 0 0 0 0 0 0 0 0 0 0 0 0 0 0 0 0 0 0 0 0 data 157 0x40004 0xffffffffffffece1 0x0 0x268b15a1778 0xe8 0x268afcb5e70 0x30 0x70007 0x131f 0x3e0 0xf8 0xe0005 0x26 0x0 0x268b0117eb0 0xc8 0x268b01178a0 0xa 0x110007 0xc8 0x330 0x30 0x1d0005 0x0 0x0 0x268b01178a0 0x22 0x268b0116c30 0x4c 0x200007 0x30 0x2d8 0x3e 0x290005 0x0 0x0 0x268b01178a0 0x18 0x268b0116c30 0x26 0x2f0007 0x3e 0xf0 0x0 0x340007 0x0 0x80 0x0 0x440002 0x0 0x4b0005 0x0 0x0 0x0 0x0 0x0 0x0 0x4f0003 0x0 0x1e0 0x5e0005 0x0 0x0 0x0 0x0 0x0 0x0 0x610003 0x0 0x190 0x710005 0x0 0x0 0x268b01178a0 0x18 0x268b0116c30 0x26 0x740005 0x0 0x0 0x268ae098f48 0x3e 0x0 0x0 0x790004 0x0 0x0 0x268b15a1778 0x2a 0x268af396d40 0x5 0x840005 0x0 0x0 0x268b01178a0 0x18 0x268b0116c30 0x26 0x990002 0x3e 0xaa0007 0x3e 0x50 0x0 0xb20007 0x0 0x30 0x0 0xb90002 0x0 0xcc0005 0x0 0x0 0x268afe35210 0x3e 0x0 0x0 0xd20003 0x3e 0xfffffffffffffd08 0xd80007 0xc8 0x58 0x0 0xe10005 0x0 0x0 0x0 0x0 0x0 0x0 0xf20005 0x0 0x0 0x268afe35210 0x13e7 0x0 0x0 0x0 0x0 0x0 0x0 0x0 0x0 0x0 0x0 0x0 0x9 0x8 0x0 0x0 0x0 0x0 0x0 0x0 0x0 0x0 oops 17 3 androidx/room/jarjarred/org/antlr/v4/runtime/atn/BasicState 5 androidx/room/jarjarred/org/antlr/v4/runtime/atn/BlockEndState 14 androidx/room/jarjarred/org/antlr/v4/runtime/atn/EmptyPredictionContext 16 androidx/room/jarjarred/org/antlr/v4/runtime/atn/ArrayPredictionContext 25 androidx/room/jarjarred/org/antlr/v4/runtime/atn/ArrayPredictionContext 27 androidx/room/jarjarred/org/antlr/v4/runtime/atn/SingletonPredictionContext 36 androidx/room/jarjarred/org/antlr/v4/runtime/atn/ArrayPredictionContext 38 androidx/room/jarjarred/org/antlr/v4/runtime/atn/SingletonPredictionContext 73 androidx/room/jarjarred/org/antlr/v4/runtime/atn/ArrayPredictionContext 75 androidx/room/jarjarred/org/antlr/v4/runtime/atn/SingletonPredictionContext 80 java/util/ArrayList 87 androidx/room/jarjarred/org/antlr/v4/runtime/atn/BasicState 89 androidx/room/jarjarred/org/antlr/v4/runtime/atn/BasicBlockStartState 94 androidx/room/jarjarred/org/antlr/v4/runtime/atn/ArrayPredictionContext 96 androidx/room/jarjarred/org/antlr/v4/runtime/atn/SingletonPredictionContext 113 androidx/room/jarjarred/org/antlr/v4/runtime/atn/ParserATNSimulator 134 androidx/room/jarjarred/org/antlr/v4/runtime/atn/ParserATNSimulator methods 0
ciMethodData androidx/room/jarjarred/org/antlr/v4/runtime/atn/ATNConfig setPrecedenceFilterSuppressed (Z)V 1 594 orig 80 0 0 0 0 0 0 0 0 0 0 0 0 104 2 0 0 0 0 0 0 0 0 0 0 0 0 0 0 0 0 0 0 0 0 0 0 0 0 0 0 0 0 0 0 0 0 0 0 0 0 0 0 0 0 0 0 0 0 0 0 0 0 0 0 0 0 0 0 0 0 0 0 0 0 0 0 0 0 0 0 data 15 0x10007 0x0 0x38 0x252 0xf0003 0x252 0x18 0x0 0x0 0x0 0x0 0x9 0x2 0x0 0x0 oops 0 methods 0
ciMethodData androidx/room/jarjarred/org/antlr/v4/runtime/atn/ATNConfig <init> (Landroidx/room/jarjarred/org/antlr/v4/runtime/atn/ATNConfig;Landroidx/room/jarjarred/org/antlr/v4/runtime/atn/ATNState;)V 2 5435 orig 80 0 0 0 0 0 0 0 0 0 0 0 0 0 0 0 0 0 0 0 0 0 0 0 0 0 0 0 0 0 0 0 0 0 0 0 0 0 0 0 0 0 0 0 0 0 0 0 0 0 0 0 0 0 0 0 0 0 0 0 0 0 0 0 0 0 0 0 0 0 0 0 0 0 0 0 0 0 0 0 0 data 11 0xb0002 0x153c 0x0 0x0 0x0 0x0 0x9 0x3 0x1e 0x0 0x0 oops 0 methods 0
ciMethodData androidx/room/jarjarred/org/antlr/v4/runtime/atn/ATNConfigSet$ConfigEqualityComparator hashCode (Ljava/lang/Object;)I 2 2941 orig 80 0 0 0 0 0 0 0 0 0 0 0 0 0 0 0 0 0 0 0 0 0 0 0 0 0 0 0 0 0 0 0 0 0 0 0 0 0 0 0 0 0 0 0 0 0 0 0 0 0 0 0 0 0 0 0 0 0 0 0 0 0 0 0 0 0 0 0 0 0 0 0 0 0 0 0 0 0 0 0 0 data 24 0x20004 0x0 0x0 0x268afe35438 0xb7e 0x0 0x0 0x50005 0xb7e 0x0 0x0 0x0 0x0 0x0 0x0 0x0 0x0 0x0 0x0 0x0 0x9 0x2 0x0 0x0 oops 1 3 androidx/room/jarjarred/org/antlr/v4/runtime/atn/ATNConfig methods 0
ciMethodData androidx/room/jarjarred/org/antlr/v4/runtime/atn/ATNConfigSet$ConfigEqualityComparator hashCode (Landroidx/room/jarjarred/org/antlr/v4/runtime/atn/ATNConfig;)I 2 2941 orig 80 0 0 0 0 0 0 0 0 0 0 0 0 0 0 0 0 0 0 0 0 0 0 0 0 0 0 0 0 0 0 0 0 0 0 0 0 0 0 0 0 0 0 0 0 0 0 0 0 0 0 0 0 0 0 0 0 0 0 0 0 0 0 0 0 0 0 0 0 0 0 0 0 0 0 0 0 0 0 0 0 data 17 0x220005 0x0 0x0 0x268b1775228 0xb25 0x268afd0dfc8 0x59 0x0 0x0 0x0 0x0 0x0 0x0 0x9 0x2 0x0 0x0 oops 2 3 androidx/room/jarjarred/org/antlr/v4/runtime/atn/SemanticContext$Empty 5 androidx/room/jarjarred/org/antlr/v4/runtime/atn/SemanticContext$PrecedencePredicate methods 0
ciMethodData androidx/room/jarjarred/org/antlr/v4/runtime/atn/ATNConfig <init> (Landroidx/room/jarjarred/org/antlr/v4/runtime/atn/ATNConfig;Landroidx/room/jarjarred/org/antlr/v4/runtime/atn/ATNState;Landroidx/room/jarjarred/org/antlr/v4/runtime/atn/PredictionContext;)V 1 482 orig 80 0 0 0 0 0 0 0 0 0 0 0 0 104 2 0 0 0 0 0 0 0 0 0 0 0 0 0 0 0 0 0 0 0 0 0 0 0 0 0 0 0 0 0 0 0 0 0 0 0 0 0 0 0 0 0 0 0 0 0 0 0 0 0 0 0 0 0 0 0 0 0 0 0 0 0 0 0 0 0 0 data 11 0x80002 0x1e2 0x0 0x0 0x0 0x9 0x4 0x0 0x0 0x0 0x0 oops 0 methods 0
ciMethodData androidx/room/jarjarred/org/antlr/v4/runtime/atn/ParserATNSimulator canDropLoopEntryEdgeInLeftRecursiveRule (Landroidx/room/jarjarred/org/antlr/v4/runtime/atn/ATNConfig;)Z 2 5087 orig 80 0 0 0 0 0 0 0 0 0 0 0 0 0 0 0 0 0 0 0 0 0 0 0 0 0 0 0 0 0 0 0 0 0 0 0 0 0 0 0 0 0 0 0 0 0 0 0 0 0 0 0 0 0 0 0 0 0 0 0 0 0 0 0 0 0 0 0 0 0 0 0 0 0 0 0 0 0 0 0 0 data 278 0x30007 0x13e0 0x20 0x0 0xe0005 0x7cd 0x0 0x268b15a1778 0x9b8 0x268b15a1828 0x25b 0x130007 0x1332 0x128 0xae 0x170004 0x0 0x0 0x268afe35ee0 0xae 0x0 0x0 0x1d0007 0x96 0xd0 0x18 0x240005 0x0 0x0 0x268b0117eb0 0x18 0x0 0x0 0x270007 0x18 0x78 0x0 0x2e0005 0x0 0x0 0x0 0x0 0x0 0x0 0x310007 0x0 0x20 0x0 0x3a0005 0x0 0x0 0x0 0x0 0x0 0x0 0x440007 0x0 0x100 0x0 0x540005 0x0 0x0 0x0 0x0 0x0 0x0 0x570005 0x0 0x0 0x0 0x0 0x0 0x0 0x5c0004 0x0 0x0 0x0 0x0 0x0 0x0 0x6a0007 0x0 0x20 0x0 0x720003 0x0 0xffffffffffffff18 0x770005 0x0 0x0 0x0 0x0 0x0 0x0 0x7d0004 0x0 0x0 0x0 0x0 0x0 0x0 0x950005 0x0 0x0 0x0 0x0 0x0 0x0 0x9a0004 0x0 0x0 0x0 0x0 0x0 0x0 0xa50007 0x0 0x4b0 0x0 0xae0005 0x0 0x0 0x0 0x0 0x0 0x0 0xbc0005 0x0 0x0 0x0 0x0 0x0 0x0 0xc10004 0x0 0x0 0x0 0x0 0x0 0x0 0xc80005 0x0 0x0 0x0 0x0 0x0 0x0 0xcc0007 0x0 0xb0 0x0 0xd20005 0x0 0x0 0x0 0x0 0x0 0x0 0xd50005 0x0 0x0 0x0 0x0 0x0 0x0 0xd80007 0x0 0x20 0x0 0xe00005 0x0 0x0 0x0 0x0 0x0 0x0 0xea0005 0x0 0x0 0x0 0x0 0x0 0x0 0xef0007 0x0 0x58 0x0 0xf50007 0x0 0x38 0x0 0xf80003 0x0 0x238 0xff0007 0x0 0x38 0x0 0x1020003 0x0 0x200 0x1090007 0x0 0x38 0x0 0x10c0003 0x0 0x1c8 0x1110005 0x0 0x0 0x0 0x0 0x0 0x0 0x1160007 0x0 0x178 0x0 0x11b0005 0x0 0x0 0x0 0x0 0x0 0x0 0x11f0007 0x0 0x120 0x0 0x1250005 0x0 0x0 0x0 0x0 0x0 0x0 0x1280005 0x0 0x0 0x0 0x0 0x0 0x0 0x12b0007 0x0 0x90 0x0 0x1310005 0x0 0x0 0x0 0x0 0x0 0x0 0x1380007 0x0 0x38 0x0 0x13b0003 0x0 0x18 0x1430003 0x0 0xfffffffffffffb68 0x0 0x0 0x0 0x0 0x0 0x0 0x0 0x0 0x0 0x9 0x2 0x0 0x0 oops 4 7 androidx/room/jarjarred/org/antlr/v4/runtime/atn/BasicState 9 androidx/room/jarjarred/org/antlr/v4/runtime/atn/RuleStartState 18 androidx/room/jarjarred/org/antlr/v4/runtime/atn/StarLoopEntryState 29 androidx/room/jarjarred/org/antlr/v4/runtime/atn/EmptyPredictionContext methods 0
ciMethodData androidx/room/jarjarred/org/antlr/v4/runtime/atn/ParserATNSimulator ruleTransition (Landroidx/room/jarjarred/org/antlr/v4/runtime/atn/ATNConfig;Landroidx/room/jarjarred/org/antlr/v4/runtime/atn/RuleTransition;)Landroidx/room/jarjarred/org/antlr/v4/runtime/atn/ATNConfig; 1 482 orig 80 0 0 0 0 0 0 0 0 0 0 0 0 104 2 0 0 0 0 0 0 0 0 0 0 0 0 0 0 0 0 0 0 0 0 0 0 0 0 0 0 0 0 0 0 0 0 0 0 0 0 0 0 0 0 0 0 0 0 0 0 0 0 0 0 0 0 0 0 0 0 0 0 0 0 0 0 0 0 0 0 data 15 0xd0002 0x1e2 0x1d0002 0x1e2 0x0 0x0 0x0 0x0 0x0 0x0 0x9 0x3 0x0 0x0 0x0 oops 0 methods 0
ciMethodData androidx/room/jarjarred/org/antlr/v4/runtime/atn/PredictionContext merge (Landroidx/room/jarjarred/org/antlr/v4/runtime/atn/PredictionContext;Landroidx/room/jarjarred/org/antlr/v4/runtime/atn/PredictionContext;ZLandroidx/room/jarjarred/org/antlr/v4/runtime/misc/DoubleKeyMap;)Landroidx/room/jarjarred/org/antlr/v4/runtime/atn/PredictionContext; 1 683 orig 80 0 0 0 0 0 0 0 0 0 0 0 0 104 2 0 0 0 0 0 0 0 0 0 0 0 0 0 0 0 0 0 0 0 0 0 0 0 0 0 0 0 0 0 0 0 0 0 0 0 0 0 0 0 0 0 0 0 0 0 0 0 0 0 0 0 0 0 0 0 0 0 0 0 0 0 0 0 0 0 0 data 161 0x30007 0x2ab 0x70 0x0 0x70007 0x0 0x40 0x0 0xb0007 0x0 0x30 0x0 0x120002 0x0 0x180007 0x152 0x78 0x159 0x1d0005 0x0 0x0 0x268b0116c30 0x100 0x268b01178a0 0x59 0x200007 0x8d 0x20 0xcc 0x260004 0xffffffffffffffa7 0x0 0x268b0116c30 0x34 0x268b01178a0 0x42 0x290007 0x59 0xf8 0x34 0x2d0004 0x0 0x0 0x268b0116c30 0x34 0x0 0x0 0x300007 0x0 0xa0 0x34 0x340004 0x0 0x0 0x268b0116c30 0x34 0x0 0x0 0x380004 0x0 0x0 0x268b0116c30 0x34 0x0 0x0 0x3d0002 0x34 0x420007 0x18 0xd0 0x41 0x460004 0xffffffffffffffbf 0x0 0x268b01178a0 0x2a 0x0 0x0 0x490007 0x41 0x20 0x0 0x4f0004 0xffffffffffffffbf 0x0 0x268b0116c30 0x2a 0x0 0x0 0x520007 0x41 0x20 0x0 0x580004 0xffffffffffffffa7 0x0 0x268b01178a0 0x42 0x0 0x0 0x5b0007 0x59 0x68 0x0 0x630004 0x0 0x0 0x0 0x0 0x0 0x0 0x660002 0x0 0x6b0004 0x0 0x0 0x268b0116c30 0x59 0x0 0x0 0x6e0007 0x0 0x68 0x59 0x760004 0x0 0x0 0x268b0116c30 0x59 0x0 0x0 0x790002 0x59 0x7e0004 0x0 0x0 0x268b01178a0 0x59 0x0 0x0 0x820004 0x0 0x0 0x268b01178a0 0x59 0x0 0x0 0x870002 0x59 0x0 0x0 0x0 0x0 0x0 0x0 0x9 0x4 0x0 0x0 0x0 0x0 oops 14 21 androidx/room/jarjarred/org/antlr/v4/runtime/atn/SingletonPredictionContext 23 androidx/room/jarjarred/org/antlr/v4/runtime/atn/ArrayPredictionContext 32 androidx/room/jarjarred/org/antlr/v4/runtime/atn/SingletonPredictionContext 34 androidx/room/jarjarred/org/antlr/v4/runtime/atn/ArrayPredictionContext 43 androidx/room/jarjarred/org/antlr/v4/runtime/atn/SingletonPredictionContext 54 androidx/room/jarjarred/org/antlr/v4/runtime/atn/SingletonPredictionContext 61 androidx/room/jarjarred/org/antlr/v4/runtime/atn/SingletonPredictionContext 74 androidx/room/jarjarred/org/antlr/v4/runtime/atn/ArrayPredictionContext 85 androidx/room/jarjarred/org/antlr/v4/runtime/atn/SingletonPredictionContext 96 androidx/room/jarjarred/org/antlr/v4/runtime/atn/ArrayPredictionContext 116 androidx/room/jarjarred/org/antlr/v4/runtime/atn/SingletonPredictionContext 127 androidx/room/jarjarred/org/antlr/v4/runtime/atn/SingletonPredictionContext 136 androidx/room/jarjarred/org/antlr/v4/runtime/atn/ArrayPredictionContext 143 androidx/room/jarjarred/org/antlr/v4/runtime/atn/ArrayPredictionContext methods 0
ciMethodData androidx/room/jarjarred/org/antlr/v4/runtime/atn/ATNConfig isPrecedenceFilterSuppressed ()Z 2 3278 orig 80 0 0 0 0 0 0 0 0 0 0 0 0 104 2 0 0 0 0 0 0 0 0 0 0 0 0 0 0 0 0 0 0 0 0 0 0 0 0 0 0 0 0 0 0 0 0 0 0 0 0 0 0 0 0 0 0 0 0 0 0 0 0 0 0 0 0 0 0 0 0 0 0 0 0 0 0 0 0 0 0 data 14 0x70007 0x7c1 0x38 0x50d 0xb0003 0x50d 0x18 0x0 0x0 0x0 0x0 0x9 0x1 0x0 oops 0 methods 0
ciMethodData androidx/room/jarjarred/org/antlr/v4/runtime/atn/ATNConfigSet$ConfigEqualityComparator equals (Ljava/lang/Object;Ljava/lang/Object;)Z 2 1035 orig 80 0 0 0 0 0 0 0 0 0 0 0 0 104 2 0 0 0 0 0 0 0 0 0 0 0 0 0 0 0 0 0 0 0 0 0 0 0 0 0 0 0 0 0 0 0 0 0 0 0 0 0 0 0 0 0 0 0 0 0 0 0 0 0 0 0 0 0 0 0 0 0 0 0 0 0 0 0 0 0 0 data 32 0x20004 0x0 0x0 0x268afe35438 0x40b 0x0 0x0 0x60004 0x0 0x0 0x268afe35438 0x40b 0x0 0x0 0x90005 0x40b 0x0 0x0 0x0 0x0 0x0 0x0 0x0 0x0 0x0 0x0 0x0 0x9 0x3 0x0 0x0 0x0 oops 2 3 androidx/room/jarjarred/org/antlr/v4/runtime/atn/ATNConfig 10 androidx/room/jarjarred/org/antlr/v4/runtime/atn/ATNConfig methods 0
ciMethodData androidx/room/jarjarred/org/antlr/v4/runtime/atn/ATNConfigSet$ConfigEqualityComparator equals (Landroidx/room/jarjarred/org/antlr/v4/runtime/atn/ATNConfig;Landroidx/room/jarjarred/org/antlr/v4/runtime/atn/ATNConfig;)Z 2 1035 orig 80 0 0 0 0 0 0 0 0 0 0 0 0 104 2 0 0 0 0 0 0 0 0 0 0 0 0 0 0 0 0 0 0 0 0 0 0 0 0 0 0 0 0 0 0 0 0 0 0 0 0 0 0 0 0 0 0 0 0 0 0 0 0 0 0 0 0 0 0 0 0 0 0 0 0 0 0 0 0 0 0 data 45 0x20007 0x40b 0x20 0x0 0x80007 0x0 0x40 0x40b 0xc0007 0x40b 0x20 0x0 0x1f0007 0x1cd 0xb0 0x23e 0x2a0007 0x0 0x90 0x23e 0x350005 0x0 0x0 0x268b1775228 0x23e 0x0 0x0 0x380007 0x0 0x38 0x23e 0x3c0003 0x23e 0x18 0x0 0x0 0x0 0x0 0x0 0x0 0x9 0x3 0x0 0x0 0x0 oops 1 23 androidx/room/jarjarred/org/antlr/v4/runtime/atn/SemanticContext$Empty methods 0
ciMethodData androidx/room/jarjarred/org/antlr/v4/runtime/atn/ArrayPredictionContext <init> ([Landroidx/room/jarjarred/org/antlr/v4/runtime/atn/PredictionContext;[I)V 1 116 orig 80 0 0 0 0 0 0 0 0 0 0 0 0 104 2 0 0 0 0 0 0 0 0 0 0 0 0 0 0 0 0 0 0 0 0 0 0 0 0 0 0 0 0 0 0 0 0 0 0 0 0 0 0 0 0 0 0 0 0 0 0 0 0 0 0 0 0 0 0 0 0 0 0 0 0 0 0 0 0 0 0 data 43 0x30002 0x74 0x60002 0x74 0xc0007 0x74 0x70 0x0 0x100007 0x0 0x40 0x0 0x150007 0x0 0x30 0x0 0x1c0002 0x0 0x230007 0x74 0x70 0x0 0x270007 0x0 0x40 0x0 0x2c0007 0x0 0x30 0x0 0x330002 0x0 0x0 0x0 0x0 0x0 0x0 0x0 0x9 0x3 0xe 0x0 0x0 oops 0 methods 0
ciMethodData androidx/room/jarjarred/org/antlr/v4/runtime/atn/ATNConfig equals (Ljava/lang/Object;)Z 1 887 orig 80 0 0 0 0 0 0 0 0 0 0 0 0 0 0 0 0 0 0 0 0 0 0 0 0 0 0 0 0 0 0 0 0 0 0 0 0 0 0 0 0 0 0 0 0 0 0 0 0 0 0 0 0 0 0 0 0 0 0 0 0 0 0 0 0 0 0 0 0 0 0 0 0 0 0 0 0 0 0 0 0 data 35 0x10004 0x0 0x0 0x268afe35438 0x375 0x268b1777d10 0x3 0x40007 0x378 0x20 0x0 0xb0004 0x0 0x0 0x268afe35438 0x375 0x268b1777d10 0x3 0xe0005 0x0 0x0 0x268afe35438 0x375 0x268b1777d10 0x3 0x0 0x0 0x0 0x0 0x0 0x0 0x9 0x2 0x0 0x0 oops 6 3 androidx/room/jarjarred/org/antlr/v4/runtime/atn/ATNConfig 5 androidx/room/jarjarred/org/antlr/v4/runtime/atn/LexerATNConfig 14 androidx/room/jarjarred/org/antlr/v4/runtime/atn/ATNConfig 16 androidx/room/jarjarred/org/antlr/v4/runtime/atn/LexerATNConfig 21 androidx/room/jarjarred/org/antlr/v4/runtime/atn/ATNConfig 23 androidx/room/jarjarred/org/antlr/v4/runtime/atn/LexerATNConfig methods 0
ciMethodData androidx/room/jarjarred/org/antlr/v4/runtime/atn/ArrayPredictionContext <init> (Landroidx/room/jarjarred/org/antlr/v4/runtime/atn/SingletonPredictionContext;)V 1 24 orig 80 0 0 0 0 0 0 0 0 0 0 0 0 104 2 0 0 0 0 0 0 0 0 0 0 0 0 0 0 0 0 0 0 0 0 0 0 0 0 0 0 0 0 0 0 0 0 0 0 0 0 0 0 0 0 0 0 0 0 0 0 0 0 0 0 0 0 0 0 0 0 0 0 0 0 0 0 0 0 0 0 data 19 0xb0004 0x0 0x0 0x268b0117eb0 0xc 0x268b0116c30 0xc 0x160002 0x18 0x0 0x0 0x0 0x0 0x0 0x0 0x9 0x2 0x0 0x0 oops 2 3 androidx/room/jarjarred/org/antlr/v4/runtime/atn/EmptyPredictionContext 5 androidx/room/jarjarred/org/antlr/v4/runtime/atn/SingletonPredictionContext methods 0
ciMethodData androidx/room/jarjarred/org/antlr/v4/runtime/atn/PredictionContext mergeArrays (Landroidx/room/jarjarred/org/antlr/v4/runtime/atn/ArrayPredictionContext;Landroidx/room/jarjarred/org/antlr/v4/runtime/atn/ArrayPredictionContext;ZLandroidx/room/jarjarred/org/antlr/v4/runtime/misc/DoubleKeyMap;)Landroidx/room/jarjarred/org/antlr/v4/runtime/atn/PredictionContext; 1 24 orig 80 0 0 0 0 0 0 0 0 0 0 0 0 104 2 0 0 0 0 0 0 0 0 0 0 0 0 0 0 0 0 0 0 0 0 0 0 0 0 0 0 0 0 0 0 0 0 0 0 0 0 0 0 0 0 0 0 0 0 0 0 0 0 0 0 0 0 0 0 0 0 0 0 0 0 0 0 0 0 0 0 data 300 0x10007 0x17 0x140 0x1 0x70005 0x0 0x0 0x268b2203c20 0x1 0x0 0x0 0xa0004 0x0 0x0 0x268b01178a0 0x1 0x0 0x0 0x110007 0x0 0x20 0x1 0x1a0005 0x0 0x0 0x0 0x0 0x0 0x0 0x1d0004 0x0 0x0 0x0 0x0 0x0 0x0 0x240007 0x0 0x20 0x0 0x590007 0x15 0x338 0x46 0x630007 0x2 0x318 0x44 0x860007 0x3b 0x238 0x9 0x960007 0x9 0x78 0x0 0x9b0007 0x0 0x58 0x0 0xa00007 0x0 0x38 0x0 0xa40003 0x0 0x18 0xac0007 0x0 0xb0 0x9 0xb10007 0x0 0x90 0x9 0xb80005 0x0 0x0 0x268b0117eb0 0x9 0x0 0x0 0xbb0007 0x0 0x38 0x9 0xbf0003 0x9 0x18 0xc70007 0x0 0x40 0x9 0xcc0007 0x0 0x70 0x9 0xd50004 0x0 0x0 0x268b0117eb0 0x9 0x0 0x0 0xdd0003 0x9 0x60 0xe60002 0x0 0xf10004 0x0 0x0 0x0 0x0 0x0 0x0 0xff0003 0x9 0xc0 0x1100007 0x0 0x70 0x3b 0x1190004 0x0 0x0 0x268b0116c30 0x2a 0x268b0117eb0 0x11 0x1290003 0x3b 0x50 0x1320004 0x0 0x0 0x0 0x0 0x0 0x0 0x1450003 0x44 0xfffffffffffffce0 0x14f0007 0x15 0xa8 0x2 0x15d0007 0x2 0x70 0x3 0x16b0004 0x0 0x0 0x268b0117eb0 0x3 0x0 0x0 0x17e0003 0x3 0xffffffffffffffa8 0x1810003 0x2 0x88 0x18f0007 0x15 0x70 0xe 0x19d0004 0x0 0x0 0x268b0116c30 0xc 0x268b0117eb0 0x2 0x1b00003 0xe 0xffffffffffffffa8 0x1b80007 0xe 0x100 0x9 0x1be0007 0x9 0x88 0x0 0x1c90002 0x0 0x1cf0007 0x0 0x58 0x0 0x1d70005 0x0 0x0 0x0 0x0 0x0 0x0 0x1e20002 0x9 0x1e50004 0x0 0x0 0x268aedd1cd8 0x9 0x0 0x0 0x1ee0002 0x9 0x1fb0002 0x17 0x2030005 0x0 0x0 0x268b01178a0 0x17 0x0 0x0 0x2060007 0xe 0x78 0x9 0x20a0007 0x9 0x58 0x0 0x2110005 0x0 0x0 0x0 0x0 0x0 0x0 0x21a0005 0x0 0x0 0x268b01178a0 0xe 0x0 0x0 0x21d0007 0xe 0x78 0x0 0x2210007 0x0 0x58 0x0 0x2280005 0x0 0x0 0x0 0x0 0x0 0x0 0x2300002 0xe 0x2340007 0xe 0x58 0x0 0x23c0005 0x0 0x0 0x0 0x0 0x0 0x0 0x0 0x0 0x0 0x0 0x0 0x0 0x0 0x0 0x0 0x0 0x0 0x0 0x0 0x0 0x0 0x0 0x0 0x0 0x0 0x0 0x0 0x0 0x0 0x0 0x0 0x9 0x4 0x0 0x0 0x0 0x0 oops 12 7 androidx/room/jarjarred/org/antlr/v4/runtime/misc/DoubleKeyMap 14 androidx/room/jarjarred/org/antlr/v4/runtime/atn/ArrayPredictionContext 78 androidx/room/jarjarred/org/antlr/v4/runtime/atn/EmptyPredictionContext 100 androidx/room/jarjarred/org/antlr/v4/runtime/atn/EmptyPredictionContext 126 androidx/room/jarjarred/org/antlr/v4/runtime/atn/SingletonPredictionContext 128 androidx/room/jarjarred/org/antlr/v4/runtime/atn/EmptyPredictionContext 154 androidx/room/jarjarred/org/antlr/v4/runtime/atn/EmptyPredictionContext 171 androidx/room/jarjarred/org/antlr/v4/runtime/atn/SingletonPredictionContext 173 androidx/room/jarjarred/org/antlr/v4/runtime/atn/EmptyPredictionContext 204 [Landroidx/room/jarjarred/org/antlr/v4/runtime/atn/PredictionContext; 215 androidx/room/jarjarred/org/antlr/v4/runtime/atn/ArrayPredictionContext 237 androidx/room/jarjarred/org/antlr/v4/runtime/atn/ArrayPredictionContext methods 0
ciMethodData androidx/room/jarjarred/org/antlr/v4/runtime/atn/PredictionContext calculateHashCode ([Landroidx/room/jarjarred/org/antlr/v4/runtime/atn/PredictionContext;[I)I 1 42 orig 80 0 0 0 0 0 0 0 0 0 0 0 0 104 2 0 0 0 0 0 0 0 0 0 0 0 0 0 0 0 0 0 0 0 0 0 0 0 0 0 0 0 0 0 0 0 0 0 0 0 0 0 0 0 0 0 0 0 0 0 0 0 0 0 0 0 0 0 0 0 0 0 0 0 0 0 0 0 0 0 0 data 32 0x10002 0x2a 0x120007 0x2a 0x48 0x5e 0x1e0002 0x5e 0x250003 0x5e 0xffffffffffffffd0 0x350007 0x2a 0x48 0x5e 0x410002 0x5e 0x480003 0x5e 0xffffffffffffffd0 0x500002 0x2a 0x0 0x0 0x0 0x0 0x0 0x0 0x9 0x2 0x0 0x0 oops 0 methods 0
compile androidx/room/jarjarred/org/antlr/v4/runtime/atn/ParserATNSimulator closure_ (Landroidx/room/jarjarred/org/antlr/v4/runtime/atn/ATNConfig;Landroidx/room/jarjarred/org/antlr/v4/runtime/atn/ATNConfigSet;Ljava/util/Set;ZZIZ)V -1 4 inline 140 0 -1 0 androidx/room/jarjarred/org/antlr/v4/runtime/atn/ParserATNSimulator closure_ (Landroidx/room/jarjarred/org/antlr/v4/runtime/atn/ATNConfig;Landroidx/room/jarjarred/org/antlr/v4/runtime/atn/ATNConfigSet;Ljava/util/Set;ZZIZ)V 1 8 0 androidx/room/jarjarred/org/antlr/v4/runtime/atn/ATNState onlyHasEpsilonTransitions ()Z 1 20 0 androidx/room/jarjarred/org/antlr/v4/runtime/atn/ATNConfigSet add (Landroidx/room/jarjarred/org/antlr/v4/runtime/atn/ATNConfig;Landroidx/room/jarjarred/org/antlr/v4/runtime/misc/DoubleKeyMap;)Z 2 33 0 androidx/room/jarjarred/org/antlr/v4/runtime/atn/ATNConfig getOuterContextDepth ()I 2 49 0 androidx/room/jarjarred/org/antlr/v4/runtime/misc/Array2DHashSet getOrAdd (Ljava/lang/Object;)Ljava/lang/Object; 3 17 0 androidx/room/jarjarred/org/antlr/v4/runtime/misc/Array2DHashSet getOrAddImpl (Ljava/lang/Object;)Ljava/lang/Object; 4 2 0 androidx/room/jarjarred/org/antlr/v4/runtime/misc/Array2DHashSet getBucket (Ljava/lang/Object;)I 5 5 0 androidx/room/jarjarred/org/antlr/v4/runtime/atn/ATNConfigSet$ConfigEqualityComparator hashCode (Ljava/lang/Object;)I 6 5 0 androidx/room/jarjarred/org/antlr/v4/runtime/atn/ATNConfigSet$ConfigEqualityComparator hashCode (Landroidx/room/jarjarred/org/antlr/v4/runtime/atn/ATNConfig;)I 7 34 0 androidx/room/jarjarred/org/antlr/v4/runtime/atn/SemanticContext$PrecedencePredicate hashCode ()I 5 5 0 androidx/room/jarjarred/org/antlr/v4/runtime/misc/ObjectEqualityComparator hashCode (Ljava/lang/Object;)I 4 22 0 androidx/room/jarjarred/org/antlr/v4/runtime/atn/ATNConfigSet$AbstractConfigHashSet createBucket (I)[Ljava/lang/Object; 5 2 0 androidx/room/jarjarred/org/antlr/v4/runtime/atn/ATNConfigSet$AbstractConfigHashSet createBucket (I)[Landroidx/room/jarjarred/org/antlr/v4/runtime/atn/ATNConfig; 4 94 0 androidx/room/jarjarred/org/antlr/v4/runtime/atn/ATNConfigSet$ConfigEqualityComparator equals (Ljava/lang/Object;Ljava/lang/Object;)Z 5 9 0 androidx/room/jarjarred/org/antlr/v4/runtime/atn/ATNConfigSet$ConfigEqualityComparator equals (Landroidx/room/jarjarred/org/antlr/v4/runtime/atn/ATNConfig;Landroidx/room/jarjarred/org/antlr/v4/runtime/atn/ATNConfig;)Z 6 53 0 java/lang/Object equals (Ljava/lang/Object;)Z 4 94 0 androidx/room/jarjarred/org/antlr/v4/runtime/misc/ObjectEqualityComparator equals (Ljava/lang/Object;Ljava/lang/Object;)Z 2 71 0 java/util/ArrayList add (Ljava/lang/Object;)Z 3 20 0 java/util/ArrayList add (Ljava/lang/Object;[Ljava/lang/Object;I)V 4 7 0 java/util/ArrayList grow ()[Ljava/lang/Object; 5 7 0 java/util/ArrayList grow (I)[Ljava/lang/Object; 6 27 0 jdk/internal/util/ArraysSupport newLength (III)I 6 37 0 java/util/Arrays copyOf ([Ljava/lang/Object;I)[Ljava/lang/Object; 2 102 0 androidx/room/jarjarred/org/antlr/v4/runtime/atn/PredictionContext merge (Landroidx/room/jarjarred/org/antlr/v4/runtime/atn/PredictionContext;Landroidx/room/jarjarred/org/antlr/v4/runtime/atn/PredictionContext;ZLandroidx/room/jarjarred/org/antlr/v4/runtime/misc/DoubleKeyMap;)Landroidx/room/jarjarred/org/antlr/v4/runtime/atn/PredictionContext; 3 102 0 androidx/room/jarjarred/org/antlr/v4/runtime/atn/ArrayPredictionContext <init> (Landroidx/room/jarjarred/org/antlr/v4/runtime/atn/SingletonPredictionContext;)V 4 22 0 androidx/room/jarjarred/org/antlr/v4/runtime/atn/ArrayPredictionContext <init> ([Landroidx/room/jarjarred/org/antlr/v4/runtime/atn/PredictionContext;[I)V 5 3 0 androidx/room/jarjarred/org/antlr/v4/runtime/atn/PredictionContext calculateHashCode ([Landroidx/room/jarjarred/org/antlr/v4/runtime/atn/PredictionContext;[I)I 6 1 0 androidx/room/jarjarred/org/antlr/v4/runtime/misc/MurmurHash initialize (I)I 5 6 0 androidx/room/jarjarred/org/antlr/v4/runtime/atn/PredictionContext <init> (I)V 6 1 0 java/lang/Object <init> ()V 6 8 0 java/util/concurrent/atomic/AtomicInteger getAndIncrement ()I 3 121 0 androidx/room/jarjarred/org/antlr/v4/runtime/atn/ArrayPredictionContext <init> (Landroidx/room/jarjarred/org/antlr/v4/runtime/atn/SingletonPredictionContext;)V 4 22 0 androidx/room/jarjarred/org/antlr/v4/runtime/atn/ArrayPredictionContext <init> ([Landroidx/room/jarjarred/org/antlr/v4/runtime/atn/PredictionContext;[I)V 5 3 0 androidx/room/jarjarred/org/antlr/v4/runtime/atn/PredictionContext calculateHashCode ([Landroidx/room/jarjarred/org/antlr/v4/runtime/atn/PredictionContext;[I)I 6 1 0 androidx/room/jarjarred/org/antlr/v4/runtime/misc/MurmurHash initialize (I)I 5 6 0 androidx/room/jarjarred/org/antlr/v4/runtime/atn/PredictionContext <init> (I)V 6 1 0 java/lang/Object <init> ()V 6 8 0 java/util/concurrent/atomic/AtomicInteger getAndIncrement ()I 2 123 0 androidx/room/jarjarred/org/antlr/v4/runtime/atn/ATNConfig isPrecedenceFilterSuppressed ()Z 2 131 0 androidx/room/jarjarred/org/antlr/v4/runtime/atn/ATNConfig setPrecedenceFilterSuppressed (Z)V 1 31 0 androidx/room/jarjarred/org/antlr/v4/runtime/atn/ATNState getNumberOfTransitions ()I 2 4 0 java/util/ArrayList size ()I 1 57 0 androidx/room/jarjarred/org/antlr/v4/runtime/atn/ATNState transition (I)Landroidx/room/jarjarred/org/antlr/v4/runtime/atn/Transition; 2 5 0 java/util/ArrayList get (I)Ljava/lang/Object; 3 5 0 java/util/Objects checkIndex (II)I 3 11 0 java/util/ArrayList elementData (I)Ljava/lang/Object; 1 102 0 androidx/room/jarjarred/org/antlr/v4/runtime/atn/ParserATNSimulator getEpsilonTarget (Landroidx/room/jarjarred/org/antlr/v4/runtime/atn/ATNConfig;Landroidx/room/jarjarred/org/antlr/v4/runtime/atn/Transition;ZZZZ)Landroidx/room/jarjarred/org/antlr/v4/runtime/atn/ATNConfig; 2 66 0 androidx/room/jarjarred/org/antlr/v4/runtime/atn/ParserATNSimulator ruleTransition (Landroidx/room/jarjarred/org/antlr/v4/runtime/atn/ATNConfig;Landroidx/room/jarjarred/org/antlr/v4/runtime/atn/RuleTransition;)Landroidx/room/jarjarred/org/antlr/v4/runtime/atn/ATNConfig; 3 29 0 androidx/room/jarjarred/org/antlr/v4/runtime/atn/ATNConfig <init> (Landroidx/room/jarjarred/org/antlr/v4/runtime/atn/ATNConfig;Landroidx/room/jarjarred/org/antlr/v4/runtime/atn/ATNState;Landroidx/room/jarjarred/org/antlr/v4/runtime/atn/PredictionContext;)V 4 8 0 androidx/room/jarjarred/org/antlr/v4/runtime/atn/ATNConfig <init> (Landroidx/room/jarjarred/org/antlr/v4/runtime/atn/ATNConfig;Landroidx/room/jarjarred/org/antlr/v4/runtime/atn/ATNState;Landroidx/room/jarjarred/org/antlr/v4/runtime/atn/PredictionContext;Landroidx/room/jarjarred/org/antlr/v4/runtime/atn/SemanticContext;)V 5 1 0 java/lang/Object <init> ()V 2 119 0 androidx/room/jarjarred/org/antlr/v4/runtime/atn/ATNConfig <init> (Landroidx/room/jarjarred/org/antlr/v4/runtime/atn/ATNConfig;Landroidx/room/jarjarred/org/antlr/v4/runtime/atn/ATNState;)V 3 11 0 androidx/room/jarjarred/org/antlr/v4/runtime/atn/ATNConfig <init> (Landroidx/room/jarjarred/org/antlr/v4/runtime/atn/ATNConfig;Landroidx/room/jarjarred/org/antlr/v4/runtime/atn/ATNState;Landroidx/room/jarjarred/org/antlr/v4/runtime/atn/PredictionContext;Landroidx/room/jarjarred/org/antlr/v4/runtime/atn/SemanticContext;)V 4 1 0 java/lang/Object <init> ()V 1 156 0 androidx/room/jarjarred/org/antlr/v4/runtime/dfa/DFA isPrecedenceDfa ()Z 1 167 0 androidx/room/jarjarred/org/antlr/v4/runtime/atn/EpsilonTransition outermostPrecedenceReturn ()I 1 190 0 androidx/room/jarjarred/org/antlr/v4/runtime/atn/ATNConfig setPrecedenceFilterSuppressed (Z)V 1 207 0 java/util/HashSet add (Ljava/lang/Object;)Z 2 8 0 java/util/HashMap put (Ljava/lang/Object;Ljava/lang/Object;)Ljava/lang/Object; 3 2 0 java/util/HashMap hash (Ljava/lang/Object;)I 3 9 0 java/util/HashMap putVal (ILjava/lang/Object;Ljava/lang/Object;ZZ)Ljava/lang/Object; 4 56 0 java/util/HashMap newNode (ILjava/lang/Object;Ljava/lang/Object;Ljava/util/HashMap$Node;)Ljava/util/HashMap$Node; 5 9 0 java/util/HashMap$Node <init> (ILjava/lang/Object;Ljava/lang/Object;Ljava/util/HashMap$Node;)V 6 1 0 java/lang/Object <init> ()V 4 91 0 androidx/room/jarjarred/org/antlr/v4/runtime/atn/ATNConfig equals (Ljava/lang/Object;)Z 4 203 0 androidx/room/jarjarred/org/antlr/v4/runtime/atn/ATNConfig equals (Ljava/lang/Object;)Z 4 152 0 java/util/HashMap newNode (ILjava/lang/Object;Ljava/lang/Object;Ljava/util/HashMap$Node;)Ljava/util/HashMap$Node; 5 9 0 java/util/HashMap$Node <init> (ILjava/lang/Object;Ljava/lang/Object;Ljava/util/HashMap$Node;)V 6 1 0 java/lang/Object <init> ()V 4 253 0 java/util/HashMap afterNodeAccess (Ljava/util/HashMap$Node;)V 4 295 0 java/util/HashMap afterNodeInsertion (Z)V 4 56 0 java/util/LinkedHashMap newNode (ILjava/lang/Object;Ljava/lang/Object;Ljava/util/HashMap$Node;)Ljava/util/HashMap$Node; 5 9 0 java/util/LinkedHashMap$Entry <init> (ILjava/lang/Object;Ljava/lang/Object;Ljava/util/HashMap$Node;)V 6 6 0 java/util/HashMap$Node <init> (ILjava/lang/Object;Ljava/lang/Object;Ljava/util/HashMap$Node;)V 7 1 0 java/lang/Object <init> ()V 5 17 0 java/util/LinkedHashMap linkNodeAtEnd (Ljava/util/LinkedHashMap$Entry;)V 4 295 0 java/util/LinkedHashMap afterNodeInsertion (Z)V 5 15 0 java/util/LinkedHashMap removeEldestEntry (Ljava/util/Map$Entry;)Z 1 302 0 androidx/room/jarjarred/org/antlr/v4/runtime/atn/ParserATNSimulator closureCheckingStopState (Landroidx/room/jarjarred/org/antlr/v4/runtime/atn/ATNConfig;Landroidx/room/jarjarred/org/antlr/v4/runtime/atn/ATNConfigSet;Ljava/util/Set;ZZIZ)V 2 29 0 androidx/room/jarjarred/org/antlr/v4/runtime/atn/SingletonPredictionContext size ()I 2 29 0 androidx/room/jarjarred/org/antlr/v4/runtime/atn/ArrayPredictionContext size ()I 2 41 0 androidx/room/jarjarred/org/antlr/v4/runtime/atn/SingletonPredictionContext getReturnState (I)I 2 41 0 androidx/room/jarjarred/org/antlr/v4/runtime/atn/ArrayPredictionContext getReturnState (I)I 2 113 0 androidx/room/jarjarred/org/antlr/v4/runtime/atn/SingletonPredictionContext getReturnState (I)I 2 113 0 androidx/room/jarjarred/org/antlr/v4/runtime/atn/ArrayPredictionContext getReturnState (I)I 2 116 0 java/util/ArrayList get (I)Ljava/lang/Object; 3 5 0 java/util/Objects checkIndex (II)I 3 11 0 java/util/ArrayList elementData (I)Ljava/lang/Object; 2 132 0 androidx/room/jarjarred/org/antlr/v4/runtime/atn/SingletonPredictionContext getParent (I)Landroidx/room/jarjarred/org/antlr/v4/runtime/atn/PredictionContext; 2 132 0 androidx/room/jarjarred/org/antlr/v4/runtime/atn/ArrayPredictionContext getParent (I)Landroidx/room/jarjarred/org/antlr/v4/runtime/atn/PredictionContext; 2 153 0 androidx/room/jarjarred/org/antlr/v4/runtime/atn/ATNConfig <init> (Landroidx/room/jarjarred/org/antlr/v4/runtime/atn/ATNState;ILandroidx/room/jarjarred/org/antlr/v4/runtime/atn/PredictionContext;Landroidx/room/jarjarred/org/antlr/v4/runtime/atn/SemanticContext;)V 3 1 0 java/lang/Object <init> ()V 2 242 0 androidx/room/jarjarred/org/antlr/v4/runtime/atn/ParserATNSimulator closure_ (Landroidx/room/jarjarred/org/antlr/v4/runtime/atn/ATNConfig;Landroidx/room/jarjarred/org/antlr/v4/runtime/atn/ATNConfigSet;Ljava/util/Set;ZZIZ)V 3 8 0 androidx/room/jarjarred/org/antlr/v4/runtime/atn/ATNState onlyHasEpsilonTransitions ()Z 3 20 0 androidx/room/jarjarred/org/antlr/v4/runtime/atn/ATNConfigSet add (Landroidx/room/jarjarred/org/antlr/v4/runtime/atn/ATNConfig;Landroidx/room/jarjarred/org/antlr/v4/runtime/misc/DoubleKeyMap;)Z 4 33 0 androidx/room/jarjarred/org/antlr/v4/runtime/atn/ATNConfig getOuterContextDepth ()I 4 49 0 androidx/room/jarjarred/org/antlr/v4/runtime/misc/Array2DHashSet getOrAdd (Ljava/lang/Object;)Ljava/lang/Object; 5 17 0 androidx/room/jarjarred/org/antlr/v4/runtime/misc/Array2DHashSet getOrAddImpl (Ljava/lang/Object;)Ljava/lang/Object; 6 2 0 androidx/room/jarjarred/org/antlr/v4/runtime/misc/Array2DHashSet getBucket (Ljava/lang/Object;)I 7 5 0 androidx/room/jarjarred/org/antlr/v4/runtime/atn/ATNConfigSet$ConfigEqualityComparator hashCode (Ljava/lang/Object;)I 8 5 0 androidx/room/jarjarred/org/antlr/v4/runtime/atn/ATNConfigSet$ConfigEqualityComparator hashCode (Landroidx/room/jarjarred/org/antlr/v4/runtime/atn/ATNConfig;)I 9 34 0 androidx/room/jarjarred/org/antlr/v4/runtime/atn/SemanticContext$PrecedencePredicate hashCode ()I 7 5 0 androidx/room/jarjarred/org/antlr/v4/runtime/misc/ObjectEqualityComparator hashCode (Ljava/lang/Object;)I 6 22 0 androidx/room/jarjarred/org/antlr/v4/runtime/atn/ATNConfigSet$AbstractConfigHashSet createBucket (I)[Ljava/lang/Object; 7 2 0 androidx/room/jarjarred/org/antlr/v4/runtime/atn/ATNConfigSet$AbstractConfigHashSet createBucket (I)[Landroidx/room/jarjarred/org/antlr/v4/runtime/atn/ATNConfig; 6 94 0 androidx/room/jarjarred/org/antlr/v4/runtime/atn/ATNConfigSet$ConfigEqualityComparator equals (Ljava/lang/Object;Ljava/lang/Object;)Z 7 9 0 androidx/room/jarjarred/org/antlr/v4/runtime/atn/ATNConfigSet$ConfigEqualityComparator equals (Landroidx/room/jarjarred/org/antlr/v4/runtime/atn/ATNConfig;Landroidx/room/jarjarred/org/antlr/v4/runtime/atn/ATNConfig;)Z 8 53 0 java/lang/Object equals (Ljava/lang/Object;)Z 6 94 0 androidx/room/jarjarred/org/antlr/v4/runtime/misc/ObjectEqualityComparator equals (Ljava/lang/Object;Ljava/lang/Object;)Z 4 71 0 java/util/ArrayList add (Ljava/lang/Object;)Z 5 20 0 java/util/ArrayList add (Ljava/lang/Object;[Ljava/lang/Object;I)V 6 7 0 java/util/ArrayList grow ()[Ljava/lang/Object; 7 7 0 java/util/ArrayList grow (I)[Ljava/lang/Object; 8 27 0 jdk/internal/util/ArraysSupport newLength (III)I 8 37 0 java/util/Arrays copyOf ([Ljava/lang/Object;I)[Ljava/lang/Object; 4 102 0 androidx/room/jarjarred/org/antlr/v4/runtime/atn/PredictionContext merge (Landroidx/room/jarjarred/org/antlr/v4/runtime/atn/PredictionContext;Landroidx/room/jarjarred/org/antlr/v4/runtime/atn/PredictionContext;ZLandroidx/room/jarjarred/org/antlr/v4/runtime/misc/DoubleKeyMap;)Landroidx/room/jarjarred/org/antlr/v4/runtime/atn/PredictionContext; 5 102 0 androidx/room/jarjarred/org/antlr/v4/runtime/atn/ArrayPredictionContext <init> (Landroidx/room/jarjarred/org/antlr/v4/runtime/atn/SingletonPredictionContext;)V 6 22 0 androidx/room/jarjarred/org/antlr/v4/runtime/atn/ArrayPredictionContext <init> ([Landroidx/room/jarjarred/org/antlr/v4/runtime/atn/PredictionContext;[I)V 7 3 0 androidx/room/jarjarred/org/antlr/v4/runtime/atn/PredictionContext calculateHashCode ([Landroidx/room/jarjarred/org/antlr/v4/runtime/atn/PredictionContext;[I)I 8 1 0 androidx/room/jarjarred/org/antlr/v4/runtime/misc/MurmurHash initialize (I)I 7 6 0 androidx/room/jarjarred/org/antlr/v4/runtime/atn/PredictionContext <init> (I)V 8 1 0 java/lang/Object <init> ()V 8 8 0 java/util/concurrent/atomic/AtomicInteger getAndIncrement ()I 5 121 0 androidx/room/jarjarred/org/antlr/v4/runtime/atn/ArrayPredictionContext <init> (Landroidx/room/jarjarred/org/antlr/v4/runtime/atn/SingletonPredictionContext;)V 6 22 0 androidx/room/jarjarred/org/antlr/v4/runtime/atn/ArrayPredictionContext <init> ([Landroidx/room/jarjarred/org/antlr/v4/runtime/atn/PredictionContext;[I)V 7 3 0 androidx/room/jarjarred/org/antlr/v4/runtime/atn/PredictionContext calculateHashCode ([Landroidx/room/jarjarred/org/antlr/v4/runtime/atn/PredictionContext;[I)I 8 1 0 androidx/room/jarjarred/org/antlr/v4/runtime/misc/MurmurHash initialize (I)I 7 6 0 androidx/room/jarjarred/org/antlr/v4/runtime/atn/PredictionContext <init> (I)V 8 1 0 java/lang/Object <init> ()V 8 8 0 java/util/concurrent/atomic/AtomicInteger getAndIncrement ()I 4 123 0 androidx/room/jarjarred/org/antlr/v4/runtime/atn/ATNConfig isPrecedenceFilterSuppressed ()Z 4 131 0 androidx/room/jarjarred/org/antlr/v4/runtime/atn/ATNConfig setPrecedenceFilterSuppressed (Z)V 3 31 0 androidx/room/jarjarred/org/antlr/v4/runtime/atn/ATNState getNumberOfTransitions ()I 4 4 0 java/util/ArrayList size ()I 3 57 0 androidx/room/jarjarred/org/antlr/v4/runtime/atn/ATNState transition (I)Landroidx/room/jarjarred/org/antlr/v4/runtime/atn/Transition; 4 5 0 java/util/ArrayList get (I)Ljava/lang/Object; 5 5 0 java/util/Objects checkIndex (II)I 5 11 0 java/util/ArrayList elementData (I)Ljava/lang/Object; 3 156 0 androidx/room/jarjarred/org/antlr/v4/runtime/dfa/DFA isPrecedenceDfa ()Z 3 167 0 androidx/room/jarjarred/org/antlr/v4/runtime/atn/EpsilonTransition outermostPrecedenceReturn ()I
